id,human_readable_id,community,level,parent,children,title,entity_ids,relationship_ids,text_unit_ids,period,size
9f6842af-25f6-4672-9cd7-e93bee733de9,0,0,0,-1,[26 27 28 29 30 31 32 33 34 35 36 37 38 39],Community 0,"['c5f6d5c9-f8eb-4880-9972-3bb50f919e50'
 '082d392d-41f1-451d-9b86-8b2d9ddee321'
 'd179734e-c27b-4cc7-af58-36a13b478bf3'
 'cbbd71dc-b390-473b-8454-c24407cdc9e9'
 '09ce15cb-75b4-4d3e-a092-dcb5fd130e30'
 '3ea4e624-afaf-449c-93c2-d46b45a94c6c'
 '3a9fb096-71ea-439a-9820-4b34c716ec50'
 'c14079f6-f7de-42fe-8423-2d3b85cf1112'
 '82037508-fe83-4445-a000-edadc7df1be6'
 '3420f000-8c13-4958-a14f-c140f5f425aa'
 '8cfd6047-688b-4abc-b9f1-43444b8abce4'
 'c44d8218-87be-4e52-b2c8-6193f264762b'
 'a0188e0e-8ed3-444b-98d5-3d38b289cf62'
 '898f5cb3-8b6a-4404-b817-74b507ff0bd6'
 '3cbae642-a6b1-4a8d-9baa-a01a380627e8'
 '45634f2b-61bb-4499-bcc2-e16d456622be'
 '79f0d7ba-c348-4761-9c9c-0fb5ed82672d'
 'deda2e9a-1349-4962-9394-e5f9634ed1a5'
 'acb80d6e-7c9d-471d-9adf-b49fab511b13'
 '27ddfe54-c949-4ae8-907c-f6a495d105c8'
 'e9b5b307-5b7b-428c-b06f-db91c6364fde'
 '177028ee-8535-476e-8a5e-dc9c3df28682'
 'a1a98b5f-7245-45e6-bc2d-fbd4fffcfe4b'
 'a3479b4d-0655-418e-ae44-02213288ffe7'
 'd3683f44-ac4a-4da5-9625-cc27a4579bc8'
 'feb1caeb-3404-4349-9971-8685e023b889'
 'b3ef6a6c-5800-4400-be00-5b76d4d50b49'
 'cb9c02fd-f3de-4b1a-bdff-69a232667e00'
 'e8d7630c-ecf2-4adb-bc0c-7707f1c3878c'
 'b0497930-a6cb-4745-b64a-26a487a2bcd0'
 '60a96662-5914-4e88-960d-fa567bbecc97'
 '5324fc85-7081-4174-bdc5-d77fd44757e6'
 'dff3ffe1-c797-49a5-a7d4-29dfebe42ec8'
 'ae727e62-e47a-4695-9fb8-4097c3dd2611'
 '33c452b8-37f7-4d54-bd00-23d0a94e2aa8'
 'b69cef27-ffa9-443f-a355-765a26f65d6b'
 '521366c5-e60a-458b-84c0-5ab0bbafacf6'
 '3f35d186-2ef8-4ccc-991b-fb60b0b68e3a'
 'fbc1ae79-ec10-4ac1-acd4-65fc60d13a32'
 'c4f5a048-be35-4a9b-8017-fdb3ae619ad4'
 '79b4990e-ed5a-45fa-8fb7-193a9c473190'
 'db803de5-4a85-4b7c-b757-2dc42c56bb9a'
 '529608a4-820f-4185-b7b6-b77cfeba85f8'
 '92afd0c7-10b4-4eba-a112-2a2e2ce901a9'
 'd810c848-a342-4f80-ae9d-2b08854d2b8e'
 '6b8fa4fb-e324-4153-b08b-04fa7563b2be'
 '837f70d9-8929-415c-bb06-bf72c8142a2a'
 '04669e07-aea5-4414-9fb9-9534735550f1'
 '75416866-d0bd-428f-81e0-d64b0c02b18f'
 '004382e9-1c54-4ad4-86c2-25f99f03b4c2'
 '52cea7c6-3651-4c13-84cb-4a213217b2ae'
 'd823897a-d102-4442-8b09-7cb1c1735459'
 '7e9f3318-9e11-44ce-a810-19bbba14c4c9'
 '5c158e90-3323-41f5-977c-05c6a6a732de'
 '155c094e-d12c-437f-be39-a32cb976de80'
 'f4932f30-fa71-4ff6-9c84-ad040e1362b9'
 '6426a627-465e-46e0-9877-7addefcbda8a'
 'f31e4c51-2e2f-48b4-8466-c14597dcf075'
 'f6c2bf65-3705-4083-aff1-c91763ecd569'
 '92eb3879-a265-402c-97b9-0b5fd6d7060c'
 '91f13df7-472b-49a8-bd21-1c606573fcfd'
 '881755d2-bb6b-479f-be31-79c337627010'
 'a862d62b-dc62-470c-b4ef-735109c61e30'
 '0c91020f-727f-485c-b15f-d7c1eb215b01'
 '33ec2023-dedd-4172-bc20-36c12da20a81'
 '70982d2a-7b7d-4418-ad70-6f8ae6d3b0b2'
 'c5977058-6d9d-4d97-bd16-1a8f1d7a5c33'
 '0e0dcd8e-855b-4482-b473-a2a3b9eb89de'
 'af9a1b5a-ac47-4d9e-bdc6-ae8212c03123'
 '4214e139-777d-4e0e-bbbd-da449d0d69a8'
 '9890419a-57c6-4a97-830e-09c74644b912'
 'f346902a-dee6-4c31-82da-0df2e2e5d439'
 '134438a7-322b-43ce-a196-f5fc45cc0ddf'
 '2c812533-1cac-4757-86ec-a4fa90725e7e'
 '7e96821e-3b06-4dee-9489-c33b7815ea01'
 'b965c0f0-9ddb-43a1-add7-a5a5fe6da189'
 'c3f3e0a2-b439-418c-8e3a-dfe05188e92e'
 'e9d6bcc9-5f3d-4915-a806-51230b24e5af'
 '1035e0f0-f86b-4813-8d8f-bfb9cb8a83d7'
 'bea21670-a3c2-48d6-8673-c62d7aeaa345'
 '766f8b41-d883-4d34-b46e-ee1ce2c77236'
 '665a698f-e705-4b5b-9107-233c8e0bc8bf'
 'f51280e7-1b2f-4006-bd95-4865347ee07d'
 'b1e81cc1-f898-4d8f-81e5-5e616c823016'
 '4eec85d3-569f-4a18-b40d-704627e2ad91'
 'e5f18b99-3f3c-4fa2-92b8-ae80cf3d30c4'
 'abc6ab7a-56c6-43b5-be23-9a5d90c036fd'
 '4f1c0085-a439-48cf-bf54-fc60e20072de'
 '56211c58-f8e2-46d6-87dc-4a58f9a33534'
 '6c58efd3-7023-4b35-ab47-4c798a231d12'
 '4c01ed94-9bbb-4838-a49a-50ba1bfaa8a1'
 '9f3d55ea-b463-4bc2-92b6-b4f9ee1b1035'
 'e7089b88-114b-4106-a9bc-1cb868d81fbd'
 '80f7ff0a-09b0-46d6-a802-a0bcdc67654d'
 '2c065420-fa9a-48be-b526-01d0cc1c97d2'
 'cfefda4e-ec98-4cb6-9d6c-dd99fcf8a9d7'
 '51220a86-643a-41fc-9c99-dd9d5738aef9'
 '6394ca1e-ea25-4af0-b53a-1af7f7524b8a'
 '35a08ef2-e023-4847-a778-e30882cb6f3f'
 '2cc32c75-4ac1-4c3e-be54-cb6c4b8b071f'
 '3ec22bd9-e34d-403b-88ab-b35e4f8620fa'
 'd446b0a9-fbd5-4e9e-92d4-68da78e6b6a7'
 'bffe8fae-74bb-4f73-a514-82260e8fdf3a'
 '621bab2d-b669-41d3-a004-864dd404842c'
 '09af03d6-81e2-421f-ae99-7b86e84c8846'
 'a95a939f-c89c-4c8e-bf07-18530a1fd66c'
 '439f5712-6504-4a85-8506-aba3d4f1f28d'
 '084ae6bb-650d-4381-86f7-200366fdc9d4'
 'c07bad11-ceea-4fcc-8802-422e4bd12d14'
 '5c897264-c436-4784-9cf3-39fc7b4ea2b5'
 'cc7fa090-1e9f-40f8-8f54-9657e50c1e29'
 '3fd6d349-47cf-46c8-8521-4060e655bf92'
 '3acafcc5-ef29-4bf3-b0bf-08c344c8b974'
 'f6166f18-e613-4966-a98d-77c5b3195d08'
 '76154fee-b9c6-4e79-a50a-21abd98241cd'
 'f876774e-8109-4973-ab87-780a0cf26034'
 '4c35f206-cc9e-420a-8dd1-88613035a6e0'
 'b6b2dc10-7be0-4304-9edc-4a56d8d63899'
 '4fecd4c7-5f5d-46fe-aeb4-add079b62a68'
 'bb234a78-18fc-437c-884d-28b188c19f51'
 '3fbdc1d0-a214-4247-823d-9f4024f6847d'
 '67df9ada-c846-47f3-9bdc-b61b01b147ed'
 '894ec75b-5b9a-42ac-9f86-8d357ec6473c'
 '7d777bb2-0c76-4ac1-8785-7129d390adca'
 'b58b53ec-efbf-400d-a9cf-40be42cd8ff5'
 '7a381b76-fbfd-42f1-a833-2c1e2af94c7c'
 '9603fefd-9820-45e8-9569-3c89bd5b1565'
 '9b6e30ef-3db1-434f-86a4-196fd6c79b16'
 '4fdbff3b-8fb9-4242-b878-952ab619daf4'
 '6f370ebc-28c3-47b9-9483-6e13112c6f7e'
 '03dabc9f-42bb-41f0-9fff-836fbad1b2f7'
 'd2d87cd6-f006-46a0-9f4e-84783a2215c5'
 'edc66e3e-dc28-4ac5-a5fb-f22456fc60e5'
 '3519be6c-45c0-427c-93a2-5d326e05751f'
 'b2f87ed5-886e-49ea-8e08-60740102f5d1'
 '89d8236f-c157-44c6-b483-657d06bff2eb'
 'feefc672-655c-4aff-b2ee-c64cb61d94c6'
 'c9a25b4e-a7ee-43af-941a-45ee768598c6'
 'c8fb2a7c-7258-40fd-8357-6be67fba6d69'
 'e2b1bb6e-34bf-433a-b85a-466515606117'
 'fc6f79be-783b-4365-bee3-8694b36988a6'
 '9c1ab6e3-ec01-4859-ba70-b2564e27c436'
 '31c09abe-7191-40a0-a521-a92afbdfef1a'
 '548fdb91-a671-471a-bb99-1e45d1384931'
 'dc317054-721f-4c91-924e-8c8ac93901ec'
 'a80e3149-71f1-4bd6-ae30-70e8d51267fc'
 '39a316a5-0cf6-401c-bb63-11711db362a8'
 'bd532165-116e-498f-ab87-7400a2c587bb'
 '8b0b89e6-0513-4e1e-8de8-8921f331d244'
 '95c2221c-a8d4-4c4b-92c4-2d0063b59b45'
 '7cd243f9-a35e-4f44-a071-dfccdb964aee'
 'ee64591f-76e8-4f6f-abf7-f6a2705b7f49'
 '3222d7d8-8994-417d-aebb-e6ad00f347d7'
 'c51441f3-b70a-4138-ac6e-9cedcd5e932c'
 '77313625-08ba-4665-8794-d38f40cd7366'
 '690b67ba-4ddd-4421-9c79-397c19c31094'
 'c1b2e10b-6cb2-4a40-bcfe-863d06a02842'
 '3b6929ca-c0ca-487a-a0f1-dd2f76a75551'
 'fb0ca29f-77bc-4651-9df4-e5247c7bc30c'
 '81046c94-5b2d-41f0-bb4e-35bc4ae204a8'
 'a29ec8a2-d617-4fbd-bdc0-a688d7612b9f'
 '089dd78c-bb7b-464d-9a11-7de4f9f59177'
 'c77afdf4-4824-4763-94c2-c1786b8a5ed5'
 '6b15a320-7946-4420-9e9a-1ceaeefe77b9'
 '640b7b50-d081-4285-86e6-2a88b9702c3b'
 'b013476f-3f2f-4da5-99d7-c1e60641e39f'
 '27451d97-e9c6-4c48-be89-8110deeb2a03'
 'd14c01b3-4038-4981-bc73-a3bc16d1650b'
 'b2b82dcf-cf38-449d-af31-7822570bf272'
 '943b55dd-e426-4bcb-bef9-7c75d248a417'
 '0336811f-232d-4241-bf6a-b9eb74cd2d97'
 '26011183-cf1f-4247-aa8e-b318c6e3260d'
 '6c192321-e932-4836-b449-f8716716695b'
 'af9b8a0d-41ea-4ebf-ac48-0f3c83d33e60'
 '9d917f78-95f0-4186-adfd-41804059ff34'
 '6d23bdd2-19cd-4bce-8178-810920126250'
 '5c0a2943-8278-4ad0-83c1-e01f3d2c0bc6'
 '587bd51b-a6fc-4356-9a97-749bd63c24fd'
 'fd0400f6-8bc0-4ff6-8c38-a6cb0d178bff'
 '0a784197-0f60-41cd-aa93-27e5c9e059bb'
 '118e2291-95c9-49ff-93fc-0182835da689'
 '5c7e7ed3-9e31-42b4-aad0-1893b67333a5'
 '2fdb164e-50c1-43ff-ab4c-c7dbcb61169f'
 'b0ee3359-33be-4018-8f17-731335da3eac'
 '09f840fb-577c-466d-988a-7bdae2b6580d'
 'da1dae88-7c95-4c19-815f-167d7dc03a41'
 '4bb2b862-78f0-4f1e-a3bc-add658c87bd5'
 'a85d6512-a52d-4d74-a7ac-2ed343e057d9'
 '3694925e-7749-4c81-9f81-faa681b58caf'
 '19f6e404-7539-4495-b9df-559faea92871']","['01f3ed6a-0e22-451c-aaae-2ed075368638'
 '038c4252-31f4-4e6e-8b77-3ccc8148212c'
 '03972645-5713-42f4-be4a-9586cc081673'
 '03b3a79d-fdd1-4564-8df7-f816aeb8c1b7'
 '052db005-c1a9-48d0-aa61-c1f679bea04a'
 '054e7882-c0c3-4f9f-af72-ac3cbddc611b'
 '068d55cb-83a1-4ff3-b398-a25bc9a80033'
 '07c785c0-0e65-47e6-b604-0c25695548d9'
 '084bf73b-164a-4dd1-a4eb-57d951ad98c4'
 '095ad7d0-9ab2-4370-bbcb-55eb684024ea'
 '0994fc2d-0033-4dd2-aa61-1d2b2c996e3a'
 '0d15f400-3f1e-4a4e-94c0-ae9f5e624b12'
 '0d2fd17b-136d-46c8-bff8-a9f84ec43767'
 '0d3978eb-237f-4683-be9f-85084b26b90a'
 '0dc199f9-5a86-4193-a4b2-bd4ec3a95f17'
 '0ec3073b-176b-41e9-8e6f-48102aaa46cf'
 '0f54c753-0a57-4680-bfa6-5ce26eb50344'
 '0f719d26-daf4-4560-b930-5b0baf34c109'
 '0fbd6ab3-d150-4e5e-a35a-f8849bb342bc'
 '10196252-f8ed-4bf5-b5da-b204b2379658'
 '1055a410-991f-4cc9-9279-1a816c01e629'
 '10c08321-6d47-45ba-8fa7-e29514444c9f'
 '10e6ccb2-44c3-43a4-a6a0-1e4c90b43e84'
 '11140252-ea0f-4731-a9cd-856c553fa053'
 '11dcb60e-836a-4adb-9b06-fce3d77dda54'
 '1271cd11-936f-446b-8324-ce3bf88e4dcb'
 '12ff5fc7-f06c-4429-9317-0f03b2a6fd51'
 '1387505b-e20a-4ec2-9697-71242b6c11de'
 '155b5a73-44cb-442b-9086-125a4a7dd530'
 '15920554-6ccd-41c2-9d90-3f3f75a90a21'
 '15d6d10d-07ef-419a-b22d-d1af33fd734b'
 '188713df-54a4-43c9-b44c-2bf5a6cd1a14'
 '1977cda9-d2e8-4ac3-b014-43f7e33cbbcd'
 '198bed2e-086a-4701-97ee-d2fdec2c7901'
 '1bb029a3-9448-4658-a1dc-bf941840cee7'
 '1dffe345-d9ad-434d-a03b-ccb245a8de58'
 '1fa212f0-ddc6-4b86-aeab-c55d875a500a'
 '2405ce3e-5fc6-40d0-bbff-e907932dbd31'
 '256c5a9c-bce4-45d7-8ee8-34c0bc802775'
 '25ba805a-6583-4d3a-9ff0-264f32f4d1e4'
 '26450361-aafd-4dbf-a7e5-7a47299213ec'
 '2864f459-21cc-433f-b15f-e606fcd8b0b3'
 '28c14b24-4e98-4701-9939-1cec50a4be67'
 '2a3242b0-f055-47fc-98aa-165c810fa494'
 '2dd1bd4f-9985-438d-8be8-b4186f1fd157'
 '2f7301cd-7d20-4bc0-b2b8-39ac176b5a8e'
 '2f73123f-512f-4bcb-a3ad-6d6c578ac3a8'
 '2fcd3365-08e7-4ba7-99f9-3737aeb47155'
 '31264582-5611-4470-bd9a-22ee16130643'
 '3131dfda-47b5-4685-88be-15e312f98f13'
 '323b7943-83f1-4697-aa28-1d29fcc93c3e'
 '338ba3dd-9d3c-4254-a9ea-c329f0ead893'
 '34ac994d-7b14-4550-8d21-1e15413c42bf'
 '355b8354-0785-4994-9aad-f565b192740b'
 '36de8e90-4044-4dbc-80da-345d9669ab5a'
 '37be96da-88d1-4f09-a970-08a6ab53a90f'
 '392da3e6-0b3f-48e9-b33f-67c80017b9bd'
 '3ba1580e-1d05-4fec-949e-82c49ca2732a'
 '3ead1d93-1591-4866-9466-a72d8780b99b'
 '3fa79157-97de-4de0-81c3-1b090b32f4bb'
 '3fe3c0c6-674e-4c87-8d45-0aa03cf35548'
 '418cc530-38b3-4a0f-87e7-95419eed3042'
 '41a8c400-6585-44c1-b922-cfc6921fb295'
 '442b9712-2e15-4234-b343-6453a45825dd'
 '4658debd-80e9-4d1c-91e8-23bab5a0185a'
 '4989b104-c057-4275-85a5-7935ca1d386c'
 '4a20a8a2-a7f4-4596-b407-48dec590bece'
 '4ad02db9-d24e-4e0a-accb-11d3ae00f84c'
 '4b88580b-fabc-43e0-bcf1-97c99aa65612'
 '4b8bf56d-784a-4cae-8c6a-60244500250c'
 '4d029dd9-b9f3-4f50-bdca-8a99c19a7732'
 '540f206c-4310-40da-950f-c6dca20465b3'
 '554df339-beb6-455c-9254-ca20e4034f88'
 '55d20060-160e-4a06-a08c-e2dc1ee30242'
 '56918dd4-091d-489b-929f-4a7426773de6'
 '578942df-2c38-468e-9eea-0a5f96d14869'
 '589a9805-0eb2-4ef1-a5e7-8f0439a242c7'
 '59570858-4462-4501-8528-30a1b3b88e4e'
 '5a38e17f-50f5-4e5c-934d-f72232ab10c5'
 '5b4196ae-c593-40e0-a70f-a1ca55cd2e26'
 '5fb48f50-626b-45a1-95a4-e8b39c8eef28'
 '61edec98-ac98-4caf-bfbe-881eef073530'
 '61fa5254-1ffd-4153-9467-1ed400b191f7'
 '63c6b517-c8ab-4e9e-8cdc-af14cad86f98'
 '66064c26-382b-423f-8cf7-30752f401211'
 '66372d36-d54b-4014-8fb4-8bb59a5b1faa'
 '67855d11-a83b-4427-a7b3-cda3fbcb2361'
 '690f08c5-006b-443f-ae16-60864ed89e1f'
 '696b876c-b54e-4bd9-a351-fa6eac0c262a'
 '6cbc8de2-5ef4-4ef4-8637-94c508b53d03'
 '6cd69304-07ef-4139-aaf8-41387aa363ac'
 '6ef9408d-b8b7-4063-8b5f-c56975fa2481'
 '70ff349b-2124-4b77-bbe6-607518c9f52b'
 '716f913c-2ba7-4961-a865-86b029bdbad4'
 '72269967-2d36-4acc-a3d4-2cdd801275fc'
 '723fe3f5-0089-4b5a-868d-c12968afbcde'
 '724033c5-8894-4e4c-ba64-e12c694cf14a'
 '72deefd2-cb18-44ee-97c8-6f3a2df7fe72'
 '7311fb5f-4706-42c5-a99c-cd9b9263c5a1'
 '74cfc715-5e71-439e-9705-4a51bca97528'
 '75be5af8-4e4b-4f3a-817a-ab44571e0eac'
 '769a9aeb-25e9-4052-83d9-a563977e83ea'
 '778e399c-6aa8-4d18-ba5c-00b16ef99959'
 '77932b89-0c41-4eef-9874-84e56b15c036'
 '78eb35fb-c797-4604-8457-781eedbc4482'
 '7d112779-aef6-4c01-9dd7-1e8c603cebf4'
 '7d1bfc46-e948-49ba-b4a7-9a31dd11e78f'
 '7d3add9d-2f29-42e6-a25d-5f002737950f'
 '7e1b0fd8-39fc-48a0-8240-21a18abbf766'
 '7e86a3cd-f6b3-4c4f-96d5-10ae746b741d'
 '8224c586-a151-46c8-8250-9e67705124b7'
 '82a5df8f-64f5-47ce-a1cd-85a993cd7436'
 '838c7e3c-a90a-4666-aa87-b7bbe8338bae'
 '85304052-0833-4fe6-a24a-447f98356bdc'
 '86539ffc-032e-4c6b-bd09-d255915d532c'
 '86760980-7819-4088-ada3-2e61797c76c0'
 '8872b6b8-5e7f-4dc4-acb5-b421bfad7f18'
 '88c9b818-c602-4f00-8096-ab69f24111e7'
 '88e4d062-a284-4a64-a44c-049089ffa68e'
 '88ed6d4e-489b-4eb5-9b8b-84a4045def18'
 '89b1c0ad-c895-4e15-afd5-cda1225e55ac'
 '8a2779dc-69ef-428e-a2a4-0672c6a4f03d'
 '8beaa281-d690-428f-bc03-ac4dd93980cb'
 '8d8989d8-87e2-443d-aa1b-3a865c3a7ac4'
 '8d9c65a4-a511-43fa-9b9e-857159ad1edf'
 '90327990-fb84-48db-a15c-54143a784a1a'
 '913062b6-680a-413d-b539-5ee7dc330a9c'
 '916c5348-6ea2-46d7-ae16-fbff974d1cb5'
 '922cc63b-5b61-48b3-a015-de0ab94fff5f'
 '930911ce-13e5-4fa0-9fa0-e2e54817a59c'
 '934fdb79-d525-49ae-876b-7392e8af1d7e'
 '93513810-3b0c-446b-b8f1-40272f9adc5c'
 '940c6bf6-b91b-4ee6-ba76-24601bf582ae'
 '993660c2-879e-4a9d-a854-e3f83dc03467'
 '9a3c5be4-1303-43f6-a32e-074187aa4380'
 '9a527093-85f7-4929-86c4-7c59c868b455'
 '9c2c3778-91c3-4af2-a90a-2b8146ea0a79'
 '9c899d98-07f0-4979-bc55-b907309393c4'
 '9d252019-6bfd-414f-943f-6555f237bfd5'
 '9e2acb00-1222-4a13-a8c8-2e0d0e650f53'
 '9ed480c5-d948-42c5-b886-952ba696ad1c'
 '9f26dde7-9320-4ffe-9d29-9f59fa5552de'
 '9fa3e7b8-75e9-4eda-83f3-1d534b675054'
 '9faadccf-617d-4867-85c3-9d1fb1f30c2f'
 'a032fe7f-7ee3-4211-a1fe-0466acf91d75'
 'a161a5e6-7b91-4e15-8c90-cb0128df44c3'
 'a19810f9-3c05-4969-9b80-fdbecfe370f2'
 'a23d7646-14cc-45d5-a00f-90a825353989'
 'a31d152d-ab38-4a03-aec7-93e29a3fd578'
 'a4481e60-a7bb-4c40-904d-29c0360f8ab3'
 'a467b35b-a4e8-485a-93a6-aac414613f21'
 'a57c4a76-036b-4533-b52e-f85a701cf3fd'
 'a8f847c6-0732-476d-8c8d-6239a9165703'
 'a935c501-dc7c-4ab9-a43e-c6c72d3242c4'
 'a9772ecc-3970-463f-8420-4da9782314e2'
 'aa3b2929-729e-4b9d-a35f-cfc74684b7e8'
 'ab2c348b-6cac-46b6-889f-c30e8eaa7388'
 'ab6ef276-7615-4e12-9c38-30fb4dcb444b'
 'abf279c0-d537-408a-9245-635a7a9faf24'
 'ac94ff29-71e9-4475-b958-b56f2bb8786d'
 'aeca43ed-75d0-4102-9017-f3f8b1279f71'
 'afd05625-8f4c-4b6f-910c-2ad20ae85674'
 'b138e213-7f86-4f9b-8fd3-5311e6205837'
 'b16709db-fed1-4893-bebc-4f0ddb11fc17'
 'b1a13b79-1970-4123-bd8f-e0ee65a1c6e7'
 'b2480d0d-98d2-48d7-ba8c-c5dac6f96f67'
 'b2fefd16-d6bf-4b52-b49d-4faddaa3f06f'
 'b5d3f7fb-f5e1-4d10-b777-54dcd6df4d7c'
 'b9b9e530-b0c2-41e1-8cc4-63d57bc789f8'
 'ba751b0d-c576-4e10-8dca-3f849dd8cccd'
 'bac83cf8-3677-49d1-8165-1c0bc1ea3191'
 'bb74ebfe-cff9-4ff7-9b03-60484e1fb12a'
 'bc44cd90-2692-4e02-b1d2-e4592a5894aa'
 'bc7818bd-cf24-4009-951f-2fac729affd0'
 'bcba502d-40b3-4b09-aaf3-fc6c1ebfed8f'
 'bd460988-54ba-494b-a9d0-8ce55b872cc6'
 'bda097cf-d20c-40e7-bae4-e6e6d2ad0d69'
 'be69baf9-573d-4203-bed8-22b6e6a97f5b'
 'bedbe739-de79-4def-9bac-be8c5ab6f05f'
 'bf9a8a6e-8055-4005-825e-3bb0bd6ffc34'
 'bfba0e4f-226f-4be8-bbce-ee70a10b76dc'
 'c132a2a1-cd2f-4f3e-a98b-39a69f87dea3'
 'c18dd555-760e-4eca-8342-f16da653a3d2'
 'c4b34544-4a15-4163-8ffa-52afb67dc06b'
 'c5243726-a0c6-44e7-9e08-9ce6803f2036'
 'c6e97233-810e-49c2-9332-13b20ebba876'
 'c75daa64-8218-4e6d-8769-8f40d9fced4c'
 'c76c8fd1-96c4-4b55-896c-371b07a8c158'
 'c7da3bb3-3a12-465a-b509-3730d679913a'
 'c83f0fae-f5f7-4b81-a2a7-88d94b4ee606'
 'ca6e05b7-9abe-404d-a1df-5c7c5dcb0e77'
 'cc24df05-89c4-4e0d-8b5a-7dd0649ded41'
 'cd338942-da34-4e4e-a6fa-08589bd88636'
 'cff45b3a-f21b-43b7-b5ec-914653f31053'
 'd46b4f20-98bd-4712-91e9-8d5832a3fc4a'
 'd4a94796-37d4-4ab3-b0f7-9a123917af15'
 'd7acce4f-f299-43ff-8648-969f806d0b3b'
 'd85f89c9-deae-47d6-bf1c-86c4e9eb6522'
 'd9de168c-bbe2-482c-99ac-f8269676fc12'
 'dc5e1fb6-0d34-4eea-8025-55d2ca854700'
 'dd28ef9d-d7bb-4654-a234-643a78a3c404'
 'df7aa2fb-81a9-4eee-87bd-f6c436b5cfba'
 'df9ebbb9-27ed-4c34-8500-188e40056e20'
 'e265078e-9240-4080-8eb7-eca3aa9de824'
 'e28648d9-b35c-4341-b7b5-cc7204c9dffc'
 'e3b43368-76fe-4fef-bb90-353fbb3dbf3e'
 'e43e9d95-f8a6-4556-8233-fe6fedcf6d49'
 'e475ba77-a6ff-4eec-8225-e716da604cf0'
 'e5e3c089-0dc5-41de-82cc-53229f1029e7'
 'e6818396-5508-48ae-8888-7aaf4da61e27'
 'e817120f-ac36-443b-8356-205d8fb7a7d0'
 'e920f05d-5459-4e31-8bc0-d41ef456f11f'
 'ea30d79b-77b5-4e53-9520-a8806e48c6a7'
 'eb363d01-4dcb-49f4-b5ea-239d4357060e'
 'eb749cfa-8a59-495a-903b-91ed05772a70'
 'ec553551-730f-4770-b9b0-cdd5d2c97ba3'
 'ed136419-71d6-4b71-a231-6fbaa1bc2324'
 'ed47403c-9279-4482-9cb8-03ae2025ca8e'
 'ee7b2f0c-83c4-452b-8b59-4c1335aee06c'
 'eeed07de-3c49-4a7b-a99b-084a1f47559f'
 'eeed9914-3312-4d15-a89c-dd6ab3aafec1'
 'ef825c14-ca20-4b65-baf7-a21ef6b94fb8'
 'f1280f63-6d1a-41bd-ab77-bd309de0cbeb'
 'f1772475-e578-4520-8bb4-ce8c122c04b7'
 'f2d36576-4ed8-4871-9b88-66658784067a'
 'f64cdd3e-1d12-4624-9851-f302a07ecf23'
 'fa94a2f8-9231-480a-84ec-72cc78c99979'
 'fac79243-dd8e-48a9-bfbe-2248a9b45e66'
 'fb908924-1eab-4588-9159-664014398658'
 'fbf3e1bf-068d-4aa0-ab03-51595e880f7b'
 'fc10ec56-f497-4f40-8920-44d7d4c8720b'
 'fc959d42-92fe-4449-a1d2-62cba77f6e32'
 'fd57f56a-1e84-47d2-8b0d-e6298f00d18f'
 'fd605037-7543-4b36-85d3-cd292e2e6e71'
 'fdc55fa6-5213-41a1-aa6f-c3a0fc2ee18b'
 'fdf84868-eaa8-4b43-96f4-f4f024ce0b04'
 'fec05194-9d36-4651-a122-098a3cdde928']","['00f6ae08bfe86a45fb0a5b9bb0c1af4689dc9a8bf3e904dafc085247d4891d45662af08314d8f37937a0c4846545bd0e0f2b558d3b42b0faee320aca0426b1c1'
 '0650d0c8c3f5e03cf26806a290edc43d1f0f07659dd60f808dc21f25e3e5cc2529288c75b03249a611ddf21e2525dd307db2b8b54818427b0be5e9aa902a4431'
 '088f82ffaee5685f7330690f9ba754ac2b0833a2a86c352c8ed1168f836fdb9beeaf74ccd6bba5b719d18621ee6736e2316e82552594004c36faa302bd473491'
 '0b86a4c689db0891c92ce16db9aeb4a083baa3e53bdd292daf6b121d910b04d4630148908f86658eced07ddf5362ec575605b7082374336502884b7c628eb982'
 '0de3c81ea080361763a263dbd5e9dd2dc059c9c9636b275d80daa9a533b6e7f0b6976102a24bff16afaeeb92af067b86386abf213cdbeeff7fce6f423d4ff6f1'
 '0e212d8c2c842ee5de12af1433ca1bc447466457d87d7873dc236531a59f56c27f20411f5b1eb47a8f697027a165c03b43f5f71976348f46b3caf662514fc44e'
 '0e23d33c40ad564baa0084ebd8235cb1ce82f4d6b6fb48063d86fcb23695e22c4f9ce6522e3cbecd103ff6a44d061911281712609c45a72c04c899e10ca7d0dd'
 '148bb5ee1d2a73e26a81fe913e4da61f1347f1bc2dd855a432013c63e266eed6d08d8d2527f8195020d488dedebf886e6ad42aeaaf088b7a0af40376a96f29b8'
 '1c2d42cf24d5ef41eadbc348176fc20e538136d601d7796de053c8d108164282bc91e627d6fb591fd2b3c6605eec37ee0ee6a4acb7ae2873d039be0a367cabe9'
 '1ccf332050600409e1dbad13f94decee6940b9ec6f239effa49e9882fee6b553bdb6971bc000ce21309afaf6181ca56fa60f8272bf2855fc6b7ab8e99cfd6e92'
 '1d24860ada04c4d10776ec0b26e4fcd3c2332bfc32a9b292cc63daac2aa9e1d819abac5d20f50632f81bbac4af009c22934385848594ceb0631fd65e79533bf6'
 '1ffe2d0bab187b0df1646a43533f007cf04968951108797f8a2079c7447cfe2c500113a87e98099ae88711680e4cdef578cde98d34f527406a6338fa908e5f3c'
 '216b5d37b3125c84710d2b3f71d83277b473896f3fa0f7b6a9e354cb1ff86c2aca8592c9b1477ed5cb581c71faf742662acabac70a5e6b30547ef11ba26ec104'
 '238dd9495214c1f5dabc20718c46f30b60e954190220bd99189450cd340b3ae336482beca52b26e8653e82062dffe95c5d2a0e85373cc3f8dcef7e787492ee35'
 '23fb6bb01b39562a2f5493105ef2668bd91bc439253ab79da46be14980613e5e77186648ab6cdc7fb1a630b35f030ed5d1c263991d555d9ca25230eb0ef80a7b'
 '25b18de388931f8903d37959a37f3008502eecf4bb47d5e0221a8a2b9580f0a624fb2dc29dadc578ed1b3c682a20fea6cb4dc22e498bd0aa6214ce408fa6a9a2'
 '2613bb946cabff0fdc6100d8dfacc5639d043567be0e075dc968299ee66a1407c032fd9c338aa8f22ea99a4ce603aab1b6438e494b69c0a7a9949a2fa2a17d04'
 '2653331ae1a0ba2677f7f7fede8c932f4b673f0e7e38b666bf8abe90cb1a55923a96232e869023bd456e3c3629127c57fc4c106fb80ebee74e25f5e088d36f51'
 '2e6a9b2cc0b460f3e432f61ccab7042ff2866448172315609e8d442cbec9074f57761ee897c8e6a7c5dd8403fd86c9f8fb0eac1474a1a8599beaa069239edfb5'
 '3094b23ee2b02a1ebf0e6f0494741e8b4c098d1401dd6d444c7e611df529f1098214f283638978a30c131cae8f3cbeaaf9679c1e01b075e601c671cf42b1e25c'
 '324e05cb98516ebf59b3f3abd2df7e50a2b035297a48a4083fbd34fd3c72c8d6b25f4e6dc2234b81b6a1d6ad73272dcb7501da75305ce73bde190f882d34b840'
 '33adf6669c49ae17123199758ecf1487a0e24187cf6dbde030ff357cd1e47a649457fae65658e881b9b0899b0a295f4aa42389d01e4bf17584c84704d42b1d3c'
 '363b6f4fe840a82e2f2626f490dcb8da3de821cda42ac4f70ba0da92fba6668706d3e8bf6ad7f088fd38c3486b672b17640aefe778000d68b857659286405ea0'
 '385f64f1d30ad793629774f67d67cb267548315f3c95c2a9d847a3e7ce87713464fdc490766f3f416a1a499d74df1fef5e81c0ee8a9d54d9ce1c8333c14738ba'
 '4539c484e5bf2d61749b4d64c10d034e623dd3ef4e3c28a227462428e6862fde175c62c0bdbea123d78990880838c55f2a3fb1f48f7172a9e35b73ec0541a88e'
 '486f8a3445f82739b48b2d88f0689cd9f83a8b402cd4cab663aaa55848e2ffd3c3d0af270adba939808175ad5cb986a9ba12636a5baf02444314158e3a272e28'
 '4e10a447ddaf2c74684d2a22401890d0f1eed1fd11ac887c4f65b340f4348db607f77e46c4ba8d22a4abe8dd27f016378deada950d2c72edfa41699ac96ba87b'
 '5257bc5aeadc011a5763e61ee07795768e01f63717209911c4c72123b1fbf5ce87dcfc3e1c9ce6d216a2937a8980d7fef0635b203fb0af5eb60a000b79d8eb41'
 '53fabd6061d68e4f513b61c3e6477b9cd8b31132a56304cced1927d39a54705928a4758e66e5cb83e1bee5033ada82da615495d4b0c574a901944fd41135269c'
 '55a10d2794ee69c451012e44ecfbbb5a8f608d0b5357030d506f20708b3c0ce2bc2e52fdced5a132300f441ba8ef197e7e5f7b55642edbc68b35acd72963c75c'
 '571033fb76c267906f15ebc5bb424e0f22da46345f9e8d60796f1d2d96929a6859c3df74ee25d5709bc2e5f464a592d92b8f77bf57b9a0d0c1e941963385ad77'
 '5b2b629e920eee7acb2a8b6ed13d94c3e4d8b59416c6f36d7802477626230f54f08867caab065896c2f88ed0b27e72192dcd00e91dd319384c60c93ff5dc53e0'
 '5b63b873de549d6d344f447abc1cb558376d4c89df8f6bba2193c6cb5828e68bacf693edd8957d0daede6afd8fdc9d428cfa79a86ff7eda644f9e280c67e8dee'
 '612bb6193eb44b324b88e46b2789875b47017b38a950f651fd11347e849a417a3bd8f8d8f6425e2f30b7166d7c97c95e5976862727f33ee6aeb55a98fd8c16b0'
 '62a47466ff3c57929d09f449a143d719d9e0c4c33a2338743752150ae1e4c2957880bdc8f4c0677380e65e1a18195cf13f183e5aaab54e3c84a17c22537c9d03'
 '66209208e2347a494df585b3043c733e732556f0fb1c59d136397a89b7e5072224d9acd0be409bc30047755f31cd366f0c432821c50e393acbfd3e15b53fb4de'
 '66fafb979e4741dbb83cfb0ca734aaa23ede790ff25a511a005a58515b4535623120fb9baa7f15c331ad249821458a0f77372a614c234d1309dfdfc250b296dd'
 '6967dda71be8ac5f6b475081cd6c74f33a67f77933bc99b25f684006712cc4876a2c6d66e3ccfe136e49063e30594477597f27f1d7b39bb475e23abf98bb8a43'
 '6eb2b8b1524c28bc0053cbf873e3f40259309b5b241c9683197232afd54506ef35025bdf2e5057b9d6599f2a444874e8de0ded9c45c717c0766a48884f2aee4b'
 '6ec1ad07ab8fecc0b8b02363481c854b1b2c8755a4c92262c87b3e229378c526669403d98a93798f22e1b61557b4e90ed2a33dcbb7ea60da9bf7325a848a7b85'
 '6f662532be4c0657b471a6a0599a8ae2e2fd00fe3ddec932213106de821e247de0ad8656a2d6d72dfe5dcb0b590d3896c78793f6b7be0f7ae110d1bc00f0c1f9'
 '709b994d79a73f2f05b03728f1c8605c9f43606ad22eb28853072dbf452454159c5a26147224a8f886a8590098f8dbc222e7d77dea991a15274167a37700bad1'
 '70a2289e3d01e3539fe24bc8816199ec843e6167c86c98eab9ae712b137d41c9258075897a7e3e9b5e140cfbf8f001570f2de182562d0fd13781b8f0c716aae2'
 '70bf9f2937b8e84f2405d2009afb5da01007649b583e9abbc237dc57c9c01be44a6842360e0d4c40e8e146de92db7d1d2bfbf179d856403f47423ee2b92b6b58'
 '785de8b67ededd4d6c44df527b789753430167dcd3b171c7f6b26154153a00255dae617c61f33eab08a492c1e0e24e70b6d64ad299b4968f99e81ad2301fce5e'
 '79037074f25246054dfe6498136b54c0df01452fd049cd956a4f9a9e4c77532c26008d4cf6308be9c579313d6ce60601c5cc6ca776fffcfd68434de296336aac'
 '7c1c6ab54fa2468278efd58804efb780a7771f38d6de97889309541bec29bfe9c0bb199354148c2cd1238b54911393b4a7dbe2ef7cd64c227bc21fcbc91172df'
 '7d74751b12773d1ba1111f71866d71285db4f718701a5dc05620ca962c4cb691ae9b12cf1c0f77381ec9d20ca947aafbb3f3c24eabf017f1307cf1774f42b8ba'
 '7dc3750a7b61d30cd6cc5688b4d45016d4f96591ef54ddff733bae89d5bb73b20cfe18b6b6892350c51657ee248e44b4e211c0ca4350661af7994b6df3cca7b4'
 '7df96ba999fd86c3f53a2801c1d437c090490d2e6f73ff64a161b03b42a251bca1d0eb837378e411e197af8a32124387943fe543cc06c13bcfc4c61300806918'
 '838241ab5933736345582486aa6a3c6ef34a8b5a5925ec6ed7838c7f2497326ae8b621d6dde31f95ad5e05a336393553e96c0d236222b23ad140bc513bf0cfd7'
 '83cf6962c20483778fbd6251a054ccead28d13f98bdd95ff3df5e4190d2ebe17c49c49e769e8b29f970f85ee84c91aa5569c9e390ca6d6547ad29dd36502530d'
 '8931f5c2719f51b2f9670b2d6459ef249a615ff1844aa72e17aae8f17efb1694bedb22ad4ac573f8d6ae43d180cff0ee4892d3597d879483f09e8da03c6bc511'
 '8a5a6e187c668bb2f8331df659df42e1806867580ac766ba79bd9efeba8f788a99d6677d88162b703da1dfef9d27fc7aee00093a794541110dbfebcba1a298b0'
 '8af246d5d04738aa8c9599b12c878506030941cc6a5621f9adbbb8d98c1fb4880084e5c5284116edaf802611d683dee4a814ada069156187b3d41d3af28bf19c'
 '8e89504c56712d7e6317736021612ef16ebddf16c46e654d54035c555b49620dfe19a8c613ebbd5416f9b95ce048c5e338d85bd7535a5d4c23921bf1ae047a96'
 '9163fe7435849a7229155d8ca9fe8afb3d35668734997cd20886f4de306ee0454721bd14840948a902a0df8ed0b7e53a94617524c099950812ad5a62fa108249'
 '92171d24eb1465a711a41f97a09e6b4153dae2530131e3d2f871759e91b8903eca9147047c4efce5204b356746e7a5811b0c876303dacf18d8abdb91980cb349'
 '95822c8a9994a4f2f6caa31f47747bf7108a37bff834cac36c07f4e513e018deffc602550d7e95b345ca046805988c0d38f1a35e6901a5efbf9212b3b4565b97'
 '9a5bce7c4b2093cdafaa92a7bc6374c323df0722adba465e9ab0083793d222455f7c4e1e318d2c8f8ba06374eabc88bc19cbe28552a4b45f5013dd3c5e4869ce'
 '9aa94102f7aba158ea3d373dbed33256cdf4db0dc5ffab4f7b99e7762c42772dde40488fb6f98144b7fb43ac908c855ac1adefb19d619a368ad6190b2a5f6666'
 'a273030661a96ecbdcd506391fdd65a62dff5c58ebe9dc9d5a5d988a5ec21a61597b93aaa369fea575f760a5f95940c98aea36bf399c204dba5c8264e826cf7d'
 'a458294f42bdaaae8a5136abe6b357403f239d96f1f8a9aaaa4098fa742c440394e325865db4db764526df44663b359523ca447f41647f170f492cd9550a6127'
 'a4d0b08467ce73e94c8ae21cbf1d5c9de2b28eb2b11f0d9600ba696f7deecf4bbb8dcc953f2c41adbc6ecd52451ed70a2ae271b631839da06fe4efc61527bdad'
 'a755a1d7c7d50241e949f3f67066a071d3040c44026ecbf4204c31719658d38c98068fe0a23f3f70426a030908bdcf57c15191f15e39db46ece7a311ac4175d5'
 'ab1aa3b942c12408a6b8a3ba6ef766a283fe1bae7713795f40592c20bcb95c8935df716b4bd34a5c45fa1ebf618efdb1e0afdcc7ef24c6cf6120d60e5f2e0568'
 'b0f4d24f6f62309a037dca8b4e0d4157f7e25c6212d4557e1032bbbb74f0891f1e7cc1c5ec2f561f3edcd394c5b050a01fd9c13a3e028f7d204116ce3bc48e9c'
 'b3ca485866dc26056066465b2eabd5c67623d4092c30bd65a877bafe69c41234102c63cabd95cdbbaa5c9996c0e94da9595ad2ec9edbcdf80af8a7ac9391ef8f'
 'b3ceb375a55b4e7ba18f653347b41f2092a73eb984ff64b91f6e21e4da5953b02a42f3c83d12ce994fafb0f4cd8cbbbbeac31e1961147e1787e27cf87482d03d'
 'b7e036cfc0af89cf534a04c0ac3f2fbc6e874136c11185ada17d5096022d926e9e2a09a1ed4b0e1ea393f799d3d6d782ee1649ce5ddcc0bd974e684c92a1a789'
 'bca8fa5027c8e1746de107e238f45011e36372dca01c37e40539a58e715f29845d3eb6826b13ae576427b31f2f21c95d7b4987fa0ba1c5e78828dd10ac555cff'
 'bf3b18b221f08d6f38387de8ff6e0db5ffb3d41823100511752e2c9a16f3295eca95c3b48e0fba0afde87f986530e3bac3e9455bdbc47fba26852e335f056bc4'
 'c140c162c90939e05a299d71572861e3812da213e3ed9a7bec1a0b3e61fdb805652a228f1d034b56e7b2b615d46016055104aaf15ae6f9d922243d025c251c97'
 'c7d1b4a4d6c1890a132c31e59180d731225566cf55ebabf81e05e51dc067c87990a977ce7b4870782038556add3f4a624eb29460e048396081cec193a59c7894'
 'cc7552a4470f83daa567f8735ddbe0b9b9143874dd8993828517b1a5270d0e39dd91dc7919dc1d958c9ed051b71fae43e379d61fed680859f0078e2e96ebdd60'
 'ccbf411f1a66481699252f8cb9e85d8df150e97c43a6b3c3f919ffbc45859680e8bf5b6f2d63ef233da57cdc721b8950ef6a39a756dc89bd366ef297bf01c26a'
 'cd2a54931edbd63ab62b28d03fb6ddc8bbd6049351a8a7b80db264eabe008bc0920f5da9e2ed3d88844e80641d5c9f2e2d7520c695728aeb4104a942d6694f89'
 'cedeff15161c228ccc9c0559c6e432a076020c6240e0542a3adf08006d8664ee70bcd0f302b4bde6bedd09c0da5254a5152eb1cf0c3418c71b20e872faebd6f3'
 'cf6560c767b9165c044e09371c8f7ee8b1b362c41d3972f1359a4a04bdf6c98613429167ddc37d13b276146275fe8dbef99bf59168f48c665d44b1108e8b33b2'
 'd367f90eabc912a20127d093959a17ddc86a9a88de21f1419a4109388e57aa6cda506f9a92e29b80881246f38b934d6e4e57b35382930c0033fb9bb0245cad27'
 'd396ad18c1749b988bca89f716838ee064def48e3baf66155c6a4e509e4b83e0e0b8ee41ef6511e629b636a8f1500997f949c0d692d8fd6bf3e97d78fcad4005'
 'd84ba703d52a3d914db63991dd7036c3c2cda83c42cefb960e71eeaf2cf5e44b71830be54e88750763636d831cc2e64ba077b2488230c2b9a006fac35bf1bd7e'
 'd8d9a3197934f8295d637c2c482897a99e4b3b409fad0b67cd330937748967043e87566364fe646776d66e6aa13690b27f5474d37c5dc9c1ab29a2c41ecb3b68'
 'd9f6bea0a5ab1dc7bde9ebf7669fabe84fffb7deee4bb8bb67b0c35551979d2339d12c15802d5bd80ef750d064c46db2b29d58f4084b4ada538ca1df416ac78c'
 'de94d2a51c5eabe241bc242da808e240a27bbb801f7ba6cbc0ddb22bddc136d98d6c1c0bb0d8d0f35ebecf1b00dedbf27113516bc4857e793c2c5ad3ad6d3e39'
 'e0d5d87e7e971868201858622b8be0e2105145d6c199eb9ac6979f01aba230c254d1161d9aa9a77676409060d3632db4de8128424e3f3c19ba8a51e305581c97'
 'e4178ef0c95bb109cf19aafdc7354a4596585a2218f0d33d296309dc8856d5f3e6b102f406f3858c3e827b883383448b6ddfbd58d654a4affd0875f3f615769a'
 'e46eeb2680b79e516b9870bd93fa65eb50a69dcbfbd682f8bb828d016a324780c9c265003b55b9cb07448c5efa8cec73db9c6f2731ad970ba367c73234d0121d'
 'e49aff32a59ed37a6f07ad54de938177fc4f6c7a014d75cbb68b19876cc9726f90e380cb1a3239f8ae7e3499c97a4d6aa863c4733082e908275eadd69856fe51'
 'ea1083f6adf5fd73507f9c8f7bba9e0766d0dde517044024c9d1564182c5f406f00571f058d93f84dffd8824b4adf826df6e32c60cd4cbeded8dd0790b9d83a0'
 'eb23a2a465336b5ec6faea7509e9d96170613d5d7809facc0263e3da0a323f991faad9182bbef36140b0c9d2dcbdac84f118f661ee526045ce28f1a77a0c11b6'
 'f1d2caf9b82ac1c50c286deac68819f12ae94d530212549de84ec29583ac195bf8f92185b57db573efd2db45182c070718c763dd01ca2300a3414e6e63110903'
 'f234e124dc5783cb0747886716e4ecf14c3e480669de8bf4513a70f4d0019343739bda38aba548f7aeadfb80ebb4169f3525b6a0d1100b3e7540440b2e727fed'
 'f4b073c881c4fcb05727ee79708bd9cfbb6d3e83237cf1b85e3187dcab07280875c52e63328b7611bc065541e3dd44f41cde68660eeacbdab3bdbfebb4ff5fa2'
 'f774ecc5ad11c6218cf9a5fa3956561dae8d217b440ba4206959b9b5c33aeca048a105c46772bb22452034ff8e2ac6545387df78983c45e384ec2b379e14652f'
 'fb7370cd12edb63a270ed9c8382de34cfaec86c522dbf0efdf38274477f30c5d574515fc1c2488f84399f206e7414bb0563617bb165d3b6edc4015e80fbfa6eb'
 'ff40d9d77831c63126abcff57c0dc9b00a0481a114fd14b41eb87b1817126e86e2d78f953b428ca1a255ba69368d9aad3a9cfb384173b77490f104c4d8e6c2c0']",2026-03-10,190
f030eb7b-3b42-4fde-a5c0-944b378e538b,1,1,0,-1,[40 41 42],Community 1,"['e6314bf0-694d-4303-ab92-6784d63173eb'
 'd3c1b4a1-b28f-4d05-9684-69c8940aedd5'
 '7ad106ec-d6ac-47c1-be40-932a75c7bf7f'
 '3f7785a9-ebe9-4457-88d0-33e726aa977d'
 '218480eb-7ee3-4c94-a8fa-36f5886beb36'
 '2498f2d4-eb6a-4059-8369-6addc01a8509'
 '3506b4bf-2f99-4e9f-9e13-0ba17774e337'
 '55ac11ae-5722-4b17-8242-d0257da5783e'
 'c529990b-1395-4fde-abbe-d0a5a031c1fa'
 '6a42679b-02f5-47e6-8dac-3c576358b26c']","['22d62c74-5976-41af-8124-2d4b5ee6ca24'
 '3efe5fb5-5dc5-4030-8f76-7d961a41b816'
 '68b43969-bb28-4d6b-838d-e349602399d1'
 '72ed9242-3498-470a-bef2-63ee9130c35f'
 '7684825b-25fc-4eb2-9a8c-a983c698ed4c'
 '82e5b73c-37f3-490b-afed-ea2716315f3e'
 '942cbf76-7406-45ba-ac3a-03cf516cc6e5'
 'cc2baf2a-1719-48f4-a1aa-fbef42155d23'
 'e578da1a-01dc-4a2d-8fc3-67886fed794e']","['293b2880d6c93e14bd70ee7d1fbda61199d2d53addb81e7d5a50be205cec8a6cfc998fc9ed8a155f776a1d6a7bb648804bd73d2da4f1bbea152d50effa15df60'
 '64945696a7fffc382fa7cfb6d56869218481a2a35824ffbdf7c52cd55bbc1fcaeb35302134d989f6b3a3fa956d8b8d3baebaace270fff9c9a5557ceb1e97b709'
 'b7c0c77b69c85f2ee8a5a970b872191009c317829a2677878f23b533131b17134c3eebe9906cad71163f8025abd5218b734cc9d7f389f2507e73ab2893d744b5'
 'd2c89d663393a28ba4fc900d9bda709c84b044a7633189fd57e412e0b35f4ec4f2f3903c8e701b3884414749004a1d8df8aedf5bfc922aeaa87778874a4d3072'
 'de94d2a51c5eabe241bc242da808e240a27bbb801f7ba6cbc0ddb22bddc136d98d6c1c0bb0d8d0f35ebecf1b00dedbf27113516bc4857e793c2c5ad3ad6d3e39'
 'fd1bc9667578009377bbd23e1608c5f1d7847ea676c232cc2c09d7415c20f3ed58aa62a0ad19948e7fbb0ee262fc023c3da4df02c5955dae2304019db8d2c832']",2026-03-10,10
6aba3b02-04fc-4826-925a-73ad0adb5fc8,2,2,0,-1,[43 44 45 46 47 48],Community 2,"['7f3599a5-6780-47ea-a097-c4355120ec3c'
 'ad918381-19e6-4405-a0fe-887d36b998f1'
 '762b3c95-9a8c-412a-8021-92f8f1a8a925'
 '787f6fff-b177-455c-80b7-086dc633fdfa'
 'b6d9badc-02c9-4738-89e9-ce02713c8982'
 '0ce75134-47c9-4866-8e40-d3172b3d8a06'
 'be59b7e9-23cb-4fdc-98e3-26292806b736'
 'af321d78-d7be-41d4-919e-e4a855ddaa03'
 '8b9722cf-be15-4732-8270-c64cc47a309b'
 '09daf496-ac94-48e5-a817-269952b3a22f'
 '3cbca204-6f88-413f-a84a-c353b64f3cb1'
 'dc28fb86-b7a7-45fd-87c1-38a4332ca991'
 'f7afeb90-29e5-4f8f-adf9-8b482f4438a8'
 '1300690e-c554-4c03-a9cb-788778f914fc'
 'abf75dbb-247c-4d89-a553-2099f7e9bcbc'
 'a94914b4-e645-4bba-ba52-aec949735173'
 'a05a2b88-1be9-4b47-b248-13eb839f5729'
 'e36fc927-6f54-4ebe-ac44-12331136f6fb'
 '891bcd38-3033-4a6a-ba7f-7b79649cec9f'
 '13a55f60-569c-4163-9e26-f7016ef7dce0'
 '1d066b3b-683c-494f-9365-7ac40b381cda'
 '04298cee-6560-4ac4-a461-ec584278da58'
 '0017ab60-94bd-49db-a135-a5169a3ee775'
 'd9060dd8-7ddb-4b68-b0c4-8931d9621556'
 'a44012cb-15b1-4540-b654-cd5b360135f5'
 '9cf49957-d2f4-46ab-aef0-4e9896b6ea8d'
 'da21d5fe-aabe-414b-af0f-ccc23b19f038'
 '8b0a0624-8a9e-4bee-8b84-fe837d7575d8'
 '5ff87cc8-8311-4247-80f1-1aaf998e5223'
 '96501eca-4ed5-4cb4-92e2-9ff312dd8da9'
 '21ed60f3-8b44-4d22-92c6-0bbcff7d1a1d'
 'f1d1aa52-eeb9-4661-ab6e-f06fc7621c4c'
 '1d40cf8e-ed7e-4411-9849-7f3aea198f4d'
 '05dc41fc-81a0-4d0c-a4e1-e96119e12a84'
 'c149eb3f-5bba-4c80-99cd-a6bc817cedad'
 '15d9e6ce-5e86-41d7-998c-24a3aa221bd9'
 'f6e56c1d-8ef6-4d0d-b0d4-3fb6dda5fc93'
 '2f699a65-61a8-433c-90a1-4a71e760bec5'
 'fb7d00fe-f996-4606-905f-af8a16c7cc67'
 '25a82856-54c8-487d-9fc9-fd0925615f2c'
 'ae65d987-2f23-45a1-9b43-6af33406a01d'
 '2ebe5428-5b7d-42a9-8fb1-b1bb6c296e1b'
 'c6b79593-ce98-4d8c-8731-d06c4087ee92'
 '8c687316-ced1-427d-b282-9b10d8bedb9c'
 'e35acf7d-ca61-4d3b-8ae4-1532b92a2557'
 'e5f16f5f-ce62-451a-89b8-da2eb1e18082'
 'f8d61b2d-9665-4a5c-9345-7f7f618f51d8'
 'e968d912-fb75-4470-b550-bbb81ec94d9d'
 '7eead9fd-a45f-46f7-ba45-a2b55448661d'
 '63af0123-a6f4-4b98-b84b-c9e685b66315'
 'bb37b333-2b9b-4324-bda4-5941185322c4'
 '73757ff5-4a32-4ecf-88df-19b7c25c0f13'
 '8d2c1b9f-30df-4d87-9535-603bc476bcc6']","['03ce0d1d-b919-4828-92bf-6c772a2cf6b0'
 '0f57b4d3-e108-4c88-9447-43c5986f8d87'
 '11dc4b8b-cacd-4c6d-a1f7-b743b52a1584'
 '11e3c04d-7593-4994-a35a-a06cc625eb6c'
 '1608dd71-2f67-46fb-95c6-0e3ced4e4011'
 '16a87443-d88b-4400-b956-c9f21ccc9d40'
 '1f7a924d-90ac-4796-ba05-a11fd7bfa868'
 '25dbc4bc-a463-401f-a896-47ce7d90d1ca'
 '26acd78e-d947-4817-9e46-40694ce4834e'
 '29d20e77-0240-4496-843f-1d4a4b4d88c9'
 '2ab84c57-a1cd-4478-9b82-f64cbda9934f'
 '2c8c3cb9-bf23-4013-bf8f-865094b6aa71'
 '34287117-4f6a-4500-9494-46f632ae6d79'
 '401def59-feb8-4566-becd-01feeee166de'
 '40d908c0-9816-4142-8752-2f83326dcc07'
 '425b8442-2804-4a09-8338-01e847d36f54'
 '4790da9e-a9bd-47d4-a1af-65d9b7b522ac'
 '4dbb976c-f640-4a41-863b-5c46780a78c0'
 '63c11849-088b-4e48-adce-6287911cc20e'
 '6457c76f-9cfd-4045-af79-84402c7babe3'
 '6c66e359-3c03-4cf2-8ccb-a0c2591e94b3'
 '6d4ea67a-7657-4a14-a271-bf3db795c73f'
 '709ae23b-74d4-4a50-9563-97d6ae403861'
 '70d5ba0d-aa61-465c-8438-faf649f7056b'
 '74c0054b-db7a-437f-a5dc-7ec608c0a9ca'
 '769f7269-760b-46dd-88f0-0d37dca8ef24'
 '7b655c60-f66b-4e01-8454-39075c55f892'
 '7cf33499-6828-411c-90e9-05fa7da0e97d'
 '8803f7f8-1eed-4047-9935-51520ca2e66f'
 '8b169e59-2cae-43bf-93e9-49c2d209d92b'
 '954a62e2-6a1f-44b5-aae3-10886d6a8f2a'
 '95f5348e-1c0a-4a39-af15-cd15a0bfe4f8'
 '96032d52-887e-4e41-9576-09be0ee2b7d1'
 '983cefaf-5fc5-425b-b323-b7aa9e83925c'
 '9a81eea0-aa3a-438c-8be7-7966f1a1a352'
 '9e935f7e-4b60-4a43-a010-8be76ec460df'
 'ac37cbb9-72bb-4ed4-9289-50518d16b7ad'
 'acc628f6-48d2-4ed5-90e0-c68de361c478'
 'add2600b-68f8-4d4b-a0d2-bb207f1ebb94'
 'b3c8101d-a602-43a9-a11c-fe4595662b9d'
 'b8ea9511-4445-4593-a3f1-24772f42bdeb'
 'baa64f33-bf85-4a99-99d1-6549836843ae'
 'bb92af93-15be-41f4-890c-739e254edcf8'
 'c5150d86-5437-483c-8a1f-6320a8d03c3e'
 'c58b0606-a04b-4b4f-9d28-09fc333fe52d'
 'cda3af35-9962-40a2-bd5d-4872734a84d3'
 'd14d7ad7-f372-4231-911e-13e1791f9a70'
 'd1874369-ef4f-4b99-9a9c-745dd7e6fd2f'
 'd456895e-5402-46cf-8144-21c90c994af1'
 'dff57938-3be8-4f29-bd9d-24bbbd70ad96'
 'e1d5eb1a-3e59-4a50-8779-13ae00a731f9'
 'e2395eb8-e762-40d5-b081-fefc4c514748'
 'e8ec7a78-0825-4ea9-ab8a-89e109656fa6'
 'eb5e9894-eab5-4e1f-8d9f-ad31b5473ff4'
 'eb66ee5e-aa42-495d-9a5b-b074630fc47d'
 'ec566111-8c8f-492b-a2fe-4b5f6f424669'
 'ec624a62-a84a-48bc-97c8-af6ad09deb46'
 'ee94bfa9-a7d4-47a8-b39e-53401cf21f60'
 'f2c45357-8df0-4973-949b-12b7e15b289d'
 'f70d2f40-caab-40e3-b2d6-ca393acf8454']","['0e3088f94fd74dd0bf54ce4fe7dfb492db7a4fa8eeed4a699f6992bc1606d3f05b5845dea1e8d94b3b6a8c011887384eb0757bbf3764f608225b6b1ce8e9ffc0'
 '293b2880d6c93e14bd70ee7d1fbda61199d2d53addb81e7d5a50be205cec8a6cfc998fc9ed8a155f776a1d6a7bb648804bd73d2da4f1bbea152d50effa15df60'
 '29b42c77a75f75214e91fc897164ece3a818f406fb35fdd0ebcef96c7e1569e187c10bd59b8b2ee6499e5627bd49b0f71e15b6719f460c63cd96d72840065dba'
 '2e50d93ffa7670f1e2f5cc4d51a15bfea5e15c8edcb97cf36e45ed353239ab26f717061fa463747fce6a3f90277a83944faa68ccfe892de476968d68f3d69bd6'
 '3ee8eb816fe9ae302cda19230b3f6dbcdd92fca75889f2dce397a3dc074855f9b4445eadb26b0d75b74acd64439770c1a963ac9a20a12379fb078588ea3288f6'
 '50d1c7e638ca19a922d126dec12c28b309c85b6a085003d8343bf3fef2c2a95b525ec6b505256f162cd371172105cf09ce70fd9e682737b0928665a3ce4fefba'
 '62a47466ff3c57929d09f449a143d719d9e0c4c33a2338743752150ae1e4c2957880bdc8f4c0677380e65e1a18195cf13f183e5aaab54e3c84a17c22537c9d03'
 '64945696a7fffc382fa7cfb6d56869218481a2a35824ffbdf7c52cd55bbc1fcaeb35302134d989f6b3a3fa956d8b8d3baebaace270fff9c9a5557ceb1e97b709'
 '79ac3037538363f6ff0b5394f184a2fc32ef3261df57c7f95f7b45ee21c9fc4abb09646a481386de5e49e03f57ca4204c7d81ac1e832818df9a966de3e83c80a'
 '85513047f5f71067405b195c6b5f7f29fe742540d9ea4ad1fefd96fbbb7a380cabb938ac7d16efa9458979eed6df83eb7e5a690b14eabe5b860d4d101c763a99'
 '954bc1dabb9bc3c5ef5fb2f5e2db276af0a7af750bb5bdbe01e55f968f26259007c607a0cfa9b4420e6a21ae10c9e1d3050046692df3ef4db285d81fdbbd647a'
 'a1b8f260f6eeeaaa02880999d0164d457ed936ec7389a73695013c589790f7c26a4bc1050a2248e8e109892bad4c036bffd7bdea4444cc3243858439e235e989'
 'a7497051b835b0296caa8c43a2182e056a4d630488acdf638ab6cd1d926fb9ebe0e50b22dece2d0fb4bfabf4f04ef42edc8be89a0203491675e0fc4b52a1b78f'
 'c4dcdcb909f65ebc63e961ae81f141ac478d6a1fe9d55ef54956d0b17c09780b0a55efee287564f598620f6d167825dd2c76326b08d3219c07bcc6efbc1adfba'
 'd2c89d663393a28ba4fc900d9bda709c84b044a7633189fd57e412e0b35f4ec4f2f3903c8e701b3884414749004a1d8df8aedf5bfc922aeaa87778874a4d3072']",2026-03-10,53
8cd56b2f-ef72-46cf-867d-d48424212d05,3,3,0,-1,[49 50 51 52 53 54 55 56],Community 3,"['14ba2b08-777f-481a-90a4-26a983a7faf2'
 'd97e5b24-532a-44a6-8ed4-e6b10980cf63'
 '624529d9-3c3f-4a39-a576-f0b25bd75400'
 '68c355a0-8e8f-4c73-8c57-373ebb9c4985'
 'e91cd220-52b5-4161-a028-c2b7a2f78e38'
 'ee08258f-7327-46f1-9459-c1bbd95e644d'
 'd74fcdc9-bea4-4735-b832-5e42f2cbbac4'
 '43e0ecd2-f4d9-43a0-8bef-098d37bc254f'
 '629324e2-a0b0-4ef3-94e7-2690d08eb56b'
 '9cf6c72b-438e-4403-a92a-a6b12f7874b2'
 'f1eb9799-f1a6-48ad-ac82-8c60f17c3892'
 '04566857-388a-425f-a025-8ee6aaf0017e'
 'f4f7af9a-d129-4f39-bbd7-77a492d71c75'
 'c07c5853-c7a1-4527-b218-8bea033432e3'
 '8cfb8f68-a949-4139-8c13-d3e1ff0a46a8'
 '2aacd743-c84a-422c-a589-07fa930e8922'
 '475a6a5a-425b-4a94-a6fc-c676f6d93ffc'
 '4a8aea04-eb46-4b95-8a33-d02d39a09eda'
 'eec36c44-9460-435c-b8b0-96c5f8c6c1e0'
 '205033e7-ce21-4198-898a-f0b7413c4cde'
 'c2c08e1c-1b57-4087-b8bc-b95c01738e97'
 '21d15f43-9cd1-4442-9a7b-e38c8b380bcc'
 '4b74457b-80c7-4a47-8242-3db71e2ed1dc'
 '6a99b9a3-3396-4137-bfaf-fb0580b64626'
 'dd7f45c5-8d46-4c22-b754-fc3601eade29'
 'dcb6917f-a93d-45cf-8cb0-337ce4865ad1'
 '1bc74a87-d11f-4539-bc25-023325bbd397'
 'b56837c2-8110-4603-8932-798e0cc2f26e'
 'a33bda18-dc64-4420-a376-6a6db0be6b37'
 '6f8076d2-ef30-4962-aa5b-341d358353e0'
 '45111250-308d-471a-831b-842547fe01df'
 'cdf48a29-a8b7-4f6c-8aa2-b9375c62cdea'
 '9d3c2661-1151-4a6f-a939-fe48b78e4c34'
 '4dfa20f3-b6e7-4a28-af18-7efd3b407b66'
 'fd532f91-580a-401c-b6bb-2dffd3df3207'
 '0f73a62a-de50-45a1-a015-4184a2936bb6'
 'cd70c412-3d4d-4191-9ae7-d932e0a6a20a'
 'e8575459-8de7-4ce8-8234-c5797c5439c3'
 'cdbb91f9-d408-48e2-9c89-d125ca8b25a7'
 '63cbacf7-6fe7-46bd-a4d3-df1248c9995a'
 'fd1294e8-142a-40aa-9830-d12a270f8a07'
 '0fe9e96f-158b-4225-b085-01ea92ab99af'
 '6390545a-c6e1-49e4-9c2e-6ba364daacb5'
 '030054f1-5a98-417e-9d45-86fdb30665c2'
 '161b5639-e30c-4197-b803-302021a475cd'
 '21756f35-d91e-48b6-a85a-15530ba225fd'
 '7217729e-8c4c-4e8d-862b-9d088ae13d36'
 '7c40aaa0-88c3-4e91-a4a7-f4e3c2448c11'
 'd3a99111-f675-4bb5-a8f5-3c4de6ef216a'
 '49304880-ee8c-4a96-b46c-2bbb9d38e8d1'
 '297d66bf-81dc-4c8f-83fb-85ba243801fe'
 '8fec9e94-e0e9-4c89-877f-ccbe997a65c0'
 'c474997f-4e25-4912-8e24-b290edc6d250'
 '7a79304a-cb99-4fc0-8442-88b7341a0861'
 'f66745a3-d094-4b42-8267-17359cd3be4f'
 'd08fa8e0-e4a7-4c1e-b093-21f8ae3108b3'
 '32e7fe57-1057-4d5b-a6a2-f452cf7d85f6'
 '4131fa2c-601d-4b4b-b5c2-02a2787938c7'
 '6fbc8125-0d15-45ba-b17a-748a619d68d0'
 'c3347e3c-c7a6-4669-a9df-84810d21e69c'
 '131ec5ee-0439-4037-90c8-1687ecc3bdbf'
 '0ff45bae-7bc9-4f6b-b492-20eb8c27ffaa'
 'ee822c99-984a-40a3-a52d-0170a44cf5d6'
 '601ec978-ea79-4699-a7f8-714aac4973dd'
 '0cf0060a-5c69-46f4-9926-01e20ade354f'
 '1015a069-4582-4511-9da2-50dc53776525'
 '91aa038e-0e99-45d9-9325-0f1322ee54a5'
 '4f0ae0c6-cf35-4f99-bdc4-30e11faeb73a'
 '233d3eb1-4ee6-43e3-9f77-49a2eb84cf33'
 '48c0ec9b-483e-4570-b5d4-9c6ba9e193cd'
 '7ad64e84-caaf-400a-a47d-cd154bf42ce2'
 'ccb4b4c6-7044-4be0-ae9d-8ef62ff343a9'
 '866ef12d-6cd3-458b-9f1f-53aa0ca7fe2b'
 'acc20f7e-3ef2-4d99-a861-6f01656f3948'
 'b6d21178-722d-4ac3-80a1-f06dbee1d9f7'
 '9e67c4ba-2695-43b2-b47e-70608d11d181'
 '0753ab04-016b-4fa7-9228-05284e7530f9'
 '9664ff4b-629f-44d3-81cb-63b2ab261a5b']","['01300490-e8fd-4123-bd93-decccfb9b26a'
 '0194d4e3-1e83-432b-8201-b8192b67feec'
 '035ba7cf-765b-4de2-8684-15d16c41ffa6'
 '05c77fe8-c04a-459a-a300-fc69d41a3bb8'
 '086dd777-6fa5-476b-9fe3-07fdb98760de'
 '093b4553-a80f-404d-a7a7-8d73cabaf5a7'
 '0d0a0763-ff42-4dab-ac24-7b24ebe59476'
 '11054f6c-1e5e-41c0-82e3-7ae2ec3595e4'
 '13e01d4c-2153-450b-99be-0862539f061b'
 '151a9ecf-bfe4-46c9-bc69-c0136998c40d'
 '180a059a-4065-4afc-92bb-ad041e2d666e'
 '18135c83-a430-46d8-a645-f223df851046'
 '185924ba-4e8f-4986-a60d-b64b39e26668'
 '1b95a696-6a7d-4619-9b88-e7ed94248884'
 '1d10b80f-1533-411b-9d54-4446c69e43e4'
 '1d81f585-38ca-4514-8d54-1db81bea98ed'
 '1dfa8e51-d619-4a0e-977d-1fadf8a15422'
 '1e79ecde-0dab-4d7f-88b9-992b81835333'
 '23d6e875-bd40-4443-8376-03bd543ad9e7'
 '25975ee2-13a6-4ef8-acd1-f214a6e47aa9'
 '31407fca-cc25-4b29-96d6-58404ba218ae'
 '324146d0-4a71-4c57-8440-3089ae5dd6d2'
 '377755a1-e6d4-42b1-ac31-4b2c0c967b50'
 '38b44eb6-c6ea-4d5c-8e5b-e7827e7b1e74'
 '3cc60b35-7ca9-4900-bc9e-a231101c4401'
 '3d4cd906-1ffd-49ff-ae86-622eb883bb33'
 '4641ce34-7a34-4fb0-ba01-9085eded0b34'
 '48cf838a-7af7-42f5-8d4a-6a13b61b103c'
 '4c10686c-3ea4-40f6-9856-2597ec3a4dd7'
 '4c833747-c443-4066-a0aa-700035decfcc'
 '4f5b673a-b607-4b9a-809f-aef0221ad507'
 '4fabd67b-3358-4605-aa5b-03179599a584'
 '517bc954-66b5-4947-ab1d-1ee84fc4e0e1'
 '52a038be-b471-4903-b01c-417c8e51e308'
 '547d4ca5-1f6f-419f-93bf-9084df694762'
 '566da769-9381-4ab4-a569-862b5fed8eab'
 '582d0716-76c0-43ff-b146-38d7218c71f0'
 '5a1ed9e6-63d0-4748-802c-f3b97bf55f0d'
 '5c473e37-c9dc-4ed2-881e-6cd36baa201c'
 '6314cdd7-cd0e-41e5-8a5e-315b9fbb91b3'
 '63e124b3-ecc8-4b25-b875-d9328989b993'
 '648ca632-4ef5-4482-aa31-eca62c321a4c'
 '64fd0bad-0c07-4d31-86f3-aa35627594c2'
 '6c3af0e9-e31a-4ff7-82ef-fcda6cd56c87'
 '6d45c519-5378-441a-8123-6b2aa51e4a2d'
 '7072837f-5bd8-494d-b887-c5814fcab2d8'
 '70c104e3-8c26-4954-bcf5-55aaefee0859'
 '745f23c4-a5a6-4749-b90b-10bf75be7fd4'
 '74809475-d9d6-4677-9eda-755232d2bc50'
 '75d0b2f4-1354-4243-b35f-900d0814be18'
 '7bc71077-1f96-40da-87f4-acad456e1202'
 '7c0bb987-83d1-48db-b8fd-64085f084f7a'
 '7e2195ae-f4d4-436a-8ebf-2d1b53335521'
 '8005c0e7-ac29-46dc-b1b2-d2a5212bcb54'
 '82c7850d-58dd-4d52-936b-a586e924a31e'
 '85132b6e-20be-4308-9e8a-ce4f7364c409'
 '86ec6ab1-e7a1-421f-a5cb-0a5be2790f9c'
 '8820522c-88ae-4cac-a90b-fa15d0ee9cb2'
 '885cf08c-9a88-4957-84db-24f48e7d0b8b'
 '8983a7e5-4b1d-4ba2-9075-3994a26621cc'
 '89abcd7c-8676-4249-8290-358666daa052'
 '8f3d340f-fe72-4933-a624-16df0da378ca'
 '90a30d1a-ea9b-4fb7-824a-35456f796aeb'
 '91e36bf6-70ce-46c3-97ac-f4bce6330541'
 '93fb0913-74ee-4ffc-9327-1d9992ca2691'
 '97a45719-8433-4045-b600-5943038e73a0'
 '989ab87a-6e2b-4e2b-97fd-35dfaacafb96'
 '99c4eb49-13b8-4de4-bd96-3186d5d8a9c5'
 '9d33f073-b746-4776-8d62-0d829c357a14'
 '9db72741-d219-4933-bce0-cce0092bab46'
 '9ffe2770-6bda-4d3a-a90d-85595ad7216d'
 'a01044cd-dcf1-481e-a93b-60730552ea9d'
 'a5ee835e-cc2a-454e-8a24-ff1445894d5a'
 'a6d2c0ad-4a48-4123-a05b-127935828573'
 'a6db51d1-9ff1-417b-a216-493563405669'
 'a832b3f4-08e4-4925-ab51-cd2d8c819ddf'
 'ad577335-efb0-4696-8792-174dca57b1b5'
 'af66245e-543e-4e29-b9c4-00630f48cd2e'
 'afa3d6e4-b2ba-4dfb-b68f-0277ee359d22'
 'b4432cee-baa9-4360-8af6-2499ef54b59f'
 'b8f87e06-ee6a-4901-893a-caebaa884ee3'
 'bac7755c-8b79-4d81-8485-3f20719c86dd'
 'beff55be-518b-4a3c-a1ae-13130b0df8d0'
 'c161615f-1731-4240-a9ec-01366b63d772'
 'c571d059-7149-4b93-aa02-ff923a80baf7'
 'c60ee5f6-f597-4811-b046-72e10de6a6ad'
 'c6311a30-34b4-47b9-8f11-2934eee0cb3f'
 'c7a0ab7b-b793-40da-84e9-b088be67a5d0'
 'cb6974d9-4ba8-4a4b-a3c0-7448c5f0d7ee'
 'cc8e2a85-dfb7-4819-9bf4-25598510bad7'
 'cfac0579-b0bb-40b1-923b-a0c974acef85'
 'd1c76f44-e7d5-4754-b9dd-c3c2194a2a85'
 'd2e79932-e494-48e1-9be2-d7407ce67f15'
 'd52dfcae-6a02-4649-ab73-5ef263d43445'
 'd5564635-1c28-4b76-bdcd-5aaf59729564'
 'd9250233-f030-4d38-9281-0357538f6f5b'
 'd97f0169-b584-4c0d-9dc0-a2f468da8c76'
 'dad5744b-efdd-43aa-bb4d-87fb06f29a25'
 'db46aac1-5021-4519-a9e0-c4a85c0997ed'
 'dbd96c5b-5cb1-4987-9ecb-bd217220d47f'
 'dd00c52f-8abd-411c-bb92-89b6cf9b2bca'
 'de7bb1ec-8306-45f9-a7c9-9c2132013678'
 'dfcf0108-83b5-4dc6-a0e6-2bfbfe7ea2bc'
 'e01c6ee5-edca-4115-b377-76f03d9a258c'
 'e1c92b99-2d02-4845-afc5-7c1cb1745dbe'
 'e5c0fb60-18f8-4a21-9e43-5c5bbe2529e3'
 'ec41ab6b-e635-4342-b1e3-eeb577a9aa35'
 'ee365471-3b4e-4c0a-a9e2-4510da36a2dd'
 'f1726677-c9d6-4619-bb15-4bb03e2830a1'
 'f212c6ab-6f23-471c-8fde-cd6809cdbcbc'
 'f2eadca1-369e-4279-bea0-f7fe7f492312'
 'f512baec-2d43-4088-b99f-a615ddabfc51'
 'f5623f8e-4557-4050-83ed-b6d97c570cc3'
 'f70f64f3-b3b8-4443-87fa-851c7302e2d9'
 'f8e32e5b-c101-4034-b850-2cdcc91d03f8'
 'ff4c20af-216f-4321-8196-880979c9b193']","['0054d8619570bb6c0efca76fc0b5d60b2020d45053f0043184d6db81d8b4175c11d3bf6bd1b762bf62da191305d36d6c9842c8a074e437af7b77352179be84b7'
 '00a0c1db6485e7cbac54a732052006a67c99da84f0e4ae3b0b5ef4c9c184759efc49103ab0655d3717b6119de694b25d045ac14ada547d3f5696cd69ad0fcb0b'
 '0652c8adae3332fa149aee4f026b39c62e7a17eb485b6a9171cfa2a1170cb9d5b4facc0b94b7e628e1be7e4b64b0226a483130d776edc7f2d1c5587a8aea09bf'
 '088f82ffaee5685f7330690f9ba754ac2b0833a2a86c352c8ed1168f836fdb9beeaf74ccd6bba5b719d18621ee6736e2316e82552594004c36faa302bd473491'
 '0fafd9b55eb7b58b6e2a380b575c0bec92746116b83066650a24cfb7503fcd69d88f54f0fb593b1a722d84077abfbec53717a54c0b5770687997a98ee5e08c23'
 '1c2d42cf24d5ef41eadbc348176fc20e538136d601d7796de053c8d108164282bc91e627d6fb591fd2b3c6605eec37ee0ee6a4acb7ae2873d039be0a367cabe9'
 '1d122b3bada9b702ba09aa102394d4359ead374a3c12e3bdc2a3dd991f3b8ddd94a81ade0f079f91bfb5c84ba3e384469b85a8db5d907c53216a4bd7168b5d3f'
 '238dd9495214c1f5dabc20718c46f30b60e954190220bd99189450cd340b3ae336482beca52b26e8653e82062dffe95c5d2a0e85373cc3f8dcef7e787492ee35'
 '25d7bc650344523cefcd81f736ee1cd038301dcfbc36aef334e74d4252cc55238d130d733c5fc85b61305d8099a447ce55a9cdaf031eb6825f17f417254cf314'
 '2653331ae1a0ba2677f7f7fede8c932f4b673f0e7e38b666bf8abe90cb1a55923a96232e869023bd456e3c3629127c57fc4c106fb80ebee74e25f5e088d36f51'
 '27669660dd2ef05fcd56fd9631f4b9b50b8b6797e69e1e92b945a1dad58714790f64a4bcac88c34640d5aaed32120d47e43547f248dd610ee6a0f16f02c0c9aa'
 '324e05cb98516ebf59b3f3abd2df7e50a2b035297a48a4083fbd34fd3c72c8d6b25f4e6dc2234b81b6a1d6ad73272dcb7501da75305ce73bde190f882d34b840'
 '429966d7586504f7a7c9894895d9865d20e58205e7251828ad0a425146fa7accab518524fd8e4f6f53daa7aa3308faec07f595c3731f2b72da760b733eb1beed'
 '571033fb76c267906f15ebc5bb424e0f22da46345f9e8d60796f1d2d96929a6859c3df74ee25d5709bc2e5f464a592d92b8f77bf57b9a0d0c1e941963385ad77'
 '6bdf20a260fc814f2114e7badc6fac840699fe4fe6403b9a965fbdc47e447ee13af61d9b5132d5419552f5bb19d67f581f04fc7fec0d731722794d6edf188d45'
 '7550c181997ab8ff64b5459fa3cf8edbc6b1104394351e2f88ebd8ef645e8380153cb5f442a090028936bb1746a8218cc5368baf8600f1f910ee280c1ea68d17'
 '78fd9b204da2b6ddd7a495c820a5d60bf223efd0038c19ba4f23595bcceb7023a7ae5004f5769dd4ddf103bc094fa30996c8e57f71ed174a0b91cfc9d29aba2c'
 '79037074f25246054dfe6498136b54c0df01452fd049cd956a4f9a9e4c77532c26008d4cf6308be9c579313d6ce60601c5cc6ca776fffcfd68434de296336aac'
 '824fa1d939d9f4365de203d19b45200969da44ea4f970f3976bff33840fbce6c3f6e083beb7a818d8a4931e3d62deee198ab5524f4accc431cbc98bf553962a7'
 '88308954a8d2d7586ca8cc75b1b11f9449934357376dc59c92ced6f46cf1845fa46e9148292d5c59387ef0e4995324fa9a855891a896a148c086de27d054fc7a'
 '8a5a6e187c668bb2f8331df659df42e1806867580ac766ba79bd9efeba8f788a99d6677d88162b703da1dfef9d27fc7aee00093a794541110dbfebcba1a298b0'
 '8af246d5d04738aa8c9599b12c878506030941cc6a5621f9adbbb8d98c1fb4880084e5c5284116edaf802611d683dee4a814ada069156187b3d41d3af28bf19c'
 '8f5751520c653eceb98d31d48f585edba62ef8e1a15de3b3d6838ecbe973a22911b26e5cf43c0492256626194ac47c09313525fab95f5bb1e1e024fa5a13370d'
 '940718a57f149467eeba3a2b796e9b3ba59e2fd07e8732249d3549c2e2c4f6dc2d0f638e328ee0e924716273f36322f64fbb63366848282d06b384a976104773'
 '96c1d632d42d78b15760ba4e1da4df401b53c363449c8289a6c5a8655253b6e3367dc93e0498869705de3a1078f9431e54990c712a7219ef6884c8a8885a035c'
 'a13cbfe31f44cd531f4537bae79d1abeaa9ad11b4da8df319a25c2f0d8899e5ab4519ba231129ec7e09f6ecadc0526ee9bbc2b7f4d9b71e67b88375a9cb53402'
 'ab880573e023cb66c0c136752d5e7ffccf0d4932be602d2e2448ad1fc7dce1cfb7fb5662f82d464e25e609ddd708ccdd5f4804c4c1a77efd91ebfe395094477b'
 'b702dc97591d4fd99e393160ffd9d400dae11ce24461a052ca46b18e565efb9d5c4899a4d3910ff3805503f5ec2f7cfb4c0d882b0fb4ad65273b9abe5b9d8ab3'
 'c7d1b4a4d6c1890a132c31e59180d731225566cf55ebabf81e05e51dc067c87990a977ce7b4870782038556add3f4a624eb29460e048396081cec193a59c7894'
 'caa24a7186ba46d267f4c153375d46218d52154d378553ff6c732c0f3c8c6453ce1501e3e04e8f0f7bd9265300b413e652f3adce375c8ee1ba81dfab387fa675'
 'cc09d1f4596f98345b4183088ac2458e5b0aff5531c7bba220023ccd01d156715d0223bc4b4a65304138bd7c8a98640a1ce1aa94bdfc8079a57959f1e6872eab'
 'cd9892f54ec3f204606907de9815a200574050279a304a29530b76950c98ba021f2a39bfbdf0ea7298fe624744e27a5ae2525305555e24065cf96aa150a9c5f7'
 'f2d956b3558601f0e70fdc3346118b9293d283043264f63f9cbcfff22c35753ec9c3813f6ce97ba179ab425243bf20419f3faea8377896065191a30feb4031f9'
 'f314d43b0a481cdfcb76b0052bb89c14cd5ccb4415cfbb161aed4a4ee2ddf6d350327a4063125f41fb51588cfdde6a22f75faec6eef9db845ed2cd4fb880cc15'
 'f4b073c881c4fcb05727ee79708bd9cfbb6d3e83237cf1b85e3187dcab07280875c52e63328b7611bc065541e3dd44f41cde68660eeacbdab3bdbfebb4ff5fa2']",2026-03-10,78
d9917a8a-d9d6-4e52-ae1f-9dcd1b8ed10e,4,4,0,-1,[],Community 4,"['bc982d36-8bdf-46ec-80e7-a0952da1e7bf'
 '3862c615-2614-4807-99c5-a2e06383baaa'
 '982ee36f-1c63-4655-bdfd-f9493e92df8e'
 '82d1bc66-2124-4b73-ae85-e3827601b929'
 '2f181ce8-2cc2-4c00-aeb2-7b5b4f5c227f'
 'e3a5d4f4-be8a-4ae2-a495-c9db25e6110c']","['038ba8c6-ab52-46c9-ac5b-cea84e19fe67'
 '2527e1ba-58c1-4ac8-97b4-0773d58a0cc8'
 'b15dde4b-2e42-4fb9-af45-9a34f16ed88a'
 'bef3f704-ebc6-48b3-98ec-623eb887ddfa'
 'f08744d7-4513-4e67-b74d-3fd1d0793821']",['0650d0c8c3f5e03cf26806a290edc43d1f0f07659dd60f808dc21f25e3e5cc2529288c75b03249a611ddf21e2525dd307db2b8b54818427b0be5e9aa902a4431'],2026-03-10,6
a62b4ac3-02ef-4539-890a-8c3ae2e55b90,5,5,0,-1,[57 58],Community 5,"['156c9098-3ec1-4d85-8eb9-709a533cb410'
 'f358c2cb-a95d-44ba-a619-52e284a1d7a5'
 '41f7cb35-ad95-4782-b431-87a455dba89e'
 'cb8908cd-1338-4af6-a4a5-d80dd745eeab'
 '7cdc4baf-1688-4b5c-bf35-7db16295d1e2'
 '4ec719e6-20e3-4c4a-a8b3-bba27866d6c0'
 '491fe218-8df0-4553-b4b7-be71ef2348a8'
 'f254997e-2e24-4ddb-ada2-d67f15fc28ae'
 '3a4d3391-a9df-4486-9ddb-956db27597a9'
 'a8ee3bb8-346f-4a30-892f-a32bcdc119e9'
 '8d023b8d-e703-404f-a449-c9dba7e3b6b6']","['28b54489-4a20-4038-bc05-dd6e17923255'
 '435898b0-5e02-4ac9-9056-4231b58dab6d'
 '4ecac5c8-fb15-476e-841b-fa0800a14572'
 '7785ba3c-2f41-4967-a445-e875ff53df3a'
 '969f9dae-688c-4934-b450-e72e92ba320a'
 'b598bfae-8994-4524-9b71-e892b98d92b2'
 'ba266b29-45e3-48fe-ba9c-15c12722c879'
 'cdb1973e-bc76-4220-b693-9e5548407c68'
 'd68281ad-01ff-4399-bde3-0e47f25be804'
 'e641c357-fcff-430d-bdc5-8e1bb6ba7b5e']","['27669660dd2ef05fcd56fd9631f4b9b50b8b6797e69e1e92b945a1dad58714790f64a4bcac88c34640d5aaed32120d47e43547f248dd610ee6a0f16f02c0c9aa'
 '6bdf20a260fc814f2114e7badc6fac840699fe4fe6403b9a965fbdc47e447ee13af61d9b5132d5419552f5bb19d67f581f04fc7fec0d731722794d6edf188d45'
 'f2d956b3558601f0e70fdc3346118b9293d283043264f63f9cbcfff22c35753ec9c3813f6ce97ba179ab425243bf20419f3faea8377896065191a30feb4031f9']",2026-03-10,11
56ba09cd-ddf3-497b-84b7-74c59196d3af,6,6,0,-1,[59 60 61 62 63],Community 6,"['dbcb2867-127c-4f2a-9d54-58ec6188ab35'
 '7581c677-da32-426c-bdd3-58934d6317b8'
 '76ad7c36-db5b-44b1-b261-e9673b2d1389'
 'f0fa8190-af85-4772-843a-db49d9a14b13'
 'ceff41ad-21ee-4ce7-a426-8307c8e4fb64'
 'aa6a2b04-6f9d-473c-bc21-b77ec33692bd'
 'ca2880cb-291b-4a6c-afda-ea32ecaf3e5d'
 'e4692399-7eb4-4f42-9219-58fec44538d7'
 '36bd0d33-d277-4f54-b68c-24f1d5a2efbf'
 '64386233-6493-4928-bcd9-b7192fe96dde'
 '333d8555-e4da-4b52-a294-7e7129ccd31c'
 '2f59e73c-58e9-46d1-9107-f12cdc428410'
 '5145a6db-710e-4c5c-b97d-50967b3c6861'
 '5e18a760-5668-470e-aa2f-fa70a1850b86'
 '32715d6a-94e6-40d3-b77f-911c19cd6ca3'
 'bffa6943-645f-4df8-ac8b-a68f399e5818'
 'd744b77c-233f-4e45-9df9-71d4c157c3e7'
 '6651316d-fa46-47e4-80fb-bf6121762efa'
 '48b4606f-1835-4a29-aefe-c921172d8fbf'
 '8c8591e0-19f2-42a2-9d0a-f9c08363efd0'
 '924c9b67-bc15-459c-aa49-e730c485a95d'
 '3708f2f0-0ed3-4e00-9dec-cc48c5ec26e5'
 '5284da9b-d843-4ea8-a376-b59d70874592'
 '5fe9f2b3-aa0a-4ede-bf1f-13bd030922c5']","['091db4f5-799f-4112-af80-cdd51e1a65d3'
 '0fd75dbc-b5b7-46c6-b3a3-96b42559d6eb'
 '25887d78-4802-41a6-a3f5-dd7438bab8c6'
 '2a492302-bc75-4dd6-96af-68713d006888'
 '33527017-0490-4c1e-8d41-86467ecabe11'
 '3fc8a153-592b-4a54-a933-6e0a48504cde'
 '4be71ab4-ddbe-4e2c-b859-ff181c50d39d'
 '590c5c5c-8500-4604-ad87-59ef40bf1657'
 '5a6b9837-6d19-443b-91ed-e80ac31a00eb'
 '634f0b6e-951d-4192-a5b6-78fcfcd40124'
 '6fa45788-3419-4210-afb0-dfa3a5701649'
 '72a0e65f-d3ac-4dd0-8576-a3ab0487357d'
 '7430f7c2-c317-4737-82d7-6103a2f3a8bb'
 '8bc0b2e4-453a-413a-ac7a-6b97540a505f'
 '9f158580-6a65-4091-9bd4-629a8f096ed0'
 'a95e29e5-578d-4fd3-98b2-9b736c744504'
 'af56e159-8a9e-4347-9b29-60b717b8c140'
 'b7185f6a-6789-454c-9266-ab4e353d77c9'
 'b8a27fb8-8f0b-4ab6-b2f7-78c0ed2b6c1c'
 'b9efd52c-89a8-4f1f-a32f-1a2e5361ed03'
 'bcd497e0-4a24-4650-9306-bdab7ea7f9f9'
 'be45003e-4b58-4bfd-896b-53dd00ee4cd9'
 'cf9c5441-c6e3-469f-841b-3b56020f01b9'
 'ee38de0c-d6a5-4c3d-8016-67bb6cb7db20'
 'f29dbb7f-ff6a-4be3-9802-4968f43f2085']","['1c2d42cf24d5ef41eadbc348176fc20e538136d601d7796de053c8d108164282bc91e627d6fb591fd2b3c6605eec37ee0ee6a4acb7ae2873d039be0a367cabe9'
 '238dd9495214c1f5dabc20718c46f30b60e954190220bd99189450cd340b3ae336482beca52b26e8653e82062dffe95c5d2a0e85373cc3f8dcef7e787492ee35'
 'a4d0b08467ce73e94c8ae21cbf1d5c9de2b28eb2b11f0d9600ba696f7deecf4bbb8dcc953f2c41adbc6ecd52451ed70a2ae271b631839da06fe4efc61527bdad'
 'a7b9f4293708ad1fe7cc43e307725bc7b8f026a699a69216fb1c6d3ace1508b33ebf3ac19290f66771cc4d87a263678906390389a02d2a9564a8027672cb155a'
 'ae72d6ebaf15a28ac158b0ade21068081bed983cb819edad66b5fb9cc8130f0fa185f0cf57c6f8c4f2e945441602efc569ad85e1e2dfaddafc8a6a80939b5a64'
 'cd9892f54ec3f204606907de9815a200574050279a304a29530b76950c98ba021f2a39bfbdf0ea7298fe624744e27a5ae2525305555e24065cf96aa150a9c5f7'
 'f314d43b0a481cdfcb76b0052bb89c14cd5ccb4415cfbb161aed4a4ee2ddf6d350327a4063125f41fb51588cfdde6a22f75faec6eef9db845ed2cd4fb880cc15'
 'f774ecc5ad11c6218cf9a5fa3956561dae8d217b440ba4206959b9b5c33aeca048a105c46772bb22452034ff8e2ac6545387df78983c45e384ec2b379e14652f']",2026-03-10,24
7f4251f3-141d-4303-8a04-f5c0b051346e,7,7,0,-1,[64 65 66 67 68 69 70],Community 7,"['74dd9b32-c3ea-4d0e-8dd0-76932b737583'
 'c514bd28-682f-421b-adfe-90a509606492'
 '3d89cad9-e294-4680-9d0b-0ad09e28ce65'
 '49447b96-f34d-4c8b-b5f0-67fb2d2a687f'
 'd262aeb9-b731-4120-9a04-1171d194d8b4'
 '52a27b22-b7b4-4966-9cd2-52c9e357f1f4'
 '0597df2a-82e0-4817-8555-5a161c5f328e'
 '786aee20-368c-47af-a372-405ce47433b1'
 '9652603a-8fc6-405f-ab72-db639dd42c9d'
 '9fce3bdb-2664-44e9-93aa-4ecd2bcd6b48'
 '0f70279f-773a-4497-aaa6-2b0dc542b908'
 '2e93eb43-b70c-4e1d-9ca9-95c84112cb45'
 '1ca1ef63-ced8-47cc-a49d-b0f24af994b4'
 '1db79f12-1a98-49e7-a434-d1014d4b2855'
 '22d225b1-76ff-426f-947a-ff0ac592f5e5'
 'aca72720-5173-4cc6-82d3-203e632c4f0a'
 'ea48d82c-0085-43b3-8e92-10d31da66617'
 '79a2352a-139c-4a7c-861a-c7cd8940e7b7'
 '738eb7c6-01a4-4be8-9d9d-ce776e1d05f5'
 'f3eb32df-f80a-40c2-96af-f4905808eb17'
 '1722e996-4344-492e-8a9a-f5a3679c0b9d'
 'a42b323f-9a61-465a-95aa-3329ac813c87'
 'a656925e-4f69-495f-b46d-cb5c496e940c'
 'de2353b2-9db4-4812-bcb5-5f5cb80786f9'
 'b6ae97f6-8c02-4ea4-ada3-50dc2cd2a96c'
 '254a579b-29d8-4d11-b485-4f1869a72115'
 'e658dc88-621c-4d49-a8b7-149933ec7659'
 '1677bc62-4c3e-47f1-9893-f97d65c02ff7'
 '8768664f-69c9-45a9-b89f-cdb6a39ea906'
 '219fc907-93fc-448e-bfd9-ec33137b2dd5'
 'dfae3fd9-cac4-4f98-8ecf-7c3c5b591b40'
 '1bad882a-f99d-402a-89dd-54862c47c42f'
 '86d5a8af-b4b8-49d1-b416-63fbbabb599e'
 '318ddcad-6d8d-40cd-855c-4f8acd163f90'
 '95d2f906-c4b0-4cbb-9f6e-843dbc5a5438'
 '1511e19f-7039-4ba1-8926-3126d97784db'
 '93d0075b-d3ab-4f54-9584-b27bf4f7f1b6'
 '001efd51-8655-4a46-9117-f0b6de41c99c'
 'd96e68c1-6302-40f9-9eab-c30ce0c67394']","['03fcef3e-ef03-4ba0-9618-a44577ddfa81'
 '08e3a8b9-8830-4fe5-8bcb-04f8fd76dfe7'
 '0c091db7-c3d3-4bb7-8e2a-22455c81dbdc'
 '0cf15bd3-091d-4cfb-ae86-1e669443bffd'
 '32f5535c-f9be-4b89-bc7a-a2c3d8fa2a34'
 '3f999d7b-0bc2-49e6-9634-6f677bd6e142'
 '437a0361-bdab-41a4-a16e-d904ac217b31'
 '466179d3-97f7-46f8-b4f0-246e8dfe2b84'
 '49aed929-2d51-4b25-aaa2-a87f10f30565'
 '4e56de71-3fa0-4ebb-b5bf-6540eddec680'
 '51b45072-5e6e-4b31-bb79-5b0e69feb585'
 '52dc0a64-0f3f-444d-a43b-501f20a23032'
 '598dd15b-4ca3-4ef1-8511-8a162f275ca2'
 '59d3666e-9dab-44db-a37c-e053dd0775c1'
 '61c0aaa3-2440-4323-912e-a2f00d23d500'
 '6a26b586-d788-47b7-8c94-1dbb0b014013'
 '701245e3-533a-4332-b924-aee5b85e42fb'
 '738b00f9-8474-4848-93a2-07acd6f774ee'
 '7f49c22a-feee-4e79-897f-a8d52dac4a1c'
 '8045aac9-33a9-4492-8384-9544ac17ffb7'
 '82cba27d-f8ff-4c6d-87de-c294998fdc2c'
 '87a6e8f5-1342-4acd-96f5-63872309bb3a'
 '8db98057-437d-4e45-b654-a2e7da45c80e'
 '9471570a-5387-4285-93ea-808317045892'
 '9bc28940-e7d9-4a7d-9b7a-390935ec74ae'
 '9c01ee60-88df-46fa-bf2b-212ff3a88207'
 'a2931329-dc5a-4276-be1d-2e9e93f661bd'
 'a5b2cd40-c3d4-4953-9bb5-ad402f01c906'
 'aaa9777b-dacd-4ed6-8d00-e1a82fff627d'
 'ad3f2c56-432b-4dc0-ae0b-912da56d29da'
 'ae4e8483-ade7-49df-a2c8-45eb25cf25f3'
 'b894659e-54bd-440a-bb55-14ab46d4c46b'
 'bdbef56e-830d-406e-8e03-392be3e5e11a'
 'bffbe131-d155-407d-a5b7-f9a5d8cec20b'
 'c4af0cdd-44ec-459e-bb45-0ebb3eaf2859'
 'c643a39b-86ee-44eb-9ee0-56f777ebf366'
 'c9c90aed-253b-4f00-ba95-af613cb46edc'
 'c9fb03d9-33aa-408c-83bd-1df9b27213c1'
 'db2666fe-91f1-4b32-b4b3-0330f3aa3643'
 'e34065fd-c523-4b8d-a235-5f1cb8018be8'
 'e9c799c5-de2d-4541-9304-761b4fc86f2a'
 'f76ea26c-fcc0-4267-9b72-32e3316f3f7a'
 'fb2154d4-af7a-4044-b038-7c55964166c4'
 'ff937259-ca62-4296-9b4d-a7fdbd778bd0']","['00f6ae08bfe86a45fb0a5b9bb0c1af4689dc9a8bf3e904dafc085247d4891d45662af08314d8f37937a0c4846545bd0e0f2b558d3b42b0faee320aca0426b1c1'
 '13046f9064048acb39bcef50de6cf0c45d5b418de024f3e1704a61780c983d0d4838faa851858ce6c44a7a1a9bcfad91edd28813f168eab1f4c032b560f040a9'
 '148bb5ee1d2a73e26a81fe913e4da61f1347f1bc2dd855a432013c63e266eed6d08d8d2527f8195020d488dedebf886e6ad42aeaaf088b7a0af40376a96f29b8'
 '1ccf332050600409e1dbad13f94decee6940b9ec6f239effa49e9882fee6b553bdb6971bc000ce21309afaf6181ca56fa60f8272bf2855fc6b7ab8e99cfd6e92'
 '1ffe2d0bab187b0df1646a43533f007cf04968951108797f8a2079c7447cfe2c500113a87e98099ae88711680e4cdef578cde98d34f527406a6338fa908e5f3c'
 '2653331ae1a0ba2677f7f7fede8c932f4b673f0e7e38b666bf8abe90cb1a55923a96232e869023bd456e3c3629127c57fc4c106fb80ebee74e25f5e088d36f51'
 '2b384656525832ccf7fcb18f887bf305fc02cd19bd9bfe73ae028b4951f90e37b7e146e308f4a4dc93e2357ad0ed8dc0ae39d88e9ee8e463302ad37ab1e6a1ad'
 '324e05cb98516ebf59b3f3abd2df7e50a2b035297a48a4083fbd34fd3c72c8d6b25f4e6dc2234b81b6a1d6ad73272dcb7501da75305ce73bde190f882d34b840'
 '3e5a7823f367d808b075c927a048ad6aec7571837c239a9d1fdebd622603d83e1f69c942f132152574d012035cbb0e3340e4f8d663f52d4f541fe94813aecfa5'
 '83cd69793a48e458eea070d74fb1a7edcb3f4cc252aa7bbc4dc37dc197a720cb83155cf35853fc6670ca22fb08f452b6d0e61c3c678484b41ab914efab295ef8'
 '96c1d632d42d78b15760ba4e1da4df401b53c363449c8289a6c5a8655253b6e3367dc93e0498869705de3a1078f9431e54990c712a7219ef6884c8a8885a035c'
 '9daf9a40f3978b6617c838da6bca869b94a8d202732ffb806d60818b751dad18a64af66c51716e1c9da30eeac0fdf7c9d3aed891a129d070eaeb744bc4fecbbb'
 'ac816b54ac70f1e2697a0fc2cc646c6a9319c8b2da14228b3ac6b76a0dd992ee5c7cee7e7986e8ab08a9d457617b74a833be81924604ec8d1c29d35b02f46926'
 'aed057aba2e0b48680fd5107a000a96f330cea037e1f30cf8359ed248fdb5ab53f12a6ea4132359db4c88dfdb0114262e9efd16d750fd50d140c53c36fb35915'
 'cc09d1f4596f98345b4183088ac2458e5b0aff5531c7bba220023ccd01d156715d0223bc4b4a65304138bd7c8a98640a1ce1aa94bdfc8079a57959f1e6872eab']",2026-03-10,39
acbca51e-91b8-4922-98f7-df6d97462d9d,8,8,0,-1,[],Community 8,"['e14d7fc9-1a54-4ea1-b606-5fde07ba6ce2'
 '714e16e1-a03c-4079-9843-6b9f00a51ada'
 'd1e57fb7-1134-42d1-918a-173fd2a3ecde']","['9ca2b1a9-0701-4c84-849f-9df58f96edd7'
 '9d503d25-6b71-49b4-ab92-ef008ea657ce']",['0de3c81ea080361763a263dbd5e9dd2dc059c9c9636b275d80daa9a533b6e7f0b6976102a24bff16afaeeb92af067b86386abf213cdbeeff7fce6f423d4ff6f1'],2026-03-10,3
3b7eec2f-5b36-4889-91dd-d3a3382fe031,9,9,0,-1,[],Community 9,"['d0439b8d-f332-46b5-aa58-44144d55b2d5'
 '05d8f840-f40f-43f5-ae21-8fb4b373a125'
 'bec9e12f-7687-42c9-87d9-6a84c50320c8']","['5e6b75ff-5f67-4339-b730-10163d585100'
 '622e1457-bb22-427b-8d32-207ea847df07']",['7d98ba8f9de7b614e73262910d8b5dcb17fcf4bd92d49748d70d608417585ea50b1b33e4928bccf741cb255a7f4b71ceedb7faa836017fea4ae46041700f519c'],2026-03-10,3
64e199fb-1953-42b4-a09b-64651ff0defe,10,10,0,-1,[71 72 73 74 75 76 77],Community 10,"['0af458c1-546d-4521-aa4d-0c10d332f516'
 '8bf31f1e-6f6d-4997-bdfe-6eca11ea7e34'
 'b76fa07f-fadb-4fa1-9dd0-b4bdd33a0bc4'
 '5c6679b3-1cdb-4472-9916-e64f3733bb65'
 'd349914d-0f51-4ed7-80fd-65302ae7da85'
 'bd6404ad-3a12-4692-95dc-608ebb7b19e8'
 '47ee5581-77f0-490e-a24f-812c4f84e8e7'
 '34b64f0e-d5c6-45dd-af94-7b86731a7856'
 '2204a97f-dc1e-4a8c-af51-3898e309d8b3'
 '367a7ab0-84bb-4b7c-b1db-c9ca0fd09ef4'
 '89065fa7-3b95-429a-bd6d-db6c88f02b6b'
 '76b98fc1-2173-4e5d-a38a-82822c1b604d'
 'a1082c9d-12b6-4d60-88db-0d54585334a0'
 '5dace1db-1308-4039-8da9-a81d3d406be6'
 '98ec52ca-784e-42f4-9529-5d481d4c7cee'
 '2c5bd976-4c2d-47ae-87cd-5ea252480a1a'
 'db69394c-fa38-4044-ad53-b6345c8a5c80'
 '582f8dfd-11e1-4350-a4d6-5967c35acbed'
 '50f3d792-ed30-42d8-b676-66858721f4a3'
 '1965c27c-4c51-42f0-ab0f-cbd8326e0157'
 '93b20095-c3af-4a68-95e8-90bf293bf0e1'
 'fbf00893-e9c4-49ed-b902-95698a605c93'
 '96fd2ffd-890a-4497-b945-96d77f4c5cf4'
 'db1b5d1e-02d2-4769-bf23-4511fe950991'
 'a7a4ecee-6075-4de3-8f88-32305afa1973'
 '961dfd76-6045-4246-a56f-5a8522852cf0'
 '9a66766d-3387-4d4c-a84a-9e583cc11c29'
 'e9c083f2-e9e0-4880-8efd-9c66596e7e50'
 '29d5471d-fa64-438d-b505-29633fa17c54'
 '375802ea-ad28-419e-ae28-2fadc9bbd738'
 '944a7a8a-6aa6-48c0-8cc5-c5b9b5f8f3f1'
 'ce3301a6-372f-4826-9256-5f84bc0f0ee3'
 'e1ded11d-5946-461b-a467-939b81a9868c'
 '044c953e-02d9-4bfa-af73-a383f6fc23d9'
 'caf4bf25-058f-4e7d-9d35-a4363ade3500'
 '5662f94a-65d4-42de-853a-d2731f3b145c'
 'dc1f9ca6-cd9e-4f65-b844-dca9c5dfbf1a'
 '5efeba12-c9a8-4fa7-9609-fdd0de223be6'
 '0b40f570-d498-4de3-852f-5c4a966911e8'
 '69dc119f-2abc-4cc9-acca-d6760957b673'
 '30dd8a3b-ce1c-4ffb-ba91-4af7652fe656'
 'c90b9e90-02a0-4f4c-b8bf-9241e0bf4f7b'
 '42f6de3e-9df6-4616-87f8-1ce0d6e5989f'
 'ab05108d-27ad-42ae-a18b-a9145932f2fb'
 '43c3025a-2450-4582-8d32-0a5f9fe12a6c'
 '24ff9078-2512-4055-a4c1-83b37a3d0d20'
 '7e7091d0-0da1-403b-a05c-a2e24585313b'
 'b17ab35b-cb90-4ced-bc82-71e97d3b68d7'
 'b8787c75-957e-45d2-b13a-bfef8b0c51ff'
 '05725ab2-11c5-43e1-b704-707a0def6e5d'
 '52853bc1-b2d2-423d-b174-02b648ab4d33'
 '32d81a00-7bd5-423e-9add-3e2c858c8c3f'
 '11bed0f3-05f6-441f-b689-d85228f8ef64'
 'c21f5146-5f36-48eb-991b-fcd9c9644fc0'
 'ca8be6e2-f097-45e2-b76a-f7d76a388549'
 'ec35836b-291e-40a2-9035-f5aa027d0f30'
 'aea0d27b-b2ad-4061-a742-97e1137ba3e9'
 'b78ea202-fe0c-4d85-8d5a-926bd86c0d2c'
 '36553b78-5490-48f9-a20a-2ea121a565b3'
 '17dade78-fc02-473c-b1cd-00d19e9cce65'
 '2119ab92-abac-4eec-9fd1-dab42035cdd0'
 'ec06c047-3449-4fee-bc38-8d4372d9d56a'
 '3da05786-9dc7-482f-a456-606f4b518c17'
 '70fc8486-dc74-4a3a-abe5-91b77db649e6'
 'b14cee00-43b1-4b75-a4dd-97ab1e4243f2'
 '0c137c1d-2b27-4c64-a1c8-d9b69b972181'
 'f8465c8f-5409-4f04-b626-f238aa8427df'
 '9caa21b1-1371-4062-a7e0-acf69405c179'
 'be56a53f-3da1-41a1-ba8f-b994ba445e40']","['02bbf798-3a55-4d04-82dd-12e82b7495cf'
 '10ed95a0-bcf1-4fe0-a2ca-fbbe456be51a'
 '1359f8e9-f05b-4e34-af03-8e759153f32d'
 '148f9c77-8077-404c-bb9d-ef4d0a3273e2'
 '15ebe7f5-f903-4a7a-a27d-af139b3377ef'
 '19682d0f-00bd-4a12-a4f2-7541e525c99d'
 '1c78e8ec-4dcc-4a04-a17b-10a280e6eebd'
 '28d213dc-28d9-4fc0-bf5e-508a6eb7a0ab'
 '349a02bb-51c0-49d8-89d4-f0adaff24493'
 '36185a7b-d2f9-40b0-b7e3-a3b5c6e48e17'
 '3d833cdb-4f08-423a-907e-0ed162e8d3e5'
 '41f6350f-cf68-4e0c-88d8-1c384beecfd9'
 '44dfd012-1132-4d3b-a3c6-274abc51fce8'
 '4502af08-d6f1-42e9-8572-31db04fdabb1'
 '47eedfef-0c36-405e-a8de-5c41837df126'
 '4addff17-fc49-4761-a990-4c01c21783a1'
 '4dcccceb-6a52-4195-856d-5416ede58e51'
 '54d56352-278d-469f-a7eb-79aafe8c3a52'
 '566a211e-7d23-40c0-a4b5-3de9bfa4c2f4'
 '59c99168-05d6-4c64-92e4-1e189fe8b19d'
 '5f37e784-0146-42c7-9e18-ff9f945bbf80'
 '667d7a0a-ff96-43d4-ae52-187a11e9f04a'
 '68a10f10-889d-41de-b1f0-e6a2791f4378'
 '69df1d0b-8636-49e4-b160-cd46d3fe3cc1'
 '6b6631b0-81c8-42b9-a467-0122e876ad3c'
 '722b4a01-773a-430f-8c9c-fb805e9b526a'
 '745d1aa1-b934-4c33-9219-88c885aa7388'
 '7563cb9e-3814-49e4-9371-4ed68e27f287'
 '75af184b-e9c5-4a6a-bbac-0898c434e17b'
 '7b0512b5-268d-4fed-a894-bb2b044e70f8'
 '7e5ec8ab-e29b-4725-a07c-337033e90ea9'
 '85f3f96b-2dbf-4ca2-ad80-65cc2ac7c68f'
 '8b33dfa0-02da-4d9e-a21c-31b0d21f5612'
 '8ca5a60f-15b9-4f1e-a7dd-faf9dda65407'
 '8ff9b626-63a6-4713-bfd4-c86a0e03c147'
 '922dfe83-4541-4e59-ac05-eba9b8fd3404'
 '9230b565-6bc6-40ce-8e17-0ab0f867c2f1'
 '9579c62b-cb98-48fd-9c61-9289ae7306ba'
 '95946170-195f-4d75-a519-3745fecb9170'
 '99cfdc63-46f4-439c-bf84-823e640a23fa'
 '9a8440dd-605b-42ea-80da-1fb20b341d93'
 '9b94ee51-14e4-42c1-a40b-812ef4d62ec6'
 '9f50ff22-7bb5-4c7e-9d6b-5b1a2cb4fe07'
 'a056c807-28ee-487a-aa7a-c51c6010040c'
 'a5df681a-899f-4a06-88f4-a8a17d150fbb'
 'a8b75491-86b2-49ad-917b-2ae52a878152'
 'ae568a09-f351-4de2-8b09-78c6bf2a7373'
 'aef06ab0-ea8a-460c-b4c3-ad569ff89fc1'
 'aef329be-50e4-4671-9c55-9ffd7b2eb3d3'
 'aef3c133-2aaa-4de3-b84e-487653d3a7f3'
 'af7c0736-6ca8-491b-88f7-9f8bec436252'
 'b0c63e89-8a3e-4b8e-bcc2-cd9db1ec8bc2'
 'b6c97713-455c-42ed-add6-541890d53e11'
 'b8d96aab-c9a5-4a7b-b5f0-9efac0749896'
 'bae8ddc7-d9ff-4dc6-8a47-039e2af2a7e3'
 'c3c689ae-b083-4af0-a83d-1492449be219'
 'c5695aa7-8b17-4ce6-aa09-8df7678091d4'
 'c5d4b463-33b0-415b-9188-c29986f4f44f'
 'c772fb72-f697-4182-8a8a-92db9e0ff924'
 'c861e158-c833-487d-8567-417c62138059'
 'ccf5e7f9-8fb7-4114-97db-6ab542992016'
 'd0e70b21-fc74-421f-ae31-ee1a0cf6665a'
 'd1191236-164a-42ad-8c37-4c0c546133f4'
 'd1b33f2d-34d4-4e55-a839-cd1881df2d00'
 'd466f22e-b1a8-49cc-a981-00768a2358fa'
 'd5e80b24-0d17-49e7-9cf7-ae2d46e7438c'
 'd7865754-1893-416a-9c31-4a9d8f5e040a'
 'd86bef35-fffa-4c6a-87b0-294c1f1cc744'
 'ddf9014f-43a3-41d2-9e79-4a7ca03aca9e'
 'df50c4b7-3bc2-436f-9776-a8a85b07f0b8'
 'e1772ae2-002e-4fd0-a9d3-3159cf6cc12b'
 'e1ee2718-bdbc-4a46-b3b1-41250c458a6b'
 'e46e8eaf-46f2-402a-9034-98a34362d6bd'
 'eb45d1a1-f5ba-4c2e-bb59-28b7e99e47ac'
 'ecee9e5d-05a1-41df-ab1a-bfbcf59d7869'
 'f56e0804-04e3-4bd2-9dd9-7a97d61d61ff'
 'fb6dbb92-4838-46ac-89b2-f3481e2f7a1d'
 'fb78e7e5-7bfd-4e47-9a55-4c5628b8a7cb'
 'fcbda9b4-2da8-4b2d-82be-8e713d87c2fb']","['2a0528c8f8b52425c8c872881f9412e49c101f4982214219a4852e9c1521d4f974fee7f34f2461035e022fd1df0e1c58b401f62b0f21f74b407c6ebe0f154b09'
 '37233ebbd9a0ab3121dd8fc0f8be180adc5ad2f3ec22fb332b5c77f01727238ab35e42dc12015ec6693199d7b5a8086b0b0be8a86a6328cc3cdafd203b47b8bc'
 '47066b15663ea34cc43585a09130258396ec4e892d39c73eeec6b99d49c76b257e519b1b8d2b9e7a5dc034f22f83032b2fb861961d7324c7a8ded0d8c166340b'
 '50d1c7e638ca19a922d126dec12c28b309c85b6a085003d8343bf3fef2c2a95b525ec6b505256f162cd371172105cf09ce70fd9e682737b0928665a3ce4fefba'
 '5794824afca3edfdf4cee62d1ecb6d0720c6d45791a7ab1a2838edd9839fc106ecfec6159260a762cf29b034e2cc5d953936494e21b58063d478d8ca0d62ab5d'
 '62a47466ff3c57929d09f449a143d719d9e0c4c33a2338743752150ae1e4c2957880bdc8f4c0677380e65e1a18195cf13f183e5aaab54e3c84a17c22537c9d03'
 '63286bc2c1827c7921ad240ed2a41b972e49fefb633e048635024a3802f323e24911c04ed0ca4f7bd9ee2873b350efcbd2af2890685ee588e8bfeff4201e7f65'
 '7b0b3aa232852d08c5aae4ccbbf14de6ed625a6c5c6823a63374cccb0f39820f8b5deb79232a036b2667ebb83607b0a1692ed4489d44c7482652493abef9e5c9'
 '7db5c32600733a398f19d5db7f758b35acb7ab27e42f39ba32bfc9c1b0d1b83bc400edfe9a350aa204aac4bd8d6a6f5bab5df53f184f82303c7ae03e8d543735'
 '84bb36ef3d6b6232eefe28bd2f35c5e76f82efd0e33392a3f6165314d4ca42fcbc7024fe7d85fd609cfe3a1079b8a552b5e898ae68e387458608b1f798f2a723'
 '954bc1dabb9bc3c5ef5fb2f5e2db276af0a7af750bb5bdbe01e55f968f26259007c607a0cfa9b4420e6a21ae10c9e1d3050046692df3ef4db285d81fdbbd647a'
 'a56bee9377eba6d7474dd83c4f8af5ab2fa8e598cd9c957d8b5a3a2396659d085e44fd79906608cf9e8c0a0ff39a36438eece3b930779ebcbc9d16f0610285c3'
 'a578bb266eac8d475af4234e82a3d5822a74c7a1eac09c058832af07f532741e5303dd74c29ad9d64b013551a85430b1ae83740e258f3b562bfd005164de4799'
 'a6748c5bef22b0a1946c77f4e75613e2adf89dc648556abd7f1b05625d12e81ff2be63174a924b425c0185b2092dc42ff6187d856c8b3a212b9dd5b724ffd8c2'
 'b5e21a4c85cea498ca4f2a93e76fa864cef4ce70ed6bc58abd9cc3e64700f8ee2407f3466070b4da225fbe4c13e1ec3f844eec7a45437d91581426bfeabe8f71'
 'b702dc97591d4fd99e393160ffd9d400dae11ce24461a052ca46b18e565efb9d5c4899a4d3910ff3805503f5ec2f7cfb4c0d882b0fb4ad65273b9abe5b9d8ab3'
 'b7c0c77b69c85f2ee8a5a970b872191009c317829a2677878f23b533131b17134c3eebe9906cad71163f8025abd5218b734cc9d7f389f2507e73ab2893d744b5'
 'c1f0b268d16bd9a2122aa50d1141b86c295b96e1432d5c5920df95248db6ded2d51fe9f952e98299ce31b8342be73e89c2afe113d207461dde9522a70a69d0fd'
 'c2031564b2d99daca2b5e349850ba0ba86764393067e0bc3c11ae4ef38757e18e509b367c36da2449af5b154da283005bbf3932e84d351c1c6a1f23eeeef7a73'
 'd61f5232094823d26583f1168c439560f870442eec73950bcf0d8ec15aed82952568ba5f98068487e2b1abee0d996f34019e0193ff56ecdee1c3614e88f32335'
 'e4056f055bbaf959e57db1fc7c82b514dc7800f1a9498c7e59bfe3138701f0cc01cb037f95c158a5670aef2d14fbc7d1e0c99943b6379c01e3dd5ee4964a943e'
 'e5dc0d2cc9921693b6b316f706d7c59cc332658169975c9d597d6d80f931d4d14f7db07444fa3a9c31471b9c4711157eeb16b7946beaba60ca84179147cf711d'
 'f119edc2c8b95b9f7596cb0cdb8eaa905d73bda1a2507e58603533a2bf7f41e027f1ccf9a1b71934b45700f81b40456ad64e6144bb887d9b0748f4805b584c18'
 'f2d376a4f06b956d9f2ce60627c0dd7df152a69a4b111393d04f1823371ed14f7e8230a6e3949854553b24e24cf83b7bec46a3c1f60767ab174fa660b5348bfb']",2026-03-10,69
477e8d8e-b471-4645-9ca1-6d711ea4c21b,11,11,0,-1,[78 79 80],Community 11,"['ecdc19db-79d7-4ee9-9dfd-3ebd69c7a757'
 'e5ec202d-8d66-43bf-9646-5ae114f6c81f'
 'e4d71dfa-2114-4388-a834-b2c778e8812c'
 'ed8c8510-c6da-4517-9d11-18ebbfd47098'
 '536a9a70-a75d-4b95-83dc-34b538126b1a'
 '5db8c391-b0b7-44d8-a39e-436ff0fdf36b'
 '3cbf4e09-1be8-4aaf-829d-3520bc9a4164'
 '76c7ccdf-d848-47cc-a3f4-f103ef754cd5'
 '688cb444-429a-4283-a8a3-c9f148124b21'
 '9cc9bdfe-3c49-4ecc-b77c-0effabf8f10a'
 '563a801f-1f6b-4b1e-b281-0a2b404bca0e'
 '6d48a3db-9632-4e1a-ad98-19507731aa1a'
 '21193e44-42ae-49d3-9141-f348e2d5ee03'
 'f0789456-1348-4e72-8e56-9fe323cb4db2'
 '108448c2-6ecd-4841-b703-aea528c1636d'
 'b7bed9d0-f744-4e98-ab64-f7f72cac94d5'
 '73ffebef-755d-486e-92a7-5c4f1ab93061'
 'f0274e53-3064-49b9-9077-3bc7db287c07'
 '9513102d-cadb-40f4-9775-2c2f3996e0bc'
 '5914d5e6-8c4d-418f-921e-ad198ebf4b22']","['0d762605-7c4c-4f26-b793-cf30805e9a73'
 '0fdf4084-b4cb-4dd3-9bf0-55113b329c3b'
 '2148cd49-2fe0-4dd6-818f-8a2b7d73a134'
 '2a409648-98ca-4d50-b0f4-ac2b36408a6a'
 '2ad854a5-fd28-442e-b1d2-b1bae853eb6d'
 '341a462c-3929-4a65-a839-c3aacf4b789c'
 '3bb6f2ec-ca31-4a89-82a5-ac372f21dd2f'
 '3c14f061-bd8b-4c2d-b717-73deacc0fc5b'
 '3e97cc09-6828-4a10-89bd-f11c8274bbf5'
 '4676a6aa-5fd7-428d-9f85-6417e24dd489'
 '50350cea-6501-4701-ba5b-b809eac49dbb'
 '5227a7a6-64c1-486f-b611-35c5d4c27c79'
 '53b5794d-7b39-43aa-898a-192b5e66da70'
 '6cbc76b7-af83-45e9-b144-6a2d442e342c'
 '704b1854-4bce-417b-8999-2e6ecd4a7435'
 '726f2dde-75f9-477a-836a-8072fc9b1a35'
 '8bb02881-21ca-48cd-ae91-c460a65e13df'
 '91b905fd-1b9a-40db-acc0-fcbee4bc4d23'
 '962798e0-dd6a-443f-8631-ef88e81d7843'
 'a81e43e6-46d7-473a-81ff-031b75aebe04'
 'ab9ad609-8f91-4a71-9210-f1f71571d9d2'
 'b9e15e11-ab1d-494e-be62-5e35dc37de0d'
 'bc9fe7dc-0baa-475b-8993-d609f4a52c8b'
 'c809ec57-4364-4158-b7ae-970092a42609'
 'cbeab266-ff39-4256-ac22-0079abbafd9c'
 'de136453-a601-4b5c-90e2-4b427a533d4f'
 'e016c2da-e55c-4796-af4c-129808aa61bd'
 'e61fda3f-cd45-46ed-bc8e-d0b9c2747163'
 'e9f64437-88fe-473c-8026-f6702701385c'
 'ee0d34e1-8c5f-4eaf-bfa0-5a9bf348e129'
 'ef1ef795-c738-4095-99b9-80d7725444d1']","['09504ecbdd99c16f37e9d92750cb60d1956c26b81dce28150e1f2817f922fb84b3c9862359193d051cd265b09be9488affcb893d2e96a0c115c5a3af54ff6f0f'
 '0e3088f94fd74dd0bf54ce4fe7dfb492db7a4fa8eeed4a699f6992bc1606d3f05b5845dea1e8d94b3b6a8c011887384eb0757bbf3764f608225b6b1ce8e9ffc0'
 '25d7bc650344523cefcd81f736ee1cd038301dcfbc36aef334e74d4252cc55238d130d733c5fc85b61305d8099a447ce55a9cdaf031eb6825f17f417254cf314'
 '429966d7586504f7a7c9894895d9865d20e58205e7251828ad0a425146fa7accab518524fd8e4f6f53daa7aa3308faec07f595c3731f2b72da760b733eb1beed'
 '6bdf20a260fc814f2114e7badc6fac840699fe4fe6403b9a965fbdc47e447ee13af61d9b5132d5419552f5bb19d67f581f04fc7fec0d731722794d6edf188d45'
 '97f704f729baa12c0e2b11bd17d01198b85340ee2d9fc65ac747ebaab61fa6bc63aed99a2ae144e4b0686faa762d4ff03b31c2b12f0ec3c2bf1cda251e23d289'
 'f1d2caf9b82ac1c50c286deac68819f12ae94d530212549de84ec29583ac195bf8f92185b57db573efd2db45182c070718c763dd01ca2300a3414e6e63110903']",2026-03-10,20
9299f45f-ae5a-4cdf-a6ff-b085fdc66902,12,12,0,-1,[],Community 12,"['3507319d-ff93-4b8a-8de3-aabf8d5cfa53'
 '5c425fb6-899d-4c3c-9e64-f8c52d4bb417'
 '2f0239a2-e4fe-440f-9203-b6799a5865f3'
 'a0ba6a8a-568b-4e91-9bb1-d48957561d92']","['548f6de1-6cba-4089-89de-2f0842849167'
 'a8682de7-14c2-4317-a6af-7ec819efee77'
 'ffb55da8-8d9c-494f-a0c7-3a2669722773']",['7dc3750a7b61d30cd6cc5688b4d45016d4f96591ef54ddff733bae89d5bb73b20cfe18b6b6892350c51657ee248e44b4e211c0ca4350661af7994b6df3cca7b4'],2026-03-10,4
c1565027-4f16-4a9d-9eb4-8ca10de1c39c,13,13,0,-1,[81 82 83 84 85 86],Community 13,"['f14e4999-0be7-4428-8f98-488d5518439b'
 '013777bd-8b65-4fbc-9d35-695f82ddb207'
 '400b7f31-13c8-438e-a58d-6a47292d02c1'
 '6bcb0204-aee2-43b2-8932-555680077e51'
 'e563c352-ab8f-43cd-8345-7031732b982a'
 '19be0f06-6417-4782-a33d-16a02f012ca5'
 '3fdd055e-381d-4db4-9c6c-53df2b4f6955'
 'cc74ceda-b279-43a1-917d-243e2fbeb7c9'
 'b0fe4d0e-bde5-4e81-aaa8-74aaced5ed07'
 '3efe2d3a-2157-45e2-ae76-81ce36620af4'
 '545da2a4-1bb8-4191-9eb9-6c1e2306dd98'
 'c509df1a-423a-4663-b945-98f74cb899f9'
 'f3eda16a-fcbc-4176-a941-5a19db2bb840'
 '298dd1bb-9a86-4cdb-bfce-f95c3e99475b'
 '8a1bdc27-7197-440f-9ee2-9ffd3e191aa8'
 '07972482-b180-4c1e-a9bf-b7f26bd6fb52'
 '40ceff21-0f0e-4f3d-8b22-bb51c4bfcaae'
 'a3b45273-b4ec-4a77-8778-7cfa94218cda'
 'db2ce4f7-c47a-432a-bbf3-cd22f2646d0d'
 '3634babb-dcfa-44b0-b42f-5f1844803469'
 '672b065c-f3ef-4bf7-a1d6-bd58bf3cc96b'
 'de47c0c9-473a-44ea-8d31-73a8c89b74f7'
 '7f854bbc-07a1-4346-bed5-546615de46da'
 '46daa996-b846-4691-ad40-514d58beb302'
 '495fc0d7-99db-4d45-8d4e-a3ddf3af6a64'
 'b4f186a1-aabc-4a21-878a-fabb4a6ce463'
 '83bd63b1-4f41-4200-b013-c85ce73dd94a'
 '5d558f3b-f96a-4fb0-b399-9efe6b57615c'
 '5f6d292b-5e48-4f44-af2a-f9c9ea03201b'
 'ec31cd76-05d8-42b3-bdaa-df994639dbaa'
 'cc5996b9-6fef-4485-956b-4885c7820b19'
 '54d37071-fa8c-4a6f-9879-a038bdfe3a2b'
 '4a539c58-9191-4e8a-bc42-13684abb79a0'
 '13fe2ba8-ad27-4696-8fb4-7d8180755698'
 '16e4f1c7-2d67-4915-9f50-6e850cd5590a'
 '6905532e-765e-434b-985a-1f473442dc1a'
 'ec43d0e8-8720-4486-919d-8a87b808fb99'
 '93dbfc3d-95e9-4fd7-8a3d-d9f912a0414c'
 '64ed0b2f-9b96-43db-bda5-e22fae1918cb'
 'fc8f3fea-690f-43f5-b79a-b2845750366d'
 'b8257202-bec4-42d3-ac82-326aeca9929f'
 '5d3472e0-4a7a-4e25-8c32-ff63dcaf9e15'
 'e7ea0648-fd5f-4671-8021-816fc640daf7'
 '47f38979-4778-474e-b4e9-aadaecfd60be'
 '768df263-ee92-4d77-b4fb-7bb4b1ef636b']","['07a0385c-8b60-48ad-9b1b-465e2d6cc5e2'
 '092065b5-1007-468d-a661-c15f0b01da02'
 '14af1162-b77e-498c-ad3c-65ab24110bf0'
 '153e41b5-c759-4c44-a74a-80c6d321662a'
 '1aa104d2-14a1-4188-ba05-eb5653f393bf'
 '1d48f52e-1903-490d-bb26-32c9bce9edac'
 '1e37b9e4-1368-484b-b210-49429f94ccfc'
 '248814cb-11ab-4681-9b1f-2f31a368ff0b'
 '2904686e-08ae-4b2b-aea5-91fd7bc8ca61'
 '29c4017d-317e-4710-af93-57d47266ab65'
 '2a994381-7093-485f-b71d-de013f445b97'
 '2d4a029c-1555-458a-b538-a95d3508e070'
 '38a6200f-9473-428e-b1e4-7628bf0b6a05'
 '3dca5381-a01e-4c60-a710-4f0a8764add1'
 '3e311dda-e8fc-42e9-976d-b4917d0e7e34'
 '41f17989-3338-4665-b9e2-fc5ddbe17769'
 '447cf85e-508c-4e01-8be7-c65d8cb933c6'
 '45b64b17-7173-43a4-9470-c5c5a4287b5f'
 '48943eba-1526-41be-8083-921ff4147768'
 '4ac3a494-5b43-48b7-bebe-29386ccc225f'
 '4ae4e3f7-dc47-4f10-81d1-d85b06cbba9a'
 '4b9080c3-f317-48c9-9f4f-8d93a311b8b9'
 '4cde4dd3-8f65-4f3b-bafd-0b1442f31f2c'
 '54888cf3-7765-4d46-9bd2-75c1edc27457'
 '6230a754-dca7-44bb-8ca5-26c379b67202'
 '64205800-85b1-41cd-a090-fba71385fb43'
 '7536d9f8-3fbd-4290-a075-0fb817018c97'
 '760b5532-c781-405c-989f-0a0574d6671f'
 '7bc080eb-87e9-4369-a49c-6a0913572166'
 '83627dc1-2fa2-4ab6-92f8-1452242e621f'
 '869f0d8e-efa2-4de3-adfc-dad058d1882a'
 '884cb84f-b17c-4c09-b1e7-fbbf2fb9f587'
 '88e590ed-cfe8-4ca6-b75e-81abd2e5c07b'
 '8e0b0bb1-3ea5-4d21-b676-b8e0e0059981'
 '95325d35-a8c3-4d7a-90c9-7b886f9554a4'
 '960bed26-a82a-4e1f-a0a9-ce8e2e37a05b'
 '97dfc4c7-437b-40ea-9dcd-7851c80e5405'
 '9817bd94-104c-4d17-b1e3-ee7229179cfd'
 '9a6c7d7c-f85e-41c0-aa17-824cbe877393'
 '9a8cdd80-4996-4e96-8947-cee785e2640b'
 'a9407d43-0f9b-43b1-ac84-880773e44706'
 'b992ab4f-fb96-4931-b130-ed93b72e65fc'
 'c2842f2b-908a-4674-97f6-edb91be1e80b'
 'c5540fde-fb60-4f46-b712-e36893e8ecc8'
 'c5d8d0a1-6cca-4d8e-b54d-4d78f8121ef4'
 'c7c12847-1f62-4d89-b0e1-e642738f3c9e'
 'ccb99649-cee0-4244-8ffb-67f7cd514073'
 'ccc1d4d0-be40-4c68-aa7c-b2845c14e5d7'
 'ce91cc82-b01e-4327-876d-74d3e5735d63'
 'cf748916-721d-4caa-b569-73740f095154'
 'd61aefd7-199e-4ec6-805a-4433d4de4177'
 'd76b6cfc-b5fe-4196-8753-8f8eb73a41f8'
 'd811cc1d-b121-4009-adc8-da4af7af24bd'
 'dccddbef-7227-43b8-9157-6f8e70009317'
 'de50a2fd-07ba-420a-b94b-faf97844233d'
 'df1f8562-cb01-4673-9b43-f0d4d4a19f05'
 'e08ef801-21ae-4009-92b8-1648f855b6a1'
 'e3f3d484-1ca7-47b1-9776-3f109f2f78ee'
 'f61ebff2-576d-4a42-a2d6-1e577b644332'
 'fefb5e6c-5201-4730-a4d0-c9f8a5bf2879']","['09504ecbdd99c16f37e9d92750cb60d1956c26b81dce28150e1f2817f922fb84b3c9862359193d051cd265b09be9488affcb893d2e96a0c115c5a3af54ff6f0f'
 '1c2d42cf24d5ef41eadbc348176fc20e538136d601d7796de053c8d108164282bc91e627d6fb591fd2b3c6605eec37ee0ee6a4acb7ae2873d039be0a367cabe9'
 '3352eba8f84ba8640a78ca9657f477d850ca9e6d005207883d4d1591c3e8cafac7c72da89a8391fe078e518a460d5ed0fcc9ae2fabdbf3c81356ca520b3bda63'
 '363b6f4fe840a82e2f2626f490dcb8da3de821cda42ac4f70ba0da92fba6668706d3e8bf6ad7f088fd38c3486b672b17640aefe778000d68b857659286405ea0'
 '52210322972c047efc7689da633097a5df8ebccef9995944df73c65ace381727b5e957bf05ca9fb923614ca21f8a668a019c808fee804e714d274f8988e0e0d2'
 '7b28720f03d13bef2702c66cb2c05b381e779fa77183aa5ec27590e416bac4b2f4f5d08c8f297dbe2195c0c8ee280baa612ae77afa79f7a6238aafdc10aef424'
 '8a5a6e187c668bb2f8331df659df42e1806867580ac766ba79bd9efeba8f788a99d6677d88162b703da1dfef9d27fc7aee00093a794541110dbfebcba1a298b0'
 '9609f731b2a1d479a0b1fa68f88c75b8c3461935601ffe88d4cfc8df0b1379cf4e596ef472e2ed824cc0fe7b6dbd0218447501e6f7c382a1a26e1db6352b7c15'
 'a4d0b08467ce73e94c8ae21cbf1d5c9de2b28eb2b11f0d9600ba696f7deecf4bbb8dcc953f2c41adbc6ecd52451ed70a2ae271b631839da06fe4efc61527bdad'
 'a7497051b835b0296caa8c43a2182e056a4d630488acdf638ab6cd1d926fb9ebe0e50b22dece2d0fb4bfabf4f04ef42edc8be89a0203491675e0fc4b52a1b78f'
 'ab02a1307f63358bba10915511264b7bd499a08f4799ccbe749feea02892d3b4576b80b148aafc7d157b4e4ee34994660056fda352cb0162f7687641ca4e1399'
 'ab880573e023cb66c0c136752d5e7ffccf0d4932be602d2e2448ad1fc7dce1cfb7fb5662f82d464e25e609ddd708ccdd5f4804c4c1a77efd91ebfe395094477b'
 'bfad7cb80612a979706bc5c077780f25ccccf3bf53dd263029107f1a6f54e815903ad1a1f128aadb0c9fbaf3e877cac08d057af5995c321f9ec6c6d8df22f726'
 'c01220242d7d3b6157eaf91fb6ad7e5f05d455441d91a2b77db0127e02b0fe7423ed15b66ae28fd3fab0125ef1b99725bfc52b50ef58fe62288f8190496b38bf'
 'c36e8fb29051175ed7d04bcfd393b599d986674bccfcbc008273d791e9b2ae5ed0359af6c9190422bb219b73ff6cf1726e092e84bde9fcc196c168529c7851ef'
 'ede3004f346fbf57178f109ccc246e3bc4937d91f3d8b4e360bb31965da2efe4d9269ff0f33f06a316cd47f9c5fcdcd614dd46895241fb926660d433e9caa6ab'
 'f2d956b3558601f0e70fdc3346118b9293d283043264f63f9cbcfff22c35753ec9c3813f6ce97ba179ab425243bf20419f3faea8377896065191a30feb4031f9'
 'f4b073c881c4fcb05727ee79708bd9cfbb6d3e83237cf1b85e3187dcab07280875c52e63328b7611bc065541e3dd44f41cde68660eeacbdab3bdbfebb4ff5fa2']",2026-03-10,45
7302d491-1c74-44ee-8c96-7dffd1f35140,14,14,0,-1,[87 88 89 90 91],Community 14,"['9ddc9c47-f5d0-423b-afa4-47458a018232'
 '3d96cb59-0236-4102-a6cd-ce40f0854545'
 '6d0178be-cb7e-44ae-b377-78ed0c60bdfa'
 'd3d2f364-00f8-4a32-ab40-eee342929470'
 'ef88ce60-fadb-4293-80ad-f280bbd14c02'
 '34863ae1-402e-4e7c-bc6d-2d91f55eb7e4'
 '4021e958-27bb-4a28-8450-e99d519dc300'
 'b3b12294-e2b2-4e9c-9ac9-b3a23a1229f1'
 'cad15711-ce75-43dc-b6b9-a882cf5f1527'
 '4c3aba15-4a1f-4df8-be9f-feab65ec8ea4'
 '34e931c1-a57b-4071-b06b-485bcd3b4f02'
 '64cbb355-a624-4174-9c88-7efb9eef2cd1'
 '73128169-dc85-498a-96b4-3640b7b2710d'
 'a88ae7b0-806a-4916-abf4-ba59a140414f'
 'e04ff847-74a1-44c7-9ee7-a2a832e8ca8d'
 'cf187834-7c9e-4c9c-8649-b7b4344ad3d4'
 '4440cf6c-83cb-4283-90bf-fe6afb1a28cf'
 '60e256e2-2bfc-48d6-921e-72de0b62f21b'
 'f2750af3-cc25-49d8-945b-b73b1050c36c'
 '71232442-b935-4d3e-9ea1-b561b553b27f'
 '0da6a23e-5660-4819-9d13-9756fdcc51c8'
 '87abe1df-0b0d-4cad-8628-7d6a460a562a'
 '7773e189-e1d9-4ca7-a6f5-44d80380cc68'
 '19f225d7-639f-4aa8-a978-d513ddcb42a3'
 '888a8b05-79dc-479c-b918-af589e0ee022'
 '3bb8f887-c2e4-4c1f-8dc8-8e37bda23e8d'
 '89429e49-8cff-4b22-b24b-9e95a1ee03bc'
 'd02d071d-d772-4506-91c4-60ba68816908'
 'f4ed6bc9-4a52-44a0-809c-e6844bf288fd'
 '5a342ca6-ae74-48c6-8a44-56a1e0be741d'
 'f9234eb6-3b70-48f2-9977-52e371d0459e'
 '906cee26-c53d-4f2c-b495-0c51f1e25c0f'
 '72b87199-77a8-4f49-959c-4253edd3acf8'
 '9996c9e6-8ab4-4b25-a229-c17cbd5adf44'
 'fa89ffdb-e755-48b5-a6ca-15100aae29c1'
 'e92a5cbe-208d-4e57-8c42-0bbf41458f4c'
 '595f4b2e-9814-4eb5-97c5-99fae3406ab5'
 'bcf87c9b-5d12-4b3a-a948-80198cdade2b'
 'ba92d978-ad76-4f0c-9aaf-479d1e41f463'
 '11381816-5fd0-4c5d-9347-1b23ecbafa06']","['0550e5af-47b0-4408-bb17-7466c14ef2ea'
 '06117966-9861-4b9e-83a8-8ad8d814c64a'
 '0bedf740-e307-481e-a80d-ef19febfb189'
 '155dd44d-7a9c-4718-a340-fbbc9680312d'
 '15c88be9-d7d8-4e15-aea2-0f313543a93c'
 '1e62e914-9dd9-4307-923c-7f85946d5b95'
 '25280bd2-a531-4767-9347-09fe55dfc871'
 '254befae-048f-43a6-b2a2-6787555d46d4'
 '2e3803fc-118f-4f27-92d7-71a23735c41b'
 '3b5c55e3-9f09-481b-8a0c-14cb05b92bd1'
 '3e18cfd5-e495-4c87-8e0e-815b816b2c54'
 '4285bd3d-2362-4cc9-8b43-3bce93ad054f'
 '464288ca-6376-41e0-ab88-76761db2077d'
 '50409e0f-50d0-450e-8378-52df129b9b68'
 '516c9852-8f4a-4ed0-917e-07055a6be4d0'
 '54fe904d-df5d-4861-9b79-c855607081bb'
 '60f83720-8849-4709-adaa-670b71f679e1'
 '6bda612f-4ee7-4b06-a977-7c2f0faf2cc6'
 '7570bec0-8789-477e-a06c-7b68fee14323'
 '79b0686d-9d30-4fb1-8d82-09b0924c1021'
 '8082e0a6-8880-4453-a436-c8b468bcc0d1'
 '92f65a20-56d9-473b-9b68-3d08038d12b7'
 '997cd733-285f-4d74-bcec-ba6c722b0e9b'
 '9bb305f9-6df9-47b6-a8b2-b3ba667786e4'
 '9c2c05e2-0a8f-4559-9cb1-76b0dcd36703'
 'a83430ea-fdbc-4bdd-ac79-d17c339a9d5e'
 'aae8066b-257a-4fc7-b977-9c3e29b15114'
 'ada49aec-210d-4346-a159-253075bb5fd9'
 'afcc480d-5812-4938-aca7-e6a144cc1541'
 'b3a399fb-52b5-4649-add1-bb9c5ce4dcc8'
 'b9ca9767-6e96-4dc6-bb33-19db1b7e54d6'
 'bd3e5c26-7ae9-4a53-b0ec-b7da55400de1'
 'bed7a7d7-fd8b-420b-8fd0-64593390ae3c'
 'c5b8aca0-5eca-4452-a3dd-cbcb25983cba'
 'cc728721-1257-4825-9d61-f637a851d87a'
 'd092ff4e-46c5-4d01-ad7d-254292c793d1'
 'd65bb930-4fd5-4406-8797-fe3aad044af1'
 'd9c4b833-28f7-418a-b76f-3b3e8486a151'
 'e35e0828-20f2-4b82-b507-7f6a54ac4fe7'
 'e48d7c51-7ce3-4f37-8157-8bf6cfaee2e6'
 'f3a142eb-c028-4a67-9513-a601f842a070'
 'f8995c46-9f9c-4ea4-a567-fa085b3aa5fc'
 'fc0db86e-cb41-4520-9b48-986253715512']","['118c7bd305241f63fc8acc7a43be55e647e7c60b0496e3c7fa93ac7e08772d99c4d1f30dc27d341d54c191e8adaa5614e7bf6af62c894598b91d232c898d477e'
 '216b5d37b3125c84710d2b3f71d83277b473896f3fa0f7b6a9e354cb1ff86c2aca8592c9b1477ed5cb581c71faf742662acabac70a5e6b30547ef11ba26ec104'
 '26cdfeb8b4da5f299b28b04ed70798dad94c45baa9db39d3123eafa0718a71246a0b75a0c95782b5d47518a83aafe3428efcbb87d8a5df74278212364ed15601'
 '381147c160e708531edd5fe9dfe37f5429a16e1dd6e0e313cace6027de42a9bac0ee5197a83256ff01f43c8964450a46e6001cba4bd330d3292c346da34460dd'
 '9a6129f36306906a87d079fc2fbd2498974e992eea944bebce064d9a71db94e84e20b09cc1b45881d761988a8f418c9dd393041685c74991251361bfe1fc1f04'
 'a578bb266eac8d475af4234e82a3d5822a74c7a1eac09c058832af07f532741e5303dd74c29ad9d64b013551a85430b1ae83740e258f3b562bfd005164de4799'
 'b92b2af553e1b0fd9d9e7d6af986865eddcd8a9a0f2721897a47f2b0e08b5769340a6de26aec0532682a8eee09efb9f657ee2a70e3ee9bd3fa42fb553702f27a'
 'bdca646a9e1039c94adb7fa01436167fbcce136d9e3779133c07fe55732a767f4754180083bf32e104c7259f6cb20c51ab781a0f02fac3d372ead7eab9f86369'
 'c094ce22b6069d49cc8e073f1a8a32d5448c92f03fc1c96cfc7ceddf997477d3aa8a461e4660fe0f75ec786bbcd9dc8f86a88f864b100b333810c5dfe2148ca6'
 'c0caca2af0fb8858cbb39cf01ee4d38c3ec003f7557549792c64e09363931aa67c8dcf2f14082261568fd7077038dfe57d090f3067f4e73d1f4b0e554262cc1d'
 'c3f6d83d2ebd726a336da083ea57191d386f3dd09b4028d8f25be210bd0d0c1cc525ebefe037be08523445ec8f6458d3bcc1e0889571b471d5471a657e9d35e6'
 'c52d4fb3c1c2a58fb99dfeeb78bfe51da638a27a4abfcef7d0cb3948c51de50d2729c8ee4cee4f8adf245630d4023485532b131e9d6003d6ee0a8955a0dd2a5c'
 'dd608c502dd3df470da4739e60c9117f368d7c09893d7a66daf0f1880135abaaab38c47cce32f1f3256155851d6c9819a7d9ace0f1afaa233d5cea0edb7666a2'
 'e5186bb6d352a27917ac8367b8fb3678ef25aaa7f613b8bb0aefd254e410395d49875a159c5a4455a5a92f145688b7d02107af25020f5a8a10ae594a37c49c85'
 'f119edc2c8b95b9f7596cb0cdb8eaa905d73bda1a2507e58603533a2bf7f41e027f1ccf9a1b71934b45700f81b40456ad64e6144bb887d9b0748f4805b584c18'
 'f2d376a4f06b956d9f2ce60627c0dd7df152a69a4b111393d04f1823371ed14f7e8230a6e3949854553b24e24cf83b7bec46a3c1f60767ab174fa660b5348bfb'
 'fafeca9006beea150ddc26d01f7626dd73339ebc97279ba19690260ecd08486a42d840a6a7fcc10014f621a01571a10508398e798582ce8e9d8bd055332f84f9']",2026-03-10,40
58d12958-666e-4476-83e1-00c8d0eee032,15,15,0,-1,[92 93 94 95],Community 15,"['ab3db792-44e8-40f2-92f1-c9330ba80788'
 'de5f2a5d-24f5-4199-a73f-ed0ba3384b7c'
 'f5ac0654-6e73-4a44-9f76-6dc00f0b48bd'
 'c764a205-1179-4f72-9e1b-c7291c1ba2fe'
 'd262c842-a2d6-415f-bab5-1351ed787099'
 'edba5ce0-fece-41d6-b68e-bbf2be0ed027'
 '1943b7a7-5525-4e83-bc03-202e26973b0f'
 'a3846d82-a440-4ae3-b78c-0ebff50ba184'
 'a41db4b2-5c3a-4086-9599-87baaff36e33'
 'd1699ff4-4946-4eaa-8117-5690c10dc606'
 '7b8082c3-f4c0-4e4e-af5e-7a51cf4bbad4'
 'f8a90ad7-5191-48b5-8586-d0028cc60046']","['53d30e78-b5f1-4bb1-8974-0c76323774f7'
 '54e77f9b-a6a0-432a-a83b-57efe2ba849e'
 '7178a5e5-1edc-4aae-b2b1-c82169d368c8'
 '8f826fb2-2e89-4e60-b198-25b67ec1114e'
 'c67284ce-312c-4399-bf9a-6468a55bbe1a'
 'c6c4c232-1093-43bd-afd1-396f909c8a7a'
 'cd23cdbe-f962-45ea-a860-e36cbccb8380'
 'cf3530b7-9a31-4586-9a93-fd4be5dcfeb1'
 'd0a4b3b8-1166-4a73-b75c-21a56b195e8e'
 'd578f579-6782-4b98-9bef-4d684e970dfd'
 'ea9396c1-dad6-4d2e-a29d-848417c4739b']","['36a26b90664201763401d5fc93e42c527a57fb0a84ad1fe65907215a1479c0e56e1cfdadd40b2eb983f4eedc02e62f0a5c971a123b6b58abb17c76cc7d6f378d'
 '612bb6193eb44b324b88e46b2789875b47017b38a950f651fd11347e849a417a3bd8f8d8f6425e2f30b7166d7c97c95e5976862727f33ee6aeb55a98fd8c16b0'
 '78fd9b204da2b6ddd7a495c820a5d60bf223efd0038c19ba4f23595bcceb7023a7ae5004f5769dd4ddf103bc094fa30996c8e57f71ed174a0b91cfc9d29aba2c'
 '7d74751b12773d1ba1111f71866d71285db4f718701a5dc05620ca962c4cb691ae9b12cf1c0f77381ec9d20ca947aafbb3f3c24eabf017f1307cf1774f42b8ba'
 'cc09d1f4596f98345b4183088ac2458e5b0aff5531c7bba220023ccd01d156715d0223bc4b4a65304138bd7c8a98640a1ce1aa94bdfc8079a57959f1e6872eab'
 'f72233ede15c2dc81218d7f98944f4209aa7e8bb9f6126c542a9998661b0591c528ba82b118b3431299cd79041f10bc9c4b3ae009e206f21a3c91060b5431cae']",2026-03-10,12
3646cb68-7d7d-408a-b693-fdc2a636966e,16,16,0,-1,[96 97 98],Community 16,"['3c9b5a4f-bc65-4a90-b1cb-640efd2d4d84'
 '040c3094-f31d-4a80-b933-24d4768fea3f'
 '03799adc-c962-4fc4-b2f7-1dbf785e4da3'
 '1fc63076-9dca-4766-ab98-75846da2623a'
 '51862798-7f77-4ff0-909a-eb5eccf12f02'
 '223cbe41-4765-483b-952c-6de48960e7f7'
 '4f8bfa58-fa7e-4a12-ba8d-0da80dec76c8'
 '5416006b-d192-41d2-b3de-db370ee596a0'
 '1d61e6d9-0a52-47a4-a0ef-fb021ca9daf5'
 'fc297dd7-8622-45d7-a1ad-882cdb335581'
 '8bcd6534-bd6f-4f68-b951-27396b9f96f9'
 '712b5256-39fd-47bd-8502-bd4da75a4473'
 '5b7a6b6c-822a-4402-8bad-be79234d1098'
 '9068c54c-7713-4c0c-a512-287a42a0ece2'
 '03cfef45-1fcc-406a-b00e-4b9430639a4c'
 '4f2e19fd-e88b-4f5a-b1c1-ff6800e73d9b']","['1c1026a9-442f-45be-ac56-8d9edb0dd605'
 '1dc3c2ed-63c1-4bb6-9618-e07f27675f40'
 '3149e024-cf0d-4ab9-8007-554109b7edae'
 '3d800304-d28e-46c6-9a25-f8f236db2543'
 '5cb26232-3e2f-42c0-b521-bfff11c19a50'
 '6787e4eb-b79c-4798-a3ca-a047cce7d902'
 '845ea2f8-b558-4251-8820-f08706038f4e'
 '889397c5-5d1e-421a-ab65-5715c8f18513'
 '98efc4b1-088a-4bd5-9c9e-35da634016e1'
 'a906140a-c7bf-40f6-9d03-9ec6b9689411'
 'c4dd4885-e56c-40bb-9f11-a6cddd3b16ee'
 'ca6b5b9d-9915-448c-830b-7e6527422b61'
 'cfaa504a-76f7-48e4-9bb3-d1d90916bcb5'
 'd69d3205-e544-458a-ae4b-2487438d2fd0'
 'db7c45c0-10f3-43b6-b165-b628cffc2e67'
 'ea6508be-8e1f-4a5e-94fc-9963b9941528'
 'f9193982-34c2-4c3a-9031-7abd6a8f7cb2']","['00a0c1db6485e7cbac54a732052006a67c99da84f0e4ae3b0b5ef4c9c184759efc49103ab0655d3717b6119de694b25d045ac14ada547d3f5696cd69ad0fcb0b'
 '08d3c6363a013e4d4f51f6820225fefd251fef961c5b7312ce9e7171d05ecad3e1cb332ad9a5a2613943cdfbe0a7c6c94aac61b2c609458a593d80ffd07df048'
 '216b5d37b3125c84710d2b3f71d83277b473896f3fa0f7b6a9e354cb1ff86c2aca8592c9b1477ed5cb581c71faf742662acabac70a5e6b30547ef11ba26ec104'
 '53fabd6061d68e4f513b61c3e6477b9cd8b31132a56304cced1927d39a54705928a4758e66e5cb83e1bee5033ada82da615495d4b0c574a901944fd41135269c'
 '78fd9b204da2b6ddd7a495c820a5d60bf223efd0038c19ba4f23595bcceb7023a7ae5004f5769dd4ddf103bc094fa30996c8e57f71ed174a0b91cfc9d29aba2c'
 '8b74d171782aea4ffee98ac390790a73a6e0da5ffd95e7e9ba69a689a3e7f206afb4460c8027fc27097a4cfb65650b32d1b97c9e164d9e31ec59c2c5d6949d32'
 'c0caca2af0fb8858cbb39cf01ee4d38c3ec003f7557549792c64e09363931aa67c8dcf2f14082261568fd7077038dfe57d090f3067f4e73d1f4b0e554262cc1d'
 'c7d1b4a4d6c1890a132c31e59180d731225566cf55ebabf81e05e51dc067c87990a977ce7b4870782038556add3f4a624eb29460e048396081cec193a59c7894'
 'd19fccabb943e5d8c1308d240fc605b6240a28438a298546a35dd33f5bc6582658081ad0351a8748a5dc19573d8114ce86a48897f22c5caf58445d8459cb004f'
 'e7c2b8f83fb20874c05c3731ee0a04b04bb25a6439b1ede027965f3e4657c61ed87edea6d73c227df61ff33e976406b1babe57eb2f405ba8df2ec663be12efbd'
 'f403737dfb7dcd685cbcc8fb750f467b93dec35ac7e6a20b5c6898b00234f3f28ee75149f5803003b6eb8f0b7bdf27627b5fd85b94f3b6305ced6f0a7bfcb2f1'
 'f72233ede15c2dc81218d7f98944f4209aa7e8bb9f6126c542a9998661b0591c528ba82b118b3431299cd79041f10bc9c4b3ae009e206f21a3c91060b5431cae']",2026-03-10,16
70c61fe2-60df-4713-98a7-efcaaa14e4b7,17,17,0,-1,[ 99 100 101 102 103 104 105],Community 17,"['2d369837-9fd2-4cd4-bc6e-c6ec00c7de94'
 '4c388c65-8e37-422e-bcd3-ddc02edb754b'
 'e84c83c6-54f7-4eb3-91f6-dd7846895841'
 '9fa8d28b-d203-461c-a028-757b76f5d8f8'
 '75a2d5cb-418e-4820-b192-5bd6fb05d8fe'
 '1dc9754b-c93a-42b3-b957-d2cdc2679bd5'
 'cd6e574c-1b80-49d3-bc01-a9829f5afeec'
 '164e7b0e-8328-40b9-bc56-49312e4ff884'
 '44db9ad3-d667-4bd6-b131-7097143cb2d5'
 'bc837053-52fd-4f31-957c-524663285995'
 'dd76875b-5767-4fdb-9065-77ed9078ce44'
 'bfaeed7b-1ad5-4f53-ac0f-54a747291a9d'
 '7a7af49e-5ae4-4cd0-a7ca-1dff077e2df3'
 '5d9d0d25-0832-4ae4-8ef1-f7b48ddba1df'
 'f0deea7e-8ded-4408-8e52-98f37958a674'
 'b03c5748-459a-4425-b705-4d7500f78713'
 '1c576b9b-9b08-4183-81f1-44b912404d78'
 '831c2652-b67e-4506-b4d8-546e0b0067ef'
 '8654bdd7-bf11-40c0-b7ad-f2c102c1619d'
 '3e7ad9fd-47c4-4353-863b-a25f40c2b493'
 'b3175653-025c-46ac-9b6c-ad3eab7546ce'
 '0762af96-9360-4fa3-a857-d4cb1d13fe40'
 '945c63bd-be4b-4cc1-9147-01ed60bbe86b'
 '313c7612-8ffd-4910-a2cf-9717e2653230'
 '48e11257-0add-4dba-af5c-dd8bc20a1563'
 '1fa096d3-43c8-429e-b66b-83a0ada8f63f'
 '8655baed-ffc8-410d-96ce-fd41e93c14a0'
 'ffb85a9d-8556-45c3-abdf-d254805b1153'
 '8f2a60b8-4951-45f3-82a8-f4908aa941b0'
 '979885a9-e03c-402e-bddc-4c8f91e5e2ad'
 '84713de0-8741-45ee-9573-7bce2d390b55'
 'fd83dc74-8dc3-4289-b036-1044e204832a'
 'bf85aaf3-c7ff-4495-ba7b-2e2c5998a92a'
 '6d96b062-8cad-4b0f-be08-1e7a956f8f03'
 '34056f7a-6358-4b14-9dc0-08cb84512906'
 'e7ee84aa-1734-4dc5-a908-3a3bc2f7e749'
 '04bf9c63-46f8-4829-9cd5-6173f2e567e1'
 '05ff00c2-9a18-4c18-b4f6-2203e7d10b2e'
 '893bcb38-027f-4958-b493-8f1946b91936'
 '5630cca8-c579-4307-beb1-ab34b1d8181b'
 'c02f865d-4aa3-42b2-ab3a-b1ab8ce78480'
 '949d11b2-c55b-4887-adf2-d14382d74a07'
 'e693a412-fa40-46c5-a27e-50ce50d9a2f7'
 'c2802efc-7334-4059-a4bb-d9a0e68a387a'
 '97db01a7-25f0-46af-9d11-4c36c5ee9006'
 '3bddbbb7-0365-4ccb-864d-e47d821c8588'
 'e3bd1c15-89ec-440c-9afd-eaa0200967eb'
 'ce593958-40cc-4a64-adeb-b894e53c8515'
 '98f42b83-d169-4988-a5ec-f06708da8bdf'
 'b48b45b2-b9f3-4e6b-9632-ab592c1ed76f'
 '98d1f4a2-609f-40c2-bb96-29b7150b658a'
 '471c071a-9bf3-4c99-812a-911a92c176a8'
 '452294d2-b6ac-4c16-822e-63849bea4bfb']","['00a6469d-40b4-4be3-8b59-fc38876ab7da'
 '10675d89-aa10-4b7f-8281-15a1af8ea046'
 '11f6e817-c607-4572-8bcf-8e2032620706'
 '13cabcc7-1ffd-4f69-9863-a3c4058e2c65'
 '19d01bf1-e241-4817-952c-15c511f004d8'
 '1ecb9dbb-d858-4f1e-ad34-89688fddc0eb'
 '2544700b-cacf-4a32-96cf-e84574e32779'
 '2d98b53c-dd9d-4cdb-8b58-52380ba3c261'
 '314e9682-2f87-4e86-bb89-49b55bf53006'
 '353abf11-b75b-4ea2-b5a0-cc4e22127978'
 '387eaef6-ee9f-4b17-ad2b-98219b16810b'
 '394ad0b4-73cb-4b82-87d9-5119a4eeea11'
 '3bc13dda-43ec-4ab8-9b14-764db43c1705'
 '3bee4dd1-c3c5-4ac8-9445-2aae17796866'
 '3e53967d-226b-455b-8520-54ae77f4d9e9'
 '3f5f0bcc-fa3e-4cc9-8157-224fe7543d09'
 '3fa2f035-1f48-416b-8146-747985a00c0c'
 '44383246-7983-464a-a8a9-15784a7ceab0'
 '49bdc82c-b7e1-435f-89f3-a59cfe8aa918'
 '4dcbb018-c93e-4ad6-a2bd-8da9a149543f'
 '559aa577-0e8d-4568-af35-1ab78f08ef21'
 '5a50337e-68c0-40a8-9f98-f9d0fb271cb6'
 '5dd0cd32-d79a-4025-a31f-71fcbe4af030'
 '61b7359e-8a4f-4a78-9f97-739d90cfcc34'
 '66bd70c8-5bff-43dc-9381-29417a999a97'
 '751d1c36-7f63-4c61-b50f-4ecb213c267d'
 '7bfcfa0b-39d3-4ccf-ade9-ea83c7170e6c'
 '7c86c96c-54b3-4ec4-88f8-33f8458478d3'
 '7d4c1819-e246-4db1-9e24-c8cb4925f748'
 '7ede6e83-b915-4e60-afc1-5116fa434b01'
 '862e0056-d978-4a55-9da7-42e072f5d222'
 '86c826f1-57fc-4dfa-8667-0e5a11563cd6'
 '87b738c5-97cf-41c6-84e4-f3e239231a12'
 '89c42ca5-6db6-45c0-940d-4e516cd7fcd7'
 '93eec18d-1de3-4626-b24e-94166be5a89c'
 '9656a0b6-4cea-419b-825f-5f44d2a518cb'
 '9b5b0ac5-46ec-47d9-8060-fde1929065b8'
 '9c0fc78d-5e9e-438f-85e6-c7827fbbb3b9'
 '9db5759e-8cdb-45e5-a37a-df7c4557fa3d'
 '9f87a772-3722-4684-b49a-262c9084f60b'
 'ac47673f-a811-46b9-aa46-bb7766b02689'
 'b2204855-9170-4eac-9f99-deb20e135826'
 'b469e881-8e3a-4c8d-a3e4-5d3bad814405'
 'b9afa126-f87e-4599-a2d5-07973663a92b'
 'badd6a45-c74d-4752-9793-88ae04e6619b'
 'bcfb618e-00a3-4202-99fa-dbf3d13c0d55'
 'bdbb8d10-3031-4e8a-9e2b-484f76dbe7f7'
 'be176fbf-ff57-4b81-9b2e-c6c415a10734'
 'be6afb1f-a07b-4546-8d9f-6e7728e8935e'
 'bf8390d8-4754-41f8-919c-29550c5add85'
 'c323fec0-84f1-4beb-a4fd-97dee3c301e0'
 'c5db2664-0a25-4270-9913-2d065cae00e8'
 'cdf17170-6a82-43af-9f89-466bfbe578d2'
 'cf5153f5-7775-41e6-a202-c2640c80ddad'
 'd3ccf5ab-4860-4a58-ac39-8047462a3a1a'
 'd734a641-516c-4f0e-baa6-a60b45a0e41b'
 'd8bb46f7-55f6-447a-8f08-28f4a1b3791c'
 'db4440be-3d5b-42e2-8674-3189b82c1e61'
 'e865c54a-5745-4233-93a4-5c4886487de7'
 'ea93cbff-f4f8-4cae-8dc1-1ac662e97916'
 'ebb45bac-53e3-44fd-af71-4c1ffdedda76'
 'f11597aa-4db1-4c8c-bffb-076e96455b3f'
 'f4f77c58-8e08-4f66-aa35-1e854c577449'
 'f5310001-65e2-4c06-a91c-44defde19a6b'
 'f7c1e671-6509-42e4-bc1e-1d0c9042cb11'
 'f9c395ca-385f-481b-b84b-881657f99f3f'
 'fa2e95fb-6012-434f-b0a0-71cbea72f049']","['0054d8619570bb6c0efca76fc0b5d60b2020d45053f0043184d6db81d8b4175c11d3bf6bd1b762bf62da191305d36d6c9842c8a074e437af7b77352179be84b7'
 '0e23d33c40ad564baa0084ebd8235cb1ce82f4d6b6fb48063d86fcb23695e22c4f9ce6522e3cbecd103ff6a44d061911281712609c45a72c04c899e10ca7d0dd'
 '243baadc036ebd5c237eb0fc8241cb85f5b20d68bdda0f7f7f1c266ecb583f406c167720b89ec53cdd252c4f90aafd0e5cce5df8fd41f68617eb126dffe12341'
 '33adf6669c49ae17123199758ecf1487a0e24187cf6dbde030ff357cd1e47a649457fae65658e881b9b0899b0a295f4aa42389d01e4bf17584c84704d42b1d3c'
 '42781f631e60d5dc978768ac106545507144b9e7739c934b8c58b4e43df91be73d72050987092a86649f7624b77499e7b92b3d0040bae8376c6045c2ba6a4181'
 '4e10a447ddaf2c74684d2a22401890d0f1eed1fd11ac887c4f65b340f4348db607f77e46c4ba8d22a4abe8dd27f016378deada950d2c72edfa41699ac96ba87b'
 '62a47466ff3c57929d09f449a143d719d9e0c4c33a2338743752150ae1e4c2957880bdc8f4c0677380e65e1a18195cf13f183e5aaab54e3c84a17c22537c9d03'
 '88308954a8d2d7586ca8cc75b1b11f9449934357376dc59c92ced6f46cf1845fa46e9148292d5c59387ef0e4995324fa9a855891a896a148c086de27d054fc7a'
 '8f5751520c653eceb98d31d48f585edba62ef8e1a15de3b3d6838ecbe973a22911b26e5cf43c0492256626194ac47c09313525fab95f5bb1e1e024fa5a13370d'
 '916df53df347ea8d591a39d75bfe49c9daf343e44bd0f7fcd5a3e80616d29787d6d759260a78c8010be13389ce5c71c5a7b649f82b1a94b798dfd0b9138a5bd1'
 '95822c8a9994a4f2f6caa31f47747bf7108a37bff834cac36c07f4e513e018deffc602550d7e95b345ca046805988c0d38f1a35e6901a5efbf9212b3b4565b97'
 '97f704f729baa12c0e2b11bd17d01198b85340ee2d9fc65ac747ebaab61fa6bc63aed99a2ae144e4b0686faa762d4ff03b31c2b12f0ec3c2bf1cda251e23d289'
 '9d010be2e112d921a8ec409921bb6bf7daae44915d78a6a3a4454af9c7338b2f347bb11cc96b4320ac39dd9287ecab8c98e46701661c327517b831aff8af0e2a'
 'a2e24582c54a09a4696e862c1e0039c25baf8e352a73031e827dacc8522ad5a43b1bdd1d41d4861e4a869a1f7b1ff57f29c38294df2fef000b1bdf7a00fa8813'
 'a755a1d7c7d50241e949f3f67066a071d3040c44026ecbf4204c31719658d38c98068fe0a23f3f70426a030908bdcf57c15191f15e39db46ece7a311ac4175d5'
 'ab880573e023cb66c0c136752d5e7ffccf0d4932be602d2e2448ad1fc7dce1cfb7fb5662f82d464e25e609ddd708ccdd5f4804c4c1a77efd91ebfe395094477b'
 'ad35013d5762ef15840617220687d42379da7e6c224e4855c141b759801bcfd09828afb47c83e266ef51862cb8425a84f9f1117657d14c607e0bcbe3020d96e4'
 'b702dc97591d4fd99e393160ffd9d400dae11ce24461a052ca46b18e565efb9d5c4899a4d3910ff3805503f5ec2f7cfb4c0d882b0fb4ad65273b9abe5b9d8ab3'
 'c7d1b4a4d6c1890a132c31e59180d731225566cf55ebabf81e05e51dc067c87990a977ce7b4870782038556add3f4a624eb29460e048396081cec193a59c7894'
 'caa24a7186ba46d267f4c153375d46218d52154d378553ff6c732c0f3c8c6453ce1501e3e04e8f0f7bd9265300b413e652f3adce375c8ee1ba81dfab387fa675'
 'd396ad18c1749b988bca89f716838ee064def48e3baf66155c6a4e509e4b83e0e0b8ee41ef6511e629b636a8f1500997f949c0d692d8fd6bf3e97d78fcad4005'
 'e4bdaf3274859fefc17e03819e07cdfc1499b7c702c170402f77909a62e84fff67860e324f4de8c7d3be920148c0a9e004b2a837b69790702ade5d2b83674266'
 'f314d43b0a481cdfcb76b0052bb89c14cd5ccb4415cfbb161aed4a4ee2ddf6d350327a4063125f41fb51588cfdde6a22f75faec6eef9db845ed2cd4fb880cc15'
 'f4b073c881c4fcb05727ee79708bd9cfbb6d3e83237cf1b85e3187dcab07280875c52e63328b7611bc065541e3dd44f41cde68660eeacbdab3bdbfebb4ff5fa2'
 'fb7937078606072981cdd7d9646067a24fb9e1e928590b9a96273cebbe354ed92c551b5f4b225d11028f03e369b1ec1cc016a47fb4976038bb73c7122daac62e']",2026-03-10,53
cc7deba6-a9c4-412f-9882-6e20344115f2,18,18,0,-1,[],Community 18,"['ef384364-8bbc-43e1-b9b8-73ec91462613'
 '38dd59d7-17c6-4175-8851-304220f55d26'
 '8e5b018c-3f7e-43c6-88d9-7c4c24d5d95c'
 '7f07473c-6929-41f2-97cc-792895996bd7'
 'e3b1317c-a355-4924-b5c2-bb83bf26c5da'
 '956178a3-16cb-4252-b69e-b4f53652ab59'
 '99aedb0b-0348-4669-942c-274ea402ef0e']","['15ffd26a-ab67-4a54-9503-e4ff54dfb230'
 '57712f9d-f525-4e3d-a89d-c50ef09836ea'
 'b303127d-6f4e-4b54-a94a-bef4dab83d46'
 'b8b8859d-c7aa-4098-8274-f9733b6b6fb8'
 'bc06c349-1a93-4cdf-9c87-119ecf1f5467'
 'd1db6d4d-d499-4697-bf3c-73fa4cb78b9f']",['b51298e658d618d4d43d1f3e1ee421cc67ecdeb2bee874c30a1b7f5e5ae15f6bfa2ea9889d68a48470c07748bcfdef63249b689ed46be1af70f08d4eb3d67968'],2026-03-10,7
8a54e278-2caf-49bc-a096-f2466749e0c8,19,19,0,-1,[],Community 19,"['0555d280-5b07-4e81-91a9-533bc2f88406'
 '82708a4b-71a9-444e-a589-623ed4763f22']",['2ae4127e-8f90-42f7-8a3d-51f9d1ff9013'],['de94d2a51c5eabe241bc242da808e240a27bbb801f7ba6cbc0ddb22bddc136d98d6c1c0bb0d8d0f35ebecf1b00dedbf27113516bc4857e793c2c5ad3ad6d3e39'],2026-03-10,2
47882408-4236-458e-9875-e57b137809d6,20,20,0,-1,[106 107 108 109 110],Community 20,"['284f6958-ed93-4524-8f07-ec3e7f933037'
 '8867eaba-c420-4807-a9b8-1b2f94fd7bb2'
 '817257a8-a506-4c59-9e37-8aa34832fc3e'
 '4e21c725-89c3-4f05-acf0-a7ef7f7ee218'
 '23d959ed-9864-42a7-b323-610412a418cd'
 '1b06acc6-60bd-4cdb-ace3-310f3c9f4cb0'
 'b799d1f9-e0b7-4ffd-9462-dec291fc6198'
 '6759fe38-b611-4de6-b468-ef0eedcfbc1c'
 '3d4b89ee-e0db-46eb-8df8-eb0896022b0b'
 'ee2174ae-c13d-446d-b283-0466fb73394f'
 '4374608b-4534-4cbd-bf47-872ce9a7e52e'
 '8526c9ca-1e84-4952-9cd8-9ec0e6200fd0'
 '30bcee41-10a3-459b-8a16-b812fb7ae27f'
 '611637b2-1a99-4213-80e3-44e6a867179d'
 '9ab94aa3-3dd8-4acb-b248-6ec2ee86c6d5'
 '4790ac3e-dfed-42eb-8924-305202387a12'
 'e850e845-e1d1-4404-8149-ee4ecf9e640d'
 'fcf4aaa9-b870-4324-b06d-f1f5acfceb91'
 '6085507d-6cd0-4b04-bb2f-bbfe677f2e0b'
 '1d3d5508-4d60-43f1-b202-1803126b653d'
 '763f532c-40d0-4ca3-9ab6-c083d4127b96'
 'db56d01f-0fbf-4928-b002-229e721c6941'
 '1f856425-640b-4804-8b6a-02ce34d5b56c'
 '41cff077-e64f-4388-ac49-bfcd9c74342b'
 '536d6d9d-9693-4a17-8d42-4c7f4a9f5966'
 '305c6f34-3ced-46ff-bdcb-ca0e60a88275'
 '2b63595c-16da-494c-ba2e-542134529e80'
 '9118066f-d994-4fed-ade5-f044aa5ff5ca'
 '1ab2e327-8266-405b-9652-4a0e94d68adf'
 '026e4596-df8b-40a7-bc65-f72cc541754f'
 '536602bf-2a7a-4f4c-ba37-9871b6ec28ca'
 '65d934f8-c31b-4493-af8b-78aebe90c5ec'
 'c4566bb0-2531-4c11-900e-f9b64a859ca5']","['02aae632-d49c-4aa9-9494-5c7b28c03b78'
 '050e04e2-5747-4f17-8e81-f337c9a6f9df'
 '144a4e56-627d-44ed-8049-f51254942b9b'
 '26f5d8c8-b1c5-4cc8-b3eb-33dd80c4b67c'
 '30a9f8b4-3ae2-4ffa-8313-71fa73dfc877'
 '31895d0f-f952-4eb4-a888-e87425e24815'
 '39fbef74-eb2b-45c8-ac6a-9142397eb7d4'
 '3da4661b-0ddf-4ed7-8ad6-3ca797ce5b85'
 '3ec9fd73-7a18-439c-9303-e37c7d1537cb'
 '46ed6919-86ca-4fae-a6f1-e0bc3d67fcd9'
 '4d19808b-9ae1-4435-b184-06d77d207575'
 '5bcf4238-dbf9-462f-a2e7-5161cc5739b0'
 '5cb5bfde-7f85-45a4-9520-9f976b0f7dd3'
 '62f48958-d389-4112-bac2-efd4a00076c4'
 '7196107a-b02b-4cd7-9401-db565ff4d559'
 '8047d5a2-0ca3-41e3-a80f-2b831e1751aa'
 '8baf106f-2ac8-45e8-b8ac-ef8253b4d613'
 '9718f311-9aa9-4ce0-9dbf-8a09f7b2b120'
 '9980d3c4-d2ce-49b7-90c5-f9668a3f1556'
 '99866be0-4af5-4fd5-88cb-1c4fb39b2a0a'
 '9a385214-2ec2-4bd6-9e10-965c344df5cc'
 '9ccbf97e-7230-437e-87de-94546a135e87'
 '9dd56e9a-1f44-4943-bf20-2def599d579b'
 'a1456667-b770-49b1-8216-0256ca9e0e1e'
 'a8f08edc-cde1-42dc-a342-35dd001f8289'
 'a931deeb-80e9-4bc6-83df-24f6371b0e9d'
 'a95301be-72f1-432c-a89b-1f2c26d9dfab'
 'b91e01ed-1bd3-4838-b753-9efae1e9537e'
 'b991bf70-55c5-4aaa-b320-e883ed6db2a9'
 'c2720269-8691-483a-b7ff-cc154aad94b3'
 'c335410e-d1b4-4b9b-a1d5-e466f8b581ca'
 'c56db9ff-36c3-4b09-af6c-348dc9d6e203'
 'c725e42d-4c6e-4118-b56f-e60da6a30e9c'
 'd8f87adb-8cff-4251-909a-bf976061930f'
 'f1701ca2-3a65-4927-9d17-2ceab4ed2016'
 'fb748849-b851-4a60-9919-fe1b0e3771a0']","['0753a5364e8659153a688ab0eca1df824f632203d4596b69b50e7c01586097ec4e30fb396f58f92bb9d5396f0f58956a8be35d67bfdda38302dccdf1aef38243'
 '1d24860ada04c4d10776ec0b26e4fcd3c2332bfc32a9b292cc63daac2aa9e1d819abac5d20f50632f81bbac4af009c22934385848594ceb0631fd65e79533bf6'
 '23fb6bb01b39562a2f5493105ef2668bd91bc439253ab79da46be14980613e5e77186648ab6cdc7fb1a630b35f030ed5d1c263991d555d9ca25230eb0ef80a7b'
 '37233ebbd9a0ab3121dd8fc0f8be180adc5ad2f3ec22fb332b5c77f01727238ab35e42dc12015ec6693199d7b5a8086b0b0be8a86a6328cc3cdafd203b47b8bc'
 '4e10a447ddaf2c74684d2a22401890d0f1eed1fd11ac887c4f65b340f4348db607f77e46c4ba8d22a4abe8dd27f016378deada950d2c72edfa41699ac96ba87b'
 '571033fb76c267906f15ebc5bb424e0f22da46345f9e8d60796f1d2d96929a6859c3df74ee25d5709bc2e5f464a592d92b8f77bf57b9a0d0c1e941963385ad77'
 '78fd9b204da2b6ddd7a495c820a5d60bf223efd0038c19ba4f23595bcceb7023a7ae5004f5769dd4ddf103bc094fa30996c8e57f71ed174a0b91cfc9d29aba2c'
 '88308954a8d2d7586ca8cc75b1b11f9449934357376dc59c92ced6f46cf1845fa46e9148292d5c59387ef0e4995324fa9a855891a896a148c086de27d054fc7a'
 '8931f5c2719f51b2f9670b2d6459ef249a615ff1844aa72e17aae8f17efb1694bedb22ad4ac573f8d6ae43d180cff0ee4892d3597d879483f09e8da03c6bc511'
 'a2de2acf9a31b99739527ed05a228296f40e8f6a500099e61b04f2ed19140c20f629655b73848f330d0df55707f48e4c0601eabc3608f52134475dbc71419e9a'
 'a2e24582c54a09a4696e862c1e0039c25baf8e352a73031e827dacc8522ad5a43b1bdd1d41d4861e4a869a1f7b1ff57f29c38294df2fef000b1bdf7a00fa8813'
 'ac816b54ac70f1e2697a0fc2cc646c6a9319c8b2da14228b3ac6b76a0dd992ee5c7cee7e7986e8ab08a9d457617b74a833be81924604ec8d1c29d35b02f46926'
 'f234e124dc5783cb0747886716e4ecf14c3e480669de8bf4513a70f4d0019343739bda38aba548f7aeadfb80ebb4169f3525b6a0d1100b3e7540440b2e727fed'
 'fd1bc9667578009377bbd23e1608c5f1d7847ea676c232cc2c09d7415c20f3ed58aa62a0ad19948e7fbb0ee262fc023c3da4df02c5955dae2304019db8d2c832']",2026-03-10,33
e61d8abd-9887-4927-8456-87275dd4e1b9,21,21,0,-1,[111 112 113 114 115 116],Community 21,"['b1b4cb70-280f-4e90-9753-3416ac43203b'
 '3424ac56-8bbb-4c6b-88c1-94f67f46faf4'
 '65d3d7dc-e834-4a59-af35-999ce69134b8'
 '599ef6e7-b688-4e19-80a1-0274ae6f9411'
 '4fc10393-1411-4450-894c-462db370c0da'
 '0a15f68a-f1e5-4c9c-93b6-6ecc89d73a5c'
 'e2b51cdc-bb66-4388-80c7-2c503528ad2f'
 '1327d89e-633b-4bf1-90a9-6f8fb2d785c2'
 '4da46a40-8cd8-4e68-9f86-fcb80371df21'
 '2e07fc1e-89bd-4d62-9578-13569899c43f'
 '12d5c37d-ca71-4c3d-88a6-ef1894870ea5'
 'c7623878-de80-4321-82b8-1452e2186596'
 '07ed842d-e6cc-46ee-92cb-0c29b384b55a'
 'cd6505e4-932b-4f8b-847d-a7ff14903196'
 'a4b8c992-6bd1-491d-96a6-c1c4555b294a'
 '60a73060-9ddd-4068-83bd-3da506c4f1b1'
 '79e78e9a-5954-4673-a275-d1e16ec5133c'
 '7c25e444-4557-469d-9773-1b20830eafc5'
 'fe4b1c04-eca9-499d-8b74-fbe96a42de02'
 '5a667348-2a12-49d8-b0b6-3dee2bfd3d02'
 '24db7462-306e-46c4-a034-bd89b6e38317'
 'ad8609db-996d-4337-bf27-8299e6575135'
 '065388b8-1d44-4fe5-9239-12b847f3cd67'
 'df0e1bd4-228c-4ceb-8adc-866eade71d3d'
 '5127bd32-dc8d-474f-9fd3-81ae53bc153f'
 '29b586e8-a59e-4058-a81c-bc306e2e0889'
 '7b4f12e1-1335-4841-9420-391b953afd0f'
 '522264ef-7fba-4a27-b206-e7d86ff360c4'
 '919e19cd-1366-4d6a-a987-5e57ceca5177'
 'f0cab844-735f-4262-b8b4-4bd25696117c'
 'e746d3fa-1265-48f6-bcf0-3fcea2253376'
 'da06a63d-e036-46f8-be81-cf3309fd8fa6'
 '92e42688-265e-4203-902a-19615b559fcb'
 '68ac7742-856d-4faa-ae85-23f8b31ca4cf'
 '217836bb-ad8b-4385-83b0-2abd2d9a5f27'
 '822dde82-1ba0-4f3f-b01d-685da750f520'
 'e442f67d-c473-4e46-9f12-8c958fa25084'
 'cbf199de-d9d8-4b22-9b7c-1f062bef3188'
 'a76a6fb0-05e3-479a-be50-22acd76e2809'
 '05f8eef9-d144-455b-b6ad-50889ba85614'
 'cb04fb3b-e7fa-4a58-86b7-51a080f4a419'
 '32d89c00-f17b-4815-960e-8373d57155ca'
 '6582f6d7-2d31-41fe-8d6d-bb3b52cd2dc4'
 '18c014a1-aaa3-4128-9e6a-be08e9c0ec51'
 '9ea73ba9-3e8e-425b-9986-87389c74cee3'
 'e73d180a-9907-48c8-8303-3de60b6d9e6d'
 'cde52b68-3ed0-4ef9-810b-e071615a9f73'
 'abd6db10-c263-434a-bc9b-aa64cfe694c0'
 '92e8550b-ac92-4e2e-a8cd-6e08024ea6d3'
 'a884c45c-6b60-44dd-9f88-d9075065a05e'
 '30976b11-c36c-40b9-a5d0-efb2c15e7578'
 '78c6b2ab-1cdf-4a61-93c8-f0e2920ebd01'
 'ca37f6b4-eb05-4830-8923-27e883ff0fc4'
 '4b72067b-2403-45b4-9481-39aa1081dafd'
 '4a7756a2-1318-4905-a2e5-f739c5412833'
 '9abed781-6455-43ee-981a-55f373ade880'
 '8e9fc354-499a-468c-bd1d-5a14cdbb3479'
 'cfcb98d2-3660-4da5-a469-18b413f0e0be'
 '328bfdfa-a105-49ad-b834-31ba9109d422'
 'fe442815-00a6-4755-b782-359219b53b5c'
 'e847c9dc-add3-4010-8f54-fa663723d3d3']","['020b31ef-4f6f-4c7c-8c70-e4d4d63fb3de'
 '027178b0-633d-49b8-b90e-a7d008031ff2'
 '03ded182-d366-4b80-b0b6-515b67a3b295'
 '0505876a-fc3e-445b-901a-ebdd48be4d49'
 '09aee9ef-3ffc-4886-99c6-2f4b47696d6c'
 '0e7121ed-b8b1-4dcf-aac6-e6f8f706c681'
 '11a0f96d-39b1-4fe9-956c-0a80efa405d5'
 '1289cb3b-7cc3-4519-b24a-b6fba6bedb34'
 '12e9ce83-9589-434e-8f81-04bcbd59f59d'
 '16edb801-77c5-4e72-b2c7-463e6a70a3bf'
 '19c04760-3a17-4cb4-91b8-02a2ac2b7c77'
 '1b71dc44-7650-471b-a788-5ba0d6aec287'
 '1b8799e9-2608-4504-9487-99fef6d53c63'
 '1bcd2cb7-d82a-4cc6-8aba-4ec20225c022'
 '213ec44f-3987-47a6-99ad-54e6ff1b132f'
 '2147485b-4fee-4391-8932-19550cd27cb0'
 '2152fb81-a343-4721-b1b6-e1816599a454'
 '23745037-6c97-4825-8d12-3f3d90d88023'
 '23ecf655-a1a1-4071-9db6-5d17b3f61e59'
 '2613afe7-0844-4990-9fd4-91fc9c56090f'
 '26b0266f-dedc-40a0-b61b-d347fd9e1759'
 '27d43fe6-7afb-4b31-9127-1bc976881448'
 '2b681b94-a1ae-4f38-aa71-84291b203a92'
 '2d10b065-7dbd-4b02-ada2-53ac8f752c25'
 '2fdb0337-ab44-479f-b983-e0c0ba9e0a3f'
 '30982720-63b4-4d68-bd57-e2ef09efb52f'
 '337affe2-2bdb-459f-80ef-4b465413fb29'
 '36be9c30-c8b1-4d35-a058-15ac072b63a0'
 '3d03965f-58e1-4b69-b504-8036b4a281ac'
 '3e921328-9cbc-4fd4-8552-2884c18962f6'
 '3f16e940-ea6d-46b0-8394-a848e8f896db'
 '416a429a-28dc-4133-bdd6-a5f9bdaccbea'
 '416c83ec-d682-4576-8296-e11ccc60902a'
 '47d51ae4-08ab-414a-8637-36d956df4679'
 '4856c92d-c6ba-48bf-b8d1-a7dc13056479'
 '4f2064ba-494a-4cec-9674-59ee8595c883'
 '4f70ff9f-77e6-4024-900e-f971f0eac8db'
 '510a7bb6-8863-488b-8c66-333e9105da30'
 '530aa98c-e231-48a4-bbcb-e0baf9adca9d'
 '54930a6e-0bc4-4324-bf98-020d4a063a0b'
 '5697b1c6-9ca9-4f86-ac8a-7f6976a1f620'
 '58f3ab10-2c6e-46c6-8f3d-5d61255561fe'
 '5978b509-6d83-41ef-af7e-d2e45d973471'
 '5edb94d8-76f2-4b03-b2cc-d08d455b5849'
 '6325ce9a-c040-4995-bf9e-c6f2c8ec35d7'
 '6b26b5f3-799e-47c1-852d-1fb73a997f81'
 '6b74fe12-d99a-4f48-b169-d2fb3cf04534'
 '6c89c6c3-b034-4bb6-8548-c2a51a4b1d75'
 '6d2342d4-731b-42e6-9a88-a121af6f8d97'
 '6dd376a7-6a01-4ab9-9225-1b18dcb6b04e'
 '6f5085bd-c2c9-4323-8cd7-f4e248f62406'
 '703a6053-a0bc-44fb-9976-d1d75c02c38f'
 '72017cf0-21c7-436b-9448-d8ad6140c4ca'
 '77010d4b-a607-4ec8-999a-c1bdd4374f30'
 '79a1a988-fadc-47ff-9a5d-59d1e67c2dee'
 '7be8e0eb-a654-470c-b63d-e1c7c94641fb'
 '7dc8b594-c5a2-4073-bdce-e659e0817ba3'
 '7f43299a-f7e1-4efc-94c2-f8160b8e4b4e'
 '87c93d62-9b2d-4123-b7ef-56d7d2c3243c'
 '8d6862b4-cbc9-4839-8731-3042ccd3b05d'
 '8f490f09-65fc-46ce-bb22-20b2ea454fef'
 '92d8572e-051e-4a87-a89e-9ae8eed46921'
 '94ce6bb9-be4c-4544-9c52-e992e0993e52'
 '980c37d5-e216-49d0-979b-2672010b58fe'
 '9943d0c0-68df-4a9b-b76d-d3ee0092d886'
 '9ab97057-8eb2-4322-a68e-3b3453324942'
 '9b4262f4-cab2-495a-97b5-a11861767a63'
 '9b4fcf14-c207-4797-a894-bcbf45c90167'
 '9cf27880-882c-4a51-a0a3-bf85518730cd'
 '9d909389-5d65-4e56-8ea7-949d7213a4ed'
 '9fb16070-bf73-46bb-953b-cbd3a3ef6765'
 'a03ae0c6-6d20-4a34-8de8-db5740fb1bff'
 'a2633b12-45ec-4f9a-8630-3f54aec636a4'
 'a463b722-583b-4b8a-849f-0cc9b9c9f408'
 'a6bd1797-7291-4de8-92ba-66ced0c7e752'
 'a77a18a9-a1f3-4754-a47a-9d98d4ad38c4'
 'aaed427e-1751-4b77-b987-97bacb907f1e'
 'acacc055-883b-4911-bd0f-e0c2c0b41a42'
 'ad1b0953-4c77-4576-aace-501d40542dca'
 'ae8a7139-9182-474a-991f-9018fd127a26'
 'b6588989-2963-4138-b52c-dad9d1569c20'
 'b761996b-9e22-480f-a5ba-d15998b219ed'
 'b9e6f7b1-646c-43e5-a2d5-c435299cbc01'
 'bd92236a-bfe9-4da8-9a7e-6d8a13e5de66'
 'bf7b02fb-53ae-4ac1-8905-f671a2a608b3'
 'bfeb2010-ad48-411a-a831-86cf5e88331c'
 'c4bf3527-0889-4cd6-900e-bf7be55a9f90'
 'c6180e4e-4ee7-4a08-a0cd-3d6d1602c02d'
 'c61b27c0-6f69-42b5-bc13-349da5eb2d27'
 'c7098f71-4238-4d23-a314-c8ce64bfce90'
 'cb1c6923-2c9e-4221-af6f-c38bfe7a8d4a'
 'cc7a30ca-470f-4432-be7d-e6940ee96c54'
 'cf0efd70-e7e8-492c-89c4-78a2ce7d4e03'
 'd1c6a893-b575-4fa0-8b0f-934f6362282d'
 'd2620154-d104-4e92-9c3a-4d444ac958ec'
 'd66d4e80-bf15-426b-bef0-a76d7afa78e1'
 'd7731d2d-41f4-42d1-80ec-c9a8dd4ae174'
 'd9b92094-6538-4b7b-a06a-36433d55dea9'
 'dc055c1c-09b1-4c0f-b61b-fe91351934f2'
 'dc5b1b30-ccc8-42ab-9566-fb0e4fbc3a83'
 'e1fa0b5c-4a6b-48bc-960a-5ff0b9fdcc1b'
 'e22334bd-ad35-401d-8bdd-ac28c2fb431a'
 'e4ae1af8-5fca-4ac9-9b9f-f7ac87656f50'
 'ebfd5649-ba27-412f-a2f2-a98dfc16e06e'
 'ee0a27b8-4434-4b2c-97c7-85d5a20ee1ee'
 'ee3adfc4-4786-4b8f-9f1f-e21c00a70a69'
 'f9a45499-c0b0-449d-98e0-fa2ceeb886da'
 'fd9563c1-d30e-4f26-ade8-5003c99fecf5']","['0e212d8c2c842ee5de12af1433ca1bc447466457d87d7873dc236531a59f56c27f20411f5b1eb47a8f697027a165c03b43f5f71976348f46b3caf662514fc44e'
 '12cc92b244fb719c597c724312e29eb64d5223e12466d22aa755d560a5c41b122565191de5abcdc210334538dc6974ba156f00f50a162499a1643a487900c50d'
 '3352eba8f84ba8640a78ca9657f477d850ca9e6d005207883d4d1591c3e8cafac7c72da89a8391fe078e518a460d5ed0fcc9ae2fabdbf3c81356ca520b3bda63'
 '363b6f4fe840a82e2f2626f490dcb8da3de821cda42ac4f70ba0da92fba6668706d3e8bf6ad7f088fd38c3486b672b17640aefe778000d68b857659286405ea0'
 '3b0f664f0ab6f6b621a0fbc1704ccc47b2f2142048df8c79dbaecda250a4e4d9799e7a03d91dcdd7e34ffd14252659da79f404611807085c1a133e0a3a2c4c29'
 '52210322972c047efc7689da633097a5df8ebccef9995944df73c65ace381727b5e957bf05ca9fb923614ca21f8a668a019c808fee804e714d274f8988e0e0d2'
 '6b7711be923ef18d996b237c5656a6e7b959f06d5000fe52aaf758e5fb648caeb02c40857bc1e3233fc0dd9f6e4ea63ef7e863fb76631f043133796dfec81c26'
 '6d208a36bd885480fa5e8815c6d630af747763f9451c7d58cadf8ae4a69136a79bde5ac0e92a52cbe057a7690a2436ba69dc9ecf4f6fac9162bc6ab5517b2a58'
 '916df53df347ea8d591a39d75bfe49c9daf343e44bd0f7fcd5a3e80616d29787d6d759260a78c8010be13389ce5c71c5a7b649f82b1a94b798dfd0b9138a5bd1'
 '9609f731b2a1d479a0b1fa68f88c75b8c3461935601ffe88d4cfc8df0b1379cf4e596ef472e2ed824cc0fe7b6dbd0218447501e6f7c382a1a26e1db6352b7c15'
 '97f704f729baa12c0e2b11bd17d01198b85340ee2d9fc65ac747ebaab61fa6bc63aed99a2ae144e4b0686faa762d4ff03b31c2b12f0ec3c2bf1cda251e23d289'
 '9b5d6687000c0133f81778a533091cc0a229a0239e3e0d496b499a8438ae27709675065c4f39211ee02bf9bb8abaeaba0e8e221101f3443368e84b5b8152406e'
 'a7b9f4293708ad1fe7cc43e307725bc7b8f026a699a69216fb1c6d3ace1508b33ebf3ac19290f66771cc4d87a263678906390389a02d2a9564a8027672cb155a'
 'ab1c1c83a9f14dae2c811c808ef239ac2aba116e004b6113e443fddea8fc1801171748bc0b19ea25533c075f5585a3694a64eafabd46b4ee9b94199edb2727d1'
 'ac816b54ac70f1e2697a0fc2cc646c6a9319c8b2da14228b3ac6b76a0dd992ee5c7cee7e7986e8ab08a9d457617b74a833be81924604ec8d1c29d35b02f46926'
 'b6978ecd73eb039a3d5f6955b3e9166b875eefe1f277baed3f7b3270d87d5bc929a91f1edf19c20b6a2a48d4ea9ed42d5bbdb824426fdda4bbf3a8748a5125ef'
 'b7c0c77b69c85f2ee8a5a970b872191009c317829a2677878f23b533131b17134c3eebe9906cad71163f8025abd5218b734cc9d7f389f2507e73ab2893d744b5'
 'c01220242d7d3b6157eaf91fb6ad7e5f05d455441d91a2b77db0127e02b0fe7423ed15b66ae28fd3fab0125ef1b99725bfc52b50ef58fe62288f8190496b38bf'
 'c36e8fb29051175ed7d04bcfd393b599d986674bccfcbc008273d791e9b2ae5ed0359af6c9190422bb219b73ff6cf1726e092e84bde9fcc196c168529c7851ef'
 'c56c082a1d67f7a82ea50c939b5293fc77c796523b73fbda1c19edae6897f1fbb60357c03d3a6538e7734aa79ad8dcd84e0eacca00191b66600d512dfa072bbf'
 'de94d2a51c5eabe241bc242da808e240a27bbb801f7ba6cbc0ddb22bddc136d98d6c1c0bb0d8d0f35ebecf1b00dedbf27113516bc4857e793c2c5ad3ad6d3e39'
 'e39433eef3f59bb2bbddbab5bdebd461a1380645820dfc011d01cc24749184bd0555fd7e8aed1306a32718535e5ec92c234dee2031f4b07f8a3e1357dc93c88f'
 'eb23a2a465336b5ec6faea7509e9d96170613d5d7809facc0263e3da0a323f991faad9182bbef36140b0c9d2dcbdac84f118f661ee526045ce28f1a77a0c11b6'
 'f774ecc5ad11c6218cf9a5fa3956561dae8d217b440ba4206959b9b5c33aeca048a105c46772bb22452034ff8e2ac6545387df78983c45e384ec2b379e14652f']",2026-03-10,61
272f4fb8-024b-4b53-96af-caaf4a8404b6,22,22,0,-1,[],Community 22,"['e4cb597a-c7ee-4438-9f3d-3a005865f82b'
 '783f8712-f67d-4966-a90c-852d6da33fda'
 '5099e95d-5423-484e-ae86-cda8318029a6'
 '98eaadbe-1576-453a-8240-cc09d8de394d'
 'c188f575-9676-43e9-bc1b-8e0220f9f2a9'
 '8ed535ff-fa7d-4491-8f37-28ab1beb5c8c'
 'e41cbe5b-bb87-4b39-baf6-faef9091bb30'
 '2ec1851e-043d-4b41-a23b-2eab6c1590c9'
 'c8e290c2-773a-4d9a-a3ab-65555f84fc8a']","['0d517bbf-17d9-454d-8c75-da981e4be4d6'
 '0fc9099c-b1a0-47b5-8ed9-16fd29c1964d'
 '2174d97a-7629-41e1-935d-eb270a432603'
 '2828b48a-a7de-4aa2-8a78-178105a199d2'
 '2e331034-f2e6-4fbd-b4bd-95a7881f9826'
 '711a4faa-be88-49ca-beeb-532e1c688241'
 '7cfce2a7-4b28-4b67-b263-ec063aa8ecd5'
 '881d9bb6-ae70-4643-965c-c87ba7a92890'
 'bbad620b-5cc9-4c83-b359-69055599c8d0'
 'cec8b1a5-c57e-457f-9e84-a1d5c05f146e']","['b7e036cfc0af89cf534a04c0ac3f2fbc6e874136c11185ada17d5096022d926e9e2a09a1ed4b0e1ea393f799d3d6d782ee1649ce5ddcc0bd974e684c92a1a789'
 'ccbf411f1a66481699252f8cb9e85d8df150e97c43a6b3c3f919ffbc45859680e8bf5b6f2d63ef233da57cdc721b8950ef6a39a756dc89bd366ef297bf01c26a'
 'cf6560c767b9165c044e09371c8f7ee8b1b362c41d3972f1359a4a04bdf6c98613429167ddc37d13b276146275fe8dbef99bf59168f48c665d44b1108e8b33b2'
 'ff40d9d77831c63126abcff57c0dc9b00a0481a114fd14b41eb87b1817126e86e2d78f953b428ca1a255ba69368d9aad3a9cfb384173b77490f104c4d8e6c2c0']",2026-03-10,9
f63e3440-d1d0-4982-8aac-3aa933897091,23,23,0,-1,[117 118 119 120 121],Community 23,"['f51a431a-39ec-47bd-8b50-c0bcc4ab8f85'
 'b3e93546-76ab-4e44-ad7a-aac2e9a6b094'
 'a6b9c741-3fba-4306-b69e-fca1673301f8'
 'c2b3c508-5ed6-4bec-86aa-453d83323d50'
 '4b715d4b-aa90-4594-93e8-cbcda6a191af'
 'd0acb291-5ca1-4c8b-8b88-229172464051'
 'fc5d538a-f36e-49d3-af9b-875374d57f4f'
 'e7914035-4e45-4eea-bd61-fc12ead633a0'
 '2d7195bb-3b37-4f46-8d3d-329b972a09c8'
 '8ec8617f-d3b0-44f0-9d4f-1ecc352e77a4'
 '9ad44886-2f91-4932-bc3c-135edafd0f8b'
 '631f2f54-2522-4c01-bc3a-1074a9bcc833'
 'b0dc68e4-5ac1-4ac6-9e09-dffb2b04c744'
 'c5f6587e-8a5d-42ad-866f-d19d9bd5a965'
 '610aa711-e5eb-4070-87ea-d957c5dbddbb'
 'bf691558-ed9c-483a-9da6-b7d1f0922747'
 '5f4447ce-6308-4f27-868d-d03aa826eb14'
 'fc7b4882-bed6-4fd3-8c7a-8c5e2391788e'
 'cdccccdf-64c9-4add-b3ea-05df9140c861'
 'e9fe0c78-2557-4f34-9099-5646a0100122'
 'd58ecbb9-0633-4328-93e2-cb997c65f72f'
 '16d66934-2f34-47c2-a976-dc5f2fc31119'
 '0e38d715-07d4-4139-a116-41b7cee3d30c'
 'fbc7cd84-3753-46b0-9700-39bb036a4fdd'
 '02a31426-53f8-4465-9eb2-624bcdcb5e20'
 '7f681f7a-7925-4600-a72b-b9de0e2344c6'
 '4e64d414-bce4-43ed-8ea5-3da276928f91'
 'fca0831b-0909-4c40-b802-553f8fa9c1b5']","['146900ca-5182-4fa0-acbb-ccccac433d8e'
 '31baf1a5-c48a-481e-9f7e-8661558809cd'
 '3d04e0e8-ca98-404b-9e71-ed193746b59d'
 '43ec47f5-3f4b-465f-b8ac-281f5922a8b7'
 '479375e7-b443-4baa-a9ee-8ae3ecdf9497'
 '4c8d1a8a-2302-43e5-8438-c773e02856a8'
 '52c74de9-8c88-4428-97d6-914101e1a5a6'
 '580ddb4f-78c1-4e7d-9980-39e076862fbb'
 '5c5317a6-0596-4440-9c46-c2f79dfed508'
 '5dcf5ea9-33f9-476c-ac49-27f8f68a9a19'
 '5ea0263a-0ae9-4aa7-ad33-496303346784'
 '6851bd59-a061-4001-a243-79a91be572ca'
 '7482f869-4ba6-4a53-afc2-05d19005f01e'
 '833ea81c-ac89-457e-9583-fe16ba698825'
 '9d6f6b25-331e-40a2-bc10-96741c07fff4'
 'b145f1b7-8544-405f-a8c6-d236b5c9aaec'
 'b38c2a57-20a7-4218-b128-f1fef511c278'
 'b63764fc-bee8-40b6-bb0a-128d0e7e0468'
 'b7fe730a-0ebc-47f4-94a0-acb2b468c089'
 'c21a566d-e9ba-4527-9291-8d1b82166cf8'
 'c2fd19ce-15b2-47cb-82d0-39a03ed953c5'
 'c98a1eda-08fa-49b2-98e6-dd193890969d'
 'd1c90309-ee9d-471a-a8b6-32e3f59eb44f'
 'd549081b-3c14-4024-88b6-28754e3dcedb'
 'e4cae90b-a266-405d-ac35-d0405a85d02d'
 'e78cc797-d98a-4864-89bb-6f0d8f2da07f'
 'fcf8294c-97be-4266-9b33-58997d52d4dd']","['00f6ae08bfe86a45fb0a5b9bb0c1af4689dc9a8bf3e904dafc085247d4891d45662af08314d8f37937a0c4846545bd0e0f2b558d3b42b0faee320aca0426b1c1'
 '0e212d8c2c842ee5de12af1433ca1bc447466457d87d7873dc236531a59f56c27f20411f5b1eb47a8f697027a165c03b43f5f71976348f46b3caf662514fc44e'
 '66fafb979e4741dbb83cfb0ca734aaa23ede790ff25a511a005a58515b4535623120fb9baa7f15c331ad249821458a0f77372a614c234d1309dfdfc250b296dd'
 '96c1d632d42d78b15760ba4e1da4df401b53c363449c8289a6c5a8655253b6e3367dc93e0498869705de3a1078f9431e54990c712a7219ef6884c8a8885a035c'
 '9f81bb0dfa68383ef965a49ec91f6381dd3ee979affcba00e97739485898f4879f056536be963c4b75267f7db88acc08239fdabffc0c8e50fe78058d83d6a55b'
 'b1ee9fca7026d9a451701ab580130239412496d9c903653e2dffdb84d5e68840671b7da965cc3cea481a2b77c5e406d3237826861317b0a52491a46758b864ff'
 'd5d200ef93d93866b561dd8cb03e74a5748e8ae0aaab5cbd52d2ab857fd174e745f411979e64d9bfd7d0aee4e5fdafde72f1564a9a8224b23a51382462516ff6'
 'e39433eef3f59bb2bbddbab5bdebd461a1380645820dfc011d01cc24749184bd0555fd7e8aed1306a32718535e5ec92c234dee2031f4b07f8a3e1357dc93c88f'
 'f72233ede15c2dc81218d7f98944f4209aa7e8bb9f6126c542a9998661b0591c528ba82b118b3431299cd79041f10bc9c4b3ae009e206f21a3c91060b5431cae']",2026-03-10,28
284652ca-4b9e-4267-ae42-6066d3572dce,24,24,0,-1,[122 123 124 125],Community 24,"['6951799d-12af-43be-839f-ca719fcd68a0'
 'f8bca620-6c35-47f5-8315-792dc1e86a9f'
 'c8091bb6-6255-4866-a6ed-d8cf7b74b088'
 'cb790e84-ed69-496c-9d26-9cb94654f6e4'
 '4ed8504c-8726-4713-bcc7-8b9a723b3a02'
 '1bce0cdd-740c-4409-a78b-78d6cc9b2563'
 '15fdf3e0-2ba3-42e6-9458-2ac1a041dfa2'
 '068745fc-4762-46df-ac9a-735ee66d5a71'
 'b7e1b75e-3d2b-4edf-a697-4c3020a712fc'
 'c143eb70-936f-4059-a369-0141765f1314'
 'fd28b7e2-ff46-4c3f-873d-7d902620849b'
 '39e89f34-91aa-4d48-9024-611ae345cdb5'
 'c522c507-5071-4468-b097-986cf03eeddb'
 '1f2469ca-5d9d-484b-8513-489d0859c14b'
 '3bf4edfc-e49d-43fb-bca6-52ead6ed53c7'
 '6c2dfe96-aea9-4d31-83f6-aaabdf9d5b10'
 '72037f24-ef81-4192-90d2-cde23dd21363'
 'd3bf323e-14d9-46d9-93a0-cc03cbf7474b'
 '4980d5d7-a4b0-4d8c-a7dd-b55f111e246a']","['00fdaf84-4303-4d79-a349-69fbca4cfd1d'
 '0f7cab0b-dcb5-4e87-adc5-5cd37c9e691d'
 '13bba77a-babf-4260-9c35-492c5f12ca98'
 '13ee040e-35a1-48eb-9fc2-7c088e5902f7'
 '142f8968-12b0-4d5e-a852-47359d9f8296'
 '2c66974d-79d7-4dfa-886a-e5f2fee5e07a'
 '341b4239-68d1-472b-959a-2f551ecfdec0'
 '3a528e63-7685-4034-908c-5bc12d580404'
 '4c791adc-2c6d-4fda-bb87-df53e794a8e4'
 '6dd13fdf-5d97-4206-a124-bb448fb6193a'
 '7f9b0ccf-d677-47cf-be84-efeccade67df'
 '9a61bca4-a00e-4d50-9bc3-35b5ed545eba'
 'a0cf725a-55ea-43f4-9e6d-8dc8b4650c75'
 'aa07870a-b033-40c7-baa6-03e6a44e120f'
 'd209503f-fa6c-4d42-99ff-afe2fe0eae33'
 'dc8ba7a1-0616-40c3-a203-656d407eb3ff'
 'de6fa9f5-7d52-48db-a949-035ea37932d1'
 'e0ff1c4e-0f33-44d6-8f37-2716886e6c18'
 'eb2fb2ee-d900-4e79-88c8-c0fded805616'
 'f3abea96-c828-4090-a5ce-33508494b462'
 'fdb1a3a8-39c7-4180-81bc-f2cd925be245']","['3352eba8f84ba8640a78ca9657f477d850ca9e6d005207883d4d1591c3e8cafac7c72da89a8391fe078e518a460d5ed0fcc9ae2fabdbf3c81356ca520b3bda63'
 '7b28720f03d13bef2702c66cb2c05b381e779fa77183aa5ec27590e416bac4b2f4f5d08c8f297dbe2195c0c8ee280baa612ae77afa79f7a6238aafdc10aef424'
 'ab1c1c83a9f14dae2c811c808ef239ac2aba116e004b6113e443fddea8fc1801171748bc0b19ea25533c075f5585a3694a64eafabd46b4ee9b94199edb2727d1'
 'bb1a3a620ad8c9b31515c381365490a46bcb0260b708dd91af194d4fe365f38f47b9db95f3e58f05d916c2f0e23cef7de3a93c8bc39b22fdad94a5369947915a'
 'c01220242d7d3b6157eaf91fb6ad7e5f05d455441d91a2b77db0127e02b0fe7423ed15b66ae28fd3fab0125ef1b99725bfc52b50ef58fe62288f8190496b38bf'
 'ede3004f346fbf57178f109ccc246e3bc4937d91f3d8b4e360bb31965da2efe4d9269ff0f33f06a316cd47f9c5fcdcd614dd46895241fb926660d433e9caa6ab']",2026-03-10,19
21ecd8c4-357a-4c1d-862e-e932eb5598b1,25,25,0,-1,[],Community 25,"['4aab4d03-ce66-4db6-a788-9003c27b2b31'
 '8af4de3f-2a72-400a-9ce8-0552e05b4e4f'
 '66d4fce7-68da-448b-afbe-f5b410881b51']","['34374e9f-6fa6-499e-83bf-857bb3e7f6b4'
 'f0687221-dd65-425c-bfac-114893023fac']",['83cf6962c20483778fbd6251a054ccead28d13f98bdd95ff3df5e4190d2ebe17c49c49e769e8b29f970f85ee84c91aa5569c9e390ca6d6547ad29dd36502530d'],2026-03-10,3
0553a869-1c5b-4389-ab74-264c9571e354,26,26,1,0,[126 127 128 129],Community 26,"['c5f6d5c9-f8eb-4880-9972-3bb50f919e50'
 '082d392d-41f1-451d-9b86-8b2d9ddee321'
 'd179734e-c27b-4cc7-af58-36a13b478bf3'
 'c14079f6-f7de-42fe-8423-2d3b85cf1112'
 '82037508-fe83-4445-a000-edadc7df1be6'
 '3420f000-8c13-4958-a14f-c140f5f425aa'
 'c44d8218-87be-4e52-b2c8-6193f264762b'
 '79f0d7ba-c348-4761-9c9c-0fb5ed82672d'
 'deda2e9a-1349-4962-9394-e5f9634ed1a5'
 'acb80d6e-7c9d-471d-9adf-b49fab511b13'
 'a3479b4d-0655-418e-ae44-02213288ffe7'
 'd3683f44-ac4a-4da5-9625-cc27a4579bc8'
 'cb9c02fd-f3de-4b1a-bdff-69a232667e00'
 'e8d7630c-ecf2-4adb-bc0c-7707f1c3878c'
 'b0497930-a6cb-4745-b64a-26a487a2bcd0'
 '60a96662-5914-4e88-960d-fa567bbecc97'
 '5324fc85-7081-4174-bdc5-d77fd44757e6'
 '3f35d186-2ef8-4ccc-991b-fb60b0b68e3a'
 'd810c848-a342-4f80-ae9d-2b08854d2b8e'
 '6b8fa4fb-e324-4153-b08b-04fa7563b2be'
 '837f70d9-8929-415c-bb06-bf72c8142a2a'
 '7e9f3318-9e11-44ce-a810-19bbba14c4c9'
 'f31e4c51-2e2f-48b4-8466-c14597dcf075'
 'f6c2bf65-3705-4083-aff1-c91763ecd569'
 '92eb3879-a265-402c-97b9-0b5fd6d7060c'
 'a862d62b-dc62-470c-b4ef-735109c61e30'
 '0c91020f-727f-485c-b15f-d7c1eb215b01'
 '70982d2a-7b7d-4418-ad70-6f8ae6d3b0b2'
 'c5977058-6d9d-4d97-bd16-1a8f1d7a5c33'
 '0e0dcd8e-855b-4482-b473-a2a3b9eb89de'
 'af9a1b5a-ac47-4d9e-bdc6-ae8212c03123'
 '9890419a-57c6-4a97-830e-09c74644b912'
 'f346902a-dee6-4c31-82da-0df2e2e5d439'
 '134438a7-322b-43ce-a196-f5fc45cc0ddf'
 '2c812533-1cac-4757-86ec-a4fa90725e7e'
 '7e96821e-3b06-4dee-9489-c33b7815ea01'
 'b965c0f0-9ddb-43a1-add7-a5a5fe6da189'
 'c3f3e0a2-b439-418c-8e3a-dfe05188e92e'
 'e9d6bcc9-5f3d-4915-a806-51230b24e5af'
 'bea21670-a3c2-48d6-8673-c62d7aeaa345'
 '766f8b41-d883-4d34-b46e-ee1ce2c77236'
 '665a698f-e705-4b5b-9107-233c8e0bc8bf'
 'b1e81cc1-f898-4d8f-81e5-5e616c823016'
 '4eec85d3-569f-4a18-b40d-704627e2ad91'
 'abc6ab7a-56c6-43b5-be23-9a5d90c036fd'
 '4f1c0085-a439-48cf-bf54-fc60e20072de'
 '6c58efd3-7023-4b35-ab47-4c798a231d12'
 '4c01ed94-9bbb-4838-a49a-50ba1bfaa8a1'
 '9f3d55ea-b463-4bc2-92b6-b4f9ee1b1035'
 'e7089b88-114b-4106-a9bc-1cb868d81fbd'
 '80f7ff0a-09b0-46d6-a802-a0bcdc67654d'
 '2c065420-fa9a-48be-b526-01d0cc1c97d2'
 '6394ca1e-ea25-4af0-b53a-1af7f7524b8a'
 '2cc32c75-4ac1-4c3e-be54-cb6c4b8b071f'
 '3ec22bd9-e34d-403b-88ab-b35e4f8620fa'
 'd446b0a9-fbd5-4e9e-92d4-68da78e6b6a7'
 'bffe8fae-74bb-4f73-a514-82260e8fdf3a'
 '621bab2d-b669-41d3-a004-864dd404842c'
 'a95a939f-c89c-4c8e-bf07-18530a1fd66c'
 '439f5712-6504-4a85-8506-aba3d4f1f28d'
 '084ae6bb-650d-4381-86f7-200366fdc9d4'
 'c07bad11-ceea-4fcc-8802-422e4bd12d14'
 '5c897264-c436-4784-9cf3-39fc7b4ea2b5'
 'cc7fa090-1e9f-40f8-8f54-9657e50c1e29'
 '3fd6d349-47cf-46c8-8521-4060e655bf92'
 '3acafcc5-ef29-4bf3-b0bf-08c344c8b974'
 'f6166f18-e613-4966-a98d-77c5b3195d08'
 '76154fee-b9c6-4e79-a50a-21abd98241cd'
 '4c35f206-cc9e-420a-8dd1-88613035a6e0'
 '3fbdc1d0-a214-4247-823d-9f4024f6847d'
 '67df9ada-c846-47f3-9bdc-b61b01b147ed'
 '894ec75b-5b9a-42ac-9f86-8d357ec6473c'
 '7d777bb2-0c76-4ac1-8785-7129d390adca'
 '7a381b76-fbfd-42f1-a833-2c1e2af94c7c'
 '9603fefd-9820-45e8-9569-3c89bd5b1565'
 '9b6e30ef-3db1-434f-86a4-196fd6c79b16'
 '03dabc9f-42bb-41f0-9fff-836fbad1b2f7'
 'd2d87cd6-f006-46a0-9f4e-84783a2215c5'
 'edc66e3e-dc28-4ac5-a5fb-f22456fc60e5'
 '3519be6c-45c0-427c-93a2-5d326e05751f'
 'b2f87ed5-886e-49ea-8e08-60740102f5d1'
 '89d8236f-c157-44c6-b483-657d06bff2eb'
 'feefc672-655c-4aff-b2ee-c64cb61d94c6'
 'c9a25b4e-a7ee-43af-941a-45ee768598c6'
 'c8fb2a7c-7258-40fd-8357-6be67fba6d69'
 'e2b1bb6e-34bf-433a-b85a-466515606117'
 'fc6f79be-783b-4365-bee3-8694b36988a6'
 '9c1ab6e3-ec01-4859-ba70-b2564e27c436'
 '31c09abe-7191-40a0-a521-a92afbdfef1a'
 '548fdb91-a671-471a-bb99-1e45d1384931'
 'dc317054-721f-4c91-924e-8c8ac93901ec'
 'a80e3149-71f1-4bd6-ae30-70e8d51267fc'
 '39a316a5-0cf6-401c-bb63-11711db362a8'
 'bd532165-116e-498f-ab87-7400a2c587bb'
 '8b0b89e6-0513-4e1e-8de8-8921f331d244'
 '95c2221c-a8d4-4c4b-92c4-2d0063b59b45'
 '7cd243f9-a35e-4f44-a071-dfccdb964aee'
 'ee64591f-76e8-4f6f-abf7-f6a2705b7f49'
 '3222d7d8-8994-417d-aebb-e6ad00f347d7'
 '77313625-08ba-4665-8794-d38f40cd7366'
 'c1b2e10b-6cb2-4a40-bcfe-863d06a02842'
 '3b6929ca-c0ca-487a-a0f1-dd2f76a75551'
 'fb0ca29f-77bc-4651-9df4-e5247c7bc30c'
 '81046c94-5b2d-41f0-bb4e-35bc4ae204a8'
 'a29ec8a2-d617-4fbd-bdc0-a688d7612b9f'
 '089dd78c-bb7b-464d-9a11-7de4f9f59177'
 'c77afdf4-4824-4763-94c2-c1786b8a5ed5'
 '6b15a320-7946-4420-9e9a-1ceaeefe77b9'
 'd14c01b3-4038-4981-bc73-a3bc16d1650b'
 '8cfd6047-688b-4abc-b9f1-43444b8abce4'
 '2fdb164e-50c1-43ff-ab4c-c7dbcb61169f'
 '19f6e404-7539-4495-b9df-559faea92871'
 'af9b8a0d-41ea-4ebf-ac48-0f3c83d33e60']","['01f3ed6a-0e22-451c-aaae-2ed075368638'
 '052db005-c1a9-48d0-aa61-c1f679bea04a'
 '084bf73b-164a-4dd1-a4eb-57d951ad98c4'
 '095ad7d0-9ab2-4370-bbcb-55eb684024ea'
 '0dc199f9-5a86-4193-a4b2-bd4ec3a95f17'
 '0fbd6ab3-d150-4e5e-a35a-f8849bb342bc'
 '10196252-f8ed-4bf5-b5da-b204b2379658'
 '11dcb60e-836a-4adb-9b06-fce3d77dda54'
 '1271cd11-936f-446b-8324-ce3bf88e4dcb'
 '1387505b-e20a-4ec2-9697-71242b6c11de'
 '155b5a73-44cb-442b-9086-125a4a7dd530'
 '15d6d10d-07ef-419a-b22d-d1af33fd734b'
 '188713df-54a4-43c9-b44c-2bf5a6cd1a14'
 '198bed2e-086a-4701-97ee-d2fdec2c7901'
 '1dffe345-d9ad-434d-a03b-ccb245a8de58'
 '1fa212f0-ddc6-4b86-aeab-c55d875a500a'
 '2405ce3e-5fc6-40d0-bbff-e907932dbd31'
 '256c5a9c-bce4-45d7-8ee8-34c0bc802775'
 '26450361-aafd-4dbf-a7e5-7a47299213ec'
 '2864f459-21cc-433f-b15f-e606fcd8b0b3'
 '2dd1bd4f-9985-438d-8be8-b4186f1fd157'
 '2fcd3365-08e7-4ba7-99f9-3737aeb47155'
 '31264582-5611-4470-bd9a-22ee16130643'
 '338ba3dd-9d3c-4254-a9ea-c329f0ead893'
 '34ac994d-7b14-4550-8d21-1e15413c42bf'
 '37be96da-88d1-4f09-a970-08a6ab53a90f'
 '392da3e6-0b3f-48e9-b33f-67c80017b9bd'
 '3ba1580e-1d05-4fec-949e-82c49ca2732a'
 '418cc530-38b3-4a0f-87e7-95419eed3042'
 '4658debd-80e9-4d1c-91e8-23bab5a0185a'
 '4b88580b-fabc-43e0-bcf1-97c99aa65612'
 '540f206c-4310-40da-950f-c6dca20465b3'
 '55d20060-160e-4a06-a08c-e2dc1ee30242'
 '56918dd4-091d-489b-929f-4a7426773de6'
 '59570858-4462-4501-8528-30a1b3b88e4e'
 '5fb48f50-626b-45a1-95a4-e8b39c8eef28'
 '61edec98-ac98-4caf-bfbe-881eef073530'
 '63c6b517-c8ab-4e9e-8cdc-af14cad86f98'
 '66372d36-d54b-4014-8fb4-8bb59a5b1faa'
 '6ef9408d-b8b7-4063-8b5f-c56975fa2481'
 '72269967-2d36-4acc-a3d4-2cdd801275fc'
 '72deefd2-cb18-44ee-97c8-6f3a2df7fe72'
 '7311fb5f-4706-42c5-a99c-cd9b9263c5a1'
 '74cfc715-5e71-439e-9705-4a51bca97528'
 '769a9aeb-25e9-4052-83d9-a563977e83ea'
 '78eb35fb-c797-4604-8457-781eedbc4482'
 '7d1bfc46-e948-49ba-b4a7-9a31dd11e78f'
 '7d3add9d-2f29-42e6-a25d-5f002737950f'
 '7e1b0fd8-39fc-48a0-8240-21a18abbf766'
 '8224c586-a151-46c8-8250-9e67705124b7'
 '838c7e3c-a90a-4666-aa87-b7bbe8338bae'
 '85304052-0833-4fe6-a24a-447f98356bdc'
 '86760980-7819-4088-ada3-2e61797c76c0'
 '88e4d062-a284-4a64-a44c-049089ffa68e'
 '88ed6d4e-489b-4eb5-9b8b-84a4045def18'
 '8beaa281-d690-428f-bc03-ac4dd93980cb'
 '8d8989d8-87e2-443d-aa1b-3a865c3a7ac4'
 '8d9c65a4-a511-43fa-9b9e-857159ad1edf'
 '90327990-fb84-48db-a15c-54143a784a1a'
 '922cc63b-5b61-48b3-a015-de0ab94fff5f'
 '930911ce-13e5-4fa0-9fa0-e2e54817a59c'
 '93513810-3b0c-446b-b8f1-40272f9adc5c'
 '940c6bf6-b91b-4ee6-ba76-24601bf582ae'
 '9a3c5be4-1303-43f6-a32e-074187aa4380'
 '9a527093-85f7-4929-86c4-7c59c868b455'
 '9c2c3778-91c3-4af2-a90a-2b8146ea0a79'
 '9fa3e7b8-75e9-4eda-83f3-1d534b675054'
 '9faadccf-617d-4867-85c3-9d1fb1f30c2f'
 'a161a5e6-7b91-4e15-8c90-cb0128df44c3'
 'a19810f9-3c05-4969-9b80-fdbecfe370f2'
 'a23d7646-14cc-45d5-a00f-90a825353989'
 'a31d152d-ab38-4a03-aec7-93e29a3fd578'
 'a4481e60-a7bb-4c40-904d-29c0360f8ab3'
 'a467b35b-a4e8-485a-93a6-aac414613f21'
 'a8f847c6-0732-476d-8c8d-6239a9165703'
 'a9772ecc-3970-463f-8420-4da9782314e2'
 'aa3b2929-729e-4b9d-a35f-cfc74684b7e8'
 'ab2c348b-6cac-46b6-889f-c30e8eaa7388'
 'ab6ef276-7615-4e12-9c38-30fb4dcb444b'
 'abf279c0-d537-408a-9245-635a7a9faf24'
 'ac94ff29-71e9-4475-b958-b56f2bb8786d'
 'afd05625-8f4c-4b6f-910c-2ad20ae85674'
 'b138e213-7f86-4f9b-8fd3-5311e6205837'
 'b16709db-fed1-4893-bebc-4f0ddb11fc17'
 'b1a13b79-1970-4123-bd8f-e0ee65a1c6e7'
 'b2480d0d-98d2-48d7-ba8c-c5dac6f96f67'
 'b5d3f7fb-f5e1-4d10-b777-54dcd6df4d7c'
 'b9b9e530-b0c2-41e1-8cc4-63d57bc789f8'
 'bb74ebfe-cff9-4ff7-9b03-60484e1fb12a'
 'bd460988-54ba-494b-a9d0-8ce55b872cc6'
 'bf9a8a6e-8055-4005-825e-3bb0bd6ffc34'
 'bfba0e4f-226f-4be8-bbce-ee70a10b76dc'
 'c132a2a1-cd2f-4f3e-a98b-39a69f87dea3'
 'c5243726-a0c6-44e7-9e08-9ce6803f2036'
 'c75daa64-8218-4e6d-8769-8f40d9fced4c'
 'c7da3bb3-3a12-465a-b509-3730d679913a'
 'c83f0fae-f5f7-4b81-a2a7-88d94b4ee606'
 'cc24df05-89c4-4e0d-8b5a-7dd0649ded41'
 'cff45b3a-f21b-43b7-b5ec-914653f31053'
 'd9de168c-bbe2-482c-99ac-f8269676fc12'
 'df9ebbb9-27ed-4c34-8500-188e40056e20'
 'e28648d9-b35c-4341-b7b5-cc7204c9dffc'
 'e6818396-5508-48ae-8888-7aaf4da61e27'
 'e817120f-ac36-443b-8356-205d8fb7a7d0'
 'e920f05d-5459-4e31-8bc0-d41ef456f11f'
 'eb363d01-4dcb-49f4-b5ea-239d4357060e'
 'ed136419-71d6-4b71-a231-6fbaa1bc2324'
 'f2d36576-4ed8-4871-9b88-66658784067a'
 'fb908924-1eab-4588-9159-664014398658'
 'fc10ec56-f497-4f40-8920-44d7d4c8720b'
 'fc959d42-92fe-4449-a1d2-62cba77f6e32'
 'fd57f56a-1e84-47d2-8b0d-e6298f00d18f'
 'fdf84868-eaa8-4b43-96f4-f4f024ce0b04'
 'fec05194-9d36-4651-a122-098a3cdde928']","['00f6ae08bfe86a45fb0a5b9bb0c1af4689dc9a8bf3e904dafc085247d4891d45662af08314d8f37937a0c4846545bd0e0f2b558d3b42b0faee320aca0426b1c1'
 '0b86a4c689db0891c92ce16db9aeb4a083baa3e53bdd292daf6b121d910b04d4630148908f86658eced07ddf5362ec575605b7082374336502884b7c628eb982'
 '0e212d8c2c842ee5de12af1433ca1bc447466457d87d7873dc236531a59f56c27f20411f5b1eb47a8f697027a165c03b43f5f71976348f46b3caf662514fc44e'
 '0e23d33c40ad564baa0084ebd8235cb1ce82f4d6b6fb48063d86fcb23695e22c4f9ce6522e3cbecd103ff6a44d061911281712609c45a72c04c899e10ca7d0dd'
 '148bb5ee1d2a73e26a81fe913e4da61f1347f1bc2dd855a432013c63e266eed6d08d8d2527f8195020d488dedebf886e6ad42aeaaf088b7a0af40376a96f29b8'
 '1c2d42cf24d5ef41eadbc348176fc20e538136d601d7796de053c8d108164282bc91e627d6fb591fd2b3c6605eec37ee0ee6a4acb7ae2873d039be0a367cabe9'
 '1ccf332050600409e1dbad13f94decee6940b9ec6f239effa49e9882fee6b553bdb6971bc000ce21309afaf6181ca56fa60f8272bf2855fc6b7ab8e99cfd6e92'
 '238dd9495214c1f5dabc20718c46f30b60e954190220bd99189450cd340b3ae336482beca52b26e8653e82062dffe95c5d2a0e85373cc3f8dcef7e787492ee35'
 '25b18de388931f8903d37959a37f3008502eecf4bb47d5e0221a8a2b9580f0a624fb2dc29dadc578ed1b3c682a20fea6cb4dc22e498bd0aa6214ce408fa6a9a2'
 '3094b23ee2b02a1ebf0e6f0494741e8b4c098d1401dd6d444c7e611df529f1098214f283638978a30c131cae8f3cbeaaf9679c1e01b075e601c671cf42b1e25c'
 '324e05cb98516ebf59b3f3abd2df7e50a2b035297a48a4083fbd34fd3c72c8d6b25f4e6dc2234b81b6a1d6ad73272dcb7501da75305ce73bde190f882d34b840'
 '33adf6669c49ae17123199758ecf1487a0e24187cf6dbde030ff357cd1e47a649457fae65658e881b9b0899b0a295f4aa42389d01e4bf17584c84704d42b1d3c'
 '363b6f4fe840a82e2f2626f490dcb8da3de821cda42ac4f70ba0da92fba6668706d3e8bf6ad7f088fd38c3486b672b17640aefe778000d68b857659286405ea0'
 '385f64f1d30ad793629774f67d67cb267548315f3c95c2a9d847a3e7ce87713464fdc490766f3f416a1a499d74df1fef5e81c0ee8a9d54d9ce1c8333c14738ba'
 '5257bc5aeadc011a5763e61ee07795768e01f63717209911c4c72123b1fbf5ce87dcfc3e1c9ce6d216a2937a8980d7fef0635b203fb0af5eb60a000b79d8eb41'
 '53fabd6061d68e4f513b61c3e6477b9cd8b31132a56304cced1927d39a54705928a4758e66e5cb83e1bee5033ada82da615495d4b0c574a901944fd41135269c'
 '55a10d2794ee69c451012e44ecfbbb5a8f608d0b5357030d506f20708b3c0ce2bc2e52fdced5a132300f441ba8ef197e7e5f7b55642edbc68b35acd72963c75c'
 '571033fb76c267906f15ebc5bb424e0f22da46345f9e8d60796f1d2d96929a6859c3df74ee25d5709bc2e5f464a592d92b8f77bf57b9a0d0c1e941963385ad77'
 '5b2b629e920eee7acb2a8b6ed13d94c3e4d8b59416c6f36d7802477626230f54f08867caab065896c2f88ed0b27e72192dcd00e91dd319384c60c93ff5dc53e0'
 '5b63b873de549d6d344f447abc1cb558376d4c89df8f6bba2193c6cb5828e68bacf693edd8957d0daede6afd8fdc9d428cfa79a86ff7eda644f9e280c67e8dee'
 '612bb6193eb44b324b88e46b2789875b47017b38a950f651fd11347e849a417a3bd8f8d8f6425e2f30b7166d7c97c95e5976862727f33ee6aeb55a98fd8c16b0'
 '62a47466ff3c57929d09f449a143d719d9e0c4c33a2338743752150ae1e4c2957880bdc8f4c0677380e65e1a18195cf13f183e5aaab54e3c84a17c22537c9d03'
 '66fafb979e4741dbb83cfb0ca734aaa23ede790ff25a511a005a58515b4535623120fb9baa7f15c331ad249821458a0f77372a614c234d1309dfdfc250b296dd'
 '6967dda71be8ac5f6b475081cd6c74f33a67f77933bc99b25f684006712cc4876a2c6d66e3ccfe136e49063e30594477597f27f1d7b39bb475e23abf98bb8a43'
 '6eb2b8b1524c28bc0053cbf873e3f40259309b5b241c9683197232afd54506ef35025bdf2e5057b9d6599f2a444874e8de0ded9c45c717c0766a48884f2aee4b'
 '6ec1ad07ab8fecc0b8b02363481c854b1b2c8755a4c92262c87b3e229378c526669403d98a93798f22e1b61557b4e90ed2a33dcbb7ea60da9bf7325a848a7b85'
 '6f662532be4c0657b471a6a0599a8ae2e2fd00fe3ddec932213106de821e247de0ad8656a2d6d72dfe5dcb0b590d3896c78793f6b7be0f7ae110d1bc00f0c1f9'
 '70a2289e3d01e3539fe24bc8816199ec843e6167c86c98eab9ae712b137d41c9258075897a7e3e9b5e140cfbf8f001570f2de182562d0fd13781b8f0c716aae2'
 '70bf9f2937b8e84f2405d2009afb5da01007649b583e9abbc237dc57c9c01be44a6842360e0d4c40e8e146de92db7d1d2bfbf179d856403f47423ee2b92b6b58'
 '79037074f25246054dfe6498136b54c0df01452fd049cd956a4f9a9e4c77532c26008d4cf6308be9c579313d6ce60601c5cc6ca776fffcfd68434de296336aac'
 '7df96ba999fd86c3f53a2801c1d437c090490d2e6f73ff64a161b03b42a251bca1d0eb837378e411e197af8a32124387943fe543cc06c13bcfc4c61300806918'
 '838241ab5933736345582486aa6a3c6ef34a8b5a5925ec6ed7838c7f2497326ae8b621d6dde31f95ad5e05a336393553e96c0d236222b23ad140bc513bf0cfd7'
 '83cf6962c20483778fbd6251a054ccead28d13f98bdd95ff3df5e4190d2ebe17c49c49e769e8b29f970f85ee84c91aa5569c9e390ca6d6547ad29dd36502530d'
 '8931f5c2719f51b2f9670b2d6459ef249a615ff1844aa72e17aae8f17efb1694bedb22ad4ac573f8d6ae43d180cff0ee4892d3597d879483f09e8da03c6bc511'
 '8a5a6e187c668bb2f8331df659df42e1806867580ac766ba79bd9efeba8f788a99d6677d88162b703da1dfef9d27fc7aee00093a794541110dbfebcba1a298b0'
 '8af246d5d04738aa8c9599b12c878506030941cc6a5621f9adbbb8d98c1fb4880084e5c5284116edaf802611d683dee4a814ada069156187b3d41d3af28bf19c'
 '8e89504c56712d7e6317736021612ef16ebddf16c46e654d54035c555b49620dfe19a8c613ebbd5416f9b95ce048c5e338d85bd7535a5d4c23921bf1ae047a96'
 '9163fe7435849a7229155d8ca9fe8afb3d35668734997cd20886f4de306ee0454721bd14840948a902a0df8ed0b7e53a94617524c099950812ad5a62fa108249'
 '92171d24eb1465a711a41f97a09e6b4153dae2530131e3d2f871759e91b8903eca9147047c4efce5204b356746e7a5811b0c876303dacf18d8abdb91980cb349'
 '9a5bce7c4b2093cdafaa92a7bc6374c323df0722adba465e9ab0083793d222455f7c4e1e318d2c8f8ba06374eabc88bc19cbe28552a4b45f5013dd3c5e4869ce'
 '9aa94102f7aba158ea3d373dbed33256cdf4db0dc5ffab4f7b99e7762c42772dde40488fb6f98144b7fb43ac908c855ac1adefb19d619a368ad6190b2a5f6666'
 'a458294f42bdaaae8a5136abe6b357403f239d96f1f8a9aaaa4098fa742c440394e325865db4db764526df44663b359523ca447f41647f170f492cd9550a6127'
 'a4d0b08467ce73e94c8ae21cbf1d5c9de2b28eb2b11f0d9600ba696f7deecf4bbb8dcc953f2c41adbc6ecd52451ed70a2ae271b631839da06fe4efc61527bdad'
 'a755a1d7c7d50241e949f3f67066a071d3040c44026ecbf4204c31719658d38c98068fe0a23f3f70426a030908bdcf57c15191f15e39db46ece7a311ac4175d5'
 'ab1aa3b942c12408a6b8a3ba6ef766a283fe1bae7713795f40592c20bcb95c8935df716b4bd34a5c45fa1ebf618efdb1e0afdcc7ef24c6cf6120d60e5f2e0568'
 'b3ceb375a55b4e7ba18f653347b41f2092a73eb984ff64b91f6e21e4da5953b02a42f3c83d12ce994fafb0f4cd8cbbbbeac31e1961147e1787e27cf87482d03d'
 'b7e036cfc0af89cf534a04c0ac3f2fbc6e874136c11185ada17d5096022d926e9e2a09a1ed4b0e1ea393f799d3d6d782ee1649ce5ddcc0bd974e684c92a1a789'
 'c140c162c90939e05a299d71572861e3812da213e3ed9a7bec1a0b3e61fdb805652a228f1d034b56e7b2b615d46016055104aaf15ae6f9d922243d025c251c97'
 'c7d1b4a4d6c1890a132c31e59180d731225566cf55ebabf81e05e51dc067c87990a977ce7b4870782038556add3f4a624eb29460e048396081cec193a59c7894'
 'cc7552a4470f83daa567f8735ddbe0b9b9143874dd8993828517b1a5270d0e39dd91dc7919dc1d958c9ed051b71fae43e379d61fed680859f0078e2e96ebdd60'
 'cd2a54931edbd63ab62b28d03fb6ddc8bbd6049351a8a7b80db264eabe008bc0920f5da9e2ed3d88844e80641d5c9f2e2d7520c695728aeb4104a942d6694f89'
 'cf6560c767b9165c044e09371c8f7ee8b1b362c41d3972f1359a4a04bdf6c98613429167ddc37d13b276146275fe8dbef99bf59168f48c665d44b1108e8b33b2'
 'd367f90eabc912a20127d093959a17ddc86a9a88de21f1419a4109388e57aa6cda506f9a92e29b80881246f38b934d6e4e57b35382930c0033fb9bb0245cad27'
 'd396ad18c1749b988bca89f716838ee064def48e3baf66155c6a4e509e4b83e0e0b8ee41ef6511e629b636a8f1500997f949c0d692d8fd6bf3e97d78fcad4005'
 'd84ba703d52a3d914db63991dd7036c3c2cda83c42cefb960e71eeaf2cf5e44b71830be54e88750763636d831cc2e64ba077b2488230c2b9a006fac35bf1bd7e'
 'd8d9a3197934f8295d637c2c482897a99e4b3b409fad0b67cd330937748967043e87566364fe646776d66e6aa13690b27f5474d37c5dc9c1ab29a2c41ecb3b68'
 'd9f6bea0a5ab1dc7bde9ebf7669fabe84fffb7deee4bb8bb67b0c35551979d2339d12c15802d5bd80ef750d064c46db2b29d58f4084b4ada538ca1df416ac78c'
 'e46eeb2680b79e516b9870bd93fa65eb50a69dcbfbd682f8bb828d016a324780c9c265003b55b9cb07448c5efa8cec73db9c6f2731ad970ba367c73234d0121d'
 'e49aff32a59ed37a6f07ad54de938177fc4f6c7a014d75cbb68b19876cc9726f90e380cb1a3239f8ae7e3499c97a4d6aa863c4733082e908275eadd69856fe51'
 'f1d2caf9b82ac1c50c286deac68819f12ae94d530212549de84ec29583ac195bf8f92185b57db573efd2db45182c070718c763dd01ca2300a3414e6e63110903'
 'f234e124dc5783cb0747886716e4ecf14c3e480669de8bf4513a70f4d0019343739bda38aba548f7aeadfb80ebb4169f3525b6a0d1100b3e7540440b2e727fed'
 'fb7370cd12edb63a270ed9c8382de34cfaec86c522dbf0efdf38274477f30c5d574515fc1c2488f84399f206e7414bb0563617bb165d3b6edc4015e80fbfa6eb'
 'ff40d9d77831c63126abcff57c0dc9b00a0481a114fd14b41eb87b1817126e86e2d78f953b428ca1a255ba69368d9aad3a9cfb384173b77490f104c4d8e6c2c0']",2026-03-10,113
aa6aa030-595b-4750-bc9a-3318f6255376,27,27,1,0,[],Community 27,"['09ce15cb-75b4-4d3e-a092-dcb5fd130e30'
 'cbbd71dc-b390-473b-8454-c24407cdc9e9']",['6cd69304-07ef-4139-aaf8-41387aa363ac'],['e46eeb2680b79e516b9870bd93fa65eb50a69dcbfbd682f8bb828d016a324780c9c265003b55b9cb07448c5efa8cec73db9c6f2731ad970ba367c73234d0121d'],2026-03-10,2
4b1b8a17-9ed7-4256-bb18-3e5e8a0131e9,28,28,1,0,[],Community 28,"['45634f2b-61bb-4499-bcc2-e16d456622be'
 'f876774e-8109-4973-ab87-780a0cf26034'
 '3cbae642-a6b1-4a8d-9baa-a01a380627e8'
 'e9b5b307-5b7b-428c-b06f-db91c6364fde']","['323b7943-83f1-4697-aa28-1d29fcc93c3e'
 'ba751b0d-c576-4e10-8dca-3f849dd8cccd'
 'e265078e-9240-4080-8eb7-eca3aa9de824']","['1ffe2d0bab187b0df1646a43533f007cf04968951108797f8a2079c7447cfe2c500113a87e98099ae88711680e4cdef578cde98d34f527406a6338fa908e5f3c'
 '62a47466ff3c57929d09f449a143d719d9e0c4c33a2338743752150ae1e4c2957880bdc8f4c0677380e65e1a18195cf13f183e5aaab54e3c84a17c22537c9d03']",2026-03-10,4
7d81d7b5-78ff-443f-9143-d6f7ccd3a756,29,29,1,0,[],Community 29,"['feb1caeb-3404-4349-9971-8685e023b889'
 'b3ef6a6c-5800-4400-be00-5b76d4d50b49']",['4989b104-c057-4275-85a5-7935ca1d386c'],['66209208e2347a494df585b3043c733e732556f0fb1c59d136397a89b7e5072224d9acd0be409bc30047755f31cd366f0c432821c50e393acbfd3e15b53fb4de'],2026-03-10,2
d784a932-7c0d-4480-a0ea-6106ccc784d6,30,30,1,0,[],Community 30,"['fbc1ae79-ec10-4ac1-acd4-65fc60d13a32'
 'db803de5-4a85-4b7c-b757-2dc42c56bb9a'
 '529608a4-820f-4185-b7b6-b77cfeba85f8'
 '92afd0c7-10b4-4eba-a112-2a2e2ce901a9'
 'c4f5a048-be35-4a9b-8017-fdb3ae619ad4'
 '79b4990e-ed5a-45fa-8fb7-193a9c473190']","['0f54c753-0a57-4680-bfa6-5ce26eb50344'
 '4ad02db9-d24e-4e0a-accb-11d3ae00f84c'
 '993660c2-879e-4a9d-a854-e3f83dc03467'
 'e3b43368-76fe-4fef-bb90-353fbb3dbf3e'
 'fac79243-dd8e-48a9-bfbe-2248a9b45e66']","['7dc3750a7b61d30cd6cc5688b4d45016d4f96591ef54ddff733bae89d5bb73b20cfe18b6b6892350c51657ee248e44b4e211c0ca4350661af7994b6df3cca7b4'
 'de94d2a51c5eabe241bc242da808e240a27bbb801f7ba6cbc0ddb22bddc136d98d6c1c0bb0d8d0f35ebecf1b00dedbf27113516bc4857e793c2c5ad3ad6d3e39']",2026-03-10,6
7a3a0cdc-6892-4c44-b747-99771c8d3277,31,31,1,0,[],Community 31,"['004382e9-1c54-4ad4-86c2-25f99f03b4c2'
 '52cea7c6-3651-4c13-84cb-4a213217b2ae'
 'd823897a-d102-4442-8b09-7cb1c1735459'
 '5c158e90-3323-41f5-977c-05c6a6a732de'
 '6f370ebc-28c3-47b9-9483-6e13112c6f7e']","['4b8bf56d-784a-4cae-8c6a-60244500250c'
 '4d029dd9-b9f3-4f50-bdca-8a99c19a7732'
 '89b1c0ad-c895-4e15-afd5-cda1225e55ac'
 'bac83cf8-3677-49d1-8165-1c0bc1ea3191']",['ccbf411f1a66481699252f8cb9e85d8df150e97c43a6b3c3f919ffbc45859680e8bf5b6f2d63ef233da57cdc721b8950ef6a39a756dc89bd366ef297bf01c26a'],2026-03-10,5
d6308371-003c-460c-b94e-455bc1d1c733,32,32,1,0,[130 131 132 133],Community 32,"['3ea4e624-afaf-449c-93c2-d46b45a94c6c'
 '3a9fb096-71ea-439a-9820-4b34c716ec50'
 'a1a98b5f-7245-45e6-bc2d-fbd4fffcfe4b'
 'dff3ffe1-c797-49a5-a7d4-29dfebe42ec8'
 'f4932f30-fa71-4ff6-9c84-ad040e1362b9'
 '6426a627-465e-46e0-9877-7addefcbda8a'
 '91f13df7-472b-49a8-bd21-1c606573fcfd'
 '881755d2-bb6b-479f-be31-79c337627010'
 '33ec2023-dedd-4172-bc20-36c12da20a81'
 '4214e139-777d-4e0e-bbbd-da449d0d69a8'
 '1035e0f0-f86b-4813-8d8f-bfb9cb8a83d7'
 'b6b2dc10-7be0-4304-9edc-4a56d8d63899'
 '690b67ba-4ddd-4421-9c79-397c19c31094'
 '27451d97-e9c6-4c48-be89-8110deeb2a03'
 '27ddfe54-c949-4ae8-907c-f6a495d105c8'
 'fd0400f6-8bc0-4ff6-8c38-a6cb0d178bff'
 'b0ee3359-33be-4018-8f17-731335da3eac'
 '09f840fb-577c-466d-988a-7bdae2b6580d'
 'da1dae88-7c95-4c19-815f-167d7dc03a41'
 '4bb2b862-78f0-4f1e-a3bc-add658c87bd5'
 'a85d6512-a52d-4d74-a7ac-2ed343e057d9'
 '3694925e-7749-4c81-9f81-faa681b58caf'
 '177028ee-8535-476e-8a5e-dc9c3df28682'
 '9d917f78-95f0-4186-adfd-41804059ff34'
 '6d23bdd2-19cd-4bce-8178-810920126250'
 '943b55dd-e426-4bcb-bef9-7c75d248a417'
 '0336811f-232d-4241-bf6a-b9eb74cd2d97'
 '26011183-cf1f-4247-aa8e-b318c6e3260d'
 '5c0a2943-8278-4ad0-83c1-e01f3d2c0bc6'
 '587bd51b-a6fc-4356-9a97-749bd63c24fd']","['068d55cb-83a1-4ff3-b398-a25bc9a80033'
 '07c785c0-0e65-47e6-b604-0c25695548d9'
 '0ec3073b-176b-41e9-8e6f-48102aaa46cf'
 '1055a410-991f-4cc9-9279-1a816c01e629'
 '10c08321-6d47-45ba-8fa7-e29514444c9f'
 '10e6ccb2-44c3-43a4-a6a0-1e4c90b43e84'
 '11140252-ea0f-4731-a9cd-856c553fa053'
 '12ff5fc7-f06c-4429-9317-0f03b2a6fd51'
 '1bb029a3-9448-4658-a1dc-bf941840cee7'
 '25ba805a-6583-4d3a-9ff0-264f32f4d1e4'
 '3ead1d93-1591-4866-9466-a72d8780b99b'
 '696b876c-b54e-4bd9-a351-fa6eac0c262a'
 '70ff349b-2124-4b77-bbe6-607518c9f52b'
 '75be5af8-4e4b-4f3a-817a-ab44571e0eac'
 '7e86a3cd-f6b3-4c4f-96d5-10ae746b741d'
 '86539ffc-032e-4c6b-bd09-d255915d532c'
 '8872b6b8-5e7f-4dc4-acb5-b421bfad7f18'
 '913062b6-680a-413d-b539-5ee7dc330a9c'
 '9f26dde7-9320-4ffe-9d29-9f59fa5552de'
 'a032fe7f-7ee3-4211-a1fe-0466acf91d75'
 'a57c4a76-036b-4533-b52e-f85a701cf3fd'
 'aeca43ed-75d0-4102-9017-f3f8b1279f71'
 'bc44cd90-2692-4e02-b1d2-e4592a5894aa'
 'bda097cf-d20c-40e7-bae4-e6e6d2ad0d69'
 'ca6e05b7-9abe-404d-a1df-5c7c5dcb0e77'
 'dc5e1fb6-0d34-4eea-8025-55d2ca854700'
 'e43e9d95-f8a6-4556-8233-fe6fedcf6d49'
 'f1280f63-6d1a-41bd-ab77-bd309de0cbeb'
 'f1772475-e578-4520-8bb4-ce8c122c04b7'
 'f64cdd3e-1d12-4624-9851-f302a07ecf23'
 'fa94a2f8-9231-480a-84ec-72cc78c99979'
 'fd605037-7543-4b36-85d3-cd292e2e6e71'
 'fdc55fa6-5213-41a1-aa6f-c3a0fc2ee18b']","['088f82ffaee5685f7330690f9ba754ac2b0833a2a86c352c8ed1168f836fdb9beeaf74ccd6bba5b719d18621ee6736e2316e82552594004c36faa302bd473491'
 '1d24860ada04c4d10776ec0b26e4fcd3c2332bfc32a9b292cc63daac2aa9e1d819abac5d20f50632f81bbac4af009c22934385848594ceb0631fd65e79533bf6'
 '216b5d37b3125c84710d2b3f71d83277b473896f3fa0f7b6a9e354cb1ff86c2aca8592c9b1477ed5cb581c71faf742662acabac70a5e6b30547ef11ba26ec104'
 '2e6a9b2cc0b460f3e432f61ccab7042ff2866448172315609e8d442cbec9074f57761ee897c8e6a7c5dd8403fd86c9f8fb0eac1474a1a8599beaa069239edfb5'
 '4539c484e5bf2d61749b4d64c10d034e623dd3ef4e3c28a227462428e6862fde175c62c0bdbea123d78990880838c55f2a3fb1f48f7172a9e35b73ec0541a88e'
 '486f8a3445f82739b48b2d88f0689cd9f83a8b402cd4cab663aaa55848e2ffd3c3d0af270adba939808175ad5cb986a9ba12636a5baf02444314158e3a272e28'
 '571033fb76c267906f15ebc5bb424e0f22da46345f9e8d60796f1d2d96929a6859c3df74ee25d5709bc2e5f464a592d92b8f77bf57b9a0d0c1e941963385ad77'
 '709b994d79a73f2f05b03728f1c8605c9f43606ad22eb28853072dbf452454159c5a26147224a8f886a8590098f8dbc222e7d77dea991a15274167a37700bad1'
 '785de8b67ededd4d6c44df527b789753430167dcd3b171c7f6b26154153a00255dae617c61f33eab08a492c1e0e24e70b6d64ad299b4968f99e81ad2301fce5e'
 '7df96ba999fd86c3f53a2801c1d437c090490d2e6f73ff64a161b03b42a251bca1d0eb837378e411e197af8a32124387943fe543cc06c13bcfc4c61300806918'
 'a273030661a96ecbdcd506391fdd65a62dff5c58ebe9dc9d5a5d988a5ec21a61597b93aaa369fea575f760a5f95940c98aea36bf399c204dba5c8264e826cf7d'
 'b0f4d24f6f62309a037dca8b4e0d4157f7e25c6212d4557e1032bbbb74f0891f1e7cc1c5ec2f561f3edcd394c5b050a01fd9c13a3e028f7d204116ce3bc48e9c'
 'b3ca485866dc26056066465b2eabd5c67623d4092c30bd65a877bafe69c41234102c63cabd95cdbbaa5c9996c0e94da9595ad2ec9edbcdf80af8a7ac9391ef8f'
 'bca8fa5027c8e1746de107e238f45011e36372dca01c37e40539a58e715f29845d3eb6826b13ae576427b31f2f21c95d7b4987fa0ba1c5e78828dd10ac555cff'
 'bf3b18b221f08d6f38387de8ff6e0db5ffb3d41823100511752e2c9a16f3295eca95c3b48e0fba0afde87f986530e3bac3e9455bdbc47fba26852e335f056bc4'
 'cc7552a4470f83daa567f8735ddbe0b9b9143874dd8993828517b1a5270d0e39dd91dc7919dc1d958c9ed051b71fae43e379d61fed680859f0078e2e96ebdd60'
 'cedeff15161c228ccc9c0559c6e432a076020c6240e0542a3adf08006d8664ee70bcd0f302b4bde6bedd09c0da5254a5152eb1cf0c3418c71b20e872faebd6f3'
 'e0d5d87e7e971868201858622b8be0e2105145d6c199eb9ac6979f01aba230c254d1161d9aa9a77676409060d3632db4de8128424e3f3c19ba8a51e305581c97'
 'e4178ef0c95bb109cf19aafdc7354a4596585a2218f0d33d296309dc8856d5f3e6b102f406f3858c3e827b883383448b6ddfbd58d654a4affd0875f3f615769a'
 'ea1083f6adf5fd73507f9c8f7bba9e0766d0dde517044024c9d1564182c5f406f00571f058d93f84dffd8824b4adf826df6e32c60cd4cbeded8dd0790b9d83a0'
 'f4b073c881c4fcb05727ee79708bd9cfbb6d3e83237cf1b85e3187dcab07280875c52e63328b7611bc065541e3dd44f41cde68660eeacbdab3bdbfebb4ff5fa2']",2026-03-10,30
4f3df74a-a20e-4376-81de-c5cc2c7f42a9,33,33,1,0,[],Community 33,"['e5f18b99-3f3c-4fa2-92b8-ae80cf3d30c4'
 '118e2291-95c9-49ff-93fc-0182835da689']",['66064c26-382b-423f-8cf7-30752f401211'],['f774ecc5ad11c6218cf9a5fa3956561dae8d217b440ba4206959b9b5c33aeca048a105c46772bb22452034ff8e2ac6545387df78983c45e384ec2b379e14652f'],2026-03-10,2
c2a3b319-3932-448d-93af-1357b3ef34fa,34,34,1,0,[],Community 34,"['35a08ef2-e023-4847-a778-e30882cb6f3f'
 '5c7e7ed3-9e31-42b4-aad0-1893b67333a5']",['ee7b2f0c-83c4-452b-8b59-4c1335aee06c'],['1c2d42cf24d5ef41eadbc348176fc20e538136d601d7796de053c8d108164282bc91e627d6fb591fd2b3c6605eec37ee0ee6a4acb7ae2873d039be0a367cabe9'],2026-03-10,2
b8c2336d-4c40-4deb-a5a4-a3cbb95026ad,35,35,1,0,[],Community 35,"['a0188e0e-8ed3-444b-98d5-3d38b289cf62'
 '898f5cb3-8b6a-4404-b817-74b507ff0bd6']",['e5e3c089-0dc5-41de-82cc-53229f1029e7'],['7c1c6ab54fa2468278efd58804efb780a7771f38d6de97889309541bec29bfe9c0bb199354148c2cd1238b54911393b4a7dbe2ef7cd64c227bc21fcbc91172df'],2026-03-10,2
828cb4fa-2008-41e9-8b64-cb707644905d,36,36,1,0,[134 135 136],Community 36,"['33c452b8-37f7-4d54-bd00-23d0a94e2aa8'
 'b69cef27-ffa9-443f-a355-765a26f65d6b'
 '521366c5-e60a-458b-84c0-5ab0bbafacf6'
 '04669e07-aea5-4414-9fb9-9534735550f1'
 '75416866-d0bd-428f-81e0-d64b0c02b18f'
 '56211c58-f8e2-46d6-87dc-4a58f9a33534'
 'cfefda4e-ec98-4cb6-9d6c-dd99fcf8a9d7'
 '51220a86-643a-41fc-9c99-dd9d5738aef9'
 'bb234a78-18fc-437c-884d-28b188c19f51'
 'b58b53ec-efbf-400d-a9cf-40be42cd8ff5'
 'c51441f3-b70a-4138-ac6e-9cedcd5e932c'
 '640b7b50-d081-4285-86e6-2a88b9702c3b'
 'b013476f-3f2f-4da5-99d7-c1e60641e39f'
 'ae727e62-e47a-4695-9fb8-4097c3dd2611']","['038c4252-31f4-4e6e-8b77-3ccc8148212c'
 '0d15f400-3f1e-4a4e-94c0-ae9f5e624b12'
 '2f73123f-512f-4bcb-a3ad-6d6c578ac3a8'
 '554df339-beb6-455c-9254-ca20e4034f88'
 '77932b89-0c41-4eef-9874-84e56b15c036'
 '8a2779dc-69ef-428e-a2a4-0672c6a4f03d'
 '9c899d98-07f0-4979-bc55-b907309393c4'
 'a935c501-dc7c-4ab9-a43e-c6c72d3242c4'
 'bcba502d-40b3-4b09-aaf3-fc6c1ebfed8f'
 'c4b34544-4a15-4163-8ffa-52afb67dc06b'
 'd4a94796-37d4-4ab3-b0f7-9a123917af15'
 'd7acce4f-f299-43ff-8648-969f806d0b3b'
 'eeed07de-3c49-4a7b-a99b-084a1f47559f']","['4e10a447ddaf2c74684d2a22401890d0f1eed1fd11ac887c4f65b340f4348db607f77e46c4ba8d22a4abe8dd27f016378deada950d2c72edfa41699ac96ba87b'
 '5257bc5aeadc011a5763e61ee07795768e01f63717209911c4c72123b1fbf5ce87dcfc3e1c9ce6d216a2937a8980d7fef0635b203fb0af5eb60a000b79d8eb41']",2026-03-10,14
b47f464d-2dcf-4634-9831-67d6120706e6,37,37,1,0,[],Community 37,"['155c094e-d12c-437f-be39-a32cb976de80'
 'b2b82dcf-cf38-449d-af31-7822570bf272']",['03b3a79d-fdd1-4564-8df7-f816aeb8c1b7'],['0de3c81ea080361763a263dbd5e9dd2dc059c9c9636b275d80daa9a533b6e7f0b6976102a24bff16afaeeb92af067b86386abf213cdbeeff7fce6f423d4ff6f1'],2026-03-10,2
403b83b3-97d1-4262-957e-e366e1b0a784,38,38,1,0,[],Community 38,"['09af03d6-81e2-421f-ae99-7b86e84c8846'
 '4fecd4c7-5f5d-46fe-aeb4-add079b62a68'
 '4fdbff3b-8fb9-4242-b878-952ab619daf4'
 '6c192321-e932-4836-b449-f8716716695b']","['0d2fd17b-136d-46c8-bff8-a9f84ec43767'
 '4a20a8a2-a7f4-4596-b407-48dec590bece'
 'eeed9914-3312-4d15-a89c-dd6ab3aafec1']",['95822c8a9994a4f2f6caa31f47747bf7108a37bff834cac36c07f4e513e018deffc602550d7e95b345ca046805988c0d38f1a35e6901a5efbf9212b3b4565b97'],2026-03-10,4
61c7d71c-cbdd-4adb-b8a0-d923b608465e,39,39,1,0,[],Community 39,"['f51280e7-1b2f-4006-bd95-4865347ee07d'
 '0a784197-0f60-41cd-aa93-27e5c9e059bb']",['2f7301cd-7d20-4bc0-b2b8-39ac176b5a8e'],['eb23a2a465336b5ec6faea7509e9d96170613d5d7809facc0263e3da0a323f991faad9182bbef36140b0c9d2dcbdac84f118f661ee526045ce28f1a77a0c11b6'],2026-03-10,2
aa99efa0-c624-41b5-96d0-288384c79130,40,40,1,1,[],Community 40,"['e6314bf0-694d-4303-ab92-6784d63173eb'
 '3f7785a9-ebe9-4457-88d0-33e726aa977d'
 '218480eb-7ee3-4c94-a8fa-36f5886beb36'
 '2498f2d4-eb6a-4059-8369-6addc01a8509'
 '3506b4bf-2f99-4e9f-9e13-0ba17774e337']","['22d62c74-5976-41af-8124-2d4b5ee6ca24'
 '72ed9242-3498-470a-bef2-63ee9130c35f'
 '82e5b73c-37f3-490b-afed-ea2716315f3e'
 '942cbf76-7406-45ba-ac3a-03cf516cc6e5']","['64945696a7fffc382fa7cfb6d56869218481a2a35824ffbdf7c52cd55bbc1fcaeb35302134d989f6b3a3fa956d8b8d3baebaace270fff9c9a5557ceb1e97b709'
 'de94d2a51c5eabe241bc242da808e240a27bbb801f7ba6cbc0ddb22bddc136d98d6c1c0bb0d8d0f35ebecf1b00dedbf27113516bc4857e793c2c5ad3ad6d3e39'
 'fd1bc9667578009377bbd23e1608c5f1d7847ea676c232cc2c09d7415c20f3ed58aa62a0ad19948e7fbb0ee262fc023c3da4df02c5955dae2304019db8d2c832']",2026-03-10,5
ef0c9a24-59da-45d9-9645-c136d359908f,41,41,1,1,[],Community 41,"['d3c1b4a1-b28f-4d05-9684-69c8940aedd5'
 '55ac11ae-5722-4b17-8242-d0257da5783e'
 'c529990b-1395-4fde-abbe-d0a5a031c1fa']","['3efe5fb5-5dc5-4030-8f76-7d961a41b816'
 'e578da1a-01dc-4a2d-8fc3-67886fed794e']",['b7c0c77b69c85f2ee8a5a970b872191009c317829a2677878f23b533131b17134c3eebe9906cad71163f8025abd5218b734cc9d7f389f2507e73ab2893d744b5'],2026-03-10,3
4355773f-896a-42e1-8ab8-d813834bfb15,42,42,1,1,[],Community 42,"['7ad106ec-d6ac-47c1-be40-932a75c7bf7f'
 '6a42679b-02f5-47e6-8dac-3c576358b26c']",['cc2baf2a-1719-48f4-a1aa-fbef42155d23'],['293b2880d6c93e14bd70ee7d1fbda61199d2d53addb81e7d5a50be205cec8a6cfc998fc9ed8a155f776a1d6a7bb648804bd73d2da4f1bbea152d50effa15df60'],2026-03-10,2
26d96571-c5f1-4dfe-8cc4-21b716ccea28,43,43,1,2,[137 138],Community 43,"['7f3599a5-6780-47ea-a097-c4355120ec3c'
 'dc28fb86-b7a7-45fd-87c1-38a4332ca991'
 '3cbca204-6f88-413f-a84a-c353b64f3cb1'
 '1300690e-c554-4c03-a9cb-788778f914fc'
 'a94914b4-e645-4bba-ba52-aec949735173'
 'd9060dd8-7ddb-4b68-b0c4-8931d9621556'
 'a44012cb-15b1-4540-b654-cd5b360135f5'
 '5ff87cc8-8311-4247-80f1-1aaf998e5223'
 '96501eca-4ed5-4cb4-92e2-9ff312dd8da9'
 '21ed60f3-8b44-4d22-92c6-0bbcff7d1a1d'
 'f6e56c1d-8ef6-4d0d-b0d4-3fb6dda5fc93'
 '2f699a65-61a8-433c-90a1-4a71e760bec5'
 'fb7d00fe-f996-4606-905f-af8a16c7cc67'
 '25a82856-54c8-487d-9fc9-fd0925615f2c'
 'ae65d987-2f23-45a1-9b43-6af33406a01d'
 '2ebe5428-5b7d-42a9-8fb1-b1bb6c296e1b'
 'c6b79593-ce98-4d8c-8731-d06c4087ee92'
 '8c687316-ced1-427d-b282-9b10d8bedb9c'
 'e35acf7d-ca61-4d3b-8ae4-1532b92a2557'
 'e5f16f5f-ce62-451a-89b8-da2eb1e18082'
 '8d2c1b9f-30df-4d87-9535-603bc476bcc6']","['03ce0d1d-b919-4828-92bf-6c772a2cf6b0'
 '2ab84c57-a1cd-4478-9b82-f64cbda9934f'
 '2c8c3cb9-bf23-4013-bf8f-865094b6aa71'
 '34287117-4f6a-4500-9494-46f632ae6d79'
 '40d908c0-9816-4142-8752-2f83326dcc07'
 '425b8442-2804-4a09-8338-01e847d36f54'
 '4dbb976c-f640-4a41-863b-5c46780a78c0'
 '6c66e359-3c03-4cf2-8ccb-a0c2591e94b3'
 '769f7269-760b-46dd-88f0-0d37dca8ef24'
 '7b655c60-f66b-4e01-8454-39075c55f892'
 '8803f7f8-1eed-4047-9935-51520ca2e66f'
 '9a81eea0-aa3a-438c-8be7-7966f1a1a352'
 'add2600b-68f8-4d4b-a0d2-bb207f1ebb94'
 'b8ea9511-4445-4593-a3f1-24772f42bdeb'
 'e1d5eb1a-3e59-4a50-8779-13ae00a731f9'
 'e8ec7a78-0825-4ea9-ab8a-89e109656fa6'
 'eb5e9894-eab5-4e1f-8d9f-ad31b5473ff4'
 'eb66ee5e-aa42-495d-9a5b-b074630fc47d'
 'ee94bfa9-a7d4-47a8-b39e-53401cf21f60'
 'f70d2f40-caab-40e3-b2d6-ca393acf8454']","['0e3088f94fd74dd0bf54ce4fe7dfb492db7a4fa8eeed4a699f6992bc1606d3f05b5845dea1e8d94b3b6a8c011887384eb0757bbf3764f608225b6b1ce8e9ffc0'
 '293b2880d6c93e14bd70ee7d1fbda61199d2d53addb81e7d5a50be205cec8a6cfc998fc9ed8a155f776a1d6a7bb648804bd73d2da4f1bbea152d50effa15df60'
 '2e50d93ffa7670f1e2f5cc4d51a15bfea5e15c8edcb97cf36e45ed353239ab26f717061fa463747fce6a3f90277a83944faa68ccfe892de476968d68f3d69bd6'
 '50d1c7e638ca19a922d126dec12c28b309c85b6a085003d8343bf3fef2c2a95b525ec6b505256f162cd371172105cf09ce70fd9e682737b0928665a3ce4fefba'
 '62a47466ff3c57929d09f449a143d719d9e0c4c33a2338743752150ae1e4c2957880bdc8f4c0677380e65e1a18195cf13f183e5aaab54e3c84a17c22537c9d03'
 'a1b8f260f6eeeaaa02880999d0164d457ed936ec7389a73695013c589790f7c26a4bc1050a2248e8e109892bad4c036bffd7bdea4444cc3243858439e235e989'
 'a7497051b835b0296caa8c43a2182e056a4d630488acdf638ab6cd1d926fb9ebe0e50b22dece2d0fb4bfabf4f04ef42edc8be89a0203491675e0fc4b52a1b78f'
 'd2c89d663393a28ba4fc900d9bda709c84b044a7633189fd57e412e0b35f4ec4f2f3903c8e701b3884414749004a1d8df8aedf5bfc922aeaa87778874a4d3072']",2026-03-10,21
7dc26aff-961f-4f37-a85c-e07866a9bf2c,44,44,1,2,[139 140],Community 44,"['ad918381-19e6-4405-a0fe-887d36b998f1'
 '762b3c95-9a8c-412a-8021-92f8f1a8a925'
 'f1d1aa52-eeb9-4661-ab6e-f06fc7621c4c'
 '05dc41fc-81a0-4d0c-a4e1-e96119e12a84'
 '9cf49957-d2f4-46ab-aef0-4e9896b6ea8d'
 'f8d61b2d-9665-4a5c-9345-7f7f618f51d8'
 '7eead9fd-a45f-46f7-ba45-a2b55448661d'
 'da21d5fe-aabe-414b-af0f-ccc23b19f038'
 '1d40cf8e-ed7e-4411-9849-7f3aea198f4d'
 'e968d912-fb75-4470-b550-bbb81ec94d9d']","['0f57b4d3-e108-4c88-9447-43c5986f8d87'
 '16a87443-d88b-4400-b956-c9f21ccc9d40'
 '4790da9e-a9bd-47d4-a1af-65d9b7b522ac'
 '709ae23b-74d4-4a50-9563-97d6ae403861'
 '74c0054b-db7a-437f-a5dc-7ec608c0a9ca'
 'ac37cbb9-72bb-4ed4-9289-50518d16b7ad'
 'b3c8101d-a602-43a9-a11c-fe4595662b9d'
 'c5150d86-5437-483c-8a1f-6320a8d03c3e'
 'c58b0606-a04b-4b4f-9d28-09fc333fe52d']","['293b2880d6c93e14bd70ee7d1fbda61199d2d53addb81e7d5a50be205cec8a6cfc998fc9ed8a155f776a1d6a7bb648804bd73d2da4f1bbea152d50effa15df60'
 '29b42c77a75f75214e91fc897164ece3a818f406fb35fdd0ebcef96c7e1569e187c10bd59b8b2ee6499e5627bd49b0f71e15b6719f460c63cd96d72840065dba'
 'd2c89d663393a28ba4fc900d9bda709c84b044a7633189fd57e412e0b35f4ec4f2f3903c8e701b3884414749004a1d8df8aedf5bfc922aeaa87778874a4d3072']",2026-03-10,10
b0dfeafc-21e5-4cfd-a23f-85955627a64e,45,45,1,2,[],Community 45,"['787f6fff-b177-455c-80b7-086dc633fdfa'
 'b6d9badc-02c9-4738-89e9-ce02713c8982']",['d14d7ad7-f372-4231-911e-13e1791f9a70'],['79ac3037538363f6ff0b5394f184a2fc32ef3261df57c7f95f7b45ee21c9fc4abb09646a481386de5e49e03f57ca4204c7d81ac1e832818df9a966de3e83c80a'],2026-03-10,2
5697316d-c84a-4c33-b2b9-a57875b00585,46,46,1,2,[],Community 46,"['0ce75134-47c9-4866-8e40-d3172b3d8a06'
 '09daf496-ac94-48e5-a817-269952b3a22f'
 'f7afeb90-29e5-4f8f-adf9-8b482f4438a8'
 'abf75dbb-247c-4d89-a553-2099f7e9bcbc'
 '13a55f60-569c-4163-9e26-f7016ef7dce0'
 'c149eb3f-5bba-4c80-99cd-a6bc817cedad'
 '63af0123-a6f4-4b98-b84b-c9e685b66315'
 '15d9e6ce-5e86-41d7-998c-24a3aa221bd9']","['11e3c04d-7593-4994-a35a-a06cc625eb6c'
 '1608dd71-2f67-46fb-95c6-0e3ced4e4011'
 '6d4ea67a-7657-4a14-a271-bf3db795c73f'
 '983cefaf-5fc5-425b-b323-b7aa9e83925c'
 'bb92af93-15be-41f4-890c-739e254edcf8'
 'cda3af35-9962-40a2-bd5d-4872734a84d3'
 'e2395eb8-e762-40d5-b081-fefc4c514748'
 'ec566111-8c8f-492b-a2fe-4b5f6f424669']","['3ee8eb816fe9ae302cda19230b3f6dbcdd92fca75889f2dce397a3dc074855f9b4445eadb26b0d75b74acd64439770c1a963ac9a20a12379fb078588ea3288f6'
 '85513047f5f71067405b195c6b5f7f29fe742540d9ea4ad1fefd96fbbb7a380cabb938ac7d16efa9458979eed6df83eb7e5a690b14eabe5b860d4d101c763a99']",2026-03-10,8
dc909553-fbb3-42ab-beec-5c118d3c530d,47,47,1,2,[],Community 47,"['be59b7e9-23cb-4fdc-98e3-26292806b736'
 'af321d78-d7be-41d4-919e-e4a855ddaa03'
 '8b9722cf-be15-4732-8270-c64cc47a309b']","['70d5ba0d-aa61-465c-8438-faf649f7056b'
 '9e935f7e-4b60-4a43-a010-8be76ec460df']",['954bc1dabb9bc3c5ef5fb2f5e2db276af0a7af750bb5bdbe01e55f968f26259007c607a0cfa9b4420e6a21ae10c9e1d3050046692df3ef4db285d81fdbbd647a'],2026-03-10,3
8bfa309c-b10e-4af6-b3ec-86743e2a27d3,48,48,1,2,[],Community 48,"['8b0a0624-8a9e-4bee-8b84-fe837d7575d8'
 'a05a2b88-1be9-4b47-b248-13eb839f5729'
 'e36fc927-6f54-4ebe-ac44-12331136f6fb'
 '891bcd38-3033-4a6a-ba7f-7b79649cec9f'
 '1d066b3b-683c-494f-9365-7ac40b381cda'
 '04298cee-6560-4ac4-a461-ec584278da58'
 '73757ff5-4a32-4ecf-88df-19b7c25c0f13'
 'bb37b333-2b9b-4324-bda4-5941185322c4'
 '0017ab60-94bd-49db-a135-a5169a3ee775']","['1f7a924d-90ac-4796-ba05-a11fd7bfa868'
 '29d20e77-0240-4496-843f-1d4a4b4d88c9'
 '401def59-feb8-4566-becd-01feeee166de'
 '6457c76f-9cfd-4045-af79-84402c7babe3'
 '7cf33499-6828-411c-90e9-05fa7da0e97d'
 '8b169e59-2cae-43bf-93e9-49c2d209d92b'
 '954a62e2-6a1f-44b5-aae3-10886d6a8f2a'
 '95f5348e-1c0a-4a39-af15-cd15a0bfe4f8'
 '96032d52-887e-4e41-9576-09be0ee2b7d1'
 'd456895e-5402-46cf-8144-21c90c994af1']","['64945696a7fffc382fa7cfb6d56869218481a2a35824ffbdf7c52cd55bbc1fcaeb35302134d989f6b3a3fa956d8b8d3baebaace270fff9c9a5557ceb1e97b709'
 'c4dcdcb909f65ebc63e961ae81f141ac478d6a1fe9d55ef54956d0b17c09780b0a55efee287564f598620f6d167825dd2c76326b08d3219c07bcc6efbc1adfba']",2026-03-10,9
db2fd163-5dbe-42ba-9642-63183ce42061,49,49,1,3,[],Community 49,"['d97e5b24-532a-44a6-8ed4-e6b10980cf63'
 '233d3eb1-4ee6-43e3-9f77-49a2eb84cf33']",['cfac0579-b0bb-40b1-923b-a0c974acef85'],['cd9892f54ec3f204606907de9815a200574050279a304a29530b76950c98ba021f2a39bfbdf0ea7298fe624744e27a5ae2525305555e24065cf96aa150a9c5f7'],2026-03-10,2
8e63b07c-4b0b-4320-9463-27f36792f981,50,50,1,3,[141 142 143],Community 50,"['4dfa20f3-b6e7-4a28-af18-7efd3b407b66'
 '624529d9-3c3f-4a39-a576-f0b25bd75400'
 '68c355a0-8e8f-4c73-8c57-373ebb9c4985'
 'ee08258f-7327-46f1-9459-c1bbd95e644d'
 'd74fcdc9-bea4-4735-b832-5e42f2cbbac4'
 '2aacd743-c84a-422c-a589-07fa930e8922'
 'dcb6917f-a93d-45cf-8cb0-337ce4865ad1'
 '1bc74a87-d11f-4539-bc25-023325bbd397'
 '32e7fe57-1057-4d5b-a6a2-f452cf7d85f6'
 'e91cd220-52b5-4161-a028-c2b7a2f78e38'
 '7217729e-8c4c-4e8d-862b-9d088ae13d36'
 'f66745a3-d094-4b42-8267-17359cd3be4f'
 '6fbc8125-0d15-45ba-b17a-748a619d68d0'
 '91aa038e-0e99-45d9-9325-0f1322ee54a5'
 'cdf48a29-a8b7-4f6c-8aa2-b9375c62cdea'
 '8cfb8f68-a949-4139-8c13-d3e1ff0a46a8'
 'dd7f45c5-8d46-4c22-b754-fc3601eade29'
 'ee822c99-984a-40a3-a52d-0170a44cf5d6']","['0194d4e3-1e83-432b-8201-b8192b67feec'
 '05c77fe8-c04a-459a-a300-fc69d41a3bb8'
 '180a059a-4065-4afc-92bb-ad041e2d666e'
 '185924ba-4e8f-4986-a60d-b64b39e26668'
 '1d10b80f-1533-411b-9d54-4446c69e43e4'
 '25975ee2-13a6-4ef8-acd1-f214a6e47aa9'
 '324146d0-4a71-4c57-8440-3089ae5dd6d2'
 '4c10686c-3ea4-40f6-9856-2597ec3a4dd7'
 '517bc954-66b5-4947-ab1d-1ee84fc4e0e1'
 '7c0bb987-83d1-48db-b8fd-64085f084f7a'
 '82c7850d-58dd-4d52-936b-a586e924a31e'
 '97a45719-8433-4045-b600-5943038e73a0'
 '99c4eb49-13b8-4de4-bd96-3186d5d8a9c5'
 '9d33f073-b746-4776-8d62-0d829c357a14'
 'd52dfcae-6a02-4649-ab73-5ef263d43445'
 'dad5744b-efdd-43aa-bb4d-87fb06f29a25'
 'e1c92b99-2d02-4845-afc5-7c1cb1745dbe'
 'ee365471-3b4e-4c0a-a9e2-4510da36a2dd'
 'f5623f8e-4557-4050-83ed-b6d97c570cc3'
 'f70f64f3-b3b8-4443-87fa-851c7302e2d9']","['1c2d42cf24d5ef41eadbc348176fc20e538136d601d7796de053c8d108164282bc91e627d6fb591fd2b3c6605eec37ee0ee6a4acb7ae2873d039be0a367cabe9'
 '238dd9495214c1f5dabc20718c46f30b60e954190220bd99189450cd340b3ae336482beca52b26e8653e82062dffe95c5d2a0e85373cc3f8dcef7e787492ee35'
 '2653331ae1a0ba2677f7f7fede8c932f4b673f0e7e38b666bf8abe90cb1a55923a96232e869023bd456e3c3629127c57fc4c106fb80ebee74e25f5e088d36f51'
 '324e05cb98516ebf59b3f3abd2df7e50a2b035297a48a4083fbd34fd3c72c8d6b25f4e6dc2234b81b6a1d6ad73272dcb7501da75305ce73bde190f882d34b840'
 '7550c181997ab8ff64b5459fa3cf8edbc6b1104394351e2f88ebd8ef645e8380153cb5f442a090028936bb1746a8218cc5368baf8600f1f910ee280c1ea68d17'
 '78fd9b204da2b6ddd7a495c820a5d60bf223efd0038c19ba4f23595bcceb7023a7ae5004f5769dd4ddf103bc094fa30996c8e57f71ed174a0b91cfc9d29aba2c'
 '824fa1d939d9f4365de203d19b45200969da44ea4f970f3976bff33840fbce6c3f6e083beb7a818d8a4931e3d62deee198ab5524f4accc431cbc98bf553962a7'
 '88308954a8d2d7586ca8cc75b1b11f9449934357376dc59c92ced6f46cf1845fa46e9148292d5c59387ef0e4995324fa9a855891a896a148c086de27d054fc7a'
 '8a5a6e187c668bb2f8331df659df42e1806867580ac766ba79bd9efeba8f788a99d6677d88162b703da1dfef9d27fc7aee00093a794541110dbfebcba1a298b0'
 '8af246d5d04738aa8c9599b12c878506030941cc6a5621f9adbbb8d98c1fb4880084e5c5284116edaf802611d683dee4a814ada069156187b3d41d3af28bf19c'
 '96c1d632d42d78b15760ba4e1da4df401b53c363449c8289a6c5a8655253b6e3367dc93e0498869705de3a1078f9431e54990c712a7219ef6884c8a8885a035c'
 'a13cbfe31f44cd531f4537bae79d1abeaa9ad11b4da8df319a25c2f0d8899e5ab4519ba231129ec7e09f6ecadc0526ee9bbc2b7f4d9b71e67b88375a9cb53402'
 'c7d1b4a4d6c1890a132c31e59180d731225566cf55ebabf81e05e51dc067c87990a977ce7b4870782038556add3f4a624eb29460e048396081cec193a59c7894'
 'caa24a7186ba46d267f4c153375d46218d52154d378553ff6c732c0f3c8c6453ce1501e3e04e8f0f7bd9265300b413e652f3adce375c8ee1ba81dfab387fa675']",2026-03-10,18
69bb81e6-3a7d-456c-94d8-fbc1b8fb9e00,51,51,1,3,[],Community 51,"['b56837c2-8110-4603-8932-798e0cc2f26e'
 '6f8076d2-ef30-4962-aa5b-341d358353e0'
 'a33bda18-dc64-4420-a376-6a6db0be6b37'
 '45111250-308d-471a-831b-842547fe01df'
 '1015a069-4582-4511-9da2-50dc53776525'
 '4f0ae0c6-cf35-4f99-bdc4-30e11faeb73a'
 '48c0ec9b-483e-4570-b5d4-9c6ba9e193cd']","['23d6e875-bd40-4443-8376-03bd543ad9e7'
 '38b44eb6-c6ea-4d5c-8e5b-e7827e7b1e74'
 '3d4cd906-1ffd-49ff-ae86-622eb883bb33'
 'a5ee835e-cc2a-454e-8a24-ff1445894d5a'
 'beff55be-518b-4a3c-a1ae-13130b0df8d0'
 'cc8e2a85-dfb7-4819-9bf4-25598510bad7'
 'dbd96c5b-5cb1-4987-9ecb-bd217220d47f']",['940718a57f149467eeba3a2b796e9b3ba59e2fd07e8732249d3549c2e2c4f6dc2d0f638e328ee0e924716273f36322f64fbb63366848282d06b384a976104773'],2026-03-10,7
d0903a1e-2dd2-44cf-b47b-25b86bb27906,52,52,1,3,[],Community 52,"['14ba2b08-777f-481a-90a4-26a983a7faf2'
 '205033e7-ce21-4198-898a-f0b7413c4cde'
 '6a99b9a3-3396-4137-bfaf-fb0580b64626'
 '0f73a62a-de50-45a1-a015-4184a2936bb6'
 'cd70c412-3d4d-4191-9ae7-d932e0a6a20a'
 'e8575459-8de7-4ce8-8234-c5797c5439c3'
 '63cbacf7-6fe7-46bd-a4d3-df1248c9995a'
 'cdbb91f9-d408-48e2-9c89-d125ca8b25a7']","['1b95a696-6a7d-4619-9b88-e7ed94248884'
 '4641ce34-7a34-4fb0-ba01-9085eded0b34'
 '7bc71077-1f96-40da-87f4-acad456e1202'
 '91e36bf6-70ce-46c3-97ac-f4bce6330541'
 'afa3d6e4-b2ba-4dfb-b68f-0277ee359d22'
 'bac7755c-8b79-4d81-8485-3f20719c86dd'
 'd1c76f44-e7d5-4754-b9dd-c3c2194a2a85'
 'db46aac1-5021-4519-a9e0-c4a85c0997ed'
 'dd00c52f-8abd-411c-bb92-89b6cf9b2bca'
 'dfcf0108-83b5-4dc6-a0e6-2bfbfe7ea2bc'
 'e5c0fb60-18f8-4a21-9e43-5c5bbe2529e3']","['0054d8619570bb6c0efca76fc0b5d60b2020d45053f0043184d6db81d8b4175c11d3bf6bd1b762bf62da191305d36d6c9842c8a074e437af7b77352179be84b7'
 '0652c8adae3332fa149aee4f026b39c62e7a17eb485b6a9171cfa2a1170cb9d5b4facc0b94b7e628e1be7e4b64b0226a483130d776edc7f2d1c5587a8aea09bf'
 '25d7bc650344523cefcd81f736ee1cd038301dcfbc36aef334e74d4252cc55238d130d733c5fc85b61305d8099a447ce55a9cdaf031eb6825f17f417254cf314'
 '8f5751520c653eceb98d31d48f585edba62ef8e1a15de3b3d6838ecbe973a22911b26e5cf43c0492256626194ac47c09313525fab95f5bb1e1e024fa5a13370d'
 'ab880573e023cb66c0c136752d5e7ffccf0d4932be602d2e2448ad1fc7dce1cfb7fb5662f82d464e25e609ddd708ccdd5f4804c4c1a77efd91ebfe395094477b'
 'b702dc97591d4fd99e393160ffd9d400dae11ce24461a052ca46b18e565efb9d5c4899a4d3910ff3805503f5ec2f7cfb4c0d882b0fb4ad65273b9abe5b9d8ab3'
 'f4b073c881c4fcb05727ee79708bd9cfbb6d3e83237cf1b85e3187dcab07280875c52e63328b7611bc065541e3dd44f41cde68660eeacbdab3bdbfebb4ff5fa2']",2026-03-10,8
895763bf-df68-4b28-bbb1-95f6b1d7666b,53,53,1,3,[144 145 146 147 148],Community 53,"['43e0ecd2-f4d9-43a0-8bef-098d37bc254f'
 '629324e2-a0b0-4ef3-94e7-2690d08eb56b'
 'f4f7af9a-d129-4f39-bbd7-77a492d71c75'
 '4a8aea04-eb46-4b95-8a33-d02d39a09eda'
 '9d3c2661-1151-4a6f-a939-fe48b78e4c34'
 'c07c5853-c7a1-4527-b218-8bea033432e3'
 '475a6a5a-425b-4a94-a6fc-c676f6d93ffc'
 '7c40aaa0-88c3-4e91-a4a7-f4e3c2448c11'
 '49304880-ee8c-4a96-b46c-2bbb9d38e8d1'
 '8fec9e94-e0e9-4c89-877f-ccbe997a65c0'
 'd3a99111-f675-4bb5-a8f5-3c4de6ef216a'
 '297d66bf-81dc-4c8f-83fb-85ba243801fe'
 'c474997f-4e25-4912-8e24-b290edc6d250'
 '7a79304a-cb99-4fc0-8442-88b7341a0861'
 '4131fa2c-601d-4b4b-b5c2-02a2787938c7'
 'c3347e3c-c7a6-4669-a9df-84810d21e69c'
 '0753ab04-016b-4fa7-9228-05284e7530f9'
 '9664ff4b-629f-44d3-81cb-63b2ab261a5b']","['035ba7cf-765b-4de2-8684-15d16c41ffa6'
 '093b4553-a80f-404d-a7a7-8d73cabaf5a7'
 '11054f6c-1e5e-41c0-82e3-7ae2ec3595e4'
 '18135c83-a430-46d8-a645-f223df851046'
 '1d81f585-38ca-4514-8d54-1db81bea98ed'
 '1dfa8e51-d619-4a0e-977d-1fadf8a15422'
 '582d0716-76c0-43ff-b146-38d7218c71f0'
 '5a1ed9e6-63d0-4748-802c-f3b97bf55f0d'
 '6d45c519-5378-441a-8123-6b2aa51e4a2d'
 '7072837f-5bd8-494d-b887-c5814fcab2d8'
 '75d0b2f4-1354-4243-b35f-900d0814be18'
 '7e2195ae-f4d4-436a-8ebf-2d1b53335521'
 '989ab87a-6e2b-4e2b-97fd-35dfaacafb96'
 '9ffe2770-6bda-4d3a-a90d-85595ad7216d'
 'a01044cd-dcf1-481e-a93b-60730552ea9d'
 'a6db51d1-9ff1-417b-a216-493563405669'
 'd5564635-1c28-4b76-bdcd-5aaf59729564'
 'd9250233-f030-4d38-9281-0357538f6f5b'
 'e01c6ee5-edca-4115-b377-76f03d9a258c'
 'f1726677-c9d6-4619-bb15-4bb03e2830a1'
 'f212c6ab-6f23-471c-8fde-cd6809cdbcbc']","['0054d8619570bb6c0efca76fc0b5d60b2020d45053f0043184d6db81d8b4175c11d3bf6bd1b762bf62da191305d36d6c9842c8a074e437af7b77352179be84b7'
 '00a0c1db6485e7cbac54a732052006a67c99da84f0e4ae3b0b5ef4c9c184759efc49103ab0655d3717b6119de694b25d045ac14ada547d3f5696cd69ad0fcb0b'
 '0fafd9b55eb7b58b6e2a380b575c0bec92746116b83066650a24cfb7503fcd69d88f54f0fb593b1a722d84077abfbec53717a54c0b5770687997a98ee5e08c23'
 '571033fb76c267906f15ebc5bb424e0f22da46345f9e8d60796f1d2d96929a6859c3df74ee25d5709bc2e5f464a592d92b8f77bf57b9a0d0c1e941963385ad77'
 '7550c181997ab8ff64b5459fa3cf8edbc6b1104394351e2f88ebd8ef645e8380153cb5f442a090028936bb1746a8218cc5368baf8600f1f910ee280c1ea68d17'
 '78fd9b204da2b6ddd7a495c820a5d60bf223efd0038c19ba4f23595bcceb7023a7ae5004f5769dd4ddf103bc094fa30996c8e57f71ed174a0b91cfc9d29aba2c'
 'ab880573e023cb66c0c136752d5e7ffccf0d4932be602d2e2448ad1fc7dce1cfb7fb5662f82d464e25e609ddd708ccdd5f4804c4c1a77efd91ebfe395094477b'
 'cc09d1f4596f98345b4183088ac2458e5b0aff5531c7bba220023ccd01d156715d0223bc4b4a65304138bd7c8a98640a1ce1aa94bdfc8079a57959f1e6872eab'
 'cd9892f54ec3f204606907de9815a200574050279a304a29530b76950c98ba021f2a39bfbdf0ea7298fe624744e27a5ae2525305555e24065cf96aa150a9c5f7']",2026-03-10,18
7fe6c32b-8713-4feb-8ae3-ab7bb94d9ce2,54,54,1,3,[],Community 54,"['c2c08e1c-1b57-4087-b8bc-b95c01738e97'
 '4b74457b-80c7-4a47-8242-3db71e2ed1dc'
 'f1eb9799-f1a6-48ad-ac82-8c60f17c3892'
 'eec36c44-9460-435c-b8b0-96c5f8c6c1e0'
 'fd1294e8-142a-40aa-9830-d12a270f8a07'
 'd08fa8e0-e4a7-4c1e-b093-21f8ae3108b3'
 '131ec5ee-0439-4037-90c8-1687ecc3bdbf'
 '0cf0060a-5c69-46f4-9926-01e20ade354f'
 '21d15f43-9cd1-4442-9a7b-e38c8b380bcc']","['01300490-e8fd-4123-bd93-decccfb9b26a'
 '0d0a0763-ff42-4dab-ac24-7b24ebe59476'
 '13e01d4c-2153-450b-99be-0862539f061b'
 '4c833747-c443-4066-a0aa-700035decfcc'
 '547d4ca5-1f6f-419f-93bf-9084df694762'
 '63e124b3-ecc8-4b25-b875-d9328989b993'
 '745f23c4-a5a6-4749-b90b-10bf75be7fd4'
 '8983a7e5-4b1d-4ba2-9075-3994a26621cc'
 '89abcd7c-8676-4249-8290-358666daa052'
 'a832b3f4-08e4-4925-ab51-cd2d8c819ddf'
 'ad577335-efb0-4696-8792-174dca57b1b5'
 'cb6974d9-4ba8-4a4b-a3c0-7448c5f0d7ee'
 'de7bb1ec-8306-45f9-a7c9-9c2132013678']","['1d122b3bada9b702ba09aa102394d4359ead374a3c12e3bdc2a3dd991f3b8ddd94a81ade0f079f91bfb5c84ba3e384469b85a8db5d907c53216a4bd7168b5d3f'
 '27669660dd2ef05fcd56fd9631f4b9b50b8b6797e69e1e92b945a1dad58714790f64a4bcac88c34640d5aaed32120d47e43547f248dd610ee6a0f16f02c0c9aa'
 'f2d956b3558601f0e70fdc3346118b9293d283043264f63f9cbcfff22c35753ec9c3813f6ce97ba179ab425243bf20419f3faea8377896065191a30feb4031f9'
 'f314d43b0a481cdfcb76b0052bb89c14cd5ccb4415cfbb161aed4a4ee2ddf6d350327a4063125f41fb51588cfdde6a22f75faec6eef9db845ed2cd4fb880cc15'
 'f4b073c881c4fcb05727ee79708bd9cfbb6d3e83237cf1b85e3187dcab07280875c52e63328b7611bc065541e3dd44f41cde68660eeacbdab3bdbfebb4ff5fa2']",2026-03-10,9
66abe400-b9a8-4f59-aefc-d37887a4f87b,55,55,1,3,[],Community 55,"['161b5639-e30c-4197-b803-302021a475cd'
 '21756f35-d91e-48b6-a85a-15530ba225fd'
 '030054f1-5a98-417e-9d45-86fdb30665c2'
 '0ff45bae-7bc9-4f6b-b492-20eb8c27ffaa']","['151a9ecf-bfe4-46c9-bc69-c0136998c40d'
 '64fd0bad-0c07-4d31-86f3-aa35627594c2'
 '74809475-d9d6-4677-9eda-755232d2bc50']","['088f82ffaee5685f7330690f9ba754ac2b0833a2a86c352c8ed1168f836fdb9beeaf74ccd6bba5b719d18621ee6736e2316e82552594004c36faa302bd473491'
 'f4b073c881c4fcb05727ee79708bd9cfbb6d3e83237cf1b85e3187dcab07280875c52e63328b7611bc065541e3dd44f41cde68660eeacbdab3bdbfebb4ff5fa2']",2026-03-10,4
42b4d16e-ed90-4dca-820a-6865f17f872b,56,56,1,3,[149 150],Community 56,"['04566857-388a-425f-a025-8ee6aaf0017e'
 '9cf6c72b-438e-4403-a92a-a6b12f7874b2'
 '0fe9e96f-158b-4225-b085-01ea92ab99af'
 '6390545a-c6e1-49e4-9c2e-6ba364daacb5'
 '7ad64e84-caaf-400a-a47d-cd154bf42ce2'
 'ccb4b4c6-7044-4be0-ae9d-8ef62ff343a9'
 'acc20f7e-3ef2-4d99-a861-6f01656f3948'
 'b6d21178-722d-4ac3-80a1-f06dbee1d9f7'
 'fd532f91-580a-401c-b6bb-2dffd3df3207'
 '601ec978-ea79-4699-a7f8-714aac4973dd'
 '866ef12d-6cd3-458b-9f1f-53aa0ca7fe2b'
 '9e67c4ba-2695-43b2-b47e-70608d11d181']","['3cc60b35-7ca9-4900-bc9e-a231101c4401'
 '48cf838a-7af7-42f5-8d4a-6a13b61b103c'
 '4f5b673a-b607-4b9a-809f-aef0221ad507'
 '566da769-9381-4ab4-a569-862b5fed8eab'
 '5c473e37-c9dc-4ed2-881e-6cd36baa201c'
 '648ca632-4ef5-4482-aa31-eca62c321a4c'
 '6c3af0e9-e31a-4ff7-82ef-fcda6cd56c87'
 '70c104e3-8c26-4954-bcf5-55aaefee0859'
 '90a30d1a-ea9b-4fb7-824a-35456f796aeb'
 'b4432cee-baa9-4360-8af6-2499ef54b59f'
 'b8f87e06-ee6a-4901-893a-caebaa884ee3'
 'c7a0ab7b-b793-40da-84e9-b088be67a5d0'
 'd97f0169-b584-4c0d-9dc0-a2f468da8c76']","['0054d8619570bb6c0efca76fc0b5d60b2020d45053f0043184d6db81d8b4175c11d3bf6bd1b762bf62da191305d36d6c9842c8a074e437af7b77352179be84b7'
 '6bdf20a260fc814f2114e7badc6fac840699fe4fe6403b9a965fbdc47e447ee13af61d9b5132d5419552f5bb19d67f581f04fc7fec0d731722794d6edf188d45'
 '79037074f25246054dfe6498136b54c0df01452fd049cd956a4f9a9e4c77532c26008d4cf6308be9c579313d6ce60601c5cc6ca776fffcfd68434de296336aac'
 '8f5751520c653eceb98d31d48f585edba62ef8e1a15de3b3d6838ecbe973a22911b26e5cf43c0492256626194ac47c09313525fab95f5bb1e1e024fa5a13370d'
 'b702dc97591d4fd99e393160ffd9d400dae11ce24461a052ca46b18e565efb9d5c4899a4d3910ff3805503f5ec2f7cfb4c0d882b0fb4ad65273b9abe5b9d8ab3'
 'f2d956b3558601f0e70fdc3346118b9293d283043264f63f9cbcfff22c35753ec9c3813f6ce97ba179ab425243bf20419f3faea8377896065191a30feb4031f9'
 'f314d43b0a481cdfcb76b0052bb89c14cd5ccb4415cfbb161aed4a4ee2ddf6d350327a4063125f41fb51588cfdde6a22f75faec6eef9db845ed2cd4fb880cc15'
 'f4b073c881c4fcb05727ee79708bd9cfbb6d3e83237cf1b85e3187dcab07280875c52e63328b7611bc065541e3dd44f41cde68660eeacbdab3bdbfebb4ff5fa2']",2026-03-10,12
0244750b-33b5-4b80-a1e8-b0b4d818de2e,57,57,1,5,[],Community 57,"['156c9098-3ec1-4d85-8eb9-709a533cb410'
 'f358c2cb-a95d-44ba-a619-52e284a1d7a5'
 '41f7cb35-ad95-4782-b431-87a455dba89e'
 'cb8908cd-1338-4af6-a4a5-d80dd745eeab'
 '4ec719e6-20e3-4c4a-a8b3-bba27866d6c0']","['4ecac5c8-fb15-476e-841b-fa0800a14572'
 '7785ba3c-2f41-4967-a445-e875ff53df3a'
 'ba266b29-45e3-48fe-ba9c-15c12722c879'
 'cdb1973e-bc76-4220-b693-9e5548407c68']","['27669660dd2ef05fcd56fd9631f4b9b50b8b6797e69e1e92b945a1dad58714790f64a4bcac88c34640d5aaed32120d47e43547f248dd610ee6a0f16f02c0c9aa'
 '6bdf20a260fc814f2114e7badc6fac840699fe4fe6403b9a965fbdc47e447ee13af61d9b5132d5419552f5bb19d67f581f04fc7fec0d731722794d6edf188d45']",2026-03-10,5
a63761cf-0456-494d-a1ee-d8f343f75d20,58,58,1,5,[],Community 58,"['7cdc4baf-1688-4b5c-bf35-7db16295d1e2'
 '491fe218-8df0-4553-b4b7-be71ef2348a8'
 'f254997e-2e24-4ddb-ada2-d67f15fc28ae'
 '3a4d3391-a9df-4486-9ddb-956db27597a9'
 'a8ee3bb8-346f-4a30-892f-a32bcdc119e9'
 '8d023b8d-e703-404f-a449-c9dba7e3b6b6']","['28b54489-4a20-4038-bc05-dd6e17923255'
 '969f9dae-688c-4934-b450-e72e92ba320a'
 'b598bfae-8994-4524-9b71-e892b98d92b2'
 'd68281ad-01ff-4399-bde3-0e47f25be804'
 'e641c357-fcff-430d-bdc5-8e1bb6ba7b5e']",['f2d956b3558601f0e70fdc3346118b9293d283043264f63f9cbcfff22c35753ec9c3813f6ce97ba179ab425243bf20419f3faea8377896065191a30feb4031f9'],2026-03-10,6
5ed18b44-29ef-47b3-9429-edf88b613a0d,59,59,1,6,[],Community 59,"['dbcb2867-127c-4f2a-9d54-58ec6188ab35'
 '5145a6db-710e-4c5c-b97d-50967b3c6861'
 '8c8591e0-19f2-42a2-9d0a-f9c08363efd0'
 '3708f2f0-0ed3-4e00-9dec-cc48c5ec26e5'
 '5284da9b-d843-4ea8-a376-b59d70874592'
 '5fe9f2b3-aa0a-4ede-bf1f-13bd030922c5']","['72a0e65f-d3ac-4dd0-8576-a3ab0487357d'
 'af56e159-8a9e-4347-9b29-60b717b8c140'
 'be45003e-4b58-4bfd-896b-53dd00ee4cd9'
 'cf9c5441-c6e3-469f-841b-3b56020f01b9'
 'ee38de0c-d6a5-4c3d-8016-67bb6cb7db20']","['1c2d42cf24d5ef41eadbc348176fc20e538136d601d7796de053c8d108164282bc91e627d6fb591fd2b3c6605eec37ee0ee6a4acb7ae2873d039be0a367cabe9'
 'ae72d6ebaf15a28ac158b0ade21068081bed983cb819edad66b5fb9cc8130f0fa185f0cf57c6f8c4f2e945441602efc569ad85e1e2dfaddafc8a6a80939b5a64'
 'f774ecc5ad11c6218cf9a5fa3956561dae8d217b440ba4206959b9b5c33aeca048a105c46772bb22452034ff8e2ac6545387df78983c45e384ec2b379e14652f']",2026-03-10,6
3dc972c2-d347-4d32-bdf7-671f6902f322,60,60,1,6,[],Community 60,"['7581c677-da32-426c-bdd3-58934d6317b8'
 '76ad7c36-db5b-44b1-b261-e9673b2d1389'
 'f0fa8190-af85-4772-843a-db49d9a14b13'
 'ceff41ad-21ee-4ce7-a426-8307c8e4fb64'
 'e4692399-7eb4-4f42-9219-58fec44538d7'
 '333d8555-e4da-4b52-a294-7e7129ccd31c']","['3fc8a153-592b-4a54-a933-6e0a48504cde'
 '4be71ab4-ddbe-4e2c-b859-ff181c50d39d'
 '590c5c5c-8500-4604-ad87-59ef40bf1657'
 '5a6b9837-6d19-443b-91ed-e80ac31a00eb'
 '8bc0b2e4-453a-413a-ac7a-6b97540a505f'
 'b7185f6a-6789-454c-9266-ab4e353d77c9']","['238dd9495214c1f5dabc20718c46f30b60e954190220bd99189450cd340b3ae336482beca52b26e8653e82062dffe95c5d2a0e85373cc3f8dcef7e787492ee35'
 'a4d0b08467ce73e94c8ae21cbf1d5c9de2b28eb2b11f0d9600ba696f7deecf4bbb8dcc953f2c41adbc6ecd52451ed70a2ae271b631839da06fe4efc61527bdad']",2026-03-10,6
e4077a74-f354-4300-90e7-fae5409634c6,61,61,1,6,[],Community 61,"['aa6a2b04-6f9d-473c-bc21-b77ec33692bd'
 '32715d6a-94e6-40d3-b77f-911c19cd6ca3'
 'bffa6943-645f-4df8-ac8b-a68f399e5818']","['7430f7c2-c317-4737-82d7-6103a2f3a8bb'
 'f29dbb7f-ff6a-4be3-9802-4968f43f2085']",['1c2d42cf24d5ef41eadbc348176fc20e538136d601d7796de053c8d108164282bc91e627d6fb591fd2b3c6605eec37ee0ee6a4acb7ae2873d039be0a367cabe9'],2026-03-10,3
9d978db7-ad9c-4207-8aa3-d5e6bd6e96ac,62,62,1,6,[],Community 62,"['64386233-6493-4928-bcd9-b7192fe96dde'
 '36bd0d33-d277-4f54-b68c-24f1d5a2efbf'
 '5e18a760-5668-470e-aa2f-fa70a1850b86'
 'd744b77c-233f-4e45-9df9-71d4c157c3e7'
 '924c9b67-bc15-459c-aa49-e730c485a95d']","['0fd75dbc-b5b7-46c6-b3a3-96b42559d6eb'
 '2a492302-bc75-4dd6-96af-68713d006888'
 '9f158580-6a65-4091-9bd4-629a8f096ed0'
 'b9efd52c-89a8-4f1f-a32f-1a2e5361ed03']",['a7b9f4293708ad1fe7cc43e307725bc7b8f026a699a69216fb1c6d3ace1508b33ebf3ac19290f66771cc4d87a263678906390389a02d2a9564a8027672cb155a'],2026-03-10,5
44b6428a-88c0-407e-b21e-a8bca61c725d,63,63,1,6,[],Community 63,"['ca2880cb-291b-4a6c-afda-ea32ecaf3e5d'
 '2f59e73c-58e9-46d1-9107-f12cdc428410'
 '6651316d-fa46-47e4-80fb-bf6121762efa'
 '48b4606f-1835-4a29-aefe-c921172d8fbf']","['25887d78-4802-41a6-a3f5-dd7438bab8c6'
 '33527017-0490-4c1e-8d41-86467ecabe11'
 'bcd497e0-4a24-4650-9306-bdab7ea7f9f9']",['cd9892f54ec3f204606907de9815a200574050279a304a29530b76950c98ba021f2a39bfbdf0ea7298fe624744e27a5ae2525305555e24065cf96aa150a9c5f7'],2026-03-10,4
6cb7f71e-50b5-414c-b52e-07b346df1199,64,64,1,7,[151 152],Community 64,"['74dd9b32-c3ea-4d0e-8dd0-76932b737583'
 'c514bd28-682f-421b-adfe-90a509606492'
 '1ca1ef63-ced8-47cc-a49d-b0f24af994b4'
 '22d225b1-76ff-426f-947a-ff0ac592f5e5'
 'aca72720-5173-4cc6-82d3-203e632c4f0a'
 'f3eb32df-f80a-40c2-96af-f4905808eb17'
 'dfae3fd9-cac4-4f98-8ecf-7c3c5b591b40'
 '95d2f906-c4b0-4cbb-9f6e-843dbc5a5438'
 '93d0075b-d3ab-4f54-9584-b27bf4f7f1b6'
 '001efd51-8655-4a46-9117-f0b6de41c99c'
 '738eb7c6-01a4-4be8-9d9d-ce776e1d05f5']","['437a0361-bdab-41a4-a16e-d904ac217b31'
 '4e56de71-3fa0-4ebb-b5bf-6540eddec680'
 '51b45072-5e6e-4b31-bb79-5b0e69feb585'
 '59d3666e-9dab-44db-a37c-e053dd0775c1'
 '701245e3-533a-4332-b924-aee5b85e42fb'
 '8db98057-437d-4e45-b654-a2e7da45c80e'
 '9471570a-5387-4285-93ea-808317045892'
 '9c01ee60-88df-46fa-bf2b-212ff3a88207'
 'b894659e-54bd-440a-bb55-14ab46d4c46b'
 'c9c90aed-253b-4f00-ba95-af613cb46edc']","['148bb5ee1d2a73e26a81fe913e4da61f1347f1bc2dd855a432013c63e266eed6d08d8d2527f8195020d488dedebf886e6ad42aeaaf088b7a0af40376a96f29b8'
 '1ffe2d0bab187b0df1646a43533f007cf04968951108797f8a2079c7447cfe2c500113a87e98099ae88711680e4cdef578cde98d34f527406a6338fa908e5f3c'
 '2653331ae1a0ba2677f7f7fede8c932f4b673f0e7e38b666bf8abe90cb1a55923a96232e869023bd456e3c3629127c57fc4c106fb80ebee74e25f5e088d36f51'
 '2b384656525832ccf7fcb18f887bf305fc02cd19bd9bfe73ae028b4951f90e37b7e146e308f4a4dc93e2357ad0ed8dc0ae39d88e9ee8e463302ad37ab1e6a1ad'
 '3e5a7823f367d808b075c927a048ad6aec7571837c239a9d1fdebd622603d83e1f69c942f132152574d012035cbb0e3340e4f8d663f52d4f541fe94813aecfa5'
 '83cd69793a48e458eea070d74fb1a7edcb3f4cc252aa7bbc4dc37dc197a720cb83155cf35853fc6670ca22fb08f452b6d0e61c3c678484b41ab914efab295ef8']",2026-03-10,11
4a0d051d-ee9b-4369-86f8-3038dfa899ea,65,65,1,7,[],Community 65,"['2e93eb43-b70c-4e1d-9ca9-95c84112cb45'
 '1722e996-4344-492e-8a9a-f5a3679c0b9d'
 'a42b323f-9a61-465a-95aa-3329ac813c87']","['08e3a8b9-8830-4fe5-8bcb-04f8fd76dfe7'
 'ad3f2c56-432b-4dc0-ae0b-912da56d29da']",['3e5a7823f367d808b075c927a048ad6aec7571837c239a9d1fdebd622603d83e1f69c942f132152574d012035cbb0e3340e4f8d663f52d4f541fe94813aecfa5'],2026-03-10,3
e9e0b304-e869-4392-8441-1b5fe720ee7f,66,66,1,7,[],Community 66,"['ea48d82c-0085-43b3-8e92-10d31da66617'
 '79a2352a-139c-4a7c-861a-c7cd8940e7b7']",['c9fb03d9-33aa-408c-83bd-1df9b27213c1'],['cc09d1f4596f98345b4183088ac2458e5b0aff5531c7bba220023ccd01d156715d0223bc4b4a65304138bd7c8a98640a1ce1aa94bdfc8079a57959f1e6872eab'],2026-03-10,2
d7489f60-4752-4bc2-9be8-f0ed00a7a74c,67,67,1,7,[],Community 67,"['8768664f-69c9-45a9-b89f-cdb6a39ea906'
 '1677bc62-4c3e-47f1-9893-f97d65c02ff7'
 '219fc907-93fc-448e-bfd9-ec33137b2dd5']","['61c0aaa3-2440-4323-912e-a2f00d23d500'
 'a5b2cd40-c3d4-4953-9bb5-ad402f01c906']",['3e5a7823f367d808b075c927a048ad6aec7571837c239a9d1fdebd622603d83e1f69c942f132152574d012035cbb0e3340e4f8d663f52d4f541fe94813aecfa5'],2026-03-10,3
413c1c12-8783-407e-9ba2-a1078a3e04c3,68,68,1,7,[],Community 68,"['0597df2a-82e0-4817-8555-5a161c5f328e'
 '786aee20-368c-47af-a372-405ce47433b1'
 '1bad882a-f99d-402a-89dd-54862c47c42f'
 '86d5a8af-b4b8-49d1-b416-63fbbabb599e'
 '318ddcad-6d8d-40cd-855c-4f8acd163f90'
 '1511e19f-7039-4ba1-8926-3126d97784db']","['32f5535c-f9be-4b89-bc7a-a2c3d8fa2a34'
 '3f999d7b-0bc2-49e6-9634-6f677bd6e142'
 '9bc28940-e7d9-4a7d-9b7a-390935ec74ae'
 'ae4e8483-ade7-49df-a2c8-45eb25cf25f3'
 'bdbef56e-830d-406e-8e03-392be3e5e11a']","['1ccf332050600409e1dbad13f94decee6940b9ec6f239effa49e9882fee6b553bdb6971bc000ce21309afaf6181ca56fa60f8272bf2855fc6b7ab8e99cfd6e92'
 '324e05cb98516ebf59b3f3abd2df7e50a2b035297a48a4083fbd34fd3c72c8d6b25f4e6dc2234b81b6a1d6ad73272dcb7501da75305ce73bde190f882d34b840'
 '9daf9a40f3978b6617c838da6bca869b94a8d202732ffb806d60818b751dad18a64af66c51716e1c9da30eeac0fdf7c9d3aed891a129d070eaeb744bc4fecbbb'
 'aed057aba2e0b48680fd5107a000a96f330cea037e1f30cf8359ed248fdb5ab53f12a6ea4132359db4c88dfdb0114262e9efd16d750fd50d140c53c36fb35915']",2026-03-10,6
20dd01b6-4954-423f-b92b-a4b33eca43d0,69,69,1,7,[],Community 69,"['3d89cad9-e294-4680-9d0b-0ad09e28ce65'
 '49447b96-f34d-4c8b-b5f0-67fb2d2a687f'
 'd262aeb9-b731-4120-9a04-1171d194d8b4'
 '52a27b22-b7b4-4966-9cd2-52c9e357f1f4'
 '9fce3bdb-2664-44e9-93aa-4ecd2bcd6b48'
 '0f70279f-773a-4497-aaa6-2b0dc542b908'
 'd96e68c1-6302-40f9-9eab-c30ce0c67394'
 '9652603a-8fc6-405f-ab72-db639dd42c9d']","['0cf15bd3-091d-4cfb-ae86-1e669443bffd'
 '598dd15b-4ca3-4ef1-8511-8a162f275ca2'
 '8045aac9-33a9-4492-8384-9544ac17ffb7'
 '82cba27d-f8ff-4c6d-87de-c294998fdc2c'
 'bffbe131-d155-407d-a5b7-f9a5d8cec20b'
 'db2666fe-91f1-4b32-b4b3-0330f3aa3643'
 'f76ea26c-fcc0-4267-9b72-32e3316f3f7a'
 'fb2154d4-af7a-4044-b038-7c55964166c4'
 'ff937259-ca62-4296-9b4d-a7fdbd778bd0']","['00f6ae08bfe86a45fb0a5b9bb0c1af4689dc9a8bf3e904dafc085247d4891d45662af08314d8f37937a0c4846545bd0e0f2b558d3b42b0faee320aca0426b1c1'
 '96c1d632d42d78b15760ba4e1da4df401b53c363449c8289a6c5a8655253b6e3367dc93e0498869705de3a1078f9431e54990c712a7219ef6884c8a8885a035c'
 'ac816b54ac70f1e2697a0fc2cc646c6a9319c8b2da14228b3ac6b76a0dd992ee5c7cee7e7986e8ab08a9d457617b74a833be81924604ec8d1c29d35b02f46926'
 'cc09d1f4596f98345b4183088ac2458e5b0aff5531c7bba220023ccd01d156715d0223bc4b4a65304138bd7c8a98640a1ce1aa94bdfc8079a57959f1e6872eab']",2026-03-10,8
8c75c436-8096-4c07-893d-8659f14f307b,70,70,1,7,[],Community 70,"['254a579b-29d8-4d11-b485-4f1869a72115'
 '1db79f12-1a98-49e7-a434-d1014d4b2855'
 'a656925e-4f69-495f-b46d-cb5c496e940c'
 'de2353b2-9db4-4812-bcb5-5f5cb80786f9'
 'b6ae97f6-8c02-4ea4-ada3-50dc2cd2a96c'
 'e658dc88-621c-4d49-a8b7-149933ec7659']","['466179d3-97f7-46f8-b4f0-246e8dfe2b84'
 '6a26b586-d788-47b7-8c94-1dbb0b014013'
 '738b00f9-8474-4848-93a2-07acd6f774ee'
 'aaa9777b-dacd-4ed6-8d00-e1a82fff627d'
 'e9c799c5-de2d-4541-9304-761b4fc86f2a']",['13046f9064048acb39bcef50de6cf0c45d5b418de024f3e1704a61780c983d0d4838faa851858ce6c44a7a1a9bcfad91edd28813f168eab1f4c032b560f040a9'],2026-03-10,6
e412d754-b22e-44e1-8fde-90cbaaf936b4,71,71,1,10,[153 154],Community 71,"['0af458c1-546d-4521-aa4d-0c10d332f516'
 '8bf31f1e-6f6d-4997-bdfe-6eca11ea7e34'
 '5c6679b3-1cdb-4472-9916-e64f3733bb65'
 'd349914d-0f51-4ed7-80fd-65302ae7da85'
 '5dace1db-1308-4039-8da9-a81d3d406be6'
 '98ec52ca-784e-42f4-9529-5d481d4c7cee'
 '2c5bd976-4c2d-47ae-87cd-5ea252480a1a'
 '582f8dfd-11e1-4350-a4d6-5967c35acbed'
 '50f3d792-ed30-42d8-b676-66858721f4a3'
 '1965c27c-4c51-42f0-ab0f-cbd8326e0157'
 '93b20095-c3af-4a68-95e8-90bf293bf0e1'
 'fbf00893-e9c4-49ed-b902-95698a605c93'
 '96fd2ffd-890a-4497-b945-96d77f4c5cf4'
 'db1b5d1e-02d2-4769-bf23-4511fe950991'
 'a7a4ecee-6075-4de3-8f88-32305afa1973'
 '9a66766d-3387-4d4c-a84a-9e583cc11c29'
 '375802ea-ad28-419e-ae28-2fadc9bbd738'
 '944a7a8a-6aa6-48c0-8cc5-c5b9b5f8f3f1'
 'ce3301a6-372f-4826-9256-5f84bc0f0ee3'
 'e1ded11d-5946-461b-a467-939b81a9868c'
 '044c953e-02d9-4bfa-af73-a383f6fc23d9'
 'caf4bf25-058f-4e7d-9d35-a4363ade3500'
 '5662f94a-65d4-42de-853a-d2731f3b145c'
 '5efeba12-c9a8-4fa7-9609-fdd0de223be6'
 '0b40f570-d498-4de3-852f-5c4a966911e8'
 '69dc119f-2abc-4cc9-acca-d6760957b673'
 '30dd8a3b-ce1c-4ffb-ba91-4af7652fe656'
 'c90b9e90-02a0-4f4c-b8bf-9241e0bf4f7b'
 '42f6de3e-9df6-4616-87f8-1ce0d6e5989f'
 'ab05108d-27ad-42ae-a18b-a9145932f2fb'
 '24ff9078-2512-4055-a4c1-83b37a3d0d20'
 '7e7091d0-0da1-403b-a05c-a2e24585313b'
 'b17ab35b-cb90-4ced-bc82-71e97d3b68d7'
 'b8787c75-957e-45d2-b13a-bfef8b0c51ff'
 '05725ab2-11c5-43e1-b704-707a0def6e5d'
 '52853bc1-b2d2-423d-b174-02b648ab4d33'
 '32d81a00-7bd5-423e-9add-3e2c858c8c3f'
 '11bed0f3-05f6-441f-b689-d85228f8ef64'
 'c21f5146-5f36-48eb-991b-fcd9c9644fc0'
 'ca8be6e2-f097-45e2-b76a-f7d76a388549'
 'ec35836b-291e-40a2-9035-f5aa027d0f30'
 'aea0d27b-b2ad-4061-a742-97e1137ba3e9'
 'b78ea202-fe0c-4d85-8d5a-926bd86c0d2c'
 '36553b78-5490-48f9-a20a-2ea121a565b3'
 '17dade78-fc02-473c-b1cd-00d19e9cce65'
 '2119ab92-abac-4eec-9fd1-dab42035cdd0'
 'ec06c047-3449-4fee-bc38-8d4372d9d56a'
 '3da05786-9dc7-482f-a456-606f4b518c17'
 'b14cee00-43b1-4b75-a4dd-97ab1e4243f2']","['02bbf798-3a55-4d04-82dd-12e82b7495cf'
 '1359f8e9-f05b-4e34-af03-8e759153f32d'
 '19682d0f-00bd-4a12-a4f2-7541e525c99d'
 '1c78e8ec-4dcc-4a04-a17b-10a280e6eebd'
 '349a02bb-51c0-49d8-89d4-f0adaff24493'
 '36185a7b-d2f9-40b0-b7e3-a3b5c6e48e17'
 '3d833cdb-4f08-423a-907e-0ed162e8d3e5'
 '41f6350f-cf68-4e0c-88d8-1c384beecfd9'
 '44dfd012-1132-4d3b-a3c6-274abc51fce8'
 '4502af08-d6f1-42e9-8572-31db04fdabb1'
 '47eedfef-0c36-405e-a8de-5c41837df126'
 '4addff17-fc49-4761-a990-4c01c21783a1'
 '4dcccceb-6a52-4195-856d-5416ede58e51'
 '667d7a0a-ff96-43d4-ae52-187a11e9f04a'
 '69df1d0b-8636-49e4-b160-cd46d3fe3cc1'
 '6b6631b0-81c8-42b9-a467-0122e876ad3c'
 '722b4a01-773a-430f-8c9c-fb805e9b526a'
 '745d1aa1-b934-4c33-9219-88c885aa7388'
 '7563cb9e-3814-49e4-9371-4ed68e27f287'
 '85f3f96b-2dbf-4ca2-ad80-65cc2ac7c68f'
 '8ca5a60f-15b9-4f1e-a7dd-faf9dda65407'
 '8ff9b626-63a6-4713-bfd4-c86a0e03c147'
 '922dfe83-4541-4e59-ac05-eba9b8fd3404'
 '95946170-195f-4d75-a519-3745fecb9170'
 '9b94ee51-14e4-42c1-a40b-812ef4d62ec6'
 '9f50ff22-7bb5-4c7e-9d6b-5b1a2cb4fe07'
 'a056c807-28ee-487a-aa7a-c51c6010040c'
 'a5df681a-899f-4a06-88f4-a8a17d150fbb'
 'ae568a09-f351-4de2-8b09-78c6bf2a7373'
 'aef06ab0-ea8a-460c-b4c3-ad569ff89fc1'
 'aef3c133-2aaa-4de3-b84e-487653d3a7f3'
 'af7c0736-6ca8-491b-88f7-9f8bec436252'
 'b8d96aab-c9a5-4a7b-b5f0-9efac0749896'
 'bae8ddc7-d9ff-4dc6-8a47-039e2af2a7e3'
 'c3c689ae-b083-4af0-a83d-1492449be219'
 'c5695aa7-8b17-4ce6-aa09-8df7678091d4'
 'ccf5e7f9-8fb7-4114-97db-6ab542992016'
 'd0e70b21-fc74-421f-ae31-ee1a0cf6665a'
 'd1191236-164a-42ad-8c37-4c0c546133f4'
 'd466f22e-b1a8-49cc-a981-00768a2358fa'
 'd7865754-1893-416a-9c31-4a9d8f5e040a'
 'ddf9014f-43a3-41d2-9e79-4a7ca03aca9e'
 'e1ee2718-bdbc-4a46-b3b1-41250c458a6b'
 'e46e8eaf-46f2-402a-9034-98a34362d6bd'
 'ecee9e5d-05a1-41df-ab1a-bfbcf59d7869'
 'f56e0804-04e3-4bd2-9dd9-7a97d61d61ff'
 'fb6dbb92-4838-46ac-89b2-f3481e2f7a1d'
 'fb78e7e5-7bfd-4e47-9a55-4c5628b8a7cb'
 'fcbda9b4-2da8-4b2d-82be-8e713d87c2fb']","['2a0528c8f8b52425c8c872881f9412e49c101f4982214219a4852e9c1521d4f974fee7f34f2461035e022fd1df0e1c58b401f62b0f21f74b407c6ebe0f154b09'
 '37233ebbd9a0ab3121dd8fc0f8be180adc5ad2f3ec22fb332b5c77f01727238ab35e42dc12015ec6693199d7b5a8086b0b0be8a86a6328cc3cdafd203b47b8bc'
 '47066b15663ea34cc43585a09130258396ec4e892d39c73eeec6b99d49c76b257e519b1b8d2b9e7a5dc034f22f83032b2fb861961d7324c7a8ded0d8c166340b'
 '50d1c7e638ca19a922d126dec12c28b309c85b6a085003d8343bf3fef2c2a95b525ec6b505256f162cd371172105cf09ce70fd9e682737b0928665a3ce4fefba'
 '5794824afca3edfdf4cee62d1ecb6d0720c6d45791a7ab1a2838edd9839fc106ecfec6159260a762cf29b034e2cc5d953936494e21b58063d478d8ca0d62ab5d'
 '62a47466ff3c57929d09f449a143d719d9e0c4c33a2338743752150ae1e4c2957880bdc8f4c0677380e65e1a18195cf13f183e5aaab54e3c84a17c22537c9d03'
 '63286bc2c1827c7921ad240ed2a41b972e49fefb633e048635024a3802f323e24911c04ed0ca4f7bd9ee2873b350efcbd2af2890685ee588e8bfeff4201e7f65'
 '7b0b3aa232852d08c5aae4ccbbf14de6ed625a6c5c6823a63374cccb0f39820f8b5deb79232a036b2667ebb83607b0a1692ed4489d44c7482652493abef9e5c9'
 '954bc1dabb9bc3c5ef5fb2f5e2db276af0a7af750bb5bdbe01e55f968f26259007c607a0cfa9b4420e6a21ae10c9e1d3050046692df3ef4db285d81fdbbd647a'
 'a56bee9377eba6d7474dd83c4f8af5ab2fa8e598cd9c957d8b5a3a2396659d085e44fd79906608cf9e8c0a0ff39a36438eece3b930779ebcbc9d16f0610285c3'
 'a578bb266eac8d475af4234e82a3d5822a74c7a1eac09c058832af07f532741e5303dd74c29ad9d64b013551a85430b1ae83740e258f3b562bfd005164de4799'
 'b5e21a4c85cea498ca4f2a93e76fa864cef4ce70ed6bc58abd9cc3e64700f8ee2407f3466070b4da225fbe4c13e1ec3f844eec7a45437d91581426bfeabe8f71'
 'b7c0c77b69c85f2ee8a5a970b872191009c317829a2677878f23b533131b17134c3eebe9906cad71163f8025abd5218b734cc9d7f389f2507e73ab2893d744b5'
 'c1f0b268d16bd9a2122aa50d1141b86c295b96e1432d5c5920df95248db6ded2d51fe9f952e98299ce31b8342be73e89c2afe113d207461dde9522a70a69d0fd'
 'd61f5232094823d26583f1168c439560f870442eec73950bcf0d8ec15aed82952568ba5f98068487e2b1abee0d996f34019e0193ff56ecdee1c3614e88f32335'
 'e4056f055bbaf959e57db1fc7c82b514dc7800f1a9498c7e59bfe3138701f0cc01cb037f95c158a5670aef2d14fbc7d1e0c99943b6379c01e3dd5ee4964a943e'
 'e5dc0d2cc9921693b6b316f706d7c59cc332658169975c9d597d6d80f931d4d14f7db07444fa3a9c31471b9c4711157eeb16b7946beaba60ca84179147cf711d'
 'f119edc2c8b95b9f7596cb0cdb8eaa905d73bda1a2507e58603533a2bf7f41e027f1ccf9a1b71934b45700f81b40456ad64e6144bb887d9b0748f4805b584c18'
 'f2d376a4f06b956d9f2ce60627c0dd7df152a69a4b111393d04f1823371ed14f7e8230a6e3949854553b24e24cf83b7bec46a3c1f60767ab174fa660b5348bfb']",2026-03-10,49
c5b41449-b669-4dbd-9b49-fd9534ee905a,72,72,1,10,[],Community 72,"['b76fa07f-fadb-4fa1-9dd0-b4bdd33a0bc4'
 '70fc8486-dc74-4a3a-abe5-91b77db649e6']",['eb45d1a1-f5ba-4c2e-bb59-28b7e99e47ac'],['b702dc97591d4fd99e393160ffd9d400dae11ce24461a052ca46b18e565efb9d5c4899a4d3910ff3805503f5ec2f7cfb4c0d882b0fb4ad65273b9abe5b9d8ab3'],2026-03-10,2
77112a73-f76c-43e7-913d-1c8482cbf258,73,73,1,10,[],Community 73,"['2204a97f-dc1e-4a8c-af51-3898e309d8b3'
 '34b64f0e-d5c6-45dd-af94-7b86731a7856'
 '367a7ab0-84bb-4b7c-b1db-c9ca0fd09ef4']","['566a211e-7d23-40c0-a4b5-3de9bfa4c2f4'
 'c5d4b463-33b0-415b-9188-c29986f4f44f']",['62a47466ff3c57929d09f449a143d719d9e0c4c33a2338743752150ae1e4c2957880bdc8f4c0677380e65e1a18195cf13f183e5aaab54e3c84a17c22537c9d03'],2026-03-10,3
2f7473c9-96c5-4830-b006-0c94c249c4df,74,74,1,10,[],Community 74,"['47ee5581-77f0-490e-a24f-812c4f84e8e7'
 'db69394c-fa38-4044-ad53-b6345c8a5c80'
 '961dfd76-6045-4246-a56f-5a8522852cf0'
 'e9c083f2-e9e0-4880-8efd-9c66596e7e50'
 'dc1f9ca6-cd9e-4f65-b844-dca9c5dfbf1a'
 '43c3025a-2450-4582-8d32-0a5f9fe12a6c'
 'bd6404ad-3a12-4692-95dc-608ebb7b19e8'
 '9caa21b1-1371-4062-a7e0-acf69405c179']","['59c99168-05d6-4c64-92e4-1e189fe8b19d'
 '5f37e784-0146-42c7-9e18-ff9f945bbf80'
 '7b0512b5-268d-4fed-a894-bb2b044e70f8'
 '9579c62b-cb98-48fd-9c61-9289ae7306ba'
 'aef329be-50e4-4671-9c55-9ffd7b2eb3d3'
 'b6c97713-455c-42ed-add6-541890d53e11'
 'd1b33f2d-34d4-4e55-a839-cd1881df2d00'
 'd5e80b24-0d17-49e7-9cf7-ae2d46e7438c'
 'd86bef35-fffa-4c6a-87b0-294c1f1cc744'
 'e1772ae2-002e-4fd0-a9d3-3159cf6cc12b']","['62a47466ff3c57929d09f449a143d719d9e0c4c33a2338743752150ae1e4c2957880bdc8f4c0677380e65e1a18195cf13f183e5aaab54e3c84a17c22537c9d03'
 '7db5c32600733a398f19d5db7f758b35acb7ab27e42f39ba32bfc9c1b0d1b83bc400edfe9a350aa204aac4bd8d6a6f5bab5df53f184f82303c7ae03e8d543735'
 'a6748c5bef22b0a1946c77f4e75613e2adf89dc648556abd7f1b05625d12e81ff2be63174a924b425c0185b2092dc42ff6187d856c8b3a212b9dd5b724ffd8c2']",2026-03-10,8
438dd819-6202-4590-b689-88493519ea31,75,75,1,10,[],Community 75,"['29d5471d-fa64-438d-b505-29633fa17c54'
 '0c137c1d-2b27-4c64-a1c8-d9b69b972181']",['c772fb72-f697-4182-8a8a-92db9e0ff924'],['50d1c7e638ca19a922d126dec12c28b309c85b6a085003d8343bf3fef2c2a95b525ec6b505256f162cd371172105cf09ce70fd9e682737b0928665a3ce4fefba'],2026-03-10,2
f9d3c883-8341-4ee6-b92b-e12e923a310b,76,76,1,10,[],Community 76,"['76b98fc1-2173-4e5d-a38a-82822c1b604d'
 '89065fa7-3b95-429a-bd6d-db6c88f02b6b']",['b0c63e89-8a3e-4b8e-bcc2-cd9db1ec8bc2'],['2a0528c8f8b52425c8c872881f9412e49c101f4982214219a4852e9c1521d4f974fee7f34f2461035e022fd1df0e1c58b401f62b0f21f74b407c6ebe0f154b09'],2026-03-10,2
50c9374d-886d-4413-8225-a7bfb71f0458,77,77,1,10,[],Community 77,"['a1082c9d-12b6-4d60-88db-0d54585334a0'
 'f8465c8f-5409-4f04-b626-f238aa8427df'
 'be56a53f-3da1-41a1-ba8f-b994ba445e40']","['75af184b-e9c5-4a6a-bbac-0898c434e17b'
 '8b33dfa0-02da-4d9e-a21c-31b0d21f5612']",['84bb36ef3d6b6232eefe28bd2f35c5e76f82efd0e33392a3f6165314d4ca42fcbc7024fe7d85fd609cfe3a1079b8a552b5e898ae68e387458608b1f798f2a723'],2026-03-10,3
8e5a22c0-5424-49e8-b50a-d7e6bdf84ee9,78,78,1,11,[],Community 78,"['ecdc19db-79d7-4ee9-9dfd-3ebd69c7a757'
 'e5ec202d-8d66-43bf-9646-5ae114f6c81f'
 'e4d71dfa-2114-4388-a834-b2c778e8812c'
 'ed8c8510-c6da-4517-9d11-18ebbfd47098'
 '3cbf4e09-1be8-4aaf-829d-3520bc9a4164'
 '76c7ccdf-d848-47cc-a3f4-f103ef754cd5'
 '688cb444-429a-4283-a8a3-c9f148124b21'
 '9cc9bdfe-3c49-4ecc-b77c-0effabf8f10a'
 '563a801f-1f6b-4b1e-b281-0a2b404bca0e']","['0d762605-7c4c-4f26-b793-cf30805e9a73'
 '2148cd49-2fe0-4dd6-818f-8a2b7d73a134'
 '4676a6aa-5fd7-428d-9f85-6417e24dd489'
 '53b5794d-7b39-43aa-898a-192b5e66da70'
 '704b1854-4bce-417b-8999-2e6ecd4a7435'
 '8bb02881-21ca-48cd-ae91-c460a65e13df'
 '91b905fd-1b9a-40db-acc0-fcbee4bc4d23'
 'a81e43e6-46d7-473a-81ff-031b75aebe04'
 'ab9ad609-8f91-4a71-9210-f1f71571d9d2'
 'ee0d34e1-8c5f-4eaf-bfa0-5a9bf348e129']","['09504ecbdd99c16f37e9d92750cb60d1956c26b81dce28150e1f2817f922fb84b3c9862359193d051cd265b09be9488affcb893d2e96a0c115c5a3af54ff6f0f'
 '25d7bc650344523cefcd81f736ee1cd038301dcfbc36aef334e74d4252cc55238d130d733c5fc85b61305d8099a447ce55a9cdaf031eb6825f17f417254cf314'
 '429966d7586504f7a7c9894895d9865d20e58205e7251828ad0a425146fa7accab518524fd8e4f6f53daa7aa3308faec07f595c3731f2b72da760b733eb1beed'
 '6bdf20a260fc814f2114e7badc6fac840699fe4fe6403b9a965fbdc47e447ee13af61d9b5132d5419552f5bb19d67f581f04fc7fec0d731722794d6edf188d45']",2026-03-10,9
25ae1600-d331-41a1-9cff-5319c325e69d,79,79,1,11,[],Community 79,"['5db8c391-b0b7-44d8-a39e-436ff0fdf36b'
 '5914d5e6-8c4d-418f-921e-ad198ebf4b22']",['ef1ef795-c738-4095-99b9-80d7725444d1'],['f1d2caf9b82ac1c50c286deac68819f12ae94d530212549de84ec29583ac195bf8f92185b57db573efd2db45182c070718c763dd01ca2300a3414e6e63110903'],2026-03-10,2
2075a5e2-8024-41ae-8ecf-0eec50e6d973,80,80,1,11,[],Community 80,"['536a9a70-a75d-4b95-83dc-34b538126b1a'
 '6d48a3db-9632-4e1a-ad98-19507731aa1a'
 '21193e44-42ae-49d3-9141-f348e2d5ee03'
 'f0789456-1348-4e72-8e56-9fe323cb4db2'
 '73ffebef-755d-486e-92a7-5c4f1ab93061'
 '9513102d-cadb-40f4-9775-2c2f3996e0bc'
 '108448c2-6ecd-4841-b703-aea528c1636d'
 'b7bed9d0-f744-4e98-ab64-f7f72cac94d5'
 'f0274e53-3064-49b9-9077-3bc7db287c07']","['0fdf4084-b4cb-4dd3-9bf0-55113b329c3b'
 '2a409648-98ca-4d50-b0f4-ac2b36408a6a'
 '2ad854a5-fd28-442e-b1d2-b1bae853eb6d'
 '3c14f061-bd8b-4c2d-b717-73deacc0fc5b'
 '3e97cc09-6828-4a10-89bd-f11c8274bbf5'
 '5227a7a6-64c1-486f-b611-35c5d4c27c79'
 '726f2dde-75f9-477a-836a-8072fc9b1a35'
 'b9e15e11-ab1d-494e-be62-5e35dc37de0d'
 'bc9fe7dc-0baa-475b-8993-d609f4a52c8b'
 'c809ec57-4364-4158-b7ae-970092a42609'
 'cbeab266-ff39-4256-ac22-0079abbafd9c'
 'e016c2da-e55c-4796-af4c-129808aa61bd'
 'e9f64437-88fe-473c-8026-f6702701385c']","['0e3088f94fd74dd0bf54ce4fe7dfb492db7a4fa8eeed4a699f6992bc1606d3f05b5845dea1e8d94b3b6a8c011887384eb0757bbf3764f608225b6b1ce8e9ffc0'
 '97f704f729baa12c0e2b11bd17d01198b85340ee2d9fc65ac747ebaab61fa6bc63aed99a2ae144e4b0686faa762d4ff03b31c2b12f0ec3c2bf1cda251e23d289']",2026-03-10,9
59dfcb2f-1380-40d9-8134-7cb07b257bec,81,81,1,13,[155 156],Community 81,"['f14e4999-0be7-4428-8f98-488d5518439b'
 '6bcb0204-aee2-43b2-8932-555680077e51'
 '298dd1bb-9a86-4cdb-bfce-f95c3e99475b'
 '672b065c-f3ef-4bf7-a1d6-bd58bf3cc96b'
 'de47c0c9-473a-44ea-8d31-73a8c89b74f7'
 'b0fe4d0e-bde5-4e81-aaa8-74aaced5ed07'
 '3efe2d3a-2157-45e2-ae76-81ce36620af4'
 '83bd63b1-4f41-4200-b013-c85ce73dd94a'
 '7f854bbc-07a1-4346-bed5-546615de46da'
 'b4f186a1-aabc-4a21-878a-fabb4a6ce463'
 'ec31cd76-05d8-42b3-bdaa-df994639dbaa'
 'cc5996b9-6fef-4485-956b-4885c7820b19'
 '6905532e-765e-434b-985a-1f473442dc1a'
 '5d3472e0-4a7a-4e25-8c32-ff63dcaf9e15'
 'e7ea0648-fd5f-4671-8021-816fc640daf7']","['07a0385c-8b60-48ad-9b1b-465e2d6cc5e2'
 '1e37b9e4-1368-484b-b210-49429f94ccfc'
 '248814cb-11ab-4681-9b1f-2f31a368ff0b'
 '2904686e-08ae-4b2b-aea5-91fd7bc8ca61'
 '3dca5381-a01e-4c60-a710-4f0a8764add1'
 '447cf85e-508c-4e01-8be7-c65d8cb933c6'
 '45b64b17-7173-43a4-9470-c5c5a4287b5f'
 '48943eba-1526-41be-8083-921ff4147768'
 '4ac3a494-5b43-48b7-bebe-29386ccc225f'
 '54888cf3-7765-4d46-9bd2-75c1edc27457'
 '7bc080eb-87e9-4369-a49c-6a0913572166'
 '869f0d8e-efa2-4de3-adfc-dad058d1882a'
 '95325d35-a8c3-4d7a-90c9-7b886f9554a4'
 '9817bd94-104c-4d17-b1e3-ee7229179cfd'
 'c5d8d0a1-6cca-4d8e-b54d-4d78f8121ef4'
 'c7c12847-1f62-4d89-b0e1-e642738f3c9e'
 'ce91cc82-b01e-4327-876d-74d3e5735d63'
 'd61aefd7-199e-4ec6-805a-4433d4de4177'
 'f61ebff2-576d-4a42-a2d6-1e577b644332'
 'fefb5e6c-5201-4730-a4d0-c9f8a5bf2879']","['3352eba8f84ba8640a78ca9657f477d850ca9e6d005207883d4d1591c3e8cafac7c72da89a8391fe078e518a460d5ed0fcc9ae2fabdbf3c81356ca520b3bda63'
 '52210322972c047efc7689da633097a5df8ebccef9995944df73c65ace381727b5e957bf05ca9fb923614ca21f8a668a019c808fee804e714d274f8988e0e0d2'
 '7b28720f03d13bef2702c66cb2c05b381e779fa77183aa5ec27590e416bac4b2f4f5d08c8f297dbe2195c0c8ee280baa612ae77afa79f7a6238aafdc10aef424'
 'a4d0b08467ce73e94c8ae21cbf1d5c9de2b28eb2b11f0d9600ba696f7deecf4bbb8dcc953f2c41adbc6ecd52451ed70a2ae271b631839da06fe4efc61527bdad'
 'ab02a1307f63358bba10915511264b7bd499a08f4799ccbe749feea02892d3b4576b80b148aafc7d157b4e4ee34994660056fda352cb0162f7687641ca4e1399'
 'bfad7cb80612a979706bc5c077780f25ccccf3bf53dd263029107f1a6f54e815903ad1a1f128aadb0c9fbaf3e877cac08d057af5995c321f9ec6c6d8df22f726'
 'c01220242d7d3b6157eaf91fb6ad7e5f05d455441d91a2b77db0127e02b0fe7423ed15b66ae28fd3fab0125ef1b99725bfc52b50ef58fe62288f8190496b38bf'
 'c36e8fb29051175ed7d04bcfd393b599d986674bccfcbc008273d791e9b2ae5ed0359af6c9190422bb219b73ff6cf1726e092e84bde9fcc196c168529c7851ef'
 'ede3004f346fbf57178f109ccc246e3bc4937d91f3d8b4e360bb31965da2efe4d9269ff0f33f06a316cd47f9c5fcdcd614dd46895241fb926660d433e9caa6ab']",2026-03-10,15
70fdbc90-f0d0-4535-9e33-e60221d970d4,82,82,1,13,[],Community 82,"['013777bd-8b65-4fbc-9d35-695f82ddb207'
 '400b7f31-13c8-438e-a58d-6a47292d02c1'
 'c509df1a-423a-4663-b945-98f74cb899f9'
 '5f6d292b-5e48-4f44-af2a-f9c9ea03201b'
 'b8257202-bec4-42d3-ac82-326aeca9929f'
 '40ceff21-0f0e-4f3d-8b22-bb51c4bfcaae'
 'f3eda16a-fcbc-4176-a941-5a19db2bb840']","['41f17989-3338-4665-b9e2-fc5ddbe17769'
 '64205800-85b1-41cd-a090-fba71385fb43'
 '88e590ed-cfe8-4ca6-b75e-81abd2e5c07b'
 'ccb99649-cee0-4244-8ffb-67f7cd514073'
 'd811cc1d-b121-4009-adc8-da4af7af24bd'
 'dccddbef-7227-43b8-9157-6f8e70009317']","['8a5a6e187c668bb2f8331df659df42e1806867580ac766ba79bd9efeba8f788a99d6677d88162b703da1dfef9d27fc7aee00093a794541110dbfebcba1a298b0'
 '9609f731b2a1d479a0b1fa68f88c75b8c3461935601ffe88d4cfc8df0b1379cf4e596ef472e2ed824cc0fe7b6dbd0218447501e6f7c382a1a26e1db6352b7c15'
 'a7497051b835b0296caa8c43a2182e056a4d630488acdf638ab6cd1d926fb9ebe0e50b22dece2d0fb4bfabf4f04ef42edc8be89a0203491675e0fc4b52a1b78f'
 'bfad7cb80612a979706bc5c077780f25ccccf3bf53dd263029107f1a6f54e815903ad1a1f128aadb0c9fbaf3e877cac08d057af5995c321f9ec6c6d8df22f726']",2026-03-10,7
8a479afc-c300-4adc-96eb-b9cbe74c14cd,83,83,1,13,[],Community 83,"['e563c352-ab8f-43cd-8345-7031732b982a'
 '19be0f06-6417-4782-a33d-16a02f012ca5'
 '3fdd055e-381d-4db4-9c6c-53df2b4f6955'
 'cc74ceda-b279-43a1-917d-243e2fbeb7c9'
 '8a1bdc27-7197-440f-9ee2-9ffd3e191aa8'
 '07972482-b180-4c1e-a9bf-b7f26bd6fb52'
 'a3b45273-b4ec-4a77-8778-7cfa94218cda'
 'db2ce4f7-c47a-432a-bbf3-cd22f2646d0d'
 '3634babb-dcfa-44b0-b42f-5f1844803469']","['1d48f52e-1903-490d-bb26-32c9bce9edac'
 '2a994381-7093-485f-b71d-de013f445b97'
 '2d4a029c-1555-458a-b538-a95d3508e070'
 '4cde4dd3-8f65-4f3b-bafd-0b1442f31f2c'
 '7536d9f8-3fbd-4290-a075-0fb817018c97'
 '760b5532-c781-405c-989f-0a0574d6671f'
 '83627dc1-2fa2-4ab6-92f8-1452242e621f'
 '9a6c7d7c-f85e-41c0-aa17-824cbe877393'
 '9a8cdd80-4996-4e96-8947-cee785e2640b'
 'c2842f2b-908a-4674-97f6-edb91be1e80b'
 'e08ef801-21ae-4009-92b8-1648f855b6a1']","['1c2d42cf24d5ef41eadbc348176fc20e538136d601d7796de053c8d108164282bc91e627d6fb591fd2b3c6605eec37ee0ee6a4acb7ae2873d039be0a367cabe9'
 'ab02a1307f63358bba10915511264b7bd499a08f4799ccbe749feea02892d3b4576b80b148aafc7d157b4e4ee34994660056fda352cb0162f7687641ca4e1399']",2026-03-10,9
7250b286-e538-4e11-ac1a-d78f3b2ed610,84,84,1,13,[],Community 84,"['93dbfc3d-95e9-4fd7-8a3d-d9f912a0414c'
 '545da2a4-1bb8-4191-9eb9-6c1e2306dd98'
 'ec43d0e8-8720-4486-919d-8a87b808fb99'
 'fc8f3fea-690f-43f5-b79a-b2845750366d'
 '5d558f3b-f96a-4fb0-b399-9efe6b57615c'
 '64ed0b2f-9b96-43db-bda5-e22fae1918cb']","['38a6200f-9473-428e-b1e4-7628bf0b6a05'
 '3e311dda-e8fc-42e9-976d-b4917d0e7e34'
 '97dfc4c7-437b-40ea-9dcd-7851c80e5405'
 'a9407d43-0f9b-43b1-ac84-880773e44706'
 'de50a2fd-07ba-420a-b94b-faf97844233d'
 'e3f3d484-1ca7-47b1-9776-3f109f2f78ee']","['ab880573e023cb66c0c136752d5e7ffccf0d4932be602d2e2448ad1fc7dce1cfb7fb5662f82d464e25e609ddd708ccdd5f4804c4c1a77efd91ebfe395094477b'
 'c01220242d7d3b6157eaf91fb6ad7e5f05d455441d91a2b77db0127e02b0fe7423ed15b66ae28fd3fab0125ef1b99725bfc52b50ef58fe62288f8190496b38bf'
 'ede3004f346fbf57178f109ccc246e3bc4937d91f3d8b4e360bb31965da2efe4d9269ff0f33f06a316cd47f9c5fcdcd614dd46895241fb926660d433e9caa6ab'
 'f2d956b3558601f0e70fdc3346118b9293d283043264f63f9cbcfff22c35753ec9c3813f6ce97ba179ab425243bf20419f3faea8377896065191a30feb4031f9']",2026-03-10,6
f324afc3-8099-42ce-bf95-3ca173b3baf3,85,85,1,13,[],Community 85,"['495fc0d7-99db-4d45-8d4e-a3ddf3af6a64'
 '46daa996-b846-4691-ad40-514d58beb302'
 '16e4f1c7-2d67-4915-9f50-6e850cd5590a'
 '47f38979-4778-474e-b4e9-aadaecfd60be'
 '768df263-ee92-4d77-b4fb-7bb4b1ef636b']","['29c4017d-317e-4710-af93-57d47266ab65'
 '4ae4e3f7-dc47-4f10-81d1-d85b06cbba9a'
 '6230a754-dca7-44bb-8ca5-26c379b67202'
 '960bed26-a82a-4e1f-a0a9-ce8e2e37a05b']",['363b6f4fe840a82e2f2626f490dcb8da3de821cda42ac4f70ba0da92fba6668706d3e8bf6ad7f088fd38c3486b672b17640aefe778000d68b857659286405ea0'],2026-03-10,5
28dfdf01-6cb7-485f-83f9-5fe5c6cacfb9,86,86,1,13,[],Community 86,"['54d37071-fa8c-4a6f-9879-a038bdfe3a2b'
 '4a539c58-9191-4e8a-bc42-13684abb79a0'
 '13fe2ba8-ad27-4696-8fb4-7d8180755698']","['14af1162-b77e-498c-ad3c-65ab24110bf0'
 '1aa104d2-14a1-4188-ba05-eb5653f393bf']",['f4b073c881c4fcb05727ee79708bd9cfbb6d3e83237cf1b85e3187dcab07280875c52e63328b7611bc065541e3dd44f41cde68660eeacbdab3bdbfebb4ff5fa2'],2026-03-10,3
b606005b-c804-4b0e-81f7-58a08c3bf8d9,87,87,1,14,[],Community 87,"['9ddc9c47-f5d0-423b-afa4-47458a018232'
 '3d96cb59-0236-4102-a6cd-ce40f0854545'
 '6d0178be-cb7e-44ae-b377-78ed0c60bdfa'
 'd3d2f364-00f8-4a32-ab40-eee342929470'
 'ef88ce60-fadb-4293-80ad-f280bbd14c02'
 '34863ae1-402e-4e7c-bc6d-2d91f55eb7e4'
 '4021e958-27bb-4a28-8450-e99d519dc300'
 '4c3aba15-4a1f-4df8-be9f-feab65ec8ea4'
 '34e931c1-a57b-4071-b06b-485bcd3b4f02'
 '64cbb355-a624-4174-9c88-7efb9eef2cd1'
 '73128169-dc85-498a-96b4-3640b7b2710d'
 'a88ae7b0-806a-4916-abf4-ba59a140414f'
 'e04ff847-74a1-44c7-9ee7-a2a832e8ca8d'
 'cf187834-7c9e-4c9c-8649-b7b4344ad3d4'
 '4440cf6c-83cb-4283-90bf-fe6afb1a28cf'
 'f2750af3-cc25-49d8-945b-b73b1050c36c'
 '0da6a23e-5660-4819-9d13-9756fdcc51c8'
 '19f225d7-639f-4aa8-a978-d513ddcb42a3'
 '89429e49-8cff-4b22-b24b-9e95a1ee03bc'
 'd02d071d-d772-4506-91c4-60ba68816908'
 'f4ed6bc9-4a52-44a0-809c-e6844bf288fd'
 '5a342ca6-ae74-48c6-8a44-56a1e0be741d'
 'f9234eb6-3b70-48f2-9977-52e371d0459e'
 'fa89ffdb-e755-48b5-a6ca-15100aae29c1'
 'e92a5cbe-208d-4e57-8c42-0bbf41458f4c'
 '595f4b2e-9814-4eb5-97c5-99fae3406ab5'
 'bcf87c9b-5d12-4b3a-a948-80198cdade2b'
 'ba92d978-ad76-4f0c-9aaf-479d1e41f463'
 '11381816-5fd0-4c5d-9347-1b23ecbafa06']","['0550e5af-47b0-4408-bb17-7466c14ef2ea'
 '0bedf740-e307-481e-a80d-ef19febfb189'
 '15c88be9-d7d8-4e15-aea2-0f313543a93c'
 '25280bd2-a531-4767-9347-09fe55dfc871'
 '254befae-048f-43a6-b2a2-6787555d46d4'
 '2e3803fc-118f-4f27-92d7-71a23735c41b'
 '3b5c55e3-9f09-481b-8a0c-14cb05b92bd1'
 '3e18cfd5-e495-4c87-8e0e-815b816b2c54'
 '4285bd3d-2362-4cc9-8b43-3bce93ad054f'
 '464288ca-6376-41e0-ab88-76761db2077d'
 '516c9852-8f4a-4ed0-917e-07055a6be4d0'
 '60f83720-8849-4709-adaa-670b71f679e1'
 '6bda612f-4ee7-4b06-a977-7c2f0faf2cc6'
 '7570bec0-8789-477e-a06c-7b68fee14323'
 '8082e0a6-8880-4453-a436-c8b468bcc0d1'
 '997cd733-285f-4d74-bcec-ba6c722b0e9b'
 '9bb305f9-6df9-47b6-a8b2-b3ba667786e4'
 '9c2c05e2-0a8f-4559-9cb1-76b0dcd36703'
 'ada49aec-210d-4346-a159-253075bb5fd9'
 'b9ca9767-6e96-4dc6-bb33-19db1b7e54d6'
 'bd3e5c26-7ae9-4a53-b0ec-b7da55400de1'
 'cc728721-1257-4825-9d61-f637a851d87a'
 'd092ff4e-46c5-4d01-ad7d-254292c793d1'
 'd65bb930-4fd5-4406-8797-fe3aad044af1'
 'd9c4b833-28f7-418a-b76f-3b3e8486a151'
 'e35e0828-20f2-4b82-b507-7f6a54ac4fe7'
 'e48d7c51-7ce3-4f37-8157-8bf6cfaee2e6'
 'f8995c46-9f9c-4ea4-a567-fa085b3aa5fc'
 'fc0db86e-cb41-4520-9b48-986253715512']","['216b5d37b3125c84710d2b3f71d83277b473896f3fa0f7b6a9e354cb1ff86c2aca8592c9b1477ed5cb581c71faf742662acabac70a5e6b30547ef11ba26ec104'
 '26cdfeb8b4da5f299b28b04ed70798dad94c45baa9db39d3123eafa0718a71246a0b75a0c95782b5d47518a83aafe3428efcbb87d8a5df74278212364ed15601'
 '381147c160e708531edd5fe9dfe37f5429a16e1dd6e0e313cace6027de42a9bac0ee5197a83256ff01f43c8964450a46e6001cba4bd330d3292c346da34460dd'
 'b92b2af553e1b0fd9d9e7d6af986865eddcd8a9a0f2721897a47f2b0e08b5769340a6de26aec0532682a8eee09efb9f657ee2a70e3ee9bd3fa42fb553702f27a'
 'c094ce22b6069d49cc8e073f1a8a32d5448c92f03fc1c96cfc7ceddf997477d3aa8a461e4660fe0f75ec786bbcd9dc8f86a88f864b100b333810c5dfe2148ca6'
 'c0caca2af0fb8858cbb39cf01ee4d38c3ec003f7557549792c64e09363931aa67c8dcf2f14082261568fd7077038dfe57d090f3067f4e73d1f4b0e554262cc1d'
 'c3f6d83d2ebd726a336da083ea57191d386f3dd09b4028d8f25be210bd0d0c1cc525ebefe037be08523445ec8f6458d3bcc1e0889571b471d5471a657e9d35e6'
 'c52d4fb3c1c2a58fb99dfeeb78bfe51da638a27a4abfcef7d0cb3948c51de50d2729c8ee4cee4f8adf245630d4023485532b131e9d6003d6ee0a8955a0dd2a5c'
 'dd608c502dd3df470da4739e60c9117f368d7c09893d7a66daf0f1880135abaaab38c47cce32f1f3256155851d6c9819a7d9ace0f1afaa233d5cea0edb7666a2'
 'f119edc2c8b95b9f7596cb0cdb8eaa905d73bda1a2507e58603533a2bf7f41e027f1ccf9a1b71934b45700f81b40456ad64e6144bb887d9b0748f4805b584c18'
 'f2d376a4f06b956d9f2ce60627c0dd7df152a69a4b111393d04f1823371ed14f7e8230a6e3949854553b24e24cf83b7bec46a3c1f60767ab174fa660b5348bfb'
 'fafeca9006beea150ddc26d01f7626dd73339ebc97279ba19690260ecd08486a42d840a6a7fcc10014f621a01571a10508398e798582ce8e9d8bd055332f84f9']",2026-03-10,29
1367ee13-8eb4-4fa6-8238-380abc7feabb,88,88,1,14,[],Community 88,"['b3b12294-e2b2-4e9c-9ac9-b3a23a1229f1'
 'cad15711-ce75-43dc-b6b9-a882cf5f1527']",['afcc480d-5812-4938-aca7-e6a144cc1541'],['a578bb266eac8d475af4234e82a3d5822a74c7a1eac09c058832af07f532741e5303dd74c29ad9d64b013551a85430b1ae83740e258f3b562bfd005164de4799'],2026-03-10,2
c968943b-7d2a-4a10-8ce2-409b30a89374,89,89,1,14,[],Community 89,"['71232442-b935-4d3e-9ea1-b561b553b27f'
 '3bb8f887-c2e4-4c1f-8dc8-8e37bda23e8d'
 '60e256e2-2bfc-48d6-921e-72de0b62f21b'
 '888a8b05-79dc-479c-b918-af589e0ee022']","['79b0686d-9d30-4fb1-8d82-09b0924c1021'
 'aae8066b-257a-4fc7-b977-9c3e29b15114'
 'bed7a7d7-fd8b-420b-8fd0-64593390ae3c']",['e5186bb6d352a27917ac8367b8fb3678ef25aaa7f613b8bb0aefd254e410395d49875a159c5a4455a5a92f145688b7d02107af25020f5a8a10ae594a37c49c85'],2026-03-10,4
4806d7cc-b781-4933-9f66-a58ca973a81b,90,90,1,14,[],Community 90,"['87abe1df-0b0d-4cad-8628-7d6a460a562a'
 '7773e189-e1d9-4ca7-a6f5-44d80380cc68']",['b3a399fb-52b5-4649-add1-bb9c5ce4dcc8'],['216b5d37b3125c84710d2b3f71d83277b473896f3fa0f7b6a9e354cb1ff86c2aca8592c9b1477ed5cb581c71faf742662acabac70a5e6b30547ef11ba26ec104'],2026-03-10,2
61e0e13e-c7d2-4552-99b5-4ecd7502be92,91,91,1,14,[],Community 91,"['906cee26-c53d-4f2c-b495-0c51f1e25c0f'
 '72b87199-77a8-4f49-959c-4253edd3acf8'
 '9996c9e6-8ab4-4b25-a229-c17cbd5adf44']","['06117966-9861-4b9e-83a8-8ad8d814c64a'
 '155dd44d-7a9c-4718-a340-fbbc9680312d'
 '1e62e914-9dd9-4307-923c-7f85946d5b95']","['118c7bd305241f63fc8acc7a43be55e647e7c60b0496e3c7fa93ac7e08772d99c4d1f30dc27d341d54c191e8adaa5614e7bf6af62c894598b91d232c898d477e'
 '9a6129f36306906a87d079fc2fbd2498974e992eea944bebce064d9a71db94e84e20b09cc1b45881d761988a8f418c9dd393041685c74991251361bfe1fc1f04'
 'bdca646a9e1039c94adb7fa01436167fbcce136d9e3779133c07fe55732a767f4754180083bf32e104c7259f6cb20c51ab781a0f02fac3d372ead7eab9f86369']",2026-03-10,3
a006785a-c0d9-41a9-815b-15b6cb095beb,92,92,1,15,[],Community 92,"['ab3db792-44e8-40f2-92f1-c9330ba80788'
 'de5f2a5d-24f5-4199-a73f-ed0ba3384b7c'
 'a41db4b2-5c3a-4086-9599-87baaff36e33']","['7178a5e5-1edc-4aae-b2b1-c82169d368c8'
 'c6c4c232-1093-43bd-afd1-396f909c8a7a']",['78fd9b204da2b6ddd7a495c820a5d60bf223efd0038c19ba4f23595bcceb7023a7ae5004f5769dd4ddf103bc094fa30996c8e57f71ed174a0b91cfc9d29aba2c'],2026-03-10,3
fc5d651d-9bf7-4e2c-8464-595cab578ba7,93,93,1,15,[],Community 93,"['d262c842-a2d6-415f-bab5-1351ed787099'
 'c764a205-1179-4f72-9e1b-c7291c1ba2fe'
 '1943b7a7-5525-4e83-bc03-202e26973b0f']","['53d30e78-b5f1-4bb1-8974-0c76323774f7'
 'd0a4b3b8-1166-4a73-b75c-21a56b195e8e']","['7d74751b12773d1ba1111f71866d71285db4f718701a5dc05620ca962c4cb691ae9b12cf1c0f77381ec9d20ca947aafbb3f3c24eabf017f1307cf1774f42b8ba'
 'f72233ede15c2dc81218d7f98944f4209aa7e8bb9f6126c542a9998661b0591c528ba82b118b3431299cd79041f10bc9c4b3ae009e206f21a3c91060b5431cae']",2026-03-10,3
283c9156-6b4f-4447-9914-469cb079201e,94,94,1,15,[],Community 94,"['f5ac0654-6e73-4a44-9f76-6dc00f0b48bd'
 'a3846d82-a440-4ae3-b78c-0ebff50ba184']",['ea9396c1-dad6-4d2e-a29d-848417c4739b'],['612bb6193eb44b324b88e46b2789875b47017b38a950f651fd11347e849a417a3bd8f8d8f6425e2f30b7166d7c97c95e5976862727f33ee6aeb55a98fd8c16b0'],2026-03-10,2
cb6bcaac-b376-4354-9bcd-8137cb17f3be,95,95,1,15,[],Community 95,"['edba5ce0-fece-41d6-b68e-bbf2be0ed027'
 'd1699ff4-4946-4eaa-8117-5690c10dc606'
 '7b8082c3-f4c0-4e4e-af5e-7a51cf4bbad4'
 'f8a90ad7-5191-48b5-8586-d0028cc60046']","['54e77f9b-a6a0-432a-a83b-57efe2ba849e'
 'cd23cdbe-f962-45ea-a860-e36cbccb8380'
 'd578f579-6782-4b98-9bef-4d684e970dfd']",['cc09d1f4596f98345b4183088ac2458e5b0aff5531c7bba220023ccd01d156715d0223bc4b4a65304138bd7c8a98640a1ce1aa94bdfc8079a57959f1e6872eab'],2026-03-10,4
ab356ca1-30b2-4db6-bb3e-865ef10fca63,96,96,1,16,[157 158],Community 96,"['3c9b5a4f-bc65-4a90-b1cb-640efd2d4d84'
 '040c3094-f31d-4a80-b933-24d4768fea3f'
 '03799adc-c962-4fc4-b2f7-1dbf785e4da3'
 '1fc63076-9dca-4766-ab98-75846da2623a'
 '51862798-7f77-4ff0-909a-eb5eccf12f02'
 '4f8bfa58-fa7e-4a12-ba8d-0da80dec76c8'
 '5416006b-d192-41d2-b3de-db370ee596a0'
 '8bcd6534-bd6f-4f68-b951-27396b9f96f9'
 '712b5256-39fd-47bd-8502-bd4da75a4473'
 '223cbe41-4765-483b-952c-6de48960e7f7']","['1dc3c2ed-63c1-4bb6-9618-e07f27675f40'
 '3149e024-cf0d-4ab9-8007-554109b7edae'
 '3d800304-d28e-46c6-9a25-f8f236db2543'
 '5cb26232-3e2f-42c0-b521-bfff11c19a50'
 '845ea2f8-b558-4251-8820-f08706038f4e'
 '98efc4b1-088a-4bd5-9c9e-35da634016e1'
 'a906140a-c7bf-40f6-9d03-9ec6b9689411'
 'ca6b5b9d-9915-448c-830b-7e6527422b61'
 'cfaa504a-76f7-48e4-9bb3-d1d90916bcb5'
 'd69d3205-e544-458a-ae4b-2487438d2fd0']","['00a0c1db6485e7cbac54a732052006a67c99da84f0e4ae3b0b5ef4c9c184759efc49103ab0655d3717b6119de694b25d045ac14ada547d3f5696cd69ad0fcb0b'
 '08d3c6363a013e4d4f51f6820225fefd251fef961c5b7312ce9e7171d05ecad3e1cb332ad9a5a2613943cdfbe0a7c6c94aac61b2c609458a593d80ffd07df048'
 '216b5d37b3125c84710d2b3f71d83277b473896f3fa0f7b6a9e354cb1ff86c2aca8592c9b1477ed5cb581c71faf742662acabac70a5e6b30547ef11ba26ec104'
 '53fabd6061d68e4f513b61c3e6477b9cd8b31132a56304cced1927d39a54705928a4758e66e5cb83e1bee5033ada82da615495d4b0c574a901944fd41135269c'
 '78fd9b204da2b6ddd7a495c820a5d60bf223efd0038c19ba4f23595bcceb7023a7ae5004f5769dd4ddf103bc094fa30996c8e57f71ed174a0b91cfc9d29aba2c'
 '8b74d171782aea4ffee98ac390790a73a6e0da5ffd95e7e9ba69a689a3e7f206afb4460c8027fc27097a4cfb65650b32d1b97c9e164d9e31ec59c2c5d6949d32'
 'c0caca2af0fb8858cbb39cf01ee4d38c3ec003f7557549792c64e09363931aa67c8dcf2f14082261568fd7077038dfe57d090f3067f4e73d1f4b0e554262cc1d'
 'd19fccabb943e5d8c1308d240fc605b6240a28438a298546a35dd33f5bc6582658081ad0351a8748a5dc19573d8114ce86a48897f22c5caf58445d8459cb004f'
 'e7c2b8f83fb20874c05c3731ee0a04b04bb25a6439b1ede027965f3e4657c61ed87edea6d73c227df61ff33e976406b1babe57eb2f405ba8df2ec663be12efbd'
 'f403737dfb7dcd685cbcc8fb750f467b93dec35ac7e6a20b5c6898b00234f3f28ee75149f5803003b6eb8f0b7bdf27627b5fd85b94f3b6305ced6f0a7bfcb2f1'
 'f72233ede15c2dc81218d7f98944f4209aa7e8bb9f6126c542a9998661b0591c528ba82b118b3431299cd79041f10bc9c4b3ae009e206f21a3c91060b5431cae']",2026-03-10,10
2b2d669a-074a-4a27-8a9b-704e0a154bd4,97,97,1,16,[],Community 97,"['1d61e6d9-0a52-47a4-a0ef-fb021ca9daf5'
 '5b7a6b6c-822a-4402-8bad-be79234d1098'
 '9068c54c-7713-4c0c-a512-287a42a0ece2']","['1c1026a9-442f-45be-ac56-8d9edb0dd605'
 'ea6508be-8e1f-4a5e-94fc-9963b9941528'
 'f9193982-34c2-4c3a-9031-7abd6a8f7cb2']",['c7d1b4a4d6c1890a132c31e59180d731225566cf55ebabf81e05e51dc067c87990a977ce7b4870782038556add3f4a624eb29460e048396081cec193a59c7894'],2026-03-10,3
77cfe0fb-6cc8-4afb-acc1-55cff7c77da9,98,98,1,16,[],Community 98,"['fc297dd7-8622-45d7-a1ad-882cdb335581'
 '03cfef45-1fcc-406a-b00e-4b9430639a4c'
 '4f2e19fd-e88b-4f5a-b1c1-ff6800e73d9b']","['6787e4eb-b79c-4798-a3ca-a047cce7d902'
 'c4dd4885-e56c-40bb-9f11-a6cddd3b16ee']",['00a0c1db6485e7cbac54a732052006a67c99da84f0e4ae3b0b5ef4c9c184759efc49103ab0655d3717b6119de694b25d045ac14ada547d3f5696cd69ad0fcb0b'],2026-03-10,3
102d9779-2d15-4a76-ad44-625144479194,99,99,1,17,[],Community 99,"['2d369837-9fd2-4cd4-bc6e-c6ec00c7de94'
 '1c576b9b-9b08-4183-81f1-44b912404d78'
 '0762af96-9360-4fa3-a857-d4cb1d13fe40'
 '945c63bd-be4b-4cc1-9147-01ed60bbe86b'
 '893bcb38-027f-4958-b493-8f1946b91936'
 '5630cca8-c579-4307-beb1-ab34b1d8181b'
 '949d11b2-c55b-4887-adf2-d14382d74a07'
 '97db01a7-25f0-46af-9d11-4c36c5ee9006'
 '05ff00c2-9a18-4c18-b4f6-2203e7d10b2e']","['00a6469d-40b4-4be3-8b59-fc38876ab7da'
 '11f6e817-c607-4572-8bcf-8e2032620706'
 '1ecb9dbb-d858-4f1e-ad34-89688fddc0eb'
 '559aa577-0e8d-4568-af35-1ab78f08ef21'
 'b9afa126-f87e-4599-a2d5-07973663a92b'
 'c323fec0-84f1-4beb-a4fd-97dee3c301e0'
 'c5db2664-0a25-4270-9913-2d065cae00e8'
 'cf5153f5-7775-41e6-a202-c2640c80ddad'
 'd8bb46f7-55f6-447a-8f08-28f4a1b3791c'
 'e865c54a-5745-4233-93a4-5c4886487de7'
 'ea93cbff-f4f8-4cae-8dc1-1ac662e97916']","['243baadc036ebd5c237eb0fc8241cb85f5b20d68bdda0f7f7f1c266ecb583f406c167720b89ec53cdd252c4f90aafd0e5cce5df8fd41f68617eb126dffe12341'
 '88308954a8d2d7586ca8cc75b1b11f9449934357376dc59c92ced6f46cf1845fa46e9148292d5c59387ef0e4995324fa9a855891a896a148c086de27d054fc7a'
 '95822c8a9994a4f2f6caa31f47747bf7108a37bff834cac36c07f4e513e018deffc602550d7e95b345ca046805988c0d38f1a35e6901a5efbf9212b3b4565b97'
 'e4bdaf3274859fefc17e03819e07cdfc1499b7c702c170402f77909a62e84fff67860e324f4de8c7d3be920148c0a9e004b2a837b69790702ade5d2b83674266']",2026-03-10,9
7e168aec-dfcc-41b5-806c-220b9d044fb8,100,100,1,17,[],Community 100,"['1dc9754b-c93a-42b3-b957-d2cdc2679bd5'
 '164e7b0e-8328-40b9-bc56-49312e4ff884'
 '44db9ad3-d667-4bd6-b131-7097143cb2d5'
 '9fa8d28b-d203-461c-a028-757b76f5d8f8'
 '75a2d5cb-418e-4820-b192-5bd6fb05d8fe'
 'cd6e574c-1b80-49d3-bc01-a9829f5afeec'
 'c02f865d-4aa3-42b2-ab3a-b1ab8ce78480'
 'e3bd1c15-89ec-440c-9afd-eaa0200967eb']","['13cabcc7-1ffd-4f69-9863-a3c4058e2c65'
 '19d01bf1-e241-4817-952c-15c511f004d8'
 '2d98b53c-dd9d-4cdb-8b58-52380ba3c261'
 '3bee4dd1-c3c5-4ac8-9445-2aae17796866'
 '44383246-7983-464a-a8a9-15784a7ceab0'
 '5dd0cd32-d79a-4025-a31f-71fcbe4af030'
 'bcfb618e-00a3-4202-99fa-dbf3d13c0d55'
 'bdbb8d10-3031-4e8a-9e2b-484f76dbe7f7'
 'fa2e95fb-6012-434f-b0a0-71cbea72f049']","['0e23d33c40ad564baa0084ebd8235cb1ce82f4d6b6fb48063d86fcb23695e22c4f9ce6522e3cbecd103ff6a44d061911281712609c45a72c04c899e10ca7d0dd'
 'a2e24582c54a09a4696e862c1e0039c25baf8e352a73031e827dacc8522ad5a43b1bdd1d41d4861e4a869a1f7b1ff57f29c38294df2fef000b1bdf7a00fa8813'
 'fb7937078606072981cdd7d9646067a24fb9e1e928590b9a96273cebbe354ed92c551b5f4b225d11028f03e369b1ec1cc016a47fb4976038bb73c7122daac62e']",2026-03-10,8
011828e6-2ced-4324-80c2-f728dd7ef0ba,101,101,1,17,[159 160],Community 101,"['bc837053-52fd-4f31-957c-524663285995'
 'e693a412-fa40-46c5-a27e-50ce50d9a2f7'
 'c2802efc-7334-4059-a4bb-d9a0e68a387a'
 'ce593958-40cc-4a64-adeb-b894e53c8515'
 '98f42b83-d169-4988-a5ec-f06708da8bdf'
 'b48b45b2-b9f3-4e6b-9632-ab592c1ed76f'
 '98d1f4a2-609f-40c2-bb96-29b7150b658a'
 '8655baed-ffc8-410d-96ce-fd41e93c14a0'
 '471c071a-9bf3-4c99-812a-911a92c176a8'
 '452294d2-b6ac-4c16-822e-63849bea4bfb']","['394ad0b4-73cb-4b82-87d9-5119a4eeea11'
 '3f5f0bcc-fa3e-4cc9-8157-224fe7543d09'
 '3fa2f035-1f48-416b-8146-747985a00c0c'
 '751d1c36-7f63-4c61-b50f-4ecb213c267d'
 '7d4c1819-e246-4db1-9e24-c8cb4925f748'
 '7ede6e83-b915-4e60-afc1-5116fa434b01'
 '862e0056-d978-4a55-9da7-42e072f5d222'
 '9db5759e-8cdb-45e5-a37a-df7c4557fa3d'
 'be176fbf-ff57-4b81-9b2e-c6c415a10734'
 'f7c1e671-6509-42e4-bc1e-1d0c9042cb11']","['0054d8619570bb6c0efca76fc0b5d60b2020d45053f0043184d6db81d8b4175c11d3bf6bd1b762bf62da191305d36d6c9842c8a074e437af7b77352179be84b7'
 '4e10a447ddaf2c74684d2a22401890d0f1eed1fd11ac887c4f65b340f4348db607f77e46c4ba8d22a4abe8dd27f016378deada950d2c72edfa41699ac96ba87b'
 '916df53df347ea8d591a39d75bfe49c9daf343e44bd0f7fcd5a3e80616d29787d6d759260a78c8010be13389ce5c71c5a7b649f82b1a94b798dfd0b9138a5bd1'
 'ab880573e023cb66c0c136752d5e7ffccf0d4932be602d2e2448ad1fc7dce1cfb7fb5662f82d464e25e609ddd708ccdd5f4804c4c1a77efd91ebfe395094477b'
 'b702dc97591d4fd99e393160ffd9d400dae11ce24461a052ca46b18e565efb9d5c4899a4d3910ff3805503f5ec2f7cfb4c0d882b0fb4ad65273b9abe5b9d8ab3'
 'caa24a7186ba46d267f4c153375d46218d52154d378553ff6c732c0f3c8c6453ce1501e3e04e8f0f7bd9265300b413e652f3adce375c8ee1ba81dfab387fa675'
 'f314d43b0a481cdfcb76b0052bb89c14cd5ccb4415cfbb161aed4a4ee2ddf6d350327a4063125f41fb51588cfdde6a22f75faec6eef9db845ed2cd4fb880cc15'
 'f4b073c881c4fcb05727ee79708bd9cfbb6d3e83237cf1b85e3187dcab07280875c52e63328b7611bc065541e3dd44f41cde68660eeacbdab3bdbfebb4ff5fa2']",2026-03-10,10
2dd262c7-e55f-4de2-9ca6-d82656e19c5c,102,102,1,17,[161 162],Community 102,"['3e7ad9fd-47c4-4353-863b-a25f40c2b493'
 'bf85aaf3-c7ff-4495-ba7b-2e2c5998a92a'
 '7a7af49e-5ae4-4cd0-a7ca-1dff077e2df3'
 '5d9d0d25-0832-4ae4-8ef1-f7b48ddba1df'
 '6d96b062-8cad-4b0f-be08-1e7a956f8f03'
 '313c7612-8ffd-4910-a2cf-9717e2653230'
 '48e11257-0add-4dba-af5c-dd8bc20a1563'
 '1fa096d3-43c8-429e-b66b-83a0ada8f63f'
 'ffb85a9d-8556-45c3-abdf-d254805b1153'
 '8f2a60b8-4951-45f3-82a8-f4908aa941b0'
 '979885a9-e03c-402e-bddc-4c8f91e5e2ad'
 '84713de0-8741-45ee-9573-7bce2d390b55'
 'fd83dc74-8dc3-4289-b036-1044e204832a'
 '34056f7a-6358-4b14-9dc0-08cb84512906'
 '04bf9c63-46f8-4829-9cd5-6173f2e567e1']","['2544700b-cacf-4a32-96cf-e84574e32779'
 '353abf11-b75b-4ea2-b5a0-cc4e22127978'
 '3bc13dda-43ec-4ab8-9b14-764db43c1705'
 '3e53967d-226b-455b-8520-54ae77f4d9e9'
 '49bdc82c-b7e1-435f-89f3-a59cfe8aa918'
 '4dcbb018-c93e-4ad6-a2bd-8da9a149543f'
 '61b7359e-8a4f-4a78-9f97-739d90cfcc34'
 '66bd70c8-5bff-43dc-9381-29417a999a97'
 '7bfcfa0b-39d3-4ccf-ade9-ea83c7170e6c'
 '9656a0b6-4cea-419b-825f-5f44d2a518cb'
 '9c0fc78d-5e9e-438f-85e6-c7827fbbb3b9'
 'b2204855-9170-4eac-9f99-deb20e135826'
 'badd6a45-c74d-4752-9793-88ae04e6619b'
 'db4440be-3d5b-42e2-8674-3189b82c1e61'
 'ebb45bac-53e3-44fd-af71-4c1ffdedda76'
 'f11597aa-4db1-4c8c-bffb-076e96455b3f']","['62a47466ff3c57929d09f449a143d719d9e0c4c33a2338743752150ae1e4c2957880bdc8f4c0677380e65e1a18195cf13f183e5aaab54e3c84a17c22537c9d03'
 '97f704f729baa12c0e2b11bd17d01198b85340ee2d9fc65ac747ebaab61fa6bc63aed99a2ae144e4b0686faa762d4ff03b31c2b12f0ec3c2bf1cda251e23d289'
 '9d010be2e112d921a8ec409921bb6bf7daae44915d78a6a3a4454af9c7338b2f347bb11cc96b4320ac39dd9287ecab8c98e46701661c327517b831aff8af0e2a'
 'a755a1d7c7d50241e949f3f67066a071d3040c44026ecbf4204c31719658d38c98068fe0a23f3f70426a030908bdcf57c15191f15e39db46ece7a311ac4175d5'
 'ad35013d5762ef15840617220687d42379da7e6c224e4855c141b759801bcfd09828afb47c83e266ef51862cb8425a84f9f1117657d14c607e0bcbe3020d96e4'
 'c7d1b4a4d6c1890a132c31e59180d731225566cf55ebabf81e05e51dc067c87990a977ce7b4870782038556add3f4a624eb29460e048396081cec193a59c7894']",2026-03-10,15
e7b74ce4-19a0-427b-891e-3b616d880cd8,103,103,1,17,[],Community 103,"['4c388c65-8e37-422e-bcd3-ddc02edb754b'
 'e84c83c6-54f7-4eb3-91f6-dd7846895841'
 'b03c5748-459a-4425-b705-4d7500f78713'
 '8654bdd7-bf11-40c0-b7ad-f2c102c1619d'
 'f0deea7e-8ded-4408-8e52-98f37958a674']","['314e9682-2f87-4e86-bb89-49b55bf53006'
 '89c42ca5-6db6-45c0-940d-4e516cd7fcd7'
 'b469e881-8e3a-4c8d-a3e4-5d3bad814405'
 'f5310001-65e2-4c06-a91c-44defde19a6b']","['33adf6669c49ae17123199758ecf1487a0e24187cf6dbde030ff357cd1e47a649457fae65658e881b9b0899b0a295f4aa42389d01e4bf17584c84704d42b1d3c'
 'ad35013d5762ef15840617220687d42379da7e6c224e4855c141b759801bcfd09828afb47c83e266ef51862cb8425a84f9f1117657d14c607e0bcbe3020d96e4'
 'd396ad18c1749b988bca89f716838ee064def48e3baf66155c6a4e509e4b83e0e0b8ee41ef6511e629b636a8f1500997f949c0d692d8fd6bf3e97d78fcad4005']",2026-03-10,5
95489dc0-84c2-4553-b328-5dc2bca891e4,104,104,1,17,[],Community 104,"['dd76875b-5767-4fdb-9065-77ed9078ce44'
 'bfaeed7b-1ad5-4f53-ac0f-54a747291a9d'
 'e7ee84aa-1734-4dc5-a908-3a3bc2f7e749']","['5a50337e-68c0-40a8-9f98-f9d0fb271cb6'
 '86c826f1-57fc-4dfa-8667-0e5a11563cd6']",['9d010be2e112d921a8ec409921bb6bf7daae44915d78a6a3a4454af9c7338b2f347bb11cc96b4320ac39dd9287ecab8c98e46701661c327517b831aff8af0e2a'],2026-03-10,3
99a6f9ce-2c84-4218-aae0-7ae19a9c2a4d,105,105,1,17,[],Community 105,"['831c2652-b67e-4506-b4d8-546e0b0067ef'
 'b3175653-025c-46ac-9b6c-ad3eab7546ce'
 '3bddbbb7-0365-4ccb-864d-e47d821c8588']","['387eaef6-ee9f-4b17-ad2b-98219b16810b'
 'cdf17170-6a82-43af-9f89-466bfbe578d2']",['95822c8a9994a4f2f6caa31f47747bf7108a37bff834cac36c07f4e513e018deffc602550d7e95b345ca046805988c0d38f1a35e6901a5efbf9212b3b4565b97'],2026-03-10,3
0cf80b35-245f-4064-a363-bfd735e44f83,106,106,1,20,[163 164 165 166],Community 106,"['284f6958-ed93-4524-8f07-ec3e7f933037'
 '8867eaba-c420-4807-a9b8-1b2f94fd7bb2'
 '817257a8-a506-4c59-9e37-8aa34832fc3e'
 '23d959ed-9864-42a7-b323-610412a418cd'
 '6759fe38-b611-4de6-b468-ef0eedcfbc1c'
 '4374608b-4534-4cbd-bf47-872ce9a7e52e'
 '611637b2-1a99-4213-80e3-44e6a867179d'
 'fcf4aaa9-b870-4324-b06d-f1f5acfceb91'
 '1d3d5508-4d60-43f1-b202-1803126b653d'
 '41cff077-e64f-4388-ac49-bfcd9c74342b'
 '4e21c725-89c3-4f05-acf0-a7ef7f7ee218'
 'db56d01f-0fbf-4928-b002-229e721c6941']","['050e04e2-5747-4f17-8e81-f337c9a6f9df'
 '3ec9fd73-7a18-439c-9303-e37c7d1537cb'
 '46ed6919-86ca-4fae-a6f1-e0bc3d67fcd9'
 '7196107a-b02b-4cd7-9401-db565ff4d559'
 '8047d5a2-0ca3-41e3-a80f-2b831e1751aa'
 '99866be0-4af5-4fd5-88cb-1c4fb39b2a0a'
 '9ccbf97e-7230-437e-87de-94546a135e87'
 'a1456667-b770-49b1-8216-0256ca9e0e1e'
 'a95301be-72f1-432c-a89b-1f2c26d9dfab'
 'c56db9ff-36c3-4b09-af6c-348dc9d6e203'
 'c725e42d-4c6e-4118-b56f-e60da6a30e9c'
 'f1701ca2-3a65-4927-9d17-2ceab4ed2016']","['0753a5364e8659153a688ab0eca1df824f632203d4596b69b50e7c01586097ec4e30fb396f58f92bb9d5396f0f58956a8be35d67bfdda38302dccdf1aef38243'
 '37233ebbd9a0ab3121dd8fc0f8be180adc5ad2f3ec22fb332b5c77f01727238ab35e42dc12015ec6693199d7b5a8086b0b0be8a86a6328cc3cdafd203b47b8bc'
 '88308954a8d2d7586ca8cc75b1b11f9449934357376dc59c92ced6f46cf1845fa46e9148292d5c59387ef0e4995324fa9a855891a896a148c086de27d054fc7a'
 '8931f5c2719f51b2f9670b2d6459ef249a615ff1844aa72e17aae8f17efb1694bedb22ad4ac573f8d6ae43d180cff0ee4892d3597d879483f09e8da03c6bc511'
 'a2e24582c54a09a4696e862c1e0039c25baf8e352a73031e827dacc8522ad5a43b1bdd1d41d4861e4a869a1f7b1ff57f29c38294df2fef000b1bdf7a00fa8813'
 'f234e124dc5783cb0747886716e4ecf14c3e480669de8bf4513a70f4d0019343739bda38aba548f7aeadfb80ebb4169f3525b6a0d1100b3e7540440b2e727fed'
 'fd1bc9667578009377bbd23e1608c5f1d7847ea676c232cc2c09d7415c20f3ed58aa62a0ad19948e7fbb0ee262fc023c3da4df02c5955dae2304019db8d2c832']",2026-03-10,12
2aa54061-2ac9-448c-84cd-178c8e24dd17,107,107,1,20,[],Community 107,"['1b06acc6-60bd-4cdb-ace3-310f3c9f4cb0'
 'b799d1f9-e0b7-4ffd-9462-dec291fc6198'
 '30bcee41-10a3-459b-8a16-b812fb7ae27f'
 'e850e845-e1d1-4404-8149-ee4ecf9e640d'
 '763f532c-40d0-4ca3-9ab6-c083d4127b96'
 '536d6d9d-9693-4a17-8d42-4c7f4a9f5966'
 '65d934f8-c31b-4493-af8b-78aebe90c5ec'
 'c4566bb0-2531-4c11-900e-f9b64a859ca5'
 '1f856425-640b-4804-8b6a-02ce34d5b56c']","['144a4e56-627d-44ed-8049-f51254942b9b'
 '4d19808b-9ae1-4435-b184-06d77d207575'
 '8baf106f-2ac8-45e8-b8ac-ef8253b4d613'
 '9a385214-2ec2-4bd6-9e10-965c344df5cc'
 'b91e01ed-1bd3-4838-b753-9efae1e9537e'
 'c335410e-d1b4-4b9b-a1d5-e466f8b581ca'
 'd8f87adb-8cff-4251-909a-bf976061930f'
 'fb748849-b851-4a60-9919-fe1b0e3771a0']","['1d24860ada04c4d10776ec0b26e4fcd3c2332bfc32a9b292cc63daac2aa9e1d819abac5d20f50632f81bbac4af009c22934385848594ceb0631fd65e79533bf6'
 '23fb6bb01b39562a2f5493105ef2668bd91bc439253ab79da46be14980613e5e77186648ab6cdc7fb1a630b35f030ed5d1c263991d555d9ca25230eb0ef80a7b'
 'ac816b54ac70f1e2697a0fc2cc646c6a9319c8b2da14228b3ac6b76a0dd992ee5c7cee7e7986e8ab08a9d457617b74a833be81924604ec8d1c29d35b02f46926']",2026-03-10,9
890fed31-1cb7-4752-9eb4-6778fec81687,108,108,1,20,[],Community 108,"['ee2174ae-c13d-446d-b283-0466fb73394f'
 '3d4b89ee-e0db-46eb-8df8-eb0896022b0b'
 '305c6f34-3ced-46ff-bdcb-ca0e60a88275'
 '2b63595c-16da-494c-ba2e-542134529e80'
 '9118066f-d994-4fed-ade5-f044aa5ff5ca']","['02aae632-d49c-4aa9-9494-5c7b28c03b78'
 '39fbef74-eb2b-45c8-ac6a-9142397eb7d4'
 '9980d3c4-d2ce-49b7-90c5-f9668a3f1556'
 'a931deeb-80e9-4bc6-83df-24f6371b0e9d']",['4e10a447ddaf2c74684d2a22401890d0f1eed1fd11ac887c4f65b340f4348db607f77e46c4ba8d22a4abe8dd27f016378deada950d2c72edfa41699ac96ba87b'],2026-03-10,5
764cbd7f-fcce-413a-a6a9-2d0a1f1bb783,109,109,1,20,[],Community 109,"['6085507d-6cd0-4b04-bb2f-bbfe677f2e0b'
 '536602bf-2a7a-4f4c-ba37-9871b6ec28ca']",['62f48958-d389-4112-bac2-efd4a00076c4'],['a2de2acf9a31b99739527ed05a228296f40e8f6a500099e61b04f2ed19140c20f629655b73848f330d0df55707f48e4c0601eabc3608f52134475dbc71419e9a'],2026-03-10,2
0639e935-eb3b-40db-9bc5-4a3be03c877b,110,110,1,20,[],Community 110,"['4790ac3e-dfed-42eb-8924-305202387a12'
 '1ab2e327-8266-405b-9652-4a0e94d68adf'
 '8526c9ca-1e84-4952-9cd8-9ec0e6200fd0'
 '9ab94aa3-3dd8-4acb-b248-6ec2ee86c6d5'
 '026e4596-df8b-40a7-bc65-f72cc541754f']","['9718f311-9aa9-4ce0-9dbf-8a09f7b2b120'
 '9dd56e9a-1f44-4943-bf20-2def599d579b'
 'a8f08edc-cde1-42dc-a342-35dd001f8289'
 'b991bf70-55c5-4aaa-b320-e883ed6db2a9']",['571033fb76c267906f15ebc5bb424e0f22da46345f9e8d60796f1d2d96929a6859c3df74ee25d5709bc2e5f464a592d92b8f77bf57b9a0d0c1e941963385ad77'],2026-03-10,5
de24718e-16cc-49f1-b525-34189bc142ad,111,111,1,21,[167 168 169],Community 111,"['b1b4cb70-280f-4e90-9753-3416ac43203b'
 '3424ac56-8bbb-4c6b-88c1-94f67f46faf4'
 'a76a6fb0-05e3-479a-be50-22acd76e2809'
 '65d3d7dc-e834-4a59-af35-999ce69134b8'
 '599ef6e7-b688-4e19-80a1-0274ae6f9411'
 '1327d89e-633b-4bf1-90a9-6f8fb2d785c2'
 'fe4b1c04-eca9-499d-8b74-fbe96a42de02'
 '92e42688-265e-4203-902a-19615b559fcb'
 'e442f67d-c473-4e46-9f12-8c958fa25084'
 'cbf199de-d9d8-4b22-9b7c-1f062bef3188'
 '217836bb-ad8b-4385-83b0-2abd2d9a5f27'
 '5a667348-2a12-49d8-b0b6-3dee2bfd3d02'
 'e746d3fa-1265-48f6-bcf0-3fcea2253376'
 '328bfdfa-a105-49ad-b834-31ba9109d422'
 'fe442815-00a6-4755-b782-359219b53b5c'
 '05f8eef9-d144-455b-b6ad-50889ba85614']","['09aee9ef-3ffc-4886-99c6-2f4b47696d6c'
 '11a0f96d-39b1-4fe9-956c-0a80efa405d5'
 '1289cb3b-7cc3-4519-b24a-b6fba6bedb34'
 '1b71dc44-7650-471b-a788-5ba0d6aec287'
 '1b8799e9-2608-4504-9487-99fef6d53c63'
 '2147485b-4fee-4391-8932-19550cd27cb0'
 '23745037-6c97-4825-8d12-3f3d90d88023'
 '2b681b94-a1ae-4f38-aa71-84291b203a92'
 '30982720-63b4-4d68-bd57-e2ef09efb52f'
 '3f16e940-ea6d-46b0-8394-a848e8f896db'
 '510a7bb6-8863-488b-8c66-333e9105da30'
 '54930a6e-0bc4-4324-bf98-020d4a063a0b'
 '58f3ab10-2c6e-46c6-8f3d-5d61255561fe'
 '6325ce9a-c040-4995-bf9e-c6f2c8ec35d7'
 '6b26b5f3-799e-47c1-852d-1fb73a997f81'
 '703a6053-a0bc-44fb-9976-d1d75c02c38f'
 '72017cf0-21c7-436b-9448-d8ad6140c4ca'
 '77010d4b-a607-4ec8-999a-c1bdd4374f30'
 '7be8e0eb-a654-470c-b63d-e1c7c94641fb'
 '7f43299a-f7e1-4efc-94c2-f8160b8e4b4e'
 '8f490f09-65fc-46ce-bb22-20b2ea454fef'
 '92d8572e-051e-4a87-a89e-9ae8eed46921'
 '980c37d5-e216-49d0-979b-2672010b58fe'
 'acacc055-883b-4911-bd0f-e0c2c0b41a42'
 'b6588989-2963-4138-b52c-dad9d1569c20'
 'bf7b02fb-53ae-4ac1-8905-f671a2a608b3'
 'bfeb2010-ad48-411a-a831-86cf5e88331c'
 'c4bf3527-0889-4cd6-900e-bf7be55a9f90'
 'd1c6a893-b575-4fa0-8b0f-934f6362282d'
 'd2620154-d104-4e92-9c3a-4d444ac958ec'
 'd66d4e80-bf15-426b-bef0-a76d7afa78e1'
 'f9a45499-c0b0-449d-98e0-fa2ceeb886da'
 'fd9563c1-d30e-4f26-ade8-5003c99fecf5']","['3352eba8f84ba8640a78ca9657f477d850ca9e6d005207883d4d1591c3e8cafac7c72da89a8391fe078e518a460d5ed0fcc9ae2fabdbf3c81356ca520b3bda63'
 '363b6f4fe840a82e2f2626f490dcb8da3de821cda42ac4f70ba0da92fba6668706d3e8bf6ad7f088fd38c3486b672b17640aefe778000d68b857659286405ea0'
 '6b7711be923ef18d996b237c5656a6e7b959f06d5000fe52aaf758e5fb648caeb02c40857bc1e3233fc0dd9f6e4ea63ef7e863fb76631f043133796dfec81c26'
 '9609f731b2a1d479a0b1fa68f88c75b8c3461935601ffe88d4cfc8df0b1379cf4e596ef472e2ed824cc0fe7b6dbd0218447501e6f7c382a1a26e1db6352b7c15'
 '97f704f729baa12c0e2b11bd17d01198b85340ee2d9fc65ac747ebaab61fa6bc63aed99a2ae144e4b0686faa762d4ff03b31c2b12f0ec3c2bf1cda251e23d289'
 'c36e8fb29051175ed7d04bcfd393b599d986674bccfcbc008273d791e9b2ae5ed0359af6c9190422bb219b73ff6cf1726e092e84bde9fcc196c168529c7851ef'
 'e39433eef3f59bb2bbddbab5bdebd461a1380645820dfc011d01cc24749184bd0555fd7e8aed1306a32718535e5ec92c234dee2031f4b07f8a3e1357dc93c88f'
 'eb23a2a465336b5ec6faea7509e9d96170613d5d7809facc0263e3da0a323f991faad9182bbef36140b0c9d2dcbdac84f118f661ee526045ce28f1a77a0c11b6'
 'f774ecc5ad11c6218cf9a5fa3956561dae8d217b440ba4206959b9b5c33aeca048a105c46772bb22452034ff8e2ac6545387df78983c45e384ec2b379e14652f']",2026-03-10,16
e3383850-d7ed-4aa7-9b54-97e915e8b1af,112,112,1,21,[170 171 172],Community 112,"['4fc10393-1411-4450-894c-462db370c0da'
 'e2b51cdc-bb66-4388-80c7-2c503528ad2f'
 '0a15f68a-f1e5-4c9c-93b6-6ecc89d73a5c'
 '4da46a40-8cd8-4e68-9f86-fcb80371df21'
 '2e07fc1e-89bd-4d62-9578-13569899c43f'
 'df0e1bd4-228c-4ceb-8adc-866eade71d3d'
 '522264ef-7fba-4a27-b206-e7d86ff360c4'
 'f0cab844-735f-4262-b8b4-4bd25696117c'
 'cb04fb3b-e7fa-4a58-86b7-51a080f4a419'
 'cde52b68-3ed0-4ef9-810b-e071615a9f73'
 'da06a63d-e036-46f8-be81-cf3309fd8fa6']","['020b31ef-4f6f-4c7c-8c70-e4d4d63fb3de'
 '2152fb81-a343-4721-b1b6-e1816599a454'
 '23ecf655-a1a1-4071-9db6-5d17b3f61e59'
 '416c83ec-d682-4576-8296-e11ccc60902a'
 '4f2064ba-494a-4cec-9674-59ee8595c883'
 '5978b509-6d83-41ef-af7e-d2e45d973471'
 '79a1a988-fadc-47ff-9a5d-59d1e67c2dee'
 '9fb16070-bf73-46bb-953b-cbd3a3ef6765'
 'cf0efd70-e7e8-492c-89c4-78a2ce7d4e03'
 'd9b92094-6538-4b7b-a06a-36433d55dea9']","['52210322972c047efc7689da633097a5df8ebccef9995944df73c65ace381727b5e957bf05ca9fb923614ca21f8a668a019c808fee804e714d274f8988e0e0d2'
 '6b7711be923ef18d996b237c5656a6e7b959f06d5000fe52aaf758e5fb648caeb02c40857bc1e3233fc0dd9f6e4ea63ef7e863fb76631f043133796dfec81c26'
 '916df53df347ea8d591a39d75bfe49c9daf343e44bd0f7fcd5a3e80616d29787d6d759260a78c8010be13389ce5c71c5a7b649f82b1a94b798dfd0b9138a5bd1'
 '9609f731b2a1d479a0b1fa68f88c75b8c3461935601ffe88d4cfc8df0b1379cf4e596ef472e2ed824cc0fe7b6dbd0218447501e6f7c382a1a26e1db6352b7c15'
 'a7b9f4293708ad1fe7cc43e307725bc7b8f026a699a69216fb1c6d3ace1508b33ebf3ac19290f66771cc4d87a263678906390389a02d2a9564a8027672cb155a'
 'ab1c1c83a9f14dae2c811c808ef239ac2aba116e004b6113e443fddea8fc1801171748bc0b19ea25533c075f5585a3694a64eafabd46b4ee9b94199edb2727d1'
 'b7c0c77b69c85f2ee8a5a970b872191009c317829a2677878f23b533131b17134c3eebe9906cad71163f8025abd5218b734cc9d7f389f2507e73ab2893d744b5'
 'c01220242d7d3b6157eaf91fb6ad7e5f05d455441d91a2b77db0127e02b0fe7423ed15b66ae28fd3fab0125ef1b99725bfc52b50ef58fe62288f8190496b38bf'
 'de94d2a51c5eabe241bc242da808e240a27bbb801f7ba6cbc0ddb22bddc136d98d6c1c0bb0d8d0f35ebecf1b00dedbf27113516bc4857e793c2c5ad3ad6d3e39'
 'eb23a2a465336b5ec6faea7509e9d96170613d5d7809facc0263e3da0a323f991faad9182bbef36140b0c9d2dcbdac84f118f661ee526045ce28f1a77a0c11b6']",2026-03-10,11
15cd4d21-dae9-440d-b27c-3d813ea56ae6,113,113,1,21,[],Community 113,"['24db7462-306e-46c4-a034-bd89b6e38317'
 'ad8609db-996d-4337-bf27-8299e6575135'
 '065388b8-1d44-4fe5-9239-12b847f3cd67'
 '68ac7742-856d-4faa-ae85-23f8b31ca4cf'
 '32d89c00-f17b-4815-960e-8373d57155ca'
 '9ea73ba9-3e8e-425b-9986-87389c74cee3'
 'e73d180a-9907-48c8-8303-3de60b6d9e6d']","['2fdb0337-ab44-479f-b983-e0c0ba9e0a3f'
 '6b74fe12-d99a-4f48-b169-d2fb3cf04534'
 '8d6862b4-cbc9-4839-8731-3042ccd3b05d'
 'a03ae0c6-6d20-4a34-8de8-db5740fb1bff'
 'a463b722-583b-4b8a-849f-0cc9b9c9f408'
 'aaed427e-1751-4b77-b987-97bacb907f1e']",['ac816b54ac70f1e2697a0fc2cc646c6a9319c8b2da14228b3ac6b76a0dd992ee5c7cee7e7986e8ab08a9d457617b74a833be81924604ec8d1c29d35b02f46926'],2026-03-10,7
70fabae2-753e-414d-80c9-84c9e0b2da68,114,114,1,21,[],Community 114,"['18c014a1-aaa3-4128-9e6a-be08e9c0ec51'
 '6582f6d7-2d31-41fe-8d6d-bb3b52cd2dc4'
 'abd6db10-c263-434a-bc9b-aa64cfe694c0'
 '4a7756a2-1318-4905-a2e5-f739c5412833'
 '9abed781-6455-43ee-981a-55f373ade880']","['12e9ce83-9589-434e-8f81-04bcbd59f59d'
 '213ec44f-3987-47a6-99ad-54e6ff1b132f'
 '36be9c30-c8b1-4d35-a058-15ac072b63a0'
 'a2633b12-45ec-4f9a-8630-3f54aec636a4']",['0e212d8c2c842ee5de12af1433ca1bc447466457d87d7873dc236531a59f56c27f20411f5b1eb47a8f697027a165c03b43f5f71976348f46b3caf662514fc44e'],2026-03-10,5
6dc25465-96b0-4a27-a5c6-303cc0fe7e0b,115,115,1,21,[],Community 115,"['12d5c37d-ca71-4c3d-88a6-ef1894870ea5'
 '8e9fc354-499a-468c-bd1d-5a14cdbb3479']",['2d10b065-7dbd-4b02-ada2-53ac8f752c25'],['6d208a36bd885480fa5e8815c6d630af747763f9451c7d58cadf8ae4a69136a79bde5ac0e92a52cbe057a7690a2436ba69dc9ecf4f6fac9162bc6ab5517b2a58'],2026-03-10,2
93b0a1b3-0ff7-404e-9408-cb974a771552,116,116,1,21,[173 174 175 176],Community 116,"['7c25e444-4557-469d-9773-1b20830eafc5'
 '822dde82-1ba0-4f3f-b01d-685da750f520'
 'c7623878-de80-4321-82b8-1452e2186596'
 '07ed842d-e6cc-46ee-92cb-0c29b384b55a'
 'cd6505e4-932b-4f8b-847d-a7ff14903196'
 'a4b8c992-6bd1-491d-96a6-c1c4555b294a'
 '60a73060-9ddd-4068-83bd-3da506c4f1b1'
 '79e78e9a-5954-4673-a275-d1e16ec5133c'
 '5127bd32-dc8d-474f-9fd3-81ae53bc153f'
 '29b586e8-a59e-4058-a81c-bc306e2e0889'
 '4b72067b-2403-45b4-9481-39aa1081dafd'
 '78c6b2ab-1cdf-4a61-93c8-f0e2920ebd01'
 '92e8550b-ac92-4e2e-a8cd-6e08024ea6d3'
 '7b4f12e1-1335-4841-9420-391b953afd0f'
 '919e19cd-1366-4d6a-a987-5e57ceca5177'
 'a884c45c-6b60-44dd-9f88-d9075065a05e'
 'cfcb98d2-3660-4da5-a469-18b413f0e0be'
 'e847c9dc-add3-4010-8f54-fa663723d3d3'
 '30976b11-c36c-40b9-a5d0-efb2c15e7578'
 'ca37f6b4-eb05-4830-8923-27e883ff0fc4']","['027178b0-633d-49b8-b90e-a7d008031ff2'
 '0505876a-fc3e-445b-901a-ebdd48be4d49'
 '0e7121ed-b8b1-4dcf-aac6-e6f8f706c681'
 '16edb801-77c5-4e72-b2c7-463e6a70a3bf'
 '19c04760-3a17-4cb4-91b8-02a2ac2b7c77'
 '2613afe7-0844-4990-9fd4-91fc9c56090f'
 '26b0266f-dedc-40a0-b61b-d347fd9e1759'
 '337affe2-2bdb-459f-80ef-4b465413fb29'
 '3e921328-9cbc-4fd4-8552-2884c18962f6'
 '5697b1c6-9ca9-4f86-ac8a-7f6976a1f620'
 '6c89c6c3-b034-4bb6-8548-c2a51a4b1d75'
 '6d2342d4-731b-42e6-9a88-a121af6f8d97'
 '7dc8b594-c5a2-4073-bdce-e659e0817ba3'
 '9943d0c0-68df-4a9b-b76d-d3ee0092d886'
 '9ab97057-8eb2-4322-a68e-3b3453324942'
 '9b4262f4-cab2-495a-97b5-a11861767a63'
 'a6bd1797-7291-4de8-92ba-66ced0c7e752'
 'ad1b0953-4c77-4576-aace-501d40542dca'
 'b761996b-9e22-480f-a5ba-d15998b219ed'
 'b9e6f7b1-646c-43e5-a2d5-c435299cbc01'
 'bd92236a-bfe9-4da8-9a7e-6d8a13e5de66'
 'c6180e4e-4ee7-4a08-a0cd-3d6d1602c02d'
 'c7098f71-4238-4d23-a314-c8ce64bfce90'
 'cb1c6923-2c9e-4221-af6f-c38bfe7a8d4a'
 'cc7a30ca-470f-4432-be7d-e6940ee96c54'
 'dc055c1c-09b1-4c0f-b61b-fe91351934f2'
 'e1fa0b5c-4a6b-48bc-960a-5ff0b9fdcc1b'
 'ebfd5649-ba27-412f-a2f2-a98dfc16e06e'
 'ee0a27b8-4434-4b2c-97c7-85d5a20ee1ee'
 'ee3adfc4-4786-4b8f-9f1f-e21c00a70a69']","['12cc92b244fb719c597c724312e29eb64d5223e12466d22aa755d560a5c41b122565191de5abcdc210334538dc6974ba156f00f50a162499a1643a487900c50d'
 '3352eba8f84ba8640a78ca9657f477d850ca9e6d005207883d4d1591c3e8cafac7c72da89a8391fe078e518a460d5ed0fcc9ae2fabdbf3c81356ca520b3bda63'
 '3b0f664f0ab6f6b621a0fbc1704ccc47b2f2142048df8c79dbaecda250a4e4d9799e7a03d91dcdd7e34ffd14252659da79f404611807085c1a133e0a3a2c4c29'
 '9b5d6687000c0133f81778a533091cc0a229a0239e3e0d496b499a8438ae27709675065c4f39211ee02bf9bb8abaeaba0e8e221101f3443368e84b5b8152406e'
 'b6978ecd73eb039a3d5f6955b3e9166b875eefe1f277baed3f7b3270d87d5bc929a91f1edf19c20b6a2a48d4ea9ed42d5bbdb824426fdda4bbf3a8748a5125ef'
 'c56c082a1d67f7a82ea50c939b5293fc77c796523b73fbda1c19edae6897f1fbb60357c03d3a6538e7734aa79ad8dcd84e0eacca00191b66600d512dfa072bbf'
 'eb23a2a465336b5ec6faea7509e9d96170613d5d7809facc0263e3da0a323f991faad9182bbef36140b0c9d2dcbdac84f118f661ee526045ce28f1a77a0c11b6']",2026-03-10,20
1379d2c6-439c-486a-81b8-1662f43f0dd3,117,117,1,23,[],Community 117,"['f51a431a-39ec-47bd-8b50-c0bcc4ab8f85'
 'b3e93546-76ab-4e44-ad7a-aac2e9a6b094'
 'fc7b4882-bed6-4fd3-8c7a-8c5e2391788e'
 'cdccccdf-64c9-4add-b3ea-05df9140c861'
 '16d66934-2f34-47c2-a976-dc5f2fc31119'
 'fbc7cd84-3753-46b0-9700-39bb036a4fdd'
 '02a31426-53f8-4465-9eb2-624bcdcb5e20'
 '7f681f7a-7925-4600-a72b-b9de0e2344c6']","['146900ca-5182-4fa0-acbb-ccccac433d8e'
 '31baf1a5-c48a-481e-9f7e-8661558809cd'
 '3d04e0e8-ca98-404b-9e71-ed193746b59d'
 '52c74de9-8c88-4428-97d6-914101e1a5a6'
 'c98a1eda-08fa-49b2-98e6-dd193890969d'
 'd549081b-3c14-4024-88b6-28754e3dcedb'
 'e78cc797-d98a-4864-89bb-6f0d8f2da07f']","['9f81bb0dfa68383ef965a49ec91f6381dd3ee979affcba00e97739485898f4879f056536be963c4b75267f7db88acc08239fdabffc0c8e50fe78058d83d6a55b'
 'e39433eef3f59bb2bbddbab5bdebd461a1380645820dfc011d01cc24749184bd0555fd7e8aed1306a32718535e5ec92c234dee2031f4b07f8a3e1357dc93c88f']",2026-03-10,8
232874ce-511b-43a1-ab06-619eafd37227,118,118,1,23,[],Community 118,"['0e38d715-07d4-4139-a116-41b7cee3d30c'
 '4e64d414-bce4-43ed-8ea5-3da276928f91']",['6851bd59-a061-4001-a243-79a91be572ca'],['f72233ede15c2dc81218d7f98944f4209aa7e8bb9f6126c542a9998661b0591c528ba82b118b3431299cd79041f10bc9c4b3ae009e206f21a3c91060b5431cae'],2026-03-10,2
ee2cef6f-f5ca-4daf-9c34-7250f5f541e1,119,119,1,23,[],Community 119,"['c5f6587e-8a5d-42ad-866f-d19d9bd5a965'
 'a6b9c741-3fba-4306-b69e-fca1673301f8'
 'c2b3c508-5ed6-4bec-86aa-453d83323d50'
 '610aa711-e5eb-4070-87ea-d957c5dbddbb']","['43ec47f5-3f4b-465f-b8ac-281f5922a8b7'
 '5dcf5ea9-33f9-476c-ac49-27f8f68a9a19'
 'b38c2a57-20a7-4218-b128-f1fef511c278']",['b1ee9fca7026d9a451701ab580130239412496d9c903653e2dffdb84d5e68840671b7da965cc3cea481a2b77c5e406d3237826861317b0a52491a46758b864ff'],2026-03-10,4
3b8040a0-a52b-499d-8a9f-69c3ce449903,120,120,1,23,[],Community 120,"['fc5d538a-f36e-49d3-af9b-875374d57f4f'
 '4b715d4b-aa90-4594-93e8-cbcda6a191af'
 'd0acb291-5ca1-4c8b-8b88-229172464051'
 '5f4447ce-6308-4f27-868d-d03aa826eb14'
 'e7914035-4e45-4eea-bd61-fc12ead633a0'
 '2d7195bb-3b37-4f46-8d3d-329b972a09c8'
 '9ad44886-2f91-4932-bc3c-135edafd0f8b']","['479375e7-b443-4baa-a9ee-8ae3ecdf9497'
 '5ea0263a-0ae9-4aa7-ad33-496303346784'
 '833ea81c-ac89-457e-9583-fe16ba698825'
 'b145f1b7-8544-405f-a8c6-d236b5c9aaec'
 'c21a566d-e9ba-4527-9291-8d1b82166cf8'
 'd1c90309-ee9d-471a-a8b6-32e3f59eb44f']","['96c1d632d42d78b15760ba4e1da4df401b53c363449c8289a6c5a8655253b6e3367dc93e0498869705de3a1078f9431e54990c712a7219ef6884c8a8885a035c'
 'd5d200ef93d93866b561dd8cb03e74a5748e8ae0aaab5cbd52d2ab857fd174e745f411979e64d9bfd7d0aee4e5fdafde72f1564a9a8224b23a51382462516ff6']",2026-03-10,7
618cffc4-d364-4268-ba0a-5ea4ed1e6aca,121,121,1,23,[],Community 121,"['8ec8617f-d3b0-44f0-9d4f-1ecc352e77a4'
 'b0dc68e4-5ac1-4ac6-9e09-dffb2b04c744'
 'bf691558-ed9c-483a-9da6-b7d1f0922747'
 'e9fe0c78-2557-4f34-9099-5646a0100122'
 'd58ecbb9-0633-4328-93e2-cb997c65f72f'
 'fca0831b-0909-4c40-b802-553f8fa9c1b5'
 '631f2f54-2522-4c01-bc3a-1074a9bcc833']","['4c8d1a8a-2302-43e5-8438-c773e02856a8'
 '5c5317a6-0596-4440-9c46-c2f79dfed508'
 '9d6f6b25-331e-40a2-bc10-96741c07fff4'
 'b63764fc-bee8-40b6-bb0a-128d0e7e0468'
 'b7fe730a-0ebc-47f4-94a0-acb2b468c089'
 'fcf8294c-97be-4266-9b33-58997d52d4dd']","['00f6ae08bfe86a45fb0a5b9bb0c1af4689dc9a8bf3e904dafc085247d4891d45662af08314d8f37937a0c4846545bd0e0f2b558d3b42b0faee320aca0426b1c1'
 '0e212d8c2c842ee5de12af1433ca1bc447466457d87d7873dc236531a59f56c27f20411f5b1eb47a8f697027a165c03b43f5f71976348f46b3caf662514fc44e'
 '66fafb979e4741dbb83cfb0ca734aaa23ede790ff25a511a005a58515b4535623120fb9baa7f15c331ad249821458a0f77372a614c234d1309dfdfc250b296dd'
 'f72233ede15c2dc81218d7f98944f4209aa7e8bb9f6126c542a9998661b0591c528ba82b118b3431299cd79041f10bc9c4b3ae009e206f21a3c91060b5431cae']",2026-03-10,7
e01e9b4f-d437-4a54-8718-66ef166e95b0,122,122,1,24,[],Community 122,"['6951799d-12af-43be-839f-ca719fcd68a0'
 '15fdf3e0-2ba3-42e6-9458-2ac1a041dfa2'
 'c143eb70-936f-4059-a369-0141765f1314'
 '39e89f34-91aa-4d48-9024-611ae345cdb5'
 '1f2469ca-5d9d-484b-8513-489d0859c14b']","['00fdaf84-4303-4d79-a349-69fbca4cfd1d'
 '13ee040e-35a1-48eb-9fc2-7c088e5902f7'
 '142f8968-12b0-4d5e-a852-47359d9f8296'
 'dc8ba7a1-0616-40c3-a203-656d407eb3ff']",['ab1c1c83a9f14dae2c811c808ef239ac2aba116e004b6113e443fddea8fc1801171748bc0b19ea25533c075f5585a3694a64eafabd46b4ee9b94199edb2727d1'],2026-03-10,5
95a9b1aa-2d34-46eb-a1e2-30c25e2491c5,123,123,1,24,[],Community 123,"['c8091bb6-6255-4866-a6ed-d8cf7b74b088'
 'f8bca620-6c35-47f5-8315-792dc1e86a9f'
 'cb790e84-ed69-496c-9d26-9cb94654f6e4'
 'b7e1b75e-3d2b-4edf-a697-4c3020a712fc']","['7f9b0ccf-d677-47cf-be84-efeccade67df'
 'a0cf725a-55ea-43f4-9e6d-8dc8b4650c75'
 'fdb1a3a8-39c7-4180-81bc-f2cd925be245']","['3352eba8f84ba8640a78ca9657f477d850ca9e6d005207883d4d1591c3e8cafac7c72da89a8391fe078e518a460d5ed0fcc9ae2fabdbf3c81356ca520b3bda63'
 'ab1c1c83a9f14dae2c811c808ef239ac2aba116e004b6113e443fddea8fc1801171748bc0b19ea25533c075f5585a3694a64eafabd46b4ee9b94199edb2727d1']",2026-03-10,4
f9fb40dd-8d24-41d0-8496-afa023fb80df,124,124,1,24,[],Community 124,"['4ed8504c-8726-4713-bcc7-8b9a723b3a02'
 'fd28b7e2-ff46-4c3f-873d-7d902620849b'
 '3bf4edfc-e49d-43fb-bca6-52ead6ed53c7']","['0f7cab0b-dcb5-4e87-adc5-5cd37c9e691d'
 '9a61bca4-a00e-4d50-9bc3-35b5ed545eba'
 'e0ff1c4e-0f33-44d6-8f37-2716886e6c18']","['7b28720f03d13bef2702c66cb2c05b381e779fa77183aa5ec27590e416bac4b2f4f5d08c8f297dbe2195c0c8ee280baa612ae77afa79f7a6238aafdc10aef424'
 'c01220242d7d3b6157eaf91fb6ad7e5f05d455441d91a2b77db0127e02b0fe7423ed15b66ae28fd3fab0125ef1b99725bfc52b50ef58fe62288f8190496b38bf'
 'ede3004f346fbf57178f109ccc246e3bc4937d91f3d8b4e360bb31965da2efe4d9269ff0f33f06a316cd47f9c5fcdcd614dd46895241fb926660d433e9caa6ab']",2026-03-10,3
8fb85312-e850-4983-9ee1-1e54fe9f395f,125,125,1,24,[],Community 125,"['c522c507-5071-4468-b097-986cf03eeddb'
 '1bce0cdd-740c-4409-a78b-78d6cc9b2563'
 '068745fc-4762-46df-ac9a-735ee66d5a71'
 '6c2dfe96-aea9-4d31-83f6-aaabdf9d5b10'
 '72037f24-ef81-4192-90d2-cde23dd21363'
 'd3bf323e-14d9-46d9-93a0-cc03cbf7474b'
 '4980d5d7-a4b0-4d8c-a7dd-b55f111e246a']","['2c66974d-79d7-4dfa-886a-e5f2fee5e07a'
 '4c791adc-2c6d-4fda-bb87-df53e794a8e4'
 '6dd13fdf-5d97-4206-a124-bb448fb6193a'
 'aa07870a-b033-40c7-baa6-03e6a44e120f'
 'de6fa9f5-7d52-48db-a949-035ea37932d1'
 'f3abea96-c828-4090-a5ce-33508494b462']",['bb1a3a620ad8c9b31515c381365490a46bcb0260b708dd91af194d4fe365f38f47b9db95f3e58f05d916c2f0e23cef7de3a93c8bc39b22fdad94a5369947915a'],2026-03-10,7
e753a290-52c7-44dc-89c3-784f3cf7b4e8,126,126,2,26,[177 178 179],Community 126,"['c5f6d5c9-f8eb-4880-9972-3bb50f919e50'
 '082d392d-41f1-451d-9b86-8b2d9ddee321'
 'd179734e-c27b-4cc7-af58-36a13b478bf3'
 'c14079f6-f7de-42fe-8423-2d3b85cf1112'
 '82037508-fe83-4445-a000-edadc7df1be6'
 '3420f000-8c13-4958-a14f-c140f5f425aa'
 'acb80d6e-7c9d-471d-9adf-b49fab511b13'
 'a3479b4d-0655-418e-ae44-02213288ffe7'
 'd3683f44-ac4a-4da5-9625-cc27a4579bc8'
 'cb9c02fd-f3de-4b1a-bdff-69a232667e00'
 'e8d7630c-ecf2-4adb-bc0c-7707f1c3878c'
 'b0497930-a6cb-4745-b64a-26a487a2bcd0'
 '60a96662-5914-4e88-960d-fa567bbecc97'
 '5324fc85-7081-4174-bdc5-d77fd44757e6'
 '3f35d186-2ef8-4ccc-991b-fb60b0b68e3a'
 'd810c848-a342-4f80-ae9d-2b08854d2b8e'
 '6b8fa4fb-e324-4153-b08b-04fa7563b2be'
 '837f70d9-8929-415c-bb06-bf72c8142a2a'
 '7e9f3318-9e11-44ce-a810-19bbba14c4c9'
 'f31e4c51-2e2f-48b4-8466-c14597dcf075'
 'f6c2bf65-3705-4083-aff1-c91763ecd569'
 '92eb3879-a265-402c-97b9-0b5fd6d7060c'
 'a862d62b-dc62-470c-b4ef-735109c61e30'
 '0c91020f-727f-485c-b15f-d7c1eb215b01'
 '70982d2a-7b7d-4418-ad70-6f8ae6d3b0b2'
 'c5977058-6d9d-4d97-bd16-1a8f1d7a5c33'
 '0e0dcd8e-855b-4482-b473-a2a3b9eb89de'
 'af9a1b5a-ac47-4d9e-bdc6-ae8212c03123'
 '9890419a-57c6-4a97-830e-09c74644b912'
 'f346902a-dee6-4c31-82da-0df2e2e5d439'
 '134438a7-322b-43ce-a196-f5fc45cc0ddf'
 '2c812533-1cac-4757-86ec-a4fa90725e7e'
 '7e96821e-3b06-4dee-9489-c33b7815ea01'
 'b965c0f0-9ddb-43a1-add7-a5a5fe6da189'
 'c3f3e0a2-b439-418c-8e3a-dfe05188e92e'
 'e9d6bcc9-5f3d-4915-a806-51230b24e5af'
 'bea21670-a3c2-48d6-8673-c62d7aeaa345'
 '766f8b41-d883-4d34-b46e-ee1ce2c77236'
 '665a698f-e705-4b5b-9107-233c8e0bc8bf'
 'b1e81cc1-f898-4d8f-81e5-5e616c823016'
 '4eec85d3-569f-4a18-b40d-704627e2ad91'
 'abc6ab7a-56c6-43b5-be23-9a5d90c036fd'
 '4f1c0085-a439-48cf-bf54-fc60e20072de'
 '6c58efd3-7023-4b35-ab47-4c798a231d12'
 '4c01ed94-9bbb-4838-a49a-50ba1bfaa8a1'
 '9f3d55ea-b463-4bc2-92b6-b4f9ee1b1035'
 'e7089b88-114b-4106-a9bc-1cb868d81fbd'
 '80f7ff0a-09b0-46d6-a802-a0bcdc67654d'
 '2c065420-fa9a-48be-b526-01d0cc1c97d2'
 '6394ca1e-ea25-4af0-b53a-1af7f7524b8a'
 '2cc32c75-4ac1-4c3e-be54-cb6c4b8b071f'
 '3ec22bd9-e34d-403b-88ab-b35e4f8620fa'
 'd446b0a9-fbd5-4e9e-92d4-68da78e6b6a7'
 'bffe8fae-74bb-4f73-a514-82260e8fdf3a'
 '621bab2d-b669-41d3-a004-864dd404842c'
 'a95a939f-c89c-4c8e-bf07-18530a1fd66c'
 '439f5712-6504-4a85-8506-aba3d4f1f28d'
 '084ae6bb-650d-4381-86f7-200366fdc9d4'
 'c07bad11-ceea-4fcc-8802-422e4bd12d14'
 'cc7fa090-1e9f-40f8-8f54-9657e50c1e29'
 '3fd6d349-47cf-46c8-8521-4060e655bf92'
 '3acafcc5-ef29-4bf3-b0bf-08c344c8b974'
 'f6166f18-e613-4966-a98d-77c5b3195d08'
 '76154fee-b9c6-4e79-a50a-21abd98241cd'
 '4c35f206-cc9e-420a-8dd1-88613035a6e0'
 '3fbdc1d0-a214-4247-823d-9f4024f6847d'
 '67df9ada-c846-47f3-9bdc-b61b01b147ed'
 '894ec75b-5b9a-42ac-9f86-8d357ec6473c'
 '7d777bb2-0c76-4ac1-8785-7129d390adca'
 '7a381b76-fbfd-42f1-a833-2c1e2af94c7c'
 '9603fefd-9820-45e8-9569-3c89bd5b1565'
 '9b6e30ef-3db1-434f-86a4-196fd6c79b16'
 '03dabc9f-42bb-41f0-9fff-836fbad1b2f7'
 'd2d87cd6-f006-46a0-9f4e-84783a2215c5'
 'edc66e3e-dc28-4ac5-a5fb-f22456fc60e5'
 '3519be6c-45c0-427c-93a2-5d326e05751f'
 'b2f87ed5-886e-49ea-8e08-60740102f5d1'
 '89d8236f-c157-44c6-b483-657d06bff2eb'
 'feefc672-655c-4aff-b2ee-c64cb61d94c6'
 'c9a25b4e-a7ee-43af-941a-45ee768598c6'
 'c8fb2a7c-7258-40fd-8357-6be67fba6d69'
 'e2b1bb6e-34bf-433a-b85a-466515606117'
 'fc6f79be-783b-4365-bee3-8694b36988a6'
 '9c1ab6e3-ec01-4859-ba70-b2564e27c436'
 '31c09abe-7191-40a0-a521-a92afbdfef1a'
 '548fdb91-a671-471a-bb99-1e45d1384931'
 'dc317054-721f-4c91-924e-8c8ac93901ec'
 'a80e3149-71f1-4bd6-ae30-70e8d51267fc'
 '39a316a5-0cf6-401c-bb63-11711db362a8'
 'bd532165-116e-498f-ab87-7400a2c587bb'
 '8b0b89e6-0513-4e1e-8de8-8921f331d244'
 '95c2221c-a8d4-4c4b-92c4-2d0063b59b45'
 '7cd243f9-a35e-4f44-a071-dfccdb964aee'
 'ee64591f-76e8-4f6f-abf7-f6a2705b7f49'
 '3222d7d8-8994-417d-aebb-e6ad00f347d7'
 '77313625-08ba-4665-8794-d38f40cd7366'
 'c1b2e10b-6cb2-4a40-bcfe-863d06a02842'
 '3b6929ca-c0ca-487a-a0f1-dd2f76a75551'
 'fb0ca29f-77bc-4651-9df4-e5247c7bc30c'
 '81046c94-5b2d-41f0-bb4e-35bc4ae204a8'
 'a29ec8a2-d617-4fbd-bdc0-a688d7612b9f'
 '089dd78c-bb7b-464d-9a11-7de4f9f59177'
 'c77afdf4-4824-4763-94c2-c1786b8a5ed5'
 '6b15a320-7946-4420-9e9a-1ceaeefe77b9'
 'd14c01b3-4038-4981-bc73-a3bc16d1650b'
 '19f6e404-7539-4495-b9df-559faea92871'
 'af9b8a0d-41ea-4ebf-ac48-0f3c83d33e60']","['01f3ed6a-0e22-451c-aaae-2ed075368638'
 '052db005-c1a9-48d0-aa61-c1f679bea04a'
 '084bf73b-164a-4dd1-a4eb-57d951ad98c4'
 '095ad7d0-9ab2-4370-bbcb-55eb684024ea'
 '0dc199f9-5a86-4193-a4b2-bd4ec3a95f17'
 '0fbd6ab3-d150-4e5e-a35a-f8849bb342bc'
 '10196252-f8ed-4bf5-b5da-b204b2379658'
 '11dcb60e-836a-4adb-9b06-fce3d77dda54'
 '1271cd11-936f-446b-8324-ce3bf88e4dcb'
 '1387505b-e20a-4ec2-9697-71242b6c11de'
 '155b5a73-44cb-442b-9086-125a4a7dd530'
 '188713df-54a4-43c9-b44c-2bf5a6cd1a14'
 '198bed2e-086a-4701-97ee-d2fdec2c7901'
 '1dffe345-d9ad-434d-a03b-ccb245a8de58'
 '1fa212f0-ddc6-4b86-aeab-c55d875a500a'
 '2405ce3e-5fc6-40d0-bbff-e907932dbd31'
 '26450361-aafd-4dbf-a7e5-7a47299213ec'
 '2864f459-21cc-433f-b15f-e606fcd8b0b3'
 '2dd1bd4f-9985-438d-8be8-b4186f1fd157'
 '2fcd3365-08e7-4ba7-99f9-3737aeb47155'
 '31264582-5611-4470-bd9a-22ee16130643'
 '338ba3dd-9d3c-4254-a9ea-c329f0ead893'
 '34ac994d-7b14-4550-8d21-1e15413c42bf'
 '37be96da-88d1-4f09-a970-08a6ab53a90f'
 '3ba1580e-1d05-4fec-949e-82c49ca2732a'
 '418cc530-38b3-4a0f-87e7-95419eed3042'
 '4658debd-80e9-4d1c-91e8-23bab5a0185a'
 '4b88580b-fabc-43e0-bcf1-97c99aa65612'
 '540f206c-4310-40da-950f-c6dca20465b3'
 '55d20060-160e-4a06-a08c-e2dc1ee30242'
 '56918dd4-091d-489b-929f-4a7426773de6'
 '59570858-4462-4501-8528-30a1b3b88e4e'
 '5fb48f50-626b-45a1-95a4-e8b39c8eef28'
 '61edec98-ac98-4caf-bfbe-881eef073530'
 '63c6b517-c8ab-4e9e-8cdc-af14cad86f98'
 '66372d36-d54b-4014-8fb4-8bb59a5b1faa'
 '6ef9408d-b8b7-4063-8b5f-c56975fa2481'
 '72269967-2d36-4acc-a3d4-2cdd801275fc'
 '72deefd2-cb18-44ee-97c8-6f3a2df7fe72'
 '7311fb5f-4706-42c5-a99c-cd9b9263c5a1'
 '74cfc715-5e71-439e-9705-4a51bca97528'
 '769a9aeb-25e9-4052-83d9-a563977e83ea'
 '78eb35fb-c797-4604-8457-781eedbc4482'
 '7d1bfc46-e948-49ba-b4a7-9a31dd11e78f'
 '7d3add9d-2f29-42e6-a25d-5f002737950f'
 '7e1b0fd8-39fc-48a0-8240-21a18abbf766'
 '8224c586-a151-46c8-8250-9e67705124b7'
 '838c7e3c-a90a-4666-aa87-b7bbe8338bae'
 '85304052-0833-4fe6-a24a-447f98356bdc'
 '86760980-7819-4088-ada3-2e61797c76c0'
 '88e4d062-a284-4a64-a44c-049089ffa68e'
 '88ed6d4e-489b-4eb5-9b8b-84a4045def18'
 '8beaa281-d690-428f-bc03-ac4dd93980cb'
 '8d8989d8-87e2-443d-aa1b-3a865c3a7ac4'
 '8d9c65a4-a511-43fa-9b9e-857159ad1edf'
 '90327990-fb84-48db-a15c-54143a784a1a'
 '922cc63b-5b61-48b3-a015-de0ab94fff5f'
 '930911ce-13e5-4fa0-9fa0-e2e54817a59c'
 '93513810-3b0c-446b-b8f1-40272f9adc5c'
 '940c6bf6-b91b-4ee6-ba76-24601bf582ae'
 '9a3c5be4-1303-43f6-a32e-074187aa4380'
 '9c2c3778-91c3-4af2-a90a-2b8146ea0a79'
 '9fa3e7b8-75e9-4eda-83f3-1d534b675054'
 '9faadccf-617d-4867-85c3-9d1fb1f30c2f'
 'a23d7646-14cc-45d5-a00f-90a825353989'
 'a31d152d-ab38-4a03-aec7-93e29a3fd578'
 'a4481e60-a7bb-4c40-904d-29c0360f8ab3'
 'a467b35b-a4e8-485a-93a6-aac414613f21'
 'a8f847c6-0732-476d-8c8d-6239a9165703'
 'a9772ecc-3970-463f-8420-4da9782314e2'
 'aa3b2929-729e-4b9d-a35f-cfc74684b7e8'
 'ab2c348b-6cac-46b6-889f-c30e8eaa7388'
 'ab6ef276-7615-4e12-9c38-30fb4dcb444b'
 'abf279c0-d537-408a-9245-635a7a9faf24'
 'ac94ff29-71e9-4475-b958-b56f2bb8786d'
 'b138e213-7f86-4f9b-8fd3-5311e6205837'
 'b16709db-fed1-4893-bebc-4f0ddb11fc17'
 'b2480d0d-98d2-48d7-ba8c-c5dac6f96f67'
 'b5d3f7fb-f5e1-4d10-b777-54dcd6df4d7c'
 'b9b9e530-b0c2-41e1-8cc4-63d57bc789f8'
 'bb74ebfe-cff9-4ff7-9b03-60484e1fb12a'
 'bd460988-54ba-494b-a9d0-8ce55b872cc6'
 'bf9a8a6e-8055-4005-825e-3bb0bd6ffc34'
 'bfba0e4f-226f-4be8-bbce-ee70a10b76dc'
 'c132a2a1-cd2f-4f3e-a98b-39a69f87dea3'
 'c5243726-a0c6-44e7-9e08-9ce6803f2036'
 'c75daa64-8218-4e6d-8769-8f40d9fced4c'
 'c7da3bb3-3a12-465a-b509-3730d679913a'
 'c83f0fae-f5f7-4b81-a2a7-88d94b4ee606'
 'cc24df05-89c4-4e0d-8b5a-7dd0649ded41'
 'cff45b3a-f21b-43b7-b5ec-914653f31053'
 'd9de168c-bbe2-482c-99ac-f8269676fc12'
 'df9ebbb9-27ed-4c34-8500-188e40056e20'
 'e28648d9-b35c-4341-b7b5-cc7204c9dffc'
 'e6818396-5508-48ae-8888-7aaf4da61e27'
 'e817120f-ac36-443b-8356-205d8fb7a7d0'
 'e920f05d-5459-4e31-8bc0-d41ef456f11f'
 'eb363d01-4dcb-49f4-b5ea-239d4357060e'
 'ed136419-71d6-4b71-a231-6fbaa1bc2324'
 'f2d36576-4ed8-4871-9b88-66658784067a'
 'fb908924-1eab-4588-9159-664014398658'
 'fc10ec56-f497-4f40-8920-44d7d4c8720b'
 'fc959d42-92fe-4449-a1d2-62cba77f6e32'
 'fd57f56a-1e84-47d2-8b0d-e6298f00d18f'
 'fdf84868-eaa8-4b43-96f4-f4f024ce0b04'
 'fec05194-9d36-4651-a122-098a3cdde928']","['00f6ae08bfe86a45fb0a5b9bb0c1af4689dc9a8bf3e904dafc085247d4891d45662af08314d8f37937a0c4846545bd0e0f2b558d3b42b0faee320aca0426b1c1'
 '0b86a4c689db0891c92ce16db9aeb4a083baa3e53bdd292daf6b121d910b04d4630148908f86658eced07ddf5362ec575605b7082374336502884b7c628eb982'
 '0e212d8c2c842ee5de12af1433ca1bc447466457d87d7873dc236531a59f56c27f20411f5b1eb47a8f697027a165c03b43f5f71976348f46b3caf662514fc44e'
 '0e23d33c40ad564baa0084ebd8235cb1ce82f4d6b6fb48063d86fcb23695e22c4f9ce6522e3cbecd103ff6a44d061911281712609c45a72c04c899e10ca7d0dd'
 '148bb5ee1d2a73e26a81fe913e4da61f1347f1bc2dd855a432013c63e266eed6d08d8d2527f8195020d488dedebf886e6ad42aeaaf088b7a0af40376a96f29b8'
 '1c2d42cf24d5ef41eadbc348176fc20e538136d601d7796de053c8d108164282bc91e627d6fb591fd2b3c6605eec37ee0ee6a4acb7ae2873d039be0a367cabe9'
 '238dd9495214c1f5dabc20718c46f30b60e954190220bd99189450cd340b3ae336482beca52b26e8653e82062dffe95c5d2a0e85373cc3f8dcef7e787492ee35'
 '25b18de388931f8903d37959a37f3008502eecf4bb47d5e0221a8a2b9580f0a624fb2dc29dadc578ed1b3c682a20fea6cb4dc22e498bd0aa6214ce408fa6a9a2'
 '3094b23ee2b02a1ebf0e6f0494741e8b4c098d1401dd6d444c7e611df529f1098214f283638978a30c131cae8f3cbeaaf9679c1e01b075e601c671cf42b1e25c'
 '324e05cb98516ebf59b3f3abd2df7e50a2b035297a48a4083fbd34fd3c72c8d6b25f4e6dc2234b81b6a1d6ad73272dcb7501da75305ce73bde190f882d34b840'
 '33adf6669c49ae17123199758ecf1487a0e24187cf6dbde030ff357cd1e47a649457fae65658e881b9b0899b0a295f4aa42389d01e4bf17584c84704d42b1d3c'
 '363b6f4fe840a82e2f2626f490dcb8da3de821cda42ac4f70ba0da92fba6668706d3e8bf6ad7f088fd38c3486b672b17640aefe778000d68b857659286405ea0'
 '385f64f1d30ad793629774f67d67cb267548315f3c95c2a9d847a3e7ce87713464fdc490766f3f416a1a499d74df1fef5e81c0ee8a9d54d9ce1c8333c14738ba'
 '5257bc5aeadc011a5763e61ee07795768e01f63717209911c4c72123b1fbf5ce87dcfc3e1c9ce6d216a2937a8980d7fef0635b203fb0af5eb60a000b79d8eb41'
 '53fabd6061d68e4f513b61c3e6477b9cd8b31132a56304cced1927d39a54705928a4758e66e5cb83e1bee5033ada82da615495d4b0c574a901944fd41135269c'
 '55a10d2794ee69c451012e44ecfbbb5a8f608d0b5357030d506f20708b3c0ce2bc2e52fdced5a132300f441ba8ef197e7e5f7b55642edbc68b35acd72963c75c'
 '571033fb76c267906f15ebc5bb424e0f22da46345f9e8d60796f1d2d96929a6859c3df74ee25d5709bc2e5f464a592d92b8f77bf57b9a0d0c1e941963385ad77'
 '5b2b629e920eee7acb2a8b6ed13d94c3e4d8b59416c6f36d7802477626230f54f08867caab065896c2f88ed0b27e72192dcd00e91dd319384c60c93ff5dc53e0'
 '5b63b873de549d6d344f447abc1cb558376d4c89df8f6bba2193c6cb5828e68bacf693edd8957d0daede6afd8fdc9d428cfa79a86ff7eda644f9e280c67e8dee'
 '612bb6193eb44b324b88e46b2789875b47017b38a950f651fd11347e849a417a3bd8f8d8f6425e2f30b7166d7c97c95e5976862727f33ee6aeb55a98fd8c16b0'
 '62a47466ff3c57929d09f449a143d719d9e0c4c33a2338743752150ae1e4c2957880bdc8f4c0677380e65e1a18195cf13f183e5aaab54e3c84a17c22537c9d03'
 '66fafb979e4741dbb83cfb0ca734aaa23ede790ff25a511a005a58515b4535623120fb9baa7f15c331ad249821458a0f77372a614c234d1309dfdfc250b296dd'
 '6967dda71be8ac5f6b475081cd6c74f33a67f77933bc99b25f684006712cc4876a2c6d66e3ccfe136e49063e30594477597f27f1d7b39bb475e23abf98bb8a43'
 '6eb2b8b1524c28bc0053cbf873e3f40259309b5b241c9683197232afd54506ef35025bdf2e5057b9d6599f2a444874e8de0ded9c45c717c0766a48884f2aee4b'
 '6f662532be4c0657b471a6a0599a8ae2e2fd00fe3ddec932213106de821e247de0ad8656a2d6d72dfe5dcb0b590d3896c78793f6b7be0f7ae110d1bc00f0c1f9'
 '70a2289e3d01e3539fe24bc8816199ec843e6167c86c98eab9ae712b137d41c9258075897a7e3e9b5e140cfbf8f001570f2de182562d0fd13781b8f0c716aae2'
 '70bf9f2937b8e84f2405d2009afb5da01007649b583e9abbc237dc57c9c01be44a6842360e0d4c40e8e146de92db7d1d2bfbf179d856403f47423ee2b92b6b58'
 '79037074f25246054dfe6498136b54c0df01452fd049cd956a4f9a9e4c77532c26008d4cf6308be9c579313d6ce60601c5cc6ca776fffcfd68434de296336aac'
 '7df96ba999fd86c3f53a2801c1d437c090490d2e6f73ff64a161b03b42a251bca1d0eb837378e411e197af8a32124387943fe543cc06c13bcfc4c61300806918'
 '838241ab5933736345582486aa6a3c6ef34a8b5a5925ec6ed7838c7f2497326ae8b621d6dde31f95ad5e05a336393553e96c0d236222b23ad140bc513bf0cfd7'
 '83cf6962c20483778fbd6251a054ccead28d13f98bdd95ff3df5e4190d2ebe17c49c49e769e8b29f970f85ee84c91aa5569c9e390ca6d6547ad29dd36502530d'
 '8931f5c2719f51b2f9670b2d6459ef249a615ff1844aa72e17aae8f17efb1694bedb22ad4ac573f8d6ae43d180cff0ee4892d3597d879483f09e8da03c6bc511'
 '8e89504c56712d7e6317736021612ef16ebddf16c46e654d54035c555b49620dfe19a8c613ebbd5416f9b95ce048c5e338d85bd7535a5d4c23921bf1ae047a96'
 '9163fe7435849a7229155d8ca9fe8afb3d35668734997cd20886f4de306ee0454721bd14840948a902a0df8ed0b7e53a94617524c099950812ad5a62fa108249'
 '92171d24eb1465a711a41f97a09e6b4153dae2530131e3d2f871759e91b8903eca9147047c4efce5204b356746e7a5811b0c876303dacf18d8abdb91980cb349'
 '9aa94102f7aba158ea3d373dbed33256cdf4db0dc5ffab4f7b99e7762c42772dde40488fb6f98144b7fb43ac908c855ac1adefb19d619a368ad6190b2a5f6666'
 'a458294f42bdaaae8a5136abe6b357403f239d96f1f8a9aaaa4098fa742c440394e325865db4db764526df44663b359523ca447f41647f170f492cd9550a6127'
 'a4d0b08467ce73e94c8ae21cbf1d5c9de2b28eb2b11f0d9600ba696f7deecf4bbb8dcc953f2c41adbc6ecd52451ed70a2ae271b631839da06fe4efc61527bdad'
 'a755a1d7c7d50241e949f3f67066a071d3040c44026ecbf4204c31719658d38c98068fe0a23f3f70426a030908bdcf57c15191f15e39db46ece7a311ac4175d5'
 'ab1aa3b942c12408a6b8a3ba6ef766a283fe1bae7713795f40592c20bcb95c8935df716b4bd34a5c45fa1ebf618efdb1e0afdcc7ef24c6cf6120d60e5f2e0568'
 'b3ceb375a55b4e7ba18f653347b41f2092a73eb984ff64b91f6e21e4da5953b02a42f3c83d12ce994fafb0f4cd8cbbbbeac31e1961147e1787e27cf87482d03d'
 'b7e036cfc0af89cf534a04c0ac3f2fbc6e874136c11185ada17d5096022d926e9e2a09a1ed4b0e1ea393f799d3d6d782ee1649ce5ddcc0bd974e684c92a1a789'
 'c140c162c90939e05a299d71572861e3812da213e3ed9a7bec1a0b3e61fdb805652a228f1d034b56e7b2b615d46016055104aaf15ae6f9d922243d025c251c97'
 'c7d1b4a4d6c1890a132c31e59180d731225566cf55ebabf81e05e51dc067c87990a977ce7b4870782038556add3f4a624eb29460e048396081cec193a59c7894'
 'cc7552a4470f83daa567f8735ddbe0b9b9143874dd8993828517b1a5270d0e39dd91dc7919dc1d958c9ed051b71fae43e379d61fed680859f0078e2e96ebdd60'
 'cd2a54931edbd63ab62b28d03fb6ddc8bbd6049351a8a7b80db264eabe008bc0920f5da9e2ed3d88844e80641d5c9f2e2d7520c695728aeb4104a942d6694f89'
 'cf6560c767b9165c044e09371c8f7ee8b1b362c41d3972f1359a4a04bdf6c98613429167ddc37d13b276146275fe8dbef99bf59168f48c665d44b1108e8b33b2'
 'd367f90eabc912a20127d093959a17ddc86a9a88de21f1419a4109388e57aa6cda506f9a92e29b80881246f38b934d6e4e57b35382930c0033fb9bb0245cad27'
 'd396ad18c1749b988bca89f716838ee064def48e3baf66155c6a4e509e4b83e0e0b8ee41ef6511e629b636a8f1500997f949c0d692d8fd6bf3e97d78fcad4005'
 'd84ba703d52a3d914db63991dd7036c3c2cda83c42cefb960e71eeaf2cf5e44b71830be54e88750763636d831cc2e64ba077b2488230c2b9a006fac35bf1bd7e'
 'd9f6bea0a5ab1dc7bde9ebf7669fabe84fffb7deee4bb8bb67b0c35551979d2339d12c15802d5bd80ef750d064c46db2b29d58f4084b4ada538ca1df416ac78c'
 'e46eeb2680b79e516b9870bd93fa65eb50a69dcbfbd682f8bb828d016a324780c9c265003b55b9cb07448c5efa8cec73db9c6f2731ad970ba367c73234d0121d'
 'e49aff32a59ed37a6f07ad54de938177fc4f6c7a014d75cbb68b19876cc9726f90e380cb1a3239f8ae7e3499c97a4d6aa863c4733082e908275eadd69856fe51'
 'f1d2caf9b82ac1c50c286deac68819f12ae94d530212549de84ec29583ac195bf8f92185b57db573efd2db45182c070718c763dd01ca2300a3414e6e63110903'
 'f234e124dc5783cb0747886716e4ecf14c3e480669de8bf4513a70f4d0019343739bda38aba548f7aeadfb80ebb4169f3525b6a0d1100b3e7540440b2e727fed'
 'fb7370cd12edb63a270ed9c8382de34cfaec86c522dbf0efdf38274477f30c5d574515fc1c2488f84399f206e7414bb0563617bb165d3b6edc4015e80fbfa6eb'
 'ff40d9d77831c63126abcff57c0dc9b00a0481a114fd14b41eb87b1817126e86e2d78f953b428ca1a255ba69368d9aad3a9cfb384173b77490f104c4d8e6c2c0']",2026-03-10,107
dd332b83-a506-4e03-9fa5-e59600b774bc,127,127,2,26,[],Community 127,"['c44d8218-87be-4e52-b2c8-6193f264762b'
 '8cfd6047-688b-4abc-b9f1-43444b8abce4']",['256c5a9c-bce4-45d7-8ee8-34c0bc802775'],['9a5bce7c4b2093cdafaa92a7bc6374c323df0722adba465e9ab0083793d222455f7c4e1e318d2c8f8ba06374eabc88bc19cbe28552a4b45f5013dd3c5e4869ce'],2026-03-10,2
2330b5ef-91a8-4e7b-8059-2599e409cccf,128,128,2,26,[],Community 128,"['5c897264-c436-4784-9cf3-39fc7b4ea2b5'
 '2fdb164e-50c1-43ff-ab4c-c7dbcb61169f']",['392da3e6-0b3f-48e9-b33f-67c80017b9bd'],['6ec1ad07ab8fecc0b8b02363481c854b1b2c8755a4c92262c87b3e229378c526669403d98a93798f22e1b61557b4e90ed2a33dcbb7ea60da9bf7325a848a7b85'],2026-03-10,2
7f3ef8ef-f595-4af0-a379-99098a94c83d,129,129,2,26,[],Community 129,"['79f0d7ba-c348-4761-9c9c-0fb5ed82672d'
 'deda2e9a-1349-4962-9394-e5f9634ed1a5']",['15d6d10d-07ef-419a-b22d-d1af33fd734b'],['d8d9a3197934f8295d637c2c482897a99e4b3b409fad0b67cd330937748967043e87566364fe646776d66e6aa13690b27f5474d37c5dc9c1ab29a2c41ecb3b68'],2026-03-10,2
6cce4b3b-e1e9-4553-b493-5e9e184c22f8,130,130,2,32,[],Community 130,"['a1a98b5f-7245-45e6-bc2d-fbd4fffcfe4b'
 'dff3ffe1-c797-49a5-a7d4-29dfebe42ec8'
 '177028ee-8535-476e-8a5e-dc9c3df28682'
 '9d917f78-95f0-4186-adfd-41804059ff34'
 '6d23bdd2-19cd-4bce-8178-810920126250'
 '91f13df7-472b-49a8-bd21-1c606573fcfd']","['10e6ccb2-44c3-43a4-a6a0-1e4c90b43e84'
 '11140252-ea0f-4731-a9cd-856c553fa053'
 'a032fe7f-7ee3-4211-a1fe-0466acf91d75'
 'f1772475-e578-4520-8bb4-ce8c122c04b7'
 'fa94a2f8-9231-480a-84ec-72cc78c99979']","['088f82ffaee5685f7330690f9ba754ac2b0833a2a86c352c8ed1168f836fdb9beeaf74ccd6bba5b719d18621ee6736e2316e82552594004c36faa302bd473491'
 '1d24860ada04c4d10776ec0b26e4fcd3c2332bfc32a9b292cc63daac2aa9e1d819abac5d20f50632f81bbac4af009c22934385848594ceb0631fd65e79533bf6'
 '216b5d37b3125c84710d2b3f71d83277b473896f3fa0f7b6a9e354cb1ff86c2aca8592c9b1477ed5cb581c71faf742662acabac70a5e6b30547ef11ba26ec104']",2026-03-10,6
8c14b3d0-8b20-430c-8dbf-3c2b86135e79,131,131,2,32,[],Community 131,"['3ea4e624-afaf-449c-93c2-d46b45a94c6c'
 '3a9fb096-71ea-439a-9820-4b34c716ec50'
 '27ddfe54-c949-4ae8-907c-f6a495d105c8'
 'f4932f30-fa71-4ff6-9c84-ad040e1362b9'
 '6426a627-465e-46e0-9877-7addefcbda8a'
 '33ec2023-dedd-4172-bc20-36c12da20a81'
 '4214e139-777d-4e0e-bbbd-da449d0d69a8'
 '1035e0f0-f86b-4813-8d8f-bfb9cb8a83d7'
 '690b67ba-4ddd-4421-9c79-397c19c31094'
 '27451d97-e9c6-4c48-be89-8110deeb2a03'
 'b0ee3359-33be-4018-8f17-731335da3eac'
 '09f840fb-577c-466d-988a-7bdae2b6580d'
 'da1dae88-7c95-4c19-815f-167d7dc03a41'
 '4bb2b862-78f0-4f1e-a3bc-add658c87bd5'
 'a85d6512-a52d-4d74-a7ac-2ed343e057d9'
 '3694925e-7749-4c81-9f81-faa681b58caf'
 '943b55dd-e426-4bcb-bef9-7c75d248a417'
 '0336811f-232d-4241-bf6a-b9eb74cd2d97'
 '26011183-cf1f-4247-aa8e-b318c6e3260d']","['07c785c0-0e65-47e6-b604-0c25695548d9'
 '0ec3073b-176b-41e9-8e6f-48102aaa46cf'
 '10c08321-6d47-45ba-8fa7-e29514444c9f'
 '12ff5fc7-f06c-4429-9317-0f03b2a6fd51'
 '1bb029a3-9448-4658-a1dc-bf941840cee7'
 '25ba805a-6583-4d3a-9ff0-264f32f4d1e4'
 '3ead1d93-1591-4866-9466-a72d8780b99b'
 '696b876c-b54e-4bd9-a351-fa6eac0c262a'
 '70ff349b-2124-4b77-bbe6-607518c9f52b'
 '75be5af8-4e4b-4f3a-817a-ab44571e0eac'
 '7e86a3cd-f6b3-4c4f-96d5-10ae746b741d'
 '8872b6b8-5e7f-4dc4-acb5-b421bfad7f18'
 '913062b6-680a-413d-b539-5ee7dc330a9c'
 'a57c4a76-036b-4533-b52e-f85a701cf3fd'
 'bc44cd90-2692-4e02-b1d2-e4592a5894aa'
 'ca6e05b7-9abe-404d-a1df-5c7c5dcb0e77'
 'f1280f63-6d1a-41bd-ab77-bd309de0cbeb'
 'fd605037-7543-4b36-85d3-cd292e2e6e71'
 'fdc55fa6-5213-41a1-aa6f-c3a0fc2ee18b']","['088f82ffaee5685f7330690f9ba754ac2b0833a2a86c352c8ed1168f836fdb9beeaf74ccd6bba5b719d18621ee6736e2316e82552594004c36faa302bd473491'
 '2e6a9b2cc0b460f3e432f61ccab7042ff2866448172315609e8d442cbec9074f57761ee897c8e6a7c5dd8403fd86c9f8fb0eac1474a1a8599beaa069239edfb5'
 '4539c484e5bf2d61749b4d64c10d034e623dd3ef4e3c28a227462428e6862fde175c62c0bdbea123d78990880838c55f2a3fb1f48f7172a9e35b73ec0541a88e'
 '486f8a3445f82739b48b2d88f0689cd9f83a8b402cd4cab663aaa55848e2ffd3c3d0af270adba939808175ad5cb986a9ba12636a5baf02444314158e3a272e28'
 '571033fb76c267906f15ebc5bb424e0f22da46345f9e8d60796f1d2d96929a6859c3df74ee25d5709bc2e5f464a592d92b8f77bf57b9a0d0c1e941963385ad77'
 '709b994d79a73f2f05b03728f1c8605c9f43606ad22eb28853072dbf452454159c5a26147224a8f886a8590098f8dbc222e7d77dea991a15274167a37700bad1'
 '785de8b67ededd4d6c44df527b789753430167dcd3b171c7f6b26154153a00255dae617c61f33eab08a492c1e0e24e70b6d64ad299b4968f99e81ad2301fce5e'
 '7df96ba999fd86c3f53a2801c1d437c090490d2e6f73ff64a161b03b42a251bca1d0eb837378e411e197af8a32124387943fe543cc06c13bcfc4c61300806918'
 'a273030661a96ecbdcd506391fdd65a62dff5c58ebe9dc9d5a5d988a5ec21a61597b93aaa369fea575f760a5f95940c98aea36bf399c204dba5c8264e826cf7d'
 'b0f4d24f6f62309a037dca8b4e0d4157f7e25c6212d4557e1032bbbb74f0891f1e7cc1c5ec2f561f3edcd394c5b050a01fd9c13a3e028f7d204116ce3bc48e9c'
 'b3ca485866dc26056066465b2eabd5c67623d4092c30bd65a877bafe69c41234102c63cabd95cdbbaa5c9996c0e94da9595ad2ec9edbcdf80af8a7ac9391ef8f'
 'bca8fa5027c8e1746de107e238f45011e36372dca01c37e40539a58e715f29845d3eb6826b13ae576427b31f2f21c95d7b4987fa0ba1c5e78828dd10ac555cff'
 'bf3b18b221f08d6f38387de8ff6e0db5ffb3d41823100511752e2c9a16f3295eca95c3b48e0fba0afde87f986530e3bac3e9455bdbc47fba26852e335f056bc4'
 'cc7552a4470f83daa567f8735ddbe0b9b9143874dd8993828517b1a5270d0e39dd91dc7919dc1d958c9ed051b71fae43e379d61fed680859f0078e2e96ebdd60'
 'e0d5d87e7e971868201858622b8be0e2105145d6c199eb9ac6979f01aba230c254d1161d9aa9a77676409060d3632db4de8128424e3f3c19ba8a51e305581c97'
 'ea1083f6adf5fd73507f9c8f7bba9e0766d0dde517044024c9d1564182c5f406f00571f058d93f84dffd8824b4adf826df6e32c60cd4cbeded8dd0790b9d83a0'
 'f4b073c881c4fcb05727ee79708bd9cfbb6d3e83237cf1b85e3187dcab07280875c52e63328b7611bc065541e3dd44f41cde68660eeacbdab3bdbfebb4ff5fa2']",2026-03-10,19
7c87e42e-9ca1-4def-8204-0a91b020523a,132,132,2,32,[],Community 132,"['881755d2-bb6b-479f-be31-79c337627010'
 'b6b2dc10-7be0-4304-9edc-4a56d8d63899'
 '5c0a2943-8278-4ad0-83c1-e01f3d2c0bc6']","['068d55cb-83a1-4ff3-b398-a25bc9a80033'
 'bda097cf-d20c-40e7-bae4-e6e6d2ad0d69']",['cedeff15161c228ccc9c0559c6e432a076020c6240e0542a3adf08006d8664ee70bcd0f302b4bde6bedd09c0da5254a5152eb1cf0c3418c71b20e872faebd6f3'],2026-03-10,3
6aa5685f-b18c-4fc5-bdeb-1dfed57d8c53,133,133,2,32,[],Community 133,"['fd0400f6-8bc0-4ff6-8c38-a6cb0d178bff'
 '587bd51b-a6fc-4356-9a97-749bd63c24fd']",['9f26dde7-9320-4ffe-9d29-9f59fa5552de'],['571033fb76c267906f15ebc5bb424e0f22da46345f9e8d60796f1d2d96929a6859c3df74ee25d5709bc2e5f464a592d92b8f77bf57b9a0d0c1e941963385ad77'],2026-03-10,2
66dc87d4-3f4a-4491-bb98-4c0fe12235ef,134,134,2,36,[],Community 134,"['ae727e62-e47a-4695-9fb8-4097c3dd2611'
 '33c452b8-37f7-4d54-bd00-23d0a94e2aa8'
 'b69cef27-ffa9-443f-a355-765a26f65d6b'
 '521366c5-e60a-458b-84c0-5ab0bbafacf6'
 '640b7b50-d081-4285-86e6-2a88b9702c3b']","['038c4252-31f4-4e6e-8b77-3ccc8148212c'
 '77932b89-0c41-4eef-9874-84e56b15c036'
 '9c899d98-07f0-4979-bc55-b907309393c4'
 'eeed07de-3c49-4a7b-a99b-084a1f47559f']","['4e10a447ddaf2c74684d2a22401890d0f1eed1fd11ac887c4f65b340f4348db607f77e46c4ba8d22a4abe8dd27f016378deada950d2c72edfa41699ac96ba87b'
 '5257bc5aeadc011a5763e61ee07795768e01f63717209911c4c72123b1fbf5ce87dcfc3e1c9ce6d216a2937a8980d7fef0635b203fb0af5eb60a000b79d8eb41']",2026-03-10,5
76c8ce1c-2f9f-4b1f-aed9-11a3bf90656a,135,135,2,36,[],Community 135,"['75416866-d0bd-428f-81e0-d64b0c02b18f'
 '04669e07-aea5-4414-9fb9-9534735550f1'
 '56211c58-f8e2-46d6-87dc-4a58f9a33534']","['8a2779dc-69ef-428e-a2a4-0672c6a4f03d'
 'a935c501-dc7c-4ab9-a43e-c6c72d3242c4']",['5257bc5aeadc011a5763e61ee07795768e01f63717209911c4c72123b1fbf5ce87dcfc3e1c9ce6d216a2937a8980d7fef0635b203fb0af5eb60a000b79d8eb41'],2026-03-10,3
18f2bdeb-551a-4094-8f80-d0a73c2c6311,136,136,2,36,[],Community 136,"['b013476f-3f2f-4da5-99d7-c1e60641e39f'
 'cfefda4e-ec98-4cb6-9d6c-dd99fcf8a9d7'
 '51220a86-643a-41fc-9c99-dd9d5738aef9'
 'bb234a78-18fc-437c-884d-28b188c19f51'
 'b58b53ec-efbf-400d-a9cf-40be42cd8ff5'
 'c51441f3-b70a-4138-ac6e-9cedcd5e932c']","['0d15f400-3f1e-4a4e-94c0-ae9f5e624b12'
 '2f73123f-512f-4bcb-a3ad-6d6c578ac3a8'
 '554df339-beb6-455c-9254-ca20e4034f88'
 'd4a94796-37d4-4ab3-b0f7-9a123917af15'
 'd7acce4f-f299-43ff-8648-969f806d0b3b']",['5257bc5aeadc011a5763e61ee07795768e01f63717209911c4c72123b1fbf5ce87dcfc3e1c9ce6d216a2937a8980d7fef0635b203fb0af5eb60a000b79d8eb41'],2026-03-10,6
2e80e70f-23e0-4a95-b91b-4dc7174a532a,137,137,2,43,[],Community 137,"['7f3599a5-6780-47ea-a097-c4355120ec3c'
 'dc28fb86-b7a7-45fd-87c1-38a4332ca991'
 '3cbca204-6f88-413f-a84a-c353b64f3cb1'
 '1300690e-c554-4c03-a9cb-788778f914fc'
 'a94914b4-e645-4bba-ba52-aec949735173'
 'd9060dd8-7ddb-4b68-b0c4-8931d9621556'
 'a44012cb-15b1-4540-b654-cd5b360135f5'
 '5ff87cc8-8311-4247-80f1-1aaf998e5223'
 '96501eca-4ed5-4cb4-92e2-9ff312dd8da9'
 '21ed60f3-8b44-4d22-92c6-0bbcff7d1a1d'
 'f6e56c1d-8ef6-4d0d-b0d4-3fb6dda5fc93'
 '2f699a65-61a8-433c-90a1-4a71e760bec5'
 'fb7d00fe-f996-4606-905f-af8a16c7cc67'
 '25a82856-54c8-487d-9fc9-fd0925615f2c'
 'ae65d987-2f23-45a1-9b43-6af33406a01d'
 '2ebe5428-5b7d-42a9-8fb1-b1bb6c296e1b'
 'c6b79593-ce98-4d8c-8731-d06c4087ee92'
 '8c687316-ced1-427d-b282-9b10d8bedb9c'
 'e35acf7d-ca61-4d3b-8ae4-1532b92a2557']","['03ce0d1d-b919-4828-92bf-6c772a2cf6b0'
 '2ab84c57-a1cd-4478-9b82-f64cbda9934f'
 '2c8c3cb9-bf23-4013-bf8f-865094b6aa71'
 '34287117-4f6a-4500-9494-46f632ae6d79'
 '40d908c0-9816-4142-8752-2f83326dcc07'
 '425b8442-2804-4a09-8338-01e847d36f54'
 '4dbb976c-f640-4a41-863b-5c46780a78c0'
 '6c66e359-3c03-4cf2-8ccb-a0c2591e94b3'
 '769f7269-760b-46dd-88f0-0d37dca8ef24'
 '7b655c60-f66b-4e01-8454-39075c55f892'
 '8803f7f8-1eed-4047-9935-51520ca2e66f'
 '9a81eea0-aa3a-438c-8be7-7966f1a1a352'
 'add2600b-68f8-4d4b-a0d2-bb207f1ebb94'
 'b8ea9511-4445-4593-a3f1-24772f42bdeb'
 'e1d5eb1a-3e59-4a50-8779-13ae00a731f9'
 'e8ec7a78-0825-4ea9-ab8a-89e109656fa6'
 'eb5e9894-eab5-4e1f-8d9f-ad31b5473ff4'
 'f70d2f40-caab-40e3-b2d6-ca393acf8454']","['0e3088f94fd74dd0bf54ce4fe7dfb492db7a4fa8eeed4a699f6992bc1606d3f05b5845dea1e8d94b3b6a8c011887384eb0757bbf3764f608225b6b1ce8e9ffc0'
 '293b2880d6c93e14bd70ee7d1fbda61199d2d53addb81e7d5a50be205cec8a6cfc998fc9ed8a155f776a1d6a7bb648804bd73d2da4f1bbea152d50effa15df60'
 '2e50d93ffa7670f1e2f5cc4d51a15bfea5e15c8edcb97cf36e45ed353239ab26f717061fa463747fce6a3f90277a83944faa68ccfe892de476968d68f3d69bd6'
 '62a47466ff3c57929d09f449a143d719d9e0c4c33a2338743752150ae1e4c2957880bdc8f4c0677380e65e1a18195cf13f183e5aaab54e3c84a17c22537c9d03'
 'a1b8f260f6eeeaaa02880999d0164d457ed936ec7389a73695013c589790f7c26a4bc1050a2248e8e109892bad4c036bffd7bdea4444cc3243858439e235e989'
 'a7497051b835b0296caa8c43a2182e056a4d630488acdf638ab6cd1d926fb9ebe0e50b22dece2d0fb4bfabf4f04ef42edc8be89a0203491675e0fc4b52a1b78f'
 'd2c89d663393a28ba4fc900d9bda709c84b044a7633189fd57e412e0b35f4ec4f2f3903c8e701b3884414749004a1d8df8aedf5bfc922aeaa87778874a4d3072']",2026-03-10,19
56911988-5e78-4788-ade2-7eb6985320ae,138,138,2,43,[],Community 138,"['e5f16f5f-ce62-451a-89b8-da2eb1e18082'
 '8d2c1b9f-30df-4d87-9535-603bc476bcc6']",['ee94bfa9-a7d4-47a8-b39e-53401cf21f60'],['50d1c7e638ca19a922d126dec12c28b309c85b6a085003d8343bf3fef2c2a95b525ec6b505256f162cd371172105cf09ce70fd9e682737b0928665a3ce4fefba'],2026-03-10,2
206a5aa7-751a-4aa6-8ce2-ecaf9c5bc6ab,139,139,2,44,[],Community 139,"['9cf49957-d2f4-46ab-aef0-4e9896b6ea8d'
 'f8d61b2d-9665-4a5c-9345-7f7f618f51d8'
 '7eead9fd-a45f-46f7-ba45-a2b55448661d'
 'da21d5fe-aabe-414b-af0f-ccc23b19f038'
 'e968d912-fb75-4470-b550-bbb81ec94d9d']","['4790da9e-a9bd-47d4-a1af-65d9b7b522ac'
 '74c0054b-db7a-437f-a5dc-7ec608c0a9ca'
 'b3c8101d-a602-43a9-a11c-fe4595662b9d'
 'c5150d86-5437-483c-8a1f-6320a8d03c3e']",['29b42c77a75f75214e91fc897164ece3a818f406fb35fdd0ebcef96c7e1569e187c10bd59b8b2ee6499e5627bd49b0f71e15b6719f460c63cd96d72840065dba'],2026-03-10,5
060a6005-1fee-4dc6-97fe-1381ab27ee0f,140,140,2,44,[],Community 140,"['ad918381-19e6-4405-a0fe-887d36b998f1'
 '762b3c95-9a8c-412a-8021-92f8f1a8a925'
 'f1d1aa52-eeb9-4661-ab6e-f06fc7621c4c'
 '05dc41fc-81a0-4d0c-a4e1-e96119e12a84'
 '1d40cf8e-ed7e-4411-9849-7f3aea198f4d']","['0f57b4d3-e108-4c88-9447-43c5986f8d87'
 '16a87443-d88b-4400-b956-c9f21ccc9d40'
 'ac37cbb9-72bb-4ed4-9289-50518d16b7ad'
 'c58b0606-a04b-4b4f-9d28-09fc333fe52d']","['293b2880d6c93e14bd70ee7d1fbda61199d2d53addb81e7d5a50be205cec8a6cfc998fc9ed8a155f776a1d6a7bb648804bd73d2da4f1bbea152d50effa15df60'
 '29b42c77a75f75214e91fc897164ece3a818f406fb35fdd0ebcef96c7e1569e187c10bd59b8b2ee6499e5627bd49b0f71e15b6719f460c63cd96d72840065dba'
 'd2c89d663393a28ba4fc900d9bda709c84b044a7633189fd57e412e0b35f4ec4f2f3903c8e701b3884414749004a1d8df8aedf5bfc922aeaa87778874a4d3072']",2026-03-10,5
4a75b1e7-0c90-4bf8-a444-ed371ca958d6,141,141,2,50,[],Community 141,"['ee08258f-7327-46f1-9459-c1bbd95e644d'
 '4dfa20f3-b6e7-4a28-af18-7efd3b407b66'
 'e91cd220-52b5-4161-a028-c2b7a2f78e38'
 '7217729e-8c4c-4e8d-862b-9d088ae13d36'
 'f66745a3-d094-4b42-8267-17359cd3be4f'
 '6fbc8125-0d15-45ba-b17a-748a619d68d0'
 '91aa038e-0e99-45d9-9325-0f1322ee54a5'
 'ee822c99-984a-40a3-a52d-0170a44cf5d6']","['05c77fe8-c04a-459a-a300-fc69d41a3bb8'
 '1d10b80f-1533-411b-9d54-4446c69e43e4'
 '25975ee2-13a6-4ef8-acd1-f214a6e47aa9'
 '324146d0-4a71-4c57-8440-3089ae5dd6d2'
 '7c0bb987-83d1-48db-b8fd-64085f084f7a'
 '9d33f073-b746-4776-8d62-0d829c357a14'
 'd52dfcae-6a02-4649-ab73-5ef263d43445']","['324e05cb98516ebf59b3f3abd2df7e50a2b035297a48a4083fbd34fd3c72c8d6b25f4e6dc2234b81b6a1d6ad73272dcb7501da75305ce73bde190f882d34b840'
 '7550c181997ab8ff64b5459fa3cf8edbc6b1104394351e2f88ebd8ef645e8380153cb5f442a090028936bb1746a8218cc5368baf8600f1f910ee280c1ea68d17'
 '78fd9b204da2b6ddd7a495c820a5d60bf223efd0038c19ba4f23595bcceb7023a7ae5004f5769dd4ddf103bc094fa30996c8e57f71ed174a0b91cfc9d29aba2c'
 '824fa1d939d9f4365de203d19b45200969da44ea4f970f3976bff33840fbce6c3f6e083beb7a818d8a4931e3d62deee198ab5524f4accc431cbc98bf553962a7'
 '88308954a8d2d7586ca8cc75b1b11f9449934357376dc59c92ced6f46cf1845fa46e9148292d5c59387ef0e4995324fa9a855891a896a148c086de27d054fc7a'
 '8a5a6e187c668bb2f8331df659df42e1806867580ac766ba79bd9efeba8f788a99d6677d88162b703da1dfef9d27fc7aee00093a794541110dbfebcba1a298b0'
 'c7d1b4a4d6c1890a132c31e59180d731225566cf55ebabf81e05e51dc067c87990a977ce7b4870782038556add3f4a624eb29460e048396081cec193a59c7894'
 'caa24a7186ba46d267f4c153375d46218d52154d378553ff6c732c0f3c8c6453ce1501e3e04e8f0f7bd9265300b413e652f3adce375c8ee1ba81dfab387fa675']",2026-03-10,8
a94a5f25-fb50-47b5-b692-f19f6eec3b07,142,142,2,50,[],Community 142,"['624529d9-3c3f-4a39-a576-f0b25bd75400'
 '68c355a0-8e8f-4c73-8c57-373ebb9c4985'
 'd74fcdc9-bea4-4735-b832-5e42f2cbbac4'
 'dcb6917f-a93d-45cf-8cb0-337ce4865ad1'
 '1bc74a87-d11f-4539-bc25-023325bbd397'
 '32e7fe57-1057-4d5b-a6a2-f452cf7d85f6'
 'cdf48a29-a8b7-4f6c-8aa2-b9375c62cdea']","['185924ba-4e8f-4986-a60d-b64b39e26668'
 '4c10686c-3ea4-40f6-9856-2597ec3a4dd7'
 '517bc954-66b5-4947-ab1d-1ee84fc4e0e1'
 '82c7850d-58dd-4d52-936b-a586e924a31e'
 'ee365471-3b4e-4c0a-a9e2-4510da36a2dd'
 'f70f64f3-b3b8-4443-87fa-851c7302e2d9']","['1c2d42cf24d5ef41eadbc348176fc20e538136d601d7796de053c8d108164282bc91e627d6fb591fd2b3c6605eec37ee0ee6a4acb7ae2873d039be0a367cabe9'
 '324e05cb98516ebf59b3f3abd2df7e50a2b035297a48a4083fbd34fd3c72c8d6b25f4e6dc2234b81b6a1d6ad73272dcb7501da75305ce73bde190f882d34b840'
 '824fa1d939d9f4365de203d19b45200969da44ea4f970f3976bff33840fbce6c3f6e083beb7a818d8a4931e3d62deee198ab5524f4accc431cbc98bf553962a7']",2026-03-10,7
f954cae9-e013-4989-92a1-1bd7d675da9d,143,143,2,50,[],Community 143,"['2aacd743-c84a-422c-a589-07fa930e8922'
 '8cfb8f68-a949-4139-8c13-d3e1ff0a46a8'
 'dd7f45c5-8d46-4c22-b754-fc3601eade29']","['97a45719-8433-4045-b600-5943038e73a0'
 'e1c92b99-2d02-4845-afc5-7c1cb1745dbe']",['238dd9495214c1f5dabc20718c46f30b60e954190220bd99189450cd340b3ae336482beca52b26e8653e82062dffe95c5d2a0e85373cc3f8dcef7e787492ee35'],2026-03-10,3
87cb2d30-4da6-42b7-af4a-afeec0345a61,144,144,2,53,[],Community 144,"['43e0ecd2-f4d9-43a0-8bef-098d37bc254f'
 '629324e2-a0b0-4ef3-94e7-2690d08eb56b'
 'f4f7af9a-d129-4f39-bbd7-77a492d71c75'
 'c07c5853-c7a1-4527-b218-8bea033432e3'
 '475a6a5a-425b-4a94-a6fc-c676f6d93ffc']","['582d0716-76c0-43ff-b146-38d7218c71f0'
 '75d0b2f4-1354-4243-b35f-900d0814be18'
 'a01044cd-dcf1-481e-a93b-60730552ea9d'
 'e01c6ee5-edca-4115-b377-76f03d9a258c']",['7550c181997ab8ff64b5459fa3cf8edbc6b1104394351e2f88ebd8ef645e8380153cb5f442a090028936bb1746a8218cc5368baf8600f1f910ee280c1ea68d17'],2026-03-10,5
db20c08b-0187-414f-ac61-89833e68fe13,145,145,2,53,[],Community 145,"['4a8aea04-eb46-4b95-8a33-d02d39a09eda'
 '7c40aaa0-88c3-4e91-a4a7-f4e3c2448c11'
 '49304880-ee8c-4a96-b46c-2bbb9d38e8d1']","['1dfa8e51-d619-4a0e-977d-1fadf8a15422'
 '989ab87a-6e2b-4e2b-97fd-35dfaacafb96']",['0054d8619570bb6c0efca76fc0b5d60b2020d45053f0043184d6db81d8b4175c11d3bf6bd1b762bf62da191305d36d6c9842c8a074e437af7b77352179be84b7'],2026-03-10,3
c93748e7-98dc-46e0-9d7f-ba8a2644157f,146,146,2,53,[],Community 146,"['9d3c2661-1151-4a6f-a939-fe48b78e4c34'
 'd3a99111-f675-4bb5-a8f5-3c4de6ef216a'
 '297d66bf-81dc-4c8f-83fb-85ba243801fe'
 'c474997f-4e25-4912-8e24-b290edc6d250']","['7e2195ae-f4d4-436a-8ebf-2d1b53335521'
 'a6db51d1-9ff1-417b-a216-493563405669'
 'd5564635-1c28-4b76-bdcd-5aaf59729564']","['ab880573e023cb66c0c136752d5e7ffccf0d4932be602d2e2448ad1fc7dce1cfb7fb5662f82d464e25e609ddd708ccdd5f4804c4c1a77efd91ebfe395094477b'
 'cd9892f54ec3f204606907de9815a200574050279a304a29530b76950c98ba021f2a39bfbdf0ea7298fe624744e27a5ae2525305555e24065cf96aa150a9c5f7']",2026-03-10,4
b25070c5-89fb-492f-b8fa-6b1b416db4dd,147,147,2,53,[],Community 147,"['8fec9e94-e0e9-4c89-877f-ccbe997a65c0'
 '7a79304a-cb99-4fc0-8442-88b7341a0861'
 '4131fa2c-601d-4b4b-b5c2-02a2787938c7']","['5a1ed9e6-63d0-4748-802c-f3b97bf55f0d'
 '9ffe2770-6bda-4d3a-a90d-85595ad7216d']","['00a0c1db6485e7cbac54a732052006a67c99da84f0e4ae3b0b5ef4c9c184759efc49103ab0655d3717b6119de694b25d045ac14ada547d3f5696cd69ad0fcb0b'
 '78fd9b204da2b6ddd7a495c820a5d60bf223efd0038c19ba4f23595bcceb7023a7ae5004f5769dd4ddf103bc094fa30996c8e57f71ed174a0b91cfc9d29aba2c'
 'cc09d1f4596f98345b4183088ac2458e5b0aff5531c7bba220023ccd01d156715d0223bc4b4a65304138bd7c8a98640a1ce1aa94bdfc8079a57959f1e6872eab']",2026-03-10,3
94ac5482-213b-43bc-942b-c1ce2e8d890a,148,148,2,53,[],Community 148,"['c3347e3c-c7a6-4669-a9df-84810d21e69c'
 '0753ab04-016b-4fa7-9228-05284e7530f9'
 '9664ff4b-629f-44d3-81cb-63b2ab261a5b']","['093b4553-a80f-404d-a7a7-8d73cabaf5a7'
 '18135c83-a430-46d8-a645-f223df851046']",['571033fb76c267906f15ebc5bb424e0f22da46345f9e8d60796f1d2d96929a6859c3df74ee25d5709bc2e5f464a592d92b8f77bf57b9a0d0c1e941963385ad77'],2026-03-10,3
22df5d8c-93fd-43d7-b7b7-435a3df9cef8,149,149,2,56,[],Community 149,"['9cf6c72b-438e-4403-a92a-a6b12f7874b2'
 '04566857-388a-425f-a025-8ee6aaf0017e'
 '0fe9e96f-158b-4225-b085-01ea92ab99af'
 '6390545a-c6e1-49e4-9c2e-6ba364daacb5'
 'ccb4b4c6-7044-4be0-ae9d-8ef62ff343a9']","['70c104e3-8c26-4954-bcf5-55aaefee0859'
 'b4432cee-baa9-4360-8af6-2499ef54b59f'
 'c7a0ab7b-b793-40da-84e9-b088be67a5d0'
 'd97f0169-b584-4c0d-9dc0-a2f468da8c76']","['6bdf20a260fc814f2114e7badc6fac840699fe4fe6403b9a965fbdc47e447ee13af61d9b5132d5419552f5bb19d67f581f04fc7fec0d731722794d6edf188d45'
 '79037074f25246054dfe6498136b54c0df01452fd049cd956a4f9a9e4c77532c26008d4cf6308be9c579313d6ce60601c5cc6ca776fffcfd68434de296336aac'
 'b702dc97591d4fd99e393160ffd9d400dae11ce24461a052ca46b18e565efb9d5c4899a4d3910ff3805503f5ec2f7cfb4c0d882b0fb4ad65273b9abe5b9d8ab3'
 'f314d43b0a481cdfcb76b0052bb89c14cd5ccb4415cfbb161aed4a4ee2ddf6d350327a4063125f41fb51588cfdde6a22f75faec6eef9db845ed2cd4fb880cc15']",2026-03-10,5
c4b66009-78ef-4b26-8a92-be3453bf0e63,150,150,2,56,[],Community 150,"['7ad64e84-caaf-400a-a47d-cd154bf42ce2'
 'acc20f7e-3ef2-4d99-a861-6f01656f3948'
 'b6d21178-722d-4ac3-80a1-f06dbee1d9f7'
 'fd532f91-580a-401c-b6bb-2dffd3df3207'
 '601ec978-ea79-4699-a7f8-714aac4973dd'
 '866ef12d-6cd3-458b-9f1f-53aa0ca7fe2b'
 '9e67c4ba-2695-43b2-b47e-70608d11d181']","['3cc60b35-7ca9-4900-bc9e-a231101c4401'
 '566da769-9381-4ab4-a569-862b5fed8eab'
 '5c473e37-c9dc-4ed2-881e-6cd36baa201c'
 '6c3af0e9-e31a-4ff7-82ef-fcda6cd56c87'
 '90a30d1a-ea9b-4fb7-824a-35456f796aeb'
 'b8f87e06-ee6a-4901-893a-caebaa884ee3']","['0054d8619570bb6c0efca76fc0b5d60b2020d45053f0043184d6db81d8b4175c11d3bf6bd1b762bf62da191305d36d6c9842c8a074e437af7b77352179be84b7'
 '8f5751520c653eceb98d31d48f585edba62ef8e1a15de3b3d6838ecbe973a22911b26e5cf43c0492256626194ac47c09313525fab95f5bb1e1e024fa5a13370d'
 'b702dc97591d4fd99e393160ffd9d400dae11ce24461a052ca46b18e565efb9d5c4899a4d3910ff3805503f5ec2f7cfb4c0d882b0fb4ad65273b9abe5b9d8ab3'
 'f2d956b3558601f0e70fdc3346118b9293d283043264f63f9cbcfff22c35753ec9c3813f6ce97ba179ab425243bf20419f3faea8377896065191a30feb4031f9'
 'f314d43b0a481cdfcb76b0052bb89c14cd5ccb4415cfbb161aed4a4ee2ddf6d350327a4063125f41fb51588cfdde6a22f75faec6eef9db845ed2cd4fb880cc15'
 'f4b073c881c4fcb05727ee79708bd9cfbb6d3e83237cf1b85e3187dcab07280875c52e63328b7611bc065541e3dd44f41cde68660eeacbdab3bdbfebb4ff5fa2']",2026-03-10,7
db4f2d05-fa65-4afe-93e3-183d49fa80e9,151,151,2,64,[],Community 151,"['74dd9b32-c3ea-4d0e-8dd0-76932b737583'
 'c514bd28-682f-421b-adfe-90a509606492'
 '1ca1ef63-ced8-47cc-a49d-b0f24af994b4'
 '22d225b1-76ff-426f-947a-ff0ac592f5e5'
 'aca72720-5173-4cc6-82d3-203e632c4f0a'
 'dfae3fd9-cac4-4f98-8ecf-7c3c5b591b40'
 '95d2f906-c4b0-4cbb-9f6e-843dbc5a5438'
 '93d0075b-d3ab-4f54-9584-b27bf4f7f1b6'
 '001efd51-8655-4a46-9117-f0b6de41c99c']","['4e56de71-3fa0-4ebb-b5bf-6540eddec680'
 '51b45072-5e6e-4b31-bb79-5b0e69feb585'
 '59d3666e-9dab-44db-a37c-e053dd0775c1'
 '8db98057-437d-4e45-b654-a2e7da45c80e'
 '9471570a-5387-4285-93ea-808317045892'
 '9c01ee60-88df-46fa-bf2b-212ff3a88207'
 'b894659e-54bd-440a-bb55-14ab46d4c46b'
 'c9c90aed-253b-4f00-ba95-af613cb46edc']","['148bb5ee1d2a73e26a81fe913e4da61f1347f1bc2dd855a432013c63e266eed6d08d8d2527f8195020d488dedebf886e6ad42aeaaf088b7a0af40376a96f29b8'
 '1ffe2d0bab187b0df1646a43533f007cf04968951108797f8a2079c7447cfe2c500113a87e98099ae88711680e4cdef578cde98d34f527406a6338fa908e5f3c'
 '2653331ae1a0ba2677f7f7fede8c932f4b673f0e7e38b666bf8abe90cb1a55923a96232e869023bd456e3c3629127c57fc4c106fb80ebee74e25f5e088d36f51'
 '2b384656525832ccf7fcb18f887bf305fc02cd19bd9bfe73ae028b4951f90e37b7e146e308f4a4dc93e2357ad0ed8dc0ae39d88e9ee8e463302ad37ab1e6a1ad'
 '3e5a7823f367d808b075c927a048ad6aec7571837c239a9d1fdebd622603d83e1f69c942f132152574d012035cbb0e3340e4f8d663f52d4f541fe94813aecfa5'
 '83cd69793a48e458eea070d74fb1a7edcb3f4cc252aa7bbc4dc37dc197a720cb83155cf35853fc6670ca22fb08f452b6d0e61c3c678484b41ab914efab295ef8']",2026-03-10,9
a8f7dea7-b708-4901-aef2-fff7941bc802,152,152,2,64,[],Community 152,"['f3eb32df-f80a-40c2-96af-f4905808eb17'
 '738eb7c6-01a4-4be8-9d9d-ce776e1d05f5']",['701245e3-533a-4332-b924-aee5b85e42fb'],['2653331ae1a0ba2677f7f7fede8c932f4b673f0e7e38b666bf8abe90cb1a55923a96232e869023bd456e3c3629127c57fc4c106fb80ebee74e25f5e088d36f51'],2026-03-10,2
67821d42-bda3-4b87-9150-43a1417f0303,153,153,2,71,[],Community 153,"['0af458c1-546d-4521-aa4d-0c10d332f516'
 '8bf31f1e-6f6d-4997-bdfe-6eca11ea7e34'
 '5c6679b3-1cdb-4472-9916-e64f3733bb65'
 'd349914d-0f51-4ed7-80fd-65302ae7da85'
 '98ec52ca-784e-42f4-9529-5d481d4c7cee'
 '2c5bd976-4c2d-47ae-87cd-5ea252480a1a'
 '582f8dfd-11e1-4350-a4d6-5967c35acbed'
 '50f3d792-ed30-42d8-b676-66858721f4a3'
 '1965c27c-4c51-42f0-ab0f-cbd8326e0157'
 '93b20095-c3af-4a68-95e8-90bf293bf0e1'
 'fbf00893-e9c4-49ed-b902-95698a605c93'
 '96fd2ffd-890a-4497-b945-96d77f4c5cf4'
 'db1b5d1e-02d2-4769-bf23-4511fe950991'
 'a7a4ecee-6075-4de3-8f88-32305afa1973'
 '9a66766d-3387-4d4c-a84a-9e583cc11c29'
 '375802ea-ad28-419e-ae28-2fadc9bbd738'
 '944a7a8a-6aa6-48c0-8cc5-c5b9b5f8f3f1'
 'ce3301a6-372f-4826-9256-5f84bc0f0ee3'
 'e1ded11d-5946-461b-a467-939b81a9868c'
 '044c953e-02d9-4bfa-af73-a383f6fc23d9'
 'caf4bf25-058f-4e7d-9d35-a4363ade3500'
 '5662f94a-65d4-42de-853a-d2731f3b145c'
 '5efeba12-c9a8-4fa7-9609-fdd0de223be6'
 '0b40f570-d498-4de3-852f-5c4a966911e8'
 '30dd8a3b-ce1c-4ffb-ba91-4af7652fe656'
 'c90b9e90-02a0-4f4c-b8bf-9241e0bf4f7b'
 '42f6de3e-9df6-4616-87f8-1ce0d6e5989f'
 'ab05108d-27ad-42ae-a18b-a9145932f2fb'
 '24ff9078-2512-4055-a4c1-83b37a3d0d20'
 '7e7091d0-0da1-403b-a05c-a2e24585313b'
 'b17ab35b-cb90-4ced-bc82-71e97d3b68d7'
 'b8787c75-957e-45d2-b13a-bfef8b0c51ff'
 '05725ab2-11c5-43e1-b704-707a0def6e5d'
 '52853bc1-b2d2-423d-b174-02b648ab4d33'
 '32d81a00-7bd5-423e-9add-3e2c858c8c3f'
 '11bed0f3-05f6-441f-b689-d85228f8ef64'
 'c21f5146-5f36-48eb-991b-fcd9c9644fc0'
 'ca8be6e2-f097-45e2-b76a-f7d76a388549'
 'ec35836b-291e-40a2-9035-f5aa027d0f30'
 'aea0d27b-b2ad-4061-a742-97e1137ba3e9'
 'b78ea202-fe0c-4d85-8d5a-926bd86c0d2c'
 '36553b78-5490-48f9-a20a-2ea121a565b3'
 '17dade78-fc02-473c-b1cd-00d19e9cce65'
 '2119ab92-abac-4eec-9fd1-dab42035cdd0'
 'ec06c047-3449-4fee-bc38-8d4372d9d56a'
 '3da05786-9dc7-482f-a456-606f4b518c17'
 'b14cee00-43b1-4b75-a4dd-97ab1e4243f2']","['02bbf798-3a55-4d04-82dd-12e82b7495cf'
 '1359f8e9-f05b-4e34-af03-8e759153f32d'
 '19682d0f-00bd-4a12-a4f2-7541e525c99d'
 '1c78e8ec-4dcc-4a04-a17b-10a280e6eebd'
 '349a02bb-51c0-49d8-89d4-f0adaff24493'
 '3d833cdb-4f08-423a-907e-0ed162e8d3e5'
 '41f6350f-cf68-4e0c-88d8-1c384beecfd9'
 '44dfd012-1132-4d3b-a3c6-274abc51fce8'
 '4502af08-d6f1-42e9-8572-31db04fdabb1'
 '47eedfef-0c36-405e-a8de-5c41837df126'
 '4addff17-fc49-4761-a990-4c01c21783a1'
 '4dcccceb-6a52-4195-856d-5416ede58e51'
 '667d7a0a-ff96-43d4-ae52-187a11e9f04a'
 '69df1d0b-8636-49e4-b160-cd46d3fe3cc1'
 '6b6631b0-81c8-42b9-a467-0122e876ad3c'
 '722b4a01-773a-430f-8c9c-fb805e9b526a'
 '745d1aa1-b934-4c33-9219-88c885aa7388'
 '7563cb9e-3814-49e4-9371-4ed68e27f287'
 '85f3f96b-2dbf-4ca2-ad80-65cc2ac7c68f'
 '8ca5a60f-15b9-4f1e-a7dd-faf9dda65407'
 '8ff9b626-63a6-4713-bfd4-c86a0e03c147'
 '922dfe83-4541-4e59-ac05-eba9b8fd3404'
 '9b94ee51-14e4-42c1-a40b-812ef4d62ec6'
 '9f50ff22-7bb5-4c7e-9d6b-5b1a2cb4fe07'
 'a056c807-28ee-487a-aa7a-c51c6010040c'
 'a5df681a-899f-4a06-88f4-a8a17d150fbb'
 'ae568a09-f351-4de2-8b09-78c6bf2a7373'
 'aef06ab0-ea8a-460c-b4c3-ad569ff89fc1'
 'af7c0736-6ca8-491b-88f7-9f8bec436252'
 'b8d96aab-c9a5-4a7b-b5f0-9efac0749896'
 'bae8ddc7-d9ff-4dc6-8a47-039e2af2a7e3'
 'c3c689ae-b083-4af0-a83d-1492449be219'
 'c5695aa7-8b17-4ce6-aa09-8df7678091d4'
 'ccf5e7f9-8fb7-4114-97db-6ab542992016'
 'd0e70b21-fc74-421f-ae31-ee1a0cf6665a'
 'd1191236-164a-42ad-8c37-4c0c546133f4'
 'd466f22e-b1a8-49cc-a981-00768a2358fa'
 'd7865754-1893-416a-9c31-4a9d8f5e040a'
 'ddf9014f-43a3-41d2-9e79-4a7ca03aca9e'
 'e1ee2718-bdbc-4a46-b3b1-41250c458a6b'
 'e46e8eaf-46f2-402a-9034-98a34362d6bd'
 'ecee9e5d-05a1-41df-ab1a-bfbcf59d7869'
 'f56e0804-04e3-4bd2-9dd9-7a97d61d61ff'
 'fb6dbb92-4838-46ac-89b2-f3481e2f7a1d'
 'fb78e7e5-7bfd-4e47-9a55-4c5628b8a7cb'
 'fcbda9b4-2da8-4b2d-82be-8e713d87c2fb']","['2a0528c8f8b52425c8c872881f9412e49c101f4982214219a4852e9c1521d4f974fee7f34f2461035e022fd1df0e1c58b401f62b0f21f74b407c6ebe0f154b09'
 '37233ebbd9a0ab3121dd8fc0f8be180adc5ad2f3ec22fb332b5c77f01727238ab35e42dc12015ec6693199d7b5a8086b0b0be8a86a6328cc3cdafd203b47b8bc'
 '47066b15663ea34cc43585a09130258396ec4e892d39c73eeec6b99d49c76b257e519b1b8d2b9e7a5dc034f22f83032b2fb861961d7324c7a8ded0d8c166340b'
 '50d1c7e638ca19a922d126dec12c28b309c85b6a085003d8343bf3fef2c2a95b525ec6b505256f162cd371172105cf09ce70fd9e682737b0928665a3ce4fefba'
 '5794824afca3edfdf4cee62d1ecb6d0720c6d45791a7ab1a2838edd9839fc106ecfec6159260a762cf29b034e2cc5d953936494e21b58063d478d8ca0d62ab5d'
 '62a47466ff3c57929d09f449a143d719d9e0c4c33a2338743752150ae1e4c2957880bdc8f4c0677380e65e1a18195cf13f183e5aaab54e3c84a17c22537c9d03'
 '63286bc2c1827c7921ad240ed2a41b972e49fefb633e048635024a3802f323e24911c04ed0ca4f7bd9ee2873b350efcbd2af2890685ee588e8bfeff4201e7f65'
 '954bc1dabb9bc3c5ef5fb2f5e2db276af0a7af750bb5bdbe01e55f968f26259007c607a0cfa9b4420e6a21ae10c9e1d3050046692df3ef4db285d81fdbbd647a'
 'a56bee9377eba6d7474dd83c4f8af5ab2fa8e598cd9c957d8b5a3a2396659d085e44fd79906608cf9e8c0a0ff39a36438eece3b930779ebcbc9d16f0610285c3'
 'a578bb266eac8d475af4234e82a3d5822a74c7a1eac09c058832af07f532741e5303dd74c29ad9d64b013551a85430b1ae83740e258f3b562bfd005164de4799'
 'b5e21a4c85cea498ca4f2a93e76fa864cef4ce70ed6bc58abd9cc3e64700f8ee2407f3466070b4da225fbe4c13e1ec3f844eec7a45437d91581426bfeabe8f71'
 'b7c0c77b69c85f2ee8a5a970b872191009c317829a2677878f23b533131b17134c3eebe9906cad71163f8025abd5218b734cc9d7f389f2507e73ab2893d744b5'
 'c1f0b268d16bd9a2122aa50d1141b86c295b96e1432d5c5920df95248db6ded2d51fe9f952e98299ce31b8342be73e89c2afe113d207461dde9522a70a69d0fd'
 'd61f5232094823d26583f1168c439560f870442eec73950bcf0d8ec15aed82952568ba5f98068487e2b1abee0d996f34019e0193ff56ecdee1c3614e88f32335'
 'e4056f055bbaf959e57db1fc7c82b514dc7800f1a9498c7e59bfe3138701f0cc01cb037f95c158a5670aef2d14fbc7d1e0c99943b6379c01e3dd5ee4964a943e'
 'e5dc0d2cc9921693b6b316f706d7c59cc332658169975c9d597d6d80f931d4d14f7db07444fa3a9c31471b9c4711157eeb16b7946beaba60ca84179147cf711d'
 'f119edc2c8b95b9f7596cb0cdb8eaa905d73bda1a2507e58603533a2bf7f41e027f1ccf9a1b71934b45700f81b40456ad64e6144bb887d9b0748f4805b584c18'
 'f2d376a4f06b956d9f2ce60627c0dd7df152a69a4b111393d04f1823371ed14f7e8230a6e3949854553b24e24cf83b7bec46a3c1f60767ab174fa660b5348bfb']",2026-03-10,47
5e7a4b0e-92a9-4c65-acba-4e6b84825b8a,154,154,2,71,[],Community 154,"['5dace1db-1308-4039-8da9-a81d3d406be6'
 '69dc119f-2abc-4cc9-acca-d6760957b673']",['aef3c133-2aaa-4de3-b84e-487653d3a7f3'],['7b0b3aa232852d08c5aae4ccbbf14de6ed625a6c5c6823a63374cccb0f39820f8b5deb79232a036b2667ebb83607b0a1692ed4489d44c7482652493abef9e5c9'],2026-03-10,2
aba51a2e-ed6d-4eb8-a1d2-5aa12147fae9,155,155,2,81,[],Community 155,"['f14e4999-0be7-4428-8f98-488d5518439b'
 '6bcb0204-aee2-43b2-8932-555680077e51'
 '298dd1bb-9a86-4cdb-bfce-f95c3e99475b'
 '672b065c-f3ef-4bf7-a1d6-bd58bf3cc96b'
 'b0fe4d0e-bde5-4e81-aaa8-74aaced5ed07']","['248814cb-11ab-4681-9b1f-2f31a368ff0b'
 '4ac3a494-5b43-48b7-bebe-29386ccc225f'
 '54888cf3-7765-4d46-9bd2-75c1edc27457'
 '9817bd94-104c-4d17-b1e3-ee7229179cfd'
 'd61aefd7-199e-4ec6-805a-4433d4de4177']","['3352eba8f84ba8640a78ca9657f477d850ca9e6d005207883d4d1591c3e8cafac7c72da89a8391fe078e518a460d5ed0fcc9ae2fabdbf3c81356ca520b3bda63'
 '7b28720f03d13bef2702c66cb2c05b381e779fa77183aa5ec27590e416bac4b2f4f5d08c8f297dbe2195c0c8ee280baa612ae77afa79f7a6238aafdc10aef424'
 'ab02a1307f63358bba10915511264b7bd499a08f4799ccbe749feea02892d3b4576b80b148aafc7d157b4e4ee34994660056fda352cb0162f7687641ca4e1399']",2026-03-10,5
6bc0e06a-09df-45ca-bc4e-f748295267fa,156,156,2,81,[],Community 156,"['de47c0c9-473a-44ea-8d31-73a8c89b74f7'
 '3efe2d3a-2157-45e2-ae76-81ce36620af4'
 '83bd63b1-4f41-4200-b013-c85ce73dd94a'
 '7f854bbc-07a1-4346-bed5-546615de46da'
 'b4f186a1-aabc-4a21-878a-fabb4a6ce463'
 'ec31cd76-05d8-42b3-bdaa-df994639dbaa'
 'cc5996b9-6fef-4485-956b-4885c7820b19'
 '6905532e-765e-434b-985a-1f473442dc1a'
 '5d3472e0-4a7a-4e25-8c32-ff63dcaf9e15'
 'e7ea0648-fd5f-4671-8021-816fc640daf7']","['07a0385c-8b60-48ad-9b1b-465e2d6cc5e2'
 '3dca5381-a01e-4c60-a710-4f0a8764add1'
 '447cf85e-508c-4e01-8be7-c65d8cb933c6'
 '48943eba-1526-41be-8083-921ff4147768'
 '7bc080eb-87e9-4369-a49c-6a0913572166'
 '869f0d8e-efa2-4de3-adfc-dad058d1882a'
 '95325d35-a8c3-4d7a-90c9-7b886f9554a4'
 'c7c12847-1f62-4d89-b0e1-e642738f3c9e'
 'fefb5e6c-5201-4730-a4d0-c9f8a5bf2879']","['52210322972c047efc7689da633097a5df8ebccef9995944df73c65ace381727b5e957bf05ca9fb923614ca21f8a668a019c808fee804e714d274f8988e0e0d2'
 '7b28720f03d13bef2702c66cb2c05b381e779fa77183aa5ec27590e416bac4b2f4f5d08c8f297dbe2195c0c8ee280baa612ae77afa79f7a6238aafdc10aef424'
 'a4d0b08467ce73e94c8ae21cbf1d5c9de2b28eb2b11f0d9600ba696f7deecf4bbb8dcc953f2c41adbc6ecd52451ed70a2ae271b631839da06fe4efc61527bdad'
 'ab02a1307f63358bba10915511264b7bd499a08f4799ccbe749feea02892d3b4576b80b148aafc7d157b4e4ee34994660056fda352cb0162f7687641ca4e1399'
 'bfad7cb80612a979706bc5c077780f25ccccf3bf53dd263029107f1a6f54e815903ad1a1f128aadb0c9fbaf3e877cac08d057af5995c321f9ec6c6d8df22f726'
 'c01220242d7d3b6157eaf91fb6ad7e5f05d455441d91a2b77db0127e02b0fe7423ed15b66ae28fd3fab0125ef1b99725bfc52b50ef58fe62288f8190496b38bf'
 'c36e8fb29051175ed7d04bcfd393b599d986674bccfcbc008273d791e9b2ae5ed0359af6c9190422bb219b73ff6cf1726e092e84bde9fcc196c168529c7851ef'
 'ede3004f346fbf57178f109ccc246e3bc4937d91f3d8b4e360bb31965da2efe4d9269ff0f33f06a316cd47f9c5fcdcd614dd46895241fb926660d433e9caa6ab']",2026-03-10,10
2c4ab4a0-4227-435f-8c5e-a2fac8bd0a38,157,157,2,96,[],Community 157,"['3c9b5a4f-bc65-4a90-b1cb-640efd2d4d84'
 '040c3094-f31d-4a80-b933-24d4768fea3f'
 '03799adc-c962-4fc4-b2f7-1dbf785e4da3'
 '1fc63076-9dca-4766-ab98-75846da2623a'
 '4f8bfa58-fa7e-4a12-ba8d-0da80dec76c8'
 '5416006b-d192-41d2-b3de-db370ee596a0'
 '8bcd6534-bd6f-4f68-b951-27396b9f96f9'
 '712b5256-39fd-47bd-8502-bd4da75a4473']","['3149e024-cf0d-4ab9-8007-554109b7edae'
 '3d800304-d28e-46c6-9a25-f8f236db2543'
 '5cb26232-3e2f-42c0-b521-bfff11c19a50'
 '845ea2f8-b558-4251-8820-f08706038f4e'
 '98efc4b1-088a-4bd5-9c9e-35da634016e1'
 'cfaa504a-76f7-48e4-9bb3-d1d90916bcb5'
 'd69d3205-e544-458a-ae4b-2487438d2fd0']","['53fabd6061d68e4f513b61c3e6477b9cd8b31132a56304cced1927d39a54705928a4758e66e5cb83e1bee5033ada82da615495d4b0c574a901944fd41135269c'
 'd19fccabb943e5d8c1308d240fc605b6240a28438a298546a35dd33f5bc6582658081ad0351a8748a5dc19573d8114ce86a48897f22c5caf58445d8459cb004f'
 'e7c2b8f83fb20874c05c3731ee0a04b04bb25a6439b1ede027965f3e4657c61ed87edea6d73c227df61ff33e976406b1babe57eb2f405ba8df2ec663be12efbd'
 'f72233ede15c2dc81218d7f98944f4209aa7e8bb9f6126c542a9998661b0591c528ba82b118b3431299cd79041f10bc9c4b3ae009e206f21a3c91060b5431cae']",2026-03-10,8
1fd55d71-8f8b-4aad-a250-2a47d10e1bc9,158,158,2,96,[],Community 158,"['51862798-7f77-4ff0-909a-eb5eccf12f02'
 '223cbe41-4765-483b-952c-6de48960e7f7']",['a906140a-c7bf-40f6-9d03-9ec6b9689411'],['c0caca2af0fb8858cbb39cf01ee4d38c3ec003f7557549792c64e09363931aa67c8dcf2f14082261568fd7077038dfe57d090f3067f4e73d1f4b0e554262cc1d'],2026-03-10,2
75a5a4f2-1b94-4b78-9a8b-f4cc6c2f31b5,159,159,2,101,[],Community 159,"['bc837053-52fd-4f31-957c-524663285995'
 'c2802efc-7334-4059-a4bb-d9a0e68a387a'
 'ce593958-40cc-4a64-adeb-b894e53c8515'
 '98f42b83-d169-4988-a5ec-f06708da8bdf'
 'b48b45b2-b9f3-4e6b-9632-ab592c1ed76f'
 '98d1f4a2-609f-40c2-bb96-29b7150b658a']","['3f5f0bcc-fa3e-4cc9-8157-224fe7543d09'
 '3fa2f035-1f48-416b-8146-747985a00c0c'
 '7d4c1819-e246-4db1-9e24-c8cb4925f748'
 '862e0056-d978-4a55-9da7-42e072f5d222'
 '9db5759e-8cdb-45e5-a37a-df7c4557fa3d'
 'be176fbf-ff57-4b81-9b2e-c6c415a10734']","['0054d8619570bb6c0efca76fc0b5d60b2020d45053f0043184d6db81d8b4175c11d3bf6bd1b762bf62da191305d36d6c9842c8a074e437af7b77352179be84b7'
 '4e10a447ddaf2c74684d2a22401890d0f1eed1fd11ac887c4f65b340f4348db607f77e46c4ba8d22a4abe8dd27f016378deada950d2c72edfa41699ac96ba87b'
 '916df53df347ea8d591a39d75bfe49c9daf343e44bd0f7fcd5a3e80616d29787d6d759260a78c8010be13389ce5c71c5a7b649f82b1a94b798dfd0b9138a5bd1'
 'b702dc97591d4fd99e393160ffd9d400dae11ce24461a052ca46b18e565efb9d5c4899a4d3910ff3805503f5ec2f7cfb4c0d882b0fb4ad65273b9abe5b9d8ab3'
 'f314d43b0a481cdfcb76b0052bb89c14cd5ccb4415cfbb161aed4a4ee2ddf6d350327a4063125f41fb51588cfdde6a22f75faec6eef9db845ed2cd4fb880cc15'
 'f4b073c881c4fcb05727ee79708bd9cfbb6d3e83237cf1b85e3187dcab07280875c52e63328b7611bc065541e3dd44f41cde68660eeacbdab3bdbfebb4ff5fa2']",2026-03-10,6
9d658fce-8d3a-4ea5-b518-d4ac059091b0,160,160,2,101,[],Community 160,"['e693a412-fa40-46c5-a27e-50ce50d9a2f7'
 '8655baed-ffc8-410d-96ce-fd41e93c14a0'
 '471c071a-9bf3-4c99-812a-911a92c176a8'
 '452294d2-b6ac-4c16-822e-63849bea4bfb']","['394ad0b4-73cb-4b82-87d9-5119a4eeea11'
 '751d1c36-7f63-4c61-b50f-4ecb213c267d'
 '7ede6e83-b915-4e60-afc1-5116fa434b01']",['caa24a7186ba46d267f4c153375d46218d52154d378553ff6c732c0f3c8c6453ce1501e3e04e8f0f7bd9265300b413e652f3adce375c8ee1ba81dfab387fa675'],2026-03-10,4
49bcec4a-00a9-4a5b-9d6c-63ba6d236fa1,161,161,2,102,[180 181],Community 161,"['7a7af49e-5ae4-4cd0-a7ca-1dff077e2df3'
 '5d9d0d25-0832-4ae4-8ef1-f7b48ddba1df'
 '3e7ad9fd-47c4-4353-863b-a25f40c2b493'
 '6d96b062-8cad-4b0f-be08-1e7a956f8f03'
 '313c7612-8ffd-4910-a2cf-9717e2653230'
 '48e11257-0add-4dba-af5c-dd8bc20a1563'
 '1fa096d3-43c8-429e-b66b-83a0ada8f63f'
 'ffb85a9d-8556-45c3-abdf-d254805b1153'
 '979885a9-e03c-402e-bddc-4c8f91e5e2ad'
 '84713de0-8741-45ee-9573-7bce2d390b55'
 'bf85aaf3-c7ff-4495-ba7b-2e2c5998a92a'
 '34056f7a-6358-4b14-9dc0-08cb84512906'
 '04bf9c63-46f8-4829-9cd5-6173f2e567e1']","['2544700b-cacf-4a32-96cf-e84574e32779'
 '353abf11-b75b-4ea2-b5a0-cc4e22127978'
 '3bc13dda-43ec-4ab8-9b14-764db43c1705'
 '3e53967d-226b-455b-8520-54ae77f4d9e9'
 '49bdc82c-b7e1-435f-89f3-a59cfe8aa918'
 '4dcbb018-c93e-4ad6-a2bd-8da9a149543f'
 '66bd70c8-5bff-43dc-9381-29417a999a97'
 '9656a0b6-4cea-419b-825f-5f44d2a518cb'
 '9c0fc78d-5e9e-438f-85e6-c7827fbbb3b9'
 'b2204855-9170-4eac-9f99-deb20e135826'
 'db4440be-3d5b-42e2-8674-3189b82c1e61'
 'ebb45bac-53e3-44fd-af71-4c1ffdedda76'
 'f11597aa-4db1-4c8c-bffb-076e96455b3f']","['62a47466ff3c57929d09f449a143d719d9e0c4c33a2338743752150ae1e4c2957880bdc8f4c0677380e65e1a18195cf13f183e5aaab54e3c84a17c22537c9d03'
 '97f704f729baa12c0e2b11bd17d01198b85340ee2d9fc65ac747ebaab61fa6bc63aed99a2ae144e4b0686faa762d4ff03b31c2b12f0ec3c2bf1cda251e23d289'
 '9d010be2e112d921a8ec409921bb6bf7daae44915d78a6a3a4454af9c7338b2f347bb11cc96b4320ac39dd9287ecab8c98e46701661c327517b831aff8af0e2a'
 'a755a1d7c7d50241e949f3f67066a071d3040c44026ecbf4204c31719658d38c98068fe0a23f3f70426a030908bdcf57c15191f15e39db46ece7a311ac4175d5'
 'ad35013d5762ef15840617220687d42379da7e6c224e4855c141b759801bcfd09828afb47c83e266ef51862cb8425a84f9f1117657d14c607e0bcbe3020d96e4'
 'c7d1b4a4d6c1890a132c31e59180d731225566cf55ebabf81e05e51dc067c87990a977ce7b4870782038556add3f4a624eb29460e048396081cec193a59c7894']",2026-03-10,13
4e0df2ba-b7e6-49fe-b14d-83d5fa50bd0a,162,162,2,102,[],Community 162,"['8f2a60b8-4951-45f3-82a8-f4908aa941b0'
 'fd83dc74-8dc3-4289-b036-1044e204832a']",['7bfcfa0b-39d3-4ccf-ade9-ea83c7170e6c'],['ad35013d5762ef15840617220687d42379da7e6c224e4855c141b759801bcfd09828afb47c83e266ef51862cb8425a84f9f1117657d14c607e0bcbe3020d96e4'],2026-03-10,2
7c71ca14-413c-4627-a9a3-ebaac15fbe55,163,163,2,106,[],Community 163,"['284f6958-ed93-4524-8f07-ec3e7f933037'
 '817257a8-a506-4c59-9e37-8aa34832fc3e']",['c56db9ff-36c3-4b09-af6c-348dc9d6e203'],['a2e24582c54a09a4696e862c1e0039c25baf8e352a73031e827dacc8522ad5a43b1bdd1d41d4861e4a869a1f7b1ff57f29c38294df2fef000b1bdf7a00fa8813'],2026-03-10,2
2871fc55-343d-487e-9a55-e11d1a8318ea,164,164,2,106,[],Community 164,"['8867eaba-c420-4807-a9b8-1b2f94fd7bb2'
 '6759fe38-b611-4de6-b468-ef0eedcfbc1c'
 '4374608b-4534-4cbd-bf47-872ce9a7e52e'
 '611637b2-1a99-4213-80e3-44e6a867179d'
 '1d3d5508-4d60-43f1-b202-1803126b653d'
 '41cff077-e64f-4388-ac49-bfcd9c74342b']","['46ed6919-86ca-4fae-a6f1-e0bc3d67fcd9'
 '7196107a-b02b-4cd7-9401-db565ff4d559'
 '9ccbf97e-7230-437e-87de-94546a135e87'
 'c725e42d-4c6e-4118-b56f-e60da6a30e9c'
 'f1701ca2-3a65-4927-9d17-2ceab4ed2016']","['0753a5364e8659153a688ab0eca1df824f632203d4596b69b50e7c01586097ec4e30fb396f58f92bb9d5396f0f58956a8be35d67bfdda38302dccdf1aef38243'
 '37233ebbd9a0ab3121dd8fc0f8be180adc5ad2f3ec22fb332b5c77f01727238ab35e42dc12015ec6693199d7b5a8086b0b0be8a86a6328cc3cdafd203b47b8bc'
 '88308954a8d2d7586ca8cc75b1b11f9449934357376dc59c92ced6f46cf1845fa46e9148292d5c59387ef0e4995324fa9a855891a896a148c086de27d054fc7a'
 'f234e124dc5783cb0747886716e4ecf14c3e480669de8bf4513a70f4d0019343739bda38aba548f7aeadfb80ebb4169f3525b6a0d1100b3e7540440b2e727fed'
 'fd1bc9667578009377bbd23e1608c5f1d7847ea676c232cc2c09d7415c20f3ed58aa62a0ad19948e7fbb0ee262fc023c3da4df02c5955dae2304019db8d2c832']",2026-03-10,6
dd9c2786-8bc7-4795-bd17-c5d033527845,165,165,2,106,[],Community 165,"['23d959ed-9864-42a7-b323-610412a418cd'
 '4e21c725-89c3-4f05-acf0-a7ef7f7ee218']",['99866be0-4af5-4fd5-88cb-1c4fb39b2a0a'],['8931f5c2719f51b2f9670b2d6459ef249a615ff1844aa72e17aae8f17efb1694bedb22ad4ac573f8d6ae43d180cff0ee4892d3597d879483f09e8da03c6bc511'],2026-03-10,2
2bb07fd2-ec3a-41af-8962-ce47d5cf64df,166,166,2,106,[],Community 166,"['fcf4aaa9-b870-4324-b06d-f1f5acfceb91'
 'db56d01f-0fbf-4928-b002-229e721c6941']",['a95301be-72f1-432c-a89b-1f2c26d9dfab'],['88308954a8d2d7586ca8cc75b1b11f9449934357376dc59c92ced6f46cf1845fa46e9148292d5c59387ef0e4995324fa9a855891a896a148c086de27d054fc7a'],2026-03-10,2
615deecd-601a-47d9-86f0-83b9567aa8dd,167,167,2,111,[],Community 167,"['b1b4cb70-280f-4e90-9753-3416ac43203b'
 '3424ac56-8bbb-4c6b-88c1-94f67f46faf4'
 'a76a6fb0-05e3-479a-be50-22acd76e2809'
 '65d3d7dc-e834-4a59-af35-999ce69134b8'
 '599ef6e7-b688-4e19-80a1-0274ae6f9411'
 '1327d89e-633b-4bf1-90a9-6f8fb2d785c2'
 'fe4b1c04-eca9-499d-8b74-fbe96a42de02'
 '217836bb-ad8b-4385-83b0-2abd2d9a5f27']","['1b8799e9-2608-4504-9487-99fef6d53c63'
 '2147485b-4fee-4391-8932-19550cd27cb0'
 '30982720-63b4-4d68-bd57-e2ef09efb52f'
 '58f3ab10-2c6e-46c6-8f3d-5d61255561fe'
 '77010d4b-a607-4ec8-999a-c1bdd4374f30'
 '7be8e0eb-a654-470c-b63d-e1c7c94641fb'
 '7f43299a-f7e1-4efc-94c2-f8160b8e4b4e'
 '8f490f09-65fc-46ce-bb22-20b2ea454fef'
 'bf7b02fb-53ae-4ac1-8905-f671a2a608b3'
 'd2620154-d104-4e92-9c3a-4d444ac958ec'
 'd66d4e80-bf15-426b-bef0-a76d7afa78e1'
 'f9a45499-c0b0-449d-98e0-fa2ceeb886da']","['6b7711be923ef18d996b237c5656a6e7b959f06d5000fe52aaf758e5fb648caeb02c40857bc1e3233fc0dd9f6e4ea63ef7e863fb76631f043133796dfec81c26'
 '97f704f729baa12c0e2b11bd17d01198b85340ee2d9fc65ac747ebaab61fa6bc63aed99a2ae144e4b0686faa762d4ff03b31c2b12f0ec3c2bf1cda251e23d289'
 'c36e8fb29051175ed7d04bcfd393b599d986674bccfcbc008273d791e9b2ae5ed0359af6c9190422bb219b73ff6cf1726e092e84bde9fcc196c168529c7851ef'
 'f774ecc5ad11c6218cf9a5fa3956561dae8d217b440ba4206959b9b5c33aeca048a105c46772bb22452034ff8e2ac6545387df78983c45e384ec2b379e14652f']",2026-03-10,8
478a5cf5-62f8-4116-ab57-59c7055e2bae,168,168,2,111,[],Community 168,"['92e42688-265e-4203-902a-19615b559fcb'
 'cbf199de-d9d8-4b22-9b7c-1f062bef3188'
 '5a667348-2a12-49d8-b0b6-3dee2bfd3d02'
 '328bfdfa-a105-49ad-b834-31ba9109d422'
 'fe442815-00a6-4755-b782-359219b53b5c'
 '05f8eef9-d144-455b-b6ad-50889ba85614']","['09aee9ef-3ffc-4886-99c6-2f4b47696d6c'
 '11a0f96d-39b1-4fe9-956c-0a80efa405d5'
 '510a7bb6-8863-488b-8c66-333e9105da30'
 '72017cf0-21c7-436b-9448-d8ad6140c4ca'
 'b6588989-2963-4138-b52c-dad9d1569c20'
 'c4bf3527-0889-4cd6-900e-bf7be55a9f90']","['363b6f4fe840a82e2f2626f490dcb8da3de821cda42ac4f70ba0da92fba6668706d3e8bf6ad7f088fd38c3486b672b17640aefe778000d68b857659286405ea0'
 '97f704f729baa12c0e2b11bd17d01198b85340ee2d9fc65ac747ebaab61fa6bc63aed99a2ae144e4b0686faa762d4ff03b31c2b12f0ec3c2bf1cda251e23d289'
 'e39433eef3f59bb2bbddbab5bdebd461a1380645820dfc011d01cc24749184bd0555fd7e8aed1306a32718535e5ec92c234dee2031f4b07f8a3e1357dc93c88f'
 'eb23a2a465336b5ec6faea7509e9d96170613d5d7809facc0263e3da0a323f991faad9182bbef36140b0c9d2dcbdac84f118f661ee526045ce28f1a77a0c11b6']",2026-03-10,6
744fd359-6e3c-40ad-ae7f-a512c34e9c78,169,169,2,111,[],Community 169,"['e442f67d-c473-4e46-9f12-8c958fa25084'
 'e746d3fa-1265-48f6-bcf0-3fcea2253376']",['92d8572e-051e-4a87-a89e-9ae8eed46921'],['9609f731b2a1d479a0b1fa68f88c75b8c3461935601ffe88d4cfc8df0b1379cf4e596ef472e2ed824cc0fe7b6dbd0218447501e6f7c382a1a26e1db6352b7c15'],2026-03-10,2
2e3f954d-9821-4edb-831f-d9bc9ea16cc7,170,170,2,112,[],Community 170,"['4fc10393-1411-4450-894c-462db370c0da'
 '0a15f68a-f1e5-4c9c-93b6-6ecc89d73a5c'
 '4da46a40-8cd8-4e68-9f86-fcb80371df21'
 '2e07fc1e-89bd-4d62-9578-13569899c43f']","['4f2064ba-494a-4cec-9674-59ee8595c883'
 '9fb16070-bf73-46bb-953b-cbd3a3ef6765'
 'cf0efd70-e7e8-492c-89c4-78a2ce7d4e03']","['916df53df347ea8d591a39d75bfe49c9daf343e44bd0f7fcd5a3e80616d29787d6d759260a78c8010be13389ce5c71c5a7b649f82b1a94b798dfd0b9138a5bd1'
 'b7c0c77b69c85f2ee8a5a970b872191009c317829a2677878f23b533131b17134c3eebe9906cad71163f8025abd5218b734cc9d7f389f2507e73ab2893d744b5'
 'de94d2a51c5eabe241bc242da808e240a27bbb801f7ba6cbc0ddb22bddc136d98d6c1c0bb0d8d0f35ebecf1b00dedbf27113516bc4857e793c2c5ad3ad6d3e39']",2026-03-10,4
8c3e3ca4-fbee-44a7-99e3-c8079c6b9e81,171,171,2,112,[],Community 171,"['e2b51cdc-bb66-4388-80c7-2c503528ad2f'
 'df0e1bd4-228c-4ceb-8adc-866eade71d3d'
 '522264ef-7fba-4a27-b206-e7d86ff360c4'
 'f0cab844-735f-4262-b8b4-4bd25696117c'
 'cde52b68-3ed0-4ef9-810b-e071615a9f73']","['020b31ef-4f6f-4c7c-8c70-e4d4d63fb3de'
 '2152fb81-a343-4721-b1b6-e1816599a454'
 '5978b509-6d83-41ef-af7e-d2e45d973471'
 'd9b92094-6538-4b7b-a06a-36433d55dea9']","['52210322972c047efc7689da633097a5df8ebccef9995944df73c65ace381727b5e957bf05ca9fb923614ca21f8a668a019c808fee804e714d274f8988e0e0d2'
 'ab1c1c83a9f14dae2c811c808ef239ac2aba116e004b6113e443fddea8fc1801171748bc0b19ea25533c075f5585a3694a64eafabd46b4ee9b94199edb2727d1'
 'c01220242d7d3b6157eaf91fb6ad7e5f05d455441d91a2b77db0127e02b0fe7423ed15b66ae28fd3fab0125ef1b99725bfc52b50ef58fe62288f8190496b38bf'
 'eb23a2a465336b5ec6faea7509e9d96170613d5d7809facc0263e3da0a323f991faad9182bbef36140b0c9d2dcbdac84f118f661ee526045ce28f1a77a0c11b6']",2026-03-10,5
65c3590a-6ca1-4118-949a-86506d2c1134,172,172,2,112,[],Community 172,"['cb04fb3b-e7fa-4a58-86b7-51a080f4a419'
 'da06a63d-e036-46f8-be81-cf3309fd8fa6']",['79a1a988-fadc-47ff-9a5d-59d1e67c2dee'],['9609f731b2a1d479a0b1fa68f88c75b8c3461935601ffe88d4cfc8df0b1379cf4e596ef472e2ed824cc0fe7b6dbd0218447501e6f7c382a1a26e1db6352b7c15'],2026-03-10,2
aa2f113d-c8c1-4505-a9ea-8965d5783358,173,173,2,116,[],Community 173,"['c7623878-de80-4321-82b8-1452e2186596'
 'cd6505e4-932b-4f8b-847d-a7ff14903196'
 'a4b8c992-6bd1-491d-96a6-c1c4555b294a'
 '60a73060-9ddd-4068-83bd-3da506c4f1b1'
 '79e78e9a-5954-4673-a275-d1e16ec5133c'
 '4b72067b-2403-45b4-9481-39aa1081dafd']","['0505876a-fc3e-445b-901a-ebdd48be4d49'
 '19c04760-3a17-4cb4-91b8-02a2ac2b7c77'
 '9b4262f4-cab2-495a-97b5-a11861767a63'
 'ad1b0953-4c77-4576-aace-501d40542dca'
 'bd92236a-bfe9-4da8-9a7e-6d8a13e5de66'
 'cc7a30ca-470f-4432-be7d-e6940ee96c54']","['12cc92b244fb719c597c724312e29eb64d5223e12466d22aa755d560a5c41b122565191de5abcdc210334538dc6974ba156f00f50a162499a1643a487900c50d'
 '9b5d6687000c0133f81778a533091cc0a229a0239e3e0d496b499a8438ae27709675065c4f39211ee02bf9bb8abaeaba0e8e221101f3443368e84b5b8152406e'
 'c56c082a1d67f7a82ea50c939b5293fc77c796523b73fbda1c19edae6897f1fbb60357c03d3a6538e7734aa79ad8dcd84e0eacca00191b66600d512dfa072bbf']",2026-03-10,6
8d221afe-9c99-47a5-90b5-3db1f4492676,174,174,2,116,[],Community 174,"['29b586e8-a59e-4058-a81c-bc306e2e0889'
 '7b4f12e1-1335-4841-9420-391b953afd0f'
 '919e19cd-1366-4d6a-a987-5e57ceca5177'
 'cfcb98d2-3660-4da5-a469-18b413f0e0be'
 'e847c9dc-add3-4010-8f54-fa663723d3d3']","['3e921328-9cbc-4fd4-8552-2884c18962f6'
 'c7098f71-4238-4d23-a314-c8ce64bfce90'
 'cb1c6923-2c9e-4221-af6f-c38bfe7a8d4a'
 'ee0a27b8-4434-4b2c-97c7-85d5a20ee1ee']",['3b0f664f0ab6f6b621a0fbc1704ccc47b2f2142048df8c79dbaecda250a4e4d9799e7a03d91dcdd7e34ffd14252659da79f404611807085c1a133e0a3a2c4c29'],2026-03-10,5
c4eecd44-a6b7-4ea5-b0db-d9c2b5bc3c64,175,175,2,116,[],Community 175,"['07ed842d-e6cc-46ee-92cb-0c29b384b55a'
 '7c25e444-4557-469d-9773-1b20830eafc5'
 '5127bd32-dc8d-474f-9fd3-81ae53bc153f'
 '92e8550b-ac92-4e2e-a8cd-6e08024ea6d3']","['0e7121ed-b8b1-4dcf-aac6-e6f8f706c681'
 '337affe2-2bdb-459f-80ef-4b465413fb29'
 '5697b1c6-9ca9-4f86-ac8a-7f6976a1f620'
 'b9e6f7b1-646c-43e5-a2d5-c435299cbc01']","['9b5d6687000c0133f81778a533091cc0a229a0239e3e0d496b499a8438ae27709675065c4f39211ee02bf9bb8abaeaba0e8e221101f3443368e84b5b8152406e'
 'eb23a2a465336b5ec6faea7509e9d96170613d5d7809facc0263e3da0a323f991faad9182bbef36140b0c9d2dcbdac84f118f661ee526045ce28f1a77a0c11b6']",2026-03-10,4
e0c03b79-6017-4ec8-91d7-5f818080eddc,176,176,2,116,[],Community 176,"['78c6b2ab-1cdf-4a61-93c8-f0e2920ebd01'
 '822dde82-1ba0-4f3f-b01d-685da750f520'
 'a884c45c-6b60-44dd-9f88-d9075065a05e'
 '30976b11-c36c-40b9-a5d0-efb2c15e7578'
 'ca37f6b4-eb05-4830-8923-27e883ff0fc4']","['6c89c6c3-b034-4bb6-8548-c2a51a4b1d75'
 '6d2342d4-731b-42e6-9a88-a121af6f8d97'
 '9943d0c0-68df-4a9b-b76d-d3ee0092d886'
 'ebfd5649-ba27-412f-a2f2-a98dfc16e06e']","['3352eba8f84ba8640a78ca9657f477d850ca9e6d005207883d4d1591c3e8cafac7c72da89a8391fe078e518a460d5ed0fcc9ae2fabdbf3c81356ca520b3bda63'
 '3b0f664f0ab6f6b621a0fbc1704ccc47b2f2142048df8c79dbaecda250a4e4d9799e7a03d91dcdd7e34ffd14252659da79f404611807085c1a133e0a3a2c4c29'
 'b6978ecd73eb039a3d5f6955b3e9166b875eefe1f277baed3f7b3270d87d5bc929a91f1edf19c20b6a2a48d4ea9ed42d5bbdb824426fdda4bbf3a8748a5125ef']",2026-03-10,5
2d05ef4b-f59c-45ca-9527-f571cd42338a,177,177,3,126,[],Community 177,"['c5f6d5c9-f8eb-4880-9972-3bb50f919e50'
 '082d392d-41f1-451d-9b86-8b2d9ddee321'
 'd179734e-c27b-4cc7-af58-36a13b478bf3'
 'c14079f6-f7de-42fe-8423-2d3b85cf1112'
 '82037508-fe83-4445-a000-edadc7df1be6'
 '3420f000-8c13-4958-a14f-c140f5f425aa'
 'acb80d6e-7c9d-471d-9adf-b49fab511b13'
 'a3479b4d-0655-418e-ae44-02213288ffe7'
 'd3683f44-ac4a-4da5-9625-cc27a4579bc8'
 'cb9c02fd-f3de-4b1a-bdff-69a232667e00'
 'e8d7630c-ecf2-4adb-bc0c-7707f1c3878c'
 'b0497930-a6cb-4745-b64a-26a487a2bcd0'
 '60a96662-5914-4e88-960d-fa567bbecc97'
 '5324fc85-7081-4174-bdc5-d77fd44757e6'
 '3f35d186-2ef8-4ccc-991b-fb60b0b68e3a'
 'd810c848-a342-4f80-ae9d-2b08854d2b8e'
 '6b8fa4fb-e324-4153-b08b-04fa7563b2be'
 '837f70d9-8929-415c-bb06-bf72c8142a2a'
 '7e9f3318-9e11-44ce-a810-19bbba14c4c9'
 'f31e4c51-2e2f-48b4-8466-c14597dcf075'
 'f6c2bf65-3705-4083-aff1-c91763ecd569'
 '92eb3879-a265-402c-97b9-0b5fd6d7060c'
 'a862d62b-dc62-470c-b4ef-735109c61e30'
 '0c91020f-727f-485c-b15f-d7c1eb215b01'
 '70982d2a-7b7d-4418-ad70-6f8ae6d3b0b2'
 'c5977058-6d9d-4d97-bd16-1a8f1d7a5c33'
 '0e0dcd8e-855b-4482-b473-a2a3b9eb89de'
 'af9a1b5a-ac47-4d9e-bdc6-ae8212c03123'
 '9890419a-57c6-4a97-830e-09c74644b912'
 'f346902a-dee6-4c31-82da-0df2e2e5d439'
 '134438a7-322b-43ce-a196-f5fc45cc0ddf'
 '2c812533-1cac-4757-86ec-a4fa90725e7e'
 '7e96821e-3b06-4dee-9489-c33b7815ea01'
 'b965c0f0-9ddb-43a1-add7-a5a5fe6da189'
 'c3f3e0a2-b439-418c-8e3a-dfe05188e92e'
 'e9d6bcc9-5f3d-4915-a806-51230b24e5af'
 'bea21670-a3c2-48d6-8673-c62d7aeaa345'
 '766f8b41-d883-4d34-b46e-ee1ce2c77236'
 '665a698f-e705-4b5b-9107-233c8e0bc8bf'
 'b1e81cc1-f898-4d8f-81e5-5e616c823016'
 '4eec85d3-569f-4a18-b40d-704627e2ad91'
 'abc6ab7a-56c6-43b5-be23-9a5d90c036fd'
 '4f1c0085-a439-48cf-bf54-fc60e20072de'
 '6c58efd3-7023-4b35-ab47-4c798a231d12'
 '4c01ed94-9bbb-4838-a49a-50ba1bfaa8a1'
 '9f3d55ea-b463-4bc2-92b6-b4f9ee1b1035'
 'e7089b88-114b-4106-a9bc-1cb868d81fbd'
 '80f7ff0a-09b0-46d6-a802-a0bcdc67654d'
 '2c065420-fa9a-48be-b526-01d0cc1c97d2'
 '6394ca1e-ea25-4af0-b53a-1af7f7524b8a'
 '2cc32c75-4ac1-4c3e-be54-cb6c4b8b071f'
 '3ec22bd9-e34d-403b-88ab-b35e4f8620fa'
 'd446b0a9-fbd5-4e9e-92d4-68da78e6b6a7'
 'bffe8fae-74bb-4f73-a514-82260e8fdf3a'
 '621bab2d-b669-41d3-a004-864dd404842c'
 'a95a939f-c89c-4c8e-bf07-18530a1fd66c'
 '439f5712-6504-4a85-8506-aba3d4f1f28d'
 '084ae6bb-650d-4381-86f7-200366fdc9d4'
 'c07bad11-ceea-4fcc-8802-422e4bd12d14'
 'cc7fa090-1e9f-40f8-8f54-9657e50c1e29'
 '3fd6d349-47cf-46c8-8521-4060e655bf92'
 '3acafcc5-ef29-4bf3-b0bf-08c344c8b974'
 'f6166f18-e613-4966-a98d-77c5b3195d08'
 '76154fee-b9c6-4e79-a50a-21abd98241cd'
 '4c35f206-cc9e-420a-8dd1-88613035a6e0'
 '3fbdc1d0-a214-4247-823d-9f4024f6847d'
 '67df9ada-c846-47f3-9bdc-b61b01b147ed'
 '894ec75b-5b9a-42ac-9f86-8d357ec6473c'
 '7d777bb2-0c76-4ac1-8785-7129d390adca'
 '7a381b76-fbfd-42f1-a833-2c1e2af94c7c'
 '9603fefd-9820-45e8-9569-3c89bd5b1565'
 '9b6e30ef-3db1-434f-86a4-196fd6c79b16'
 '03dabc9f-42bb-41f0-9fff-836fbad1b2f7'
 'd2d87cd6-f006-46a0-9f4e-84783a2215c5'
 'edc66e3e-dc28-4ac5-a5fb-f22456fc60e5'
 '3519be6c-45c0-427c-93a2-5d326e05751f'
 'b2f87ed5-886e-49ea-8e08-60740102f5d1'
 '89d8236f-c157-44c6-b483-657d06bff2eb'
 'feefc672-655c-4aff-b2ee-c64cb61d94c6'
 'c9a25b4e-a7ee-43af-941a-45ee768598c6'
 'c8fb2a7c-7258-40fd-8357-6be67fba6d69'
 'e2b1bb6e-34bf-433a-b85a-466515606117'
 'fc6f79be-783b-4365-bee3-8694b36988a6'
 '9c1ab6e3-ec01-4859-ba70-b2564e27c436'
 '31c09abe-7191-40a0-a521-a92afbdfef1a'
 '548fdb91-a671-471a-bb99-1e45d1384931'
 'dc317054-721f-4c91-924e-8c8ac93901ec'
 'a80e3149-71f1-4bd6-ae30-70e8d51267fc'
 '39a316a5-0cf6-401c-bb63-11711db362a8'
 'bd532165-116e-498f-ab87-7400a2c587bb'
 '8b0b89e6-0513-4e1e-8de8-8921f331d244'
 '7cd243f9-a35e-4f44-a071-dfccdb964aee'
 'ee64591f-76e8-4f6f-abf7-f6a2705b7f49'
 '3222d7d8-8994-417d-aebb-e6ad00f347d7'
 '77313625-08ba-4665-8794-d38f40cd7366'
 'c1b2e10b-6cb2-4a40-bcfe-863d06a02842'
 '3b6929ca-c0ca-487a-a0f1-dd2f76a75551'
 'fb0ca29f-77bc-4651-9df4-e5247c7bc30c'
 '81046c94-5b2d-41f0-bb4e-35bc4ae204a8'
 'a29ec8a2-d617-4fbd-bdc0-a688d7612b9f'
 '089dd78c-bb7b-464d-9a11-7de4f9f59177'
 '6b15a320-7946-4420-9e9a-1ceaeefe77b9'
 'd14c01b3-4038-4981-bc73-a3bc16d1650b']","['01f3ed6a-0e22-451c-aaae-2ed075368638'
 '052db005-c1a9-48d0-aa61-c1f679bea04a'
 '084bf73b-164a-4dd1-a4eb-57d951ad98c4'
 '095ad7d0-9ab2-4370-bbcb-55eb684024ea'
 '0dc199f9-5a86-4193-a4b2-bd4ec3a95f17'
 '0fbd6ab3-d150-4e5e-a35a-f8849bb342bc'
 '10196252-f8ed-4bf5-b5da-b204b2379658'
 '11dcb60e-836a-4adb-9b06-fce3d77dda54'
 '1271cd11-936f-446b-8324-ce3bf88e4dcb'
 '1387505b-e20a-4ec2-9697-71242b6c11de'
 '155b5a73-44cb-442b-9086-125a4a7dd530'
 '188713df-54a4-43c9-b44c-2bf5a6cd1a14'
 '198bed2e-086a-4701-97ee-d2fdec2c7901'
 '1dffe345-d9ad-434d-a03b-ccb245a8de58'
 '1fa212f0-ddc6-4b86-aeab-c55d875a500a'
 '2405ce3e-5fc6-40d0-bbff-e907932dbd31'
 '26450361-aafd-4dbf-a7e5-7a47299213ec'
 '2864f459-21cc-433f-b15f-e606fcd8b0b3'
 '2fcd3365-08e7-4ba7-99f9-3737aeb47155'
 '31264582-5611-4470-bd9a-22ee16130643'
 '338ba3dd-9d3c-4254-a9ea-c329f0ead893'
 '34ac994d-7b14-4550-8d21-1e15413c42bf'
 '37be96da-88d1-4f09-a970-08a6ab53a90f'
 '3ba1580e-1d05-4fec-949e-82c49ca2732a'
 '418cc530-38b3-4a0f-87e7-95419eed3042'
 '4658debd-80e9-4d1c-91e8-23bab5a0185a'
 '4b88580b-fabc-43e0-bcf1-97c99aa65612'
 '540f206c-4310-40da-950f-c6dca20465b3'
 '55d20060-160e-4a06-a08c-e2dc1ee30242'
 '56918dd4-091d-489b-929f-4a7426773de6'
 '59570858-4462-4501-8528-30a1b3b88e4e'
 '5fb48f50-626b-45a1-95a4-e8b39c8eef28'
 '61edec98-ac98-4caf-bfbe-881eef073530'
 '63c6b517-c8ab-4e9e-8cdc-af14cad86f98'
 '66372d36-d54b-4014-8fb4-8bb59a5b1faa'
 '6ef9408d-b8b7-4063-8b5f-c56975fa2481'
 '72deefd2-cb18-44ee-97c8-6f3a2df7fe72'
 '7311fb5f-4706-42c5-a99c-cd9b9263c5a1'
 '74cfc715-5e71-439e-9705-4a51bca97528'
 '769a9aeb-25e9-4052-83d9-a563977e83ea'
 '78eb35fb-c797-4604-8457-781eedbc4482'
 '7d1bfc46-e948-49ba-b4a7-9a31dd11e78f'
 '7d3add9d-2f29-42e6-a25d-5f002737950f'
 '8224c586-a151-46c8-8250-9e67705124b7'
 '838c7e3c-a90a-4666-aa87-b7bbe8338bae'
 '85304052-0833-4fe6-a24a-447f98356bdc'
 '86760980-7819-4088-ada3-2e61797c76c0'
 '88e4d062-a284-4a64-a44c-049089ffa68e'
 '88ed6d4e-489b-4eb5-9b8b-84a4045def18'
 '8beaa281-d690-428f-bc03-ac4dd93980cb'
 '8d8989d8-87e2-443d-aa1b-3a865c3a7ac4'
 '8d9c65a4-a511-43fa-9b9e-857159ad1edf'
 '90327990-fb84-48db-a15c-54143a784a1a'
 '922cc63b-5b61-48b3-a015-de0ab94fff5f'
 '930911ce-13e5-4fa0-9fa0-e2e54817a59c'
 '93513810-3b0c-446b-b8f1-40272f9adc5c'
 '940c6bf6-b91b-4ee6-ba76-24601bf582ae'
 '9a3c5be4-1303-43f6-a32e-074187aa4380'
 '9c2c3778-91c3-4af2-a90a-2b8146ea0a79'
 '9fa3e7b8-75e9-4eda-83f3-1d534b675054'
 '9faadccf-617d-4867-85c3-9d1fb1f30c2f'
 'a23d7646-14cc-45d5-a00f-90a825353989'
 'a31d152d-ab38-4a03-aec7-93e29a3fd578'
 'a4481e60-a7bb-4c40-904d-29c0360f8ab3'
 'a467b35b-a4e8-485a-93a6-aac414613f21'
 'a8f847c6-0732-476d-8c8d-6239a9165703'
 'a9772ecc-3970-463f-8420-4da9782314e2'
 'aa3b2929-729e-4b9d-a35f-cfc74684b7e8'
 'ab2c348b-6cac-46b6-889f-c30e8eaa7388'
 'abf279c0-d537-408a-9245-635a7a9faf24'
 'ac94ff29-71e9-4475-b958-b56f2bb8786d'
 'b138e213-7f86-4f9b-8fd3-5311e6205837'
 'b16709db-fed1-4893-bebc-4f0ddb11fc17'
 'b2480d0d-98d2-48d7-ba8c-c5dac6f96f67'
 'b5d3f7fb-f5e1-4d10-b777-54dcd6df4d7c'
 'b9b9e530-b0c2-41e1-8cc4-63d57bc789f8'
 'bb74ebfe-cff9-4ff7-9b03-60484e1fb12a'
 'bd460988-54ba-494b-a9d0-8ce55b872cc6'
 'bf9a8a6e-8055-4005-825e-3bb0bd6ffc34'
 'bfba0e4f-226f-4be8-bbce-ee70a10b76dc'
 'c132a2a1-cd2f-4f3e-a98b-39a69f87dea3'
 'c5243726-a0c6-44e7-9e08-9ce6803f2036'
 'c75daa64-8218-4e6d-8769-8f40d9fced4c'
 'c7da3bb3-3a12-465a-b509-3730d679913a'
 'c83f0fae-f5f7-4b81-a2a7-88d94b4ee606'
 'cc24df05-89c4-4e0d-8b5a-7dd0649ded41'
 'cff45b3a-f21b-43b7-b5ec-914653f31053'
 'd9de168c-bbe2-482c-99ac-f8269676fc12'
 'df9ebbb9-27ed-4c34-8500-188e40056e20'
 'e28648d9-b35c-4341-b7b5-cc7204c9dffc'
 'e6818396-5508-48ae-8888-7aaf4da61e27'
 'e817120f-ac36-443b-8356-205d8fb7a7d0'
 'e920f05d-5459-4e31-8bc0-d41ef456f11f'
 'eb363d01-4dcb-49f4-b5ea-239d4357060e'
 'ed136419-71d6-4b71-a231-6fbaa1bc2324'
 'f2d36576-4ed8-4871-9b88-66658784067a'
 'fb908924-1eab-4588-9159-664014398658'
 'fc10ec56-f497-4f40-8920-44d7d4c8720b'
 'fc959d42-92fe-4449-a1d2-62cba77f6e32'
 'fd57f56a-1e84-47d2-8b0d-e6298f00d18f'
 'fdf84868-eaa8-4b43-96f4-f4f024ce0b04'
 'fec05194-9d36-4651-a122-098a3cdde928']","['00f6ae08bfe86a45fb0a5b9bb0c1af4689dc9a8bf3e904dafc085247d4891d45662af08314d8f37937a0c4846545bd0e0f2b558d3b42b0faee320aca0426b1c1'
 '0b86a4c689db0891c92ce16db9aeb4a083baa3e53bdd292daf6b121d910b04d4630148908f86658eced07ddf5362ec575605b7082374336502884b7c628eb982'
 '0e212d8c2c842ee5de12af1433ca1bc447466457d87d7873dc236531a59f56c27f20411f5b1eb47a8f697027a165c03b43f5f71976348f46b3caf662514fc44e'
 '0e23d33c40ad564baa0084ebd8235cb1ce82f4d6b6fb48063d86fcb23695e22c4f9ce6522e3cbecd103ff6a44d061911281712609c45a72c04c899e10ca7d0dd'
 '148bb5ee1d2a73e26a81fe913e4da61f1347f1bc2dd855a432013c63e266eed6d08d8d2527f8195020d488dedebf886e6ad42aeaaf088b7a0af40376a96f29b8'
 '1c2d42cf24d5ef41eadbc348176fc20e538136d601d7796de053c8d108164282bc91e627d6fb591fd2b3c6605eec37ee0ee6a4acb7ae2873d039be0a367cabe9'
 '238dd9495214c1f5dabc20718c46f30b60e954190220bd99189450cd340b3ae336482beca52b26e8653e82062dffe95c5d2a0e85373cc3f8dcef7e787492ee35'
 '25b18de388931f8903d37959a37f3008502eecf4bb47d5e0221a8a2b9580f0a624fb2dc29dadc578ed1b3c682a20fea6cb4dc22e498bd0aa6214ce408fa6a9a2'
 '3094b23ee2b02a1ebf0e6f0494741e8b4c098d1401dd6d444c7e611df529f1098214f283638978a30c131cae8f3cbeaaf9679c1e01b075e601c671cf42b1e25c'
 '324e05cb98516ebf59b3f3abd2df7e50a2b035297a48a4083fbd34fd3c72c8d6b25f4e6dc2234b81b6a1d6ad73272dcb7501da75305ce73bde190f882d34b840'
 '33adf6669c49ae17123199758ecf1487a0e24187cf6dbde030ff357cd1e47a649457fae65658e881b9b0899b0a295f4aa42389d01e4bf17584c84704d42b1d3c'
 '385f64f1d30ad793629774f67d67cb267548315f3c95c2a9d847a3e7ce87713464fdc490766f3f416a1a499d74df1fef5e81c0ee8a9d54d9ce1c8333c14738ba'
 '5257bc5aeadc011a5763e61ee07795768e01f63717209911c4c72123b1fbf5ce87dcfc3e1c9ce6d216a2937a8980d7fef0635b203fb0af5eb60a000b79d8eb41'
 '53fabd6061d68e4f513b61c3e6477b9cd8b31132a56304cced1927d39a54705928a4758e66e5cb83e1bee5033ada82da615495d4b0c574a901944fd41135269c'
 '55a10d2794ee69c451012e44ecfbbb5a8f608d0b5357030d506f20708b3c0ce2bc2e52fdced5a132300f441ba8ef197e7e5f7b55642edbc68b35acd72963c75c'
 '571033fb76c267906f15ebc5bb424e0f22da46345f9e8d60796f1d2d96929a6859c3df74ee25d5709bc2e5f464a592d92b8f77bf57b9a0d0c1e941963385ad77'
 '5b2b629e920eee7acb2a8b6ed13d94c3e4d8b59416c6f36d7802477626230f54f08867caab065896c2f88ed0b27e72192dcd00e91dd319384c60c93ff5dc53e0'
 '5b63b873de549d6d344f447abc1cb558376d4c89df8f6bba2193c6cb5828e68bacf693edd8957d0daede6afd8fdc9d428cfa79a86ff7eda644f9e280c67e8dee'
 '612bb6193eb44b324b88e46b2789875b47017b38a950f651fd11347e849a417a3bd8f8d8f6425e2f30b7166d7c97c95e5976862727f33ee6aeb55a98fd8c16b0'
 '62a47466ff3c57929d09f449a143d719d9e0c4c33a2338743752150ae1e4c2957880bdc8f4c0677380e65e1a18195cf13f183e5aaab54e3c84a17c22537c9d03'
 '66fafb979e4741dbb83cfb0ca734aaa23ede790ff25a511a005a58515b4535623120fb9baa7f15c331ad249821458a0f77372a614c234d1309dfdfc250b296dd'
 '6967dda71be8ac5f6b475081cd6c74f33a67f77933bc99b25f684006712cc4876a2c6d66e3ccfe136e49063e30594477597f27f1d7b39bb475e23abf98bb8a43'
 '6eb2b8b1524c28bc0053cbf873e3f40259309b5b241c9683197232afd54506ef35025bdf2e5057b9d6599f2a444874e8de0ded9c45c717c0766a48884f2aee4b'
 '6f662532be4c0657b471a6a0599a8ae2e2fd00fe3ddec932213106de821e247de0ad8656a2d6d72dfe5dcb0b590d3896c78793f6b7be0f7ae110d1bc00f0c1f9'
 '70a2289e3d01e3539fe24bc8816199ec843e6167c86c98eab9ae712b137d41c9258075897a7e3e9b5e140cfbf8f001570f2de182562d0fd13781b8f0c716aae2'
 '70bf9f2937b8e84f2405d2009afb5da01007649b583e9abbc237dc57c9c01be44a6842360e0d4c40e8e146de92db7d1d2bfbf179d856403f47423ee2b92b6b58'
 '79037074f25246054dfe6498136b54c0df01452fd049cd956a4f9a9e4c77532c26008d4cf6308be9c579313d6ce60601c5cc6ca776fffcfd68434de296336aac'
 '7df96ba999fd86c3f53a2801c1d437c090490d2e6f73ff64a161b03b42a251bca1d0eb837378e411e197af8a32124387943fe543cc06c13bcfc4c61300806918'
 '838241ab5933736345582486aa6a3c6ef34a8b5a5925ec6ed7838c7f2497326ae8b621d6dde31f95ad5e05a336393553e96c0d236222b23ad140bc513bf0cfd7'
 '83cf6962c20483778fbd6251a054ccead28d13f98bdd95ff3df5e4190d2ebe17c49c49e769e8b29f970f85ee84c91aa5569c9e390ca6d6547ad29dd36502530d'
 '8931f5c2719f51b2f9670b2d6459ef249a615ff1844aa72e17aae8f17efb1694bedb22ad4ac573f8d6ae43d180cff0ee4892d3597d879483f09e8da03c6bc511'
 '8e89504c56712d7e6317736021612ef16ebddf16c46e654d54035c555b49620dfe19a8c613ebbd5416f9b95ce048c5e338d85bd7535a5d4c23921bf1ae047a96'
 '9163fe7435849a7229155d8ca9fe8afb3d35668734997cd20886f4de306ee0454721bd14840948a902a0df8ed0b7e53a94617524c099950812ad5a62fa108249'
 '92171d24eb1465a711a41f97a09e6b4153dae2530131e3d2f871759e91b8903eca9147047c4efce5204b356746e7a5811b0c876303dacf18d8abdb91980cb349'
 '9aa94102f7aba158ea3d373dbed33256cdf4db0dc5ffab4f7b99e7762c42772dde40488fb6f98144b7fb43ac908c855ac1adefb19d619a368ad6190b2a5f6666'
 'a458294f42bdaaae8a5136abe6b357403f239d96f1f8a9aaaa4098fa742c440394e325865db4db764526df44663b359523ca447f41647f170f492cd9550a6127'
 'a4d0b08467ce73e94c8ae21cbf1d5c9de2b28eb2b11f0d9600ba696f7deecf4bbb8dcc953f2c41adbc6ecd52451ed70a2ae271b631839da06fe4efc61527bdad'
 'a755a1d7c7d50241e949f3f67066a071d3040c44026ecbf4204c31719658d38c98068fe0a23f3f70426a030908bdcf57c15191f15e39db46ece7a311ac4175d5'
 'ab1aa3b942c12408a6b8a3ba6ef766a283fe1bae7713795f40592c20bcb95c8935df716b4bd34a5c45fa1ebf618efdb1e0afdcc7ef24c6cf6120d60e5f2e0568'
 'b3ceb375a55b4e7ba18f653347b41f2092a73eb984ff64b91f6e21e4da5953b02a42f3c83d12ce994fafb0f4cd8cbbbbeac31e1961147e1787e27cf87482d03d'
 'b7e036cfc0af89cf534a04c0ac3f2fbc6e874136c11185ada17d5096022d926e9e2a09a1ed4b0e1ea393f799d3d6d782ee1649ce5ddcc0bd974e684c92a1a789'
 'c140c162c90939e05a299d71572861e3812da213e3ed9a7bec1a0b3e61fdb805652a228f1d034b56e7b2b615d46016055104aaf15ae6f9d922243d025c251c97'
 'c7d1b4a4d6c1890a132c31e59180d731225566cf55ebabf81e05e51dc067c87990a977ce7b4870782038556add3f4a624eb29460e048396081cec193a59c7894'
 'cc7552a4470f83daa567f8735ddbe0b9b9143874dd8993828517b1a5270d0e39dd91dc7919dc1d958c9ed051b71fae43e379d61fed680859f0078e2e96ebdd60'
 'cd2a54931edbd63ab62b28d03fb6ddc8bbd6049351a8a7b80db264eabe008bc0920f5da9e2ed3d88844e80641d5c9f2e2d7520c695728aeb4104a942d6694f89'
 'cf6560c767b9165c044e09371c8f7ee8b1b362c41d3972f1359a4a04bdf6c98613429167ddc37d13b276146275fe8dbef99bf59168f48c665d44b1108e8b33b2'
 'd367f90eabc912a20127d093959a17ddc86a9a88de21f1419a4109388e57aa6cda506f9a92e29b80881246f38b934d6e4e57b35382930c0033fb9bb0245cad27'
 'd396ad18c1749b988bca89f716838ee064def48e3baf66155c6a4e509e4b83e0e0b8ee41ef6511e629b636a8f1500997f949c0d692d8fd6bf3e97d78fcad4005'
 'd84ba703d52a3d914db63991dd7036c3c2cda83c42cefb960e71eeaf2cf5e44b71830be54e88750763636d831cc2e64ba077b2488230c2b9a006fac35bf1bd7e'
 'd9f6bea0a5ab1dc7bde9ebf7669fabe84fffb7deee4bb8bb67b0c35551979d2339d12c15802d5bd80ef750d064c46db2b29d58f4084b4ada538ca1df416ac78c'
 'e46eeb2680b79e516b9870bd93fa65eb50a69dcbfbd682f8bb828d016a324780c9c265003b55b9cb07448c5efa8cec73db9c6f2731ad970ba367c73234d0121d'
 'e49aff32a59ed37a6f07ad54de938177fc4f6c7a014d75cbb68b19876cc9726f90e380cb1a3239f8ae7e3499c97a4d6aa863c4733082e908275eadd69856fe51'
 'f1d2caf9b82ac1c50c286deac68819f12ae94d530212549de84ec29583ac195bf8f92185b57db573efd2db45182c070718c763dd01ca2300a3414e6e63110903'
 'f234e124dc5783cb0747886716e4ecf14c3e480669de8bf4513a70f4d0019343739bda38aba548f7aeadfb80ebb4169f3525b6a0d1100b3e7540440b2e727fed'
 'fb7370cd12edb63a270ed9c8382de34cfaec86c522dbf0efdf38274477f30c5d574515fc1c2488f84399f206e7414bb0563617bb165d3b6edc4015e80fbfa6eb'
 'ff40d9d77831c63126abcff57c0dc9b00a0481a114fd14b41eb87b1817126e86e2d78f953b428ca1a255ba69368d9aad3a9cfb384173b77490f104c4d8e6c2c0']",2026-03-10,103
076172f2-cbf4-417b-90fd-687260554156,178,178,3,126,[],Community 178,"['c77afdf4-4824-4763-94c2-c1786b8a5ed5'
 'af9b8a0d-41ea-4ebf-ac48-0f3c83d33e60']",['72269967-2d36-4acc-a3d4-2cdd801275fc'],['363b6f4fe840a82e2f2626f490dcb8da3de821cda42ac4f70ba0da92fba6668706d3e8bf6ad7f088fd38c3486b672b17640aefe778000d68b857659286405ea0'],2026-03-10,2
26f3c0f5-b50a-4806-9090-ae0fe0120afa,179,179,3,126,[],Community 179,"['95c2221c-a8d4-4c4b-92c4-2d0063b59b45'
 '19f6e404-7539-4495-b9df-559faea92871']",['ab6ef276-7615-4e12-9c38-30fb4dcb444b'],['ff40d9d77831c63126abcff57c0dc9b00a0481a114fd14b41eb87b1817126e86e2d78f953b428ca1a255ba69368d9aad3a9cfb384173b77490f104c4d8e6c2c0'],2026-03-10,2
68060b31-77d8-4216-b21d-b458396acaf3,180,180,3,161,[],Community 180,"['7a7af49e-5ae4-4cd0-a7ca-1dff077e2df3'
 '5d9d0d25-0832-4ae4-8ef1-f7b48ddba1df'
 '6d96b062-8cad-4b0f-be08-1e7a956f8f03']","['353abf11-b75b-4ea2-b5a0-cc4e22127978'
 '66bd70c8-5bff-43dc-9381-29417a999a97']","['62a47466ff3c57929d09f449a143d719d9e0c4c33a2338743752150ae1e4c2957880bdc8f4c0677380e65e1a18195cf13f183e5aaab54e3c84a17c22537c9d03'
 'a755a1d7c7d50241e949f3f67066a071d3040c44026ecbf4204c31719658d38c98068fe0a23f3f70426a030908bdcf57c15191f15e39db46ece7a311ac4175d5']",2026-03-10,3
2648df8c-cb0d-4419-b0b2-6ebe4ff1e919,181,181,3,161,[],Community 181,"['3e7ad9fd-47c4-4353-863b-a25f40c2b493'
 '313c7612-8ffd-4910-a2cf-9717e2653230'
 '48e11257-0add-4dba-af5c-dd8bc20a1563'
 '1fa096d3-43c8-429e-b66b-83a0ada8f63f'
 'ffb85a9d-8556-45c3-abdf-d254805b1153'
 '979885a9-e03c-402e-bddc-4c8f91e5e2ad'
 '84713de0-8741-45ee-9573-7bce2d390b55'
 'bf85aaf3-c7ff-4495-ba7b-2e2c5998a92a'
 '34056f7a-6358-4b14-9dc0-08cb84512906'
 '04bf9c63-46f8-4829-9cd5-6173f2e567e1']","['2544700b-cacf-4a32-96cf-e84574e32779'
 '3bc13dda-43ec-4ab8-9b14-764db43c1705'
 '3e53967d-226b-455b-8520-54ae77f4d9e9'
 '4dcbb018-c93e-4ad6-a2bd-8da9a149543f'
 '9656a0b6-4cea-419b-825f-5f44d2a518cb'
 '9c0fc78d-5e9e-438f-85e6-c7827fbbb3b9'
 'b2204855-9170-4eac-9f99-deb20e135826'
 'db4440be-3d5b-42e2-8674-3189b82c1e61'
 'ebb45bac-53e3-44fd-af71-4c1ffdedda76']","['97f704f729baa12c0e2b11bd17d01198b85340ee2d9fc65ac747ebaab61fa6bc63aed99a2ae144e4b0686faa762d4ff03b31c2b12f0ec3c2bf1cda251e23d289'
 'a755a1d7c7d50241e949f3f67066a071d3040c44026ecbf4204c31719658d38c98068fe0a23f3f70426a030908bdcf57c15191f15e39db46ece7a311ac4175d5'
 'ad35013d5762ef15840617220687d42379da7e6c224e4855c141b759801bcfd09828afb47c83e266ef51862cb8425a84f9f1117657d14c607e0bcbe3020d96e4'
 'c7d1b4a4d6c1890a132c31e59180d731225566cf55ebabf81e05e51dc067c87990a977ce7b4870782038556add3f4a624eb29460e048396081cec193a59c7894']",2026-03-10,10
