id,human_readable_id,title,type,description,text_unit_ids,frequency,degree,x,y
906cee26-c53d-4f2c-b495-0c51f1e25c0f,0,指南,GUIDELINE,《指南》是一份医疗实践指导文件，经相关学科多轮专家论证后确定并发布，旨在为临床或相关医疗活动提供权威、规范的参考依据。,"['9a6129f36306906a87d079fc2fbd2498974e992eea944bebce064d9a71db94e84e20b09cc1b45881d761988a8f418c9dd393041685c74991251361bfe1fc1f04'
 'bdca646a9e1039c94adb7fa01436167fbcce136d9e3779133c07fe55732a767f4754180083bf32e104c7259f6cb20c51ab781a0f02fac3d372ead7eab9f86369'
 '118c7bd305241f63fc8acc7a43be55e647e7c60b0496e3c7fa93ac7e08772d99c4d1f30dc27d341d54c191e8adaa5614e7bf6af62c894598b91d232c898d477e']",3,5,0.0,0.0
73434ece-dda7-45da-af27-963a33ea636e,1,中国偏头痛中西医结合防治指南,GUIDELINE,关于偏头痛中西医结合防治的指南,['0812236ab3e741b535e8a95726095637f4b13d70425cc049ed115ec0a2dfbe0c70a889686850920e6ca80d90ef5dec66ab8ce013a32ab81b6fc52eeb5541a713'],1,0,,
e60cf92a-7ff4-4cf3-b6bb-0438a606e1e7,2,2022 年,GUIDELINE_EDITION,"指南的发布年份版本)<|COMPLETE|>(""entity""",['0812236ab3e741b535e8a95726095637f4b13d70425cc049ed115ec0a2dfbe0c70a889686850920e6ca80d90ef5dec66ab8ce013a32ab81b6fc52eeb5541a713'],1,0,,
6b8fa4fb-e324-4153-b08b-04fa7563b2be,3,中西医结合防治,THERAPY,中西医结合防治是一种综合性的健康管理策略，它整合了中医与西医的理论与实践，旨在通过多元化的干预手段提升防治效果。该方法通常包含健康宣教、中医治疗、中西医结合治疗、西医治疗以及心理和行为治疗等多个方面，强调在疾病预防和治疗过程中兼顾生理与心理因素，以实现更全面、个性化的健康促进。,"['0812236ab3e741b535e8a95726095637f4b13d70425cc049ed115ec0a2dfbe0c70a889686850920e6ca80d90ef5dec66ab8ce013a32ab81b6fc52eeb5541a713'
 'a458294f42bdaaae8a5136abe6b357403f239d96f1f8a9aaaa4098fa742c440394e325865db4db764526df44663b359523ca447f41647f170f492cd9550a6127']",2,1,0.0,0.0
c5f6d5c9-f8eb-4880-9972-3bb50f919e50,4,偏头痛,DISEASE,"偏头痛是一种常见的、复杂的原发性神经血管性疾病，属于神经系统疾病范畴。它以反复发作的、多为单侧的中重度搏动性头痛为特征，常伴有恶心、呕吐、畏光和畏声等症状。其临床表现可分为前驱期、先兆期、头痛期和恢复期，临床类型主要包括无先兆偏头痛、有先兆偏头痛和慢性偏头痛等（依据ICHD-3分为多种亚型）。该病具有发作性、易慢性化和易复发的特点，部分患者可能发作频繁且对药物治疗反应不佳或不能耐受。

偏头痛的病因尚未完全明确，被认为是一种多因素参与、多基因遗传的疾病，存在明确的遗传倾向，并受环境和生活方式等多种诱发因素影响。其病理生理学机制涉及三叉神经血管系统激活和皮层扩散性抑制等神经-血管功能失调。

这是一种高失能性、高疾病负担的慢性疾病，在发作期和发作间期均对患者生活造成显著影响，导致严重的健康损失、生活质量下降和生产力的损耗。因此，偏头痛需要被正确认识和管理，其防治是一个全程综合管理的过程，包括急性发作期的治疗以终止或减轻头痛、缓解伴发症状，以及预防性治疗以减少发作频率和严重程度。诊断需结合详细的病史询问、体格检查及必要的辅助检查以排除其他颅内器质性疾病。尽管目前无法根除，但偏头痛是一种可防、可治的疾病。","['d396ad18c1749b988bca89f716838ee064def48e3baf66155c6a4e509e4b83e0e0b8ee41ef6511e629b636a8f1500997f949c0d692d8fd6bf3e97d78fcad4005'
 'c140c162c90939e05a299d71572861e3812da213e3ed9a7bec1a0b3e61fdb805652a228f1d034b56e7b2b615d46016055104aaf15ae6f9d922243d025c251c97'
 '5b2b629e920eee7acb2a8b6ed13d94c3e4d8b59416c6f36d7802477626230f54f08867caab065896c2f88ed0b27e72192dcd00e91dd319384c60c93ff5dc53e0'
 'd5e6502552bdb0a2e4c3aa1f8e6e0cf7b6e6a0e4672de5df9d2a9e108988dd21f7628cc8fc797b8f7f289582e079c2f300f313cccb53f287451424e7887d181f'
 'd367f90eabc912a20127d093959a17ddc86a9a88de21f1419a4109388e57aa6cda506f9a92e29b80881246f38b934d6e4e57b35382930c0033fb9bb0245cad27'
 '8e89504c56712d7e6317736021612ef16ebddf16c46e654d54035c555b49620dfe19a8c613ebbd5416f9b95ce048c5e338d85bd7535a5d4c23921bf1ae047a96'
 '2613bb946cabff0fdc6100d8dfacc5639d043567be0e075dc968299ee66a1407c032fd9c338aa8f22ea99a4ce603aab1b6438e494b69c0a7a9949a2fa2a17d04'
 'a458294f42bdaaae8a5136abe6b357403f239d96f1f8a9aaaa4098fa742c440394e325865db4db764526df44663b359523ca447f41647f170f492cd9550a6127'
 'ea11ee96d3f2af771dfccd60c6353ed3c6d19ec37a683206c7b6ec35c911aaccf0e3d24e9f5b9f8d9b79b5f8c9bf6996aef32803f67d953fa9b2cab9c1c2e149'
 '5257bc5aeadc011a5763e61ee07795768e01f63717209911c4c72123b1fbf5ce87dcfc3e1c9ce6d216a2937a8980d7fef0635b203fb0af5eb60a000b79d8eb41'
 'de94d2a51c5eabe241bc242da808e240a27bbb801f7ba6cbc0ddb22bddc136d98d6c1c0bb0d8d0f35ebecf1b00dedbf27113516bc4857e793c2c5ad3ad6d3e39'
 '64945696a7fffc382fa7cfb6d56869218481a2a35824ffbdf7c52cd55bbc1fcaeb35302134d989f6b3a3fa956d8b8d3baebaace270fff9c9a5557ceb1e97b709'
 '25d7bc650344523cefcd81f736ee1cd038301dcfbc36aef334e74d4252cc55238d130d733c5fc85b61305d8099a447ce55a9cdaf031eb6825f17f417254cf314'
 '429966d7586504f7a7c9894895d9865d20e58205e7251828ad0a425146fa7accab518524fd8e4f6f53daa7aa3308faec07f595c3731f2b72da760b733eb1beed'
 'cd9892f54ec3f204606907de9815a200574050279a304a29530b76950c98ba021f2a39bfbdf0ea7298fe624744e27a5ae2525305555e24065cf96aa150a9c5f7'
 '6bdf20a260fc814f2114e7badc6fac840699fe4fe6403b9a965fbdc47e447ee13af61d9b5132d5419552f5bb19d67f581f04fc7fec0d731722794d6edf188d45'
 '0e23d33c40ad564baa0084ebd8235cb1ce82f4d6b6fb48063d86fcb23695e22c4f9ce6522e3cbecd103ff6a44d061911281712609c45a72c04c899e10ca7d0dd'
 'fb7937078606072981cdd7d9646067a24fb9e1e928590b9a96273cebbe354ed92c551b5f4b225d11028f03e369b1ec1cc016a47fb4976038bb73c7122daac62e'
 'e49aff32a59ed37a6f07ad54de938177fc4f6c7a014d75cbb68b19876cc9726f90e380cb1a3239f8ae7e3499c97a4d6aa863c4733082e908275eadd69856fe51'
 '59293a0dbcffd3592bf67a16de65be411d67ea7a2e89febbdbfb8440fb896f7d68c6f7fec121254a0d9f2589fcbd8fc9fe8f2959620a5adb90b8cbac59ee6db9'
 'db7f302aa51dbce26492c29730ea69119f5e2bb25fa32bffeb20529785ff4c4a1e01a0f76bd28928be9c60a355b684a850916329a74d1256a40ecff24cc9b16f'
 '7dc3750a7b61d30cd6cc5688b4d45016d4f96591ef54ddff733bae89d5bb73b20cfe18b6b6892350c51657ee248e44b4e211c0ca4350661af7994b6df3cca7b4'
 'fd1bc9667578009377bbd23e1608c5f1d7847ea676c232cc2c09d7415c20f3ed58aa62a0ad19948e7fbb0ee262fc023c3da4df02c5955dae2304019db8d2c832'
 '6b7711be923ef18d996b237c5656a6e7b959f06d5000fe52aaf758e5fb648caeb02c40857bc1e3233fc0dd9f6e4ea63ef7e863fb76631f043133796dfec81c26'
 '7d98ba8f9de7b614e73262910d8b5dcb17fcf4bd92d49748d70d608417585ea50b1b33e4928bccf741cb255a7f4b71ceedb7faa836017fea4ae46041700f519c'
 'f1d2caf9b82ac1c50c286deac68819f12ae94d530212549de84ec29583ac195bf8f92185b57db573efd2db45182c070718c763dd01ca2300a3414e6e63110903'
 '09504ecbdd99c16f37e9d92750cb60d1956c26b81dce28150e1f2817f922fb84b3c9862359193d051cd265b09be9488affcb893d2e96a0c115c5a3af54ff6f0f'
 'a2e24582c54a09a4696e862c1e0039c25baf8e352a73031e827dacc8522ad5a43b1bdd1d41d4861e4a869a1f7b1ff57f29c38294df2fef000b1bdf7a00fa8813'
 'c4dcdcb909f65ebc63e961ae81f141ac478d6a1fe9d55ef54956d0b17c09780b0a55efee287564f598620f6d167825dd2c76326b08d3219c07bcc6efbc1adfba'
 '92171d24eb1465a711a41f97a09e6b4153dae2530131e3d2f871759e91b8903eca9147047c4efce5204b356746e7a5811b0c876303dacf18d8abdb91980cb349'
 '95822c8a9994a4f2f6caa31f47747bf7108a37bff834cac36c07f4e513e018deffc602550d7e95b345ca046805988c0d38f1a35e6901a5efbf9212b3b4565b97'
 'b3ceb375a55b4e7ba18f653347b41f2092a73eb984ff64b91f6e21e4da5953b02a42f3c83d12ce994fafb0f4cd8cbbbbeac31e1961147e1787e27cf87482d03d'
 '7d74751b12773d1ba1111f71866d71285db4f718701a5dc05620ca962c4cb691ae9b12cf1c0f77381ec9d20ca947aafbb3f3c24eabf017f1307cf1774f42b8ba'
 '216b5d37b3125c84710d2b3f71d83277b473896f3fa0f7b6a9e354cb1ff86c2aca8592c9b1477ed5cb581c71faf742662acabac70a5e6b30547ef11ba26ec104'
 '1130ad4967afb133bbf0e642a6f8fa0041c2414d645343304b1360c1d9c162203071e1647448ff03b00480b585313245606bb7b75a806982c5f8f0ce2974de03'
 'c01220242d7d3b6157eaf91fb6ad7e5f05d455441d91a2b77db0127e02b0fe7423ed15b66ae28fd3fab0125ef1b99725bfc52b50ef58fe62288f8190496b38bf'
 'f774ecc5ad11c6218cf9a5fa3956561dae8d217b440ba4206959b9b5c33aeca048a105c46772bb22452034ff8e2ac6545387df78983c45e384ec2b379e14652f'
 '3352eba8f84ba8640a78ca9657f477d850ca9e6d005207883d4d1591c3e8cafac7c72da89a8391fe078e518a460d5ed0fcc9ae2fabdbf3c81356ca520b3bda63'
 'ede3004f346fbf57178f109ccc246e3bc4937d91f3d8b4e360bb31965da2efe4d9269ff0f33f06a316cd47f9c5fcdcd614dd46895241fb926660d433e9caa6ab'
 'f234e124dc5783cb0747886716e4ecf14c3e480669de8bf4513a70f4d0019343739bda38aba548f7aeadfb80ebb4169f3525b6a0d1100b3e7540440b2e727fed'
 '324e05cb98516ebf59b3f3abd2df7e50a2b035297a48a4083fbd34fd3c72c8d6b25f4e6dc2234b81b6a1d6ad73272dcb7501da75305ce73bde190f882d34b840'
 'a2de2acf9a31b99739527ed05a228296f40e8f6a500099e61b04f2ed19140c20f629655b73848f330d0df55707f48e4c0601eabc3608f52134475dbc71419e9a'
 'c36e8fb29051175ed7d04bcfd393b599d986674bccfcbc008273d791e9b2ae5ed0359af6c9190422bb219b73ff6cf1726e092e84bde9fcc196c168529c7851ef'
 'ab1c1c83a9f14dae2c811c808ef239ac2aba116e004b6113e443fddea8fc1801171748bc0b19ea25533c075f5585a3694a64eafabd46b4ee9b94199edb2727d1'
 '6967dda71be8ac5f6b475081cd6c74f33a67f77933bc99b25f684006712cc4876a2c6d66e3ccfe136e49063e30594477597f27f1d7b39bb475e23abf98bb8a43'
 '78fd9b204da2b6ddd7a495c820a5d60bf223efd0038c19ba4f23595bcceb7023a7ae5004f5769dd4ddf103bc094fa30996c8e57f71ed174a0b91cfc9d29aba2c'
 '612bb6193eb44b324b88e46b2789875b47017b38a950f651fd11347e849a417a3bd8f8d8f6425e2f30b7166d7c97c95e5976862727f33ee6aeb55a98fd8c16b0'
 'e7c2b8f83fb20874c05c3731ee0a04b04bb25a6439b1ede027965f3e4657c61ed87edea6d73c227df61ff33e976406b1babe57eb2f405ba8df2ec663be12efbd'
 '3e5a7823f367d808b075c927a048ad6aec7571837c239a9d1fdebd622603d83e1f69c942f132152574d012035cbb0e3340e4f8d663f52d4f541fe94813aecfa5'
 'c791d2183b3c22aed01792331806bcef9e7c62bb256559aefc99c865b9d2691ae73cd7c247793ff18b5ea3c87e259a286f18d1183c344101d26ef8859b686bd5'
 'ab1aa3b942c12408a6b8a3ba6ef766a283fe1bae7713795f40592c20bcb95c8935df716b4bd34a5c45fa1ebf618efdb1e0afdcc7ef24c6cf6120d60e5f2e0568'
 'd9f6bea0a5ab1dc7bde9ebf7669fabe84fffb7deee4bb8bb67b0c35551979d2339d12c15802d5bd80ef750d064c46db2b29d58f4084b4ada538ca1df416ac78c'
 '0e212d8c2c842ee5de12af1433ca1bc447466457d87d7873dc236531a59f56c27f20411f5b1eb47a8f697027a165c03b43f5f71976348f46b3caf662514fc44e'
 '8931f5c2719f51b2f9670b2d6459ef249a615ff1844aa72e17aae8f17efb1694bedb22ad4ac573f8d6ae43d180cff0ee4892d3597d879483f09e8da03c6bc511'
 '3094b23ee2b02a1ebf0e6f0494741e8b4c098d1401dd6d444c7e611df529f1098214f283638978a30c131cae8f3cbeaaf9679c1e01b075e601c671cf42b1e25c'
 '8a5a6e187c668bb2f8331df659df42e1806867580ac766ba79bd9efeba8f788a99d6677d88162b703da1dfef9d27fc7aee00093a794541110dbfebcba1a298b0'
 '9609f731b2a1d479a0b1fa68f88c75b8c3461935601ffe88d4cfc8df0b1379cf4e596ef472e2ed824cc0fe7b6dbd0218447501e6f7c382a1a26e1db6352b7c15'
 'a4d0b08467ce73e94c8ae21cbf1d5c9de2b28eb2b11f0d9600ba696f7deecf4bbb8dcc953f2c41adbc6ecd52451ed70a2ae271b631839da06fe4efc61527bdad'
 '1c2d42cf24d5ef41eadbc348176fc20e538136d601d7796de053c8d108164282bc91e627d6fb591fd2b3c6605eec37ee0ee6a4acb7ae2873d039be0a367cabe9'
 'ab02a1307f63358bba10915511264b7bd499a08f4799ccbe749feea02892d3b4576b80b148aafc7d157b4e4ee34994660056fda352cb0162f7687641ca4e1399'
 '0652c8adae3332fa149aee4f026b39c62e7a17eb485b6a9171cfa2a1170cb9d5b4facc0b94b7e628e1be7e4b64b0226a483130d776edc7f2d1c5587a8aea09bf'
 'f314d43b0a481cdfcb76b0052bb89c14cd5ccb4415cfbb161aed4a4ee2ddf6d350327a4063125f41fb51588cfdde6a22f75faec6eef9db845ed2cd4fb880cc15'
 '238dd9495214c1f5dabc20718c46f30b60e954190220bd99189450cd340b3ae336482beca52b26e8653e82062dffe95c5d2a0e85373cc3f8dcef7e787492ee35'
 '88308954a8d2d7586ca8cc75b1b11f9449934357376dc59c92ced6f46cf1845fa46e9148292d5c59387ef0e4995324fa9a855891a896a148c086de27d054fc7a'
 'b1ee9fca7026d9a451701ab580130239412496d9c903653e2dffdb84d5e68840671b7da965cc3cea481a2b77c5e406d3237826861317b0a52491a46758b864ff'
 '23fb6bb01b39562a2f5493105ef2668bd91bc439253ab79da46be14980613e5e77186648ab6cdc7fb1a630b35f030ed5d1c263991d555d9ca25230eb0ef80a7b'
 'e4bdaf3274859fefc17e03819e07cdfc1499b7c702c170402f77909a62e84fff67860e324f4de8c7d3be920148c0a9e004b2a837b69790702ade5d2b83674266'
 'cf6560c767b9165c044e09371c8f7ee8b1b362c41d3972f1359a4a04bdf6c98613429167ddc37d13b276146275fe8dbef99bf59168f48c665d44b1108e8b33b2'
 'ccbf411f1a66481699252f8cb9e85d8df150e97c43a6b3c3f919ffbc45859680e8bf5b6f2d63ef233da57cdc721b8950ef6a39a756dc89bd366ef297bf01c26a'
 'ff40d9d77831c63126abcff57c0dc9b00a0481a114fd14b41eb87b1817126e86e2d78f953b428ca1a255ba69368d9aad3a9cfb384173b77490f104c4d8e6c2c0'
 '838241ab5933736345582486aa6a3c6ef34a8b5a5925ec6ed7838c7f2497326ae8b621d6dde31f95ad5e05a336393553e96c0d236222b23ad140bc513bf0cfd7'
 '00a0c1db6485e7cbac54a732052006a67c99da84f0e4ae3b0b5ef4c9c184759efc49103ab0655d3717b6119de694b25d045ac14ada547d3f5696cd69ad0fcb0b'
 'd19fccabb943e5d8c1308d240fc605b6240a28438a298546a35dd33f5bc6582658081ad0351a8748a5dc19573d8114ce86a48897f22c5caf58445d8459cb004f'
 '33adf6669c49ae17123199758ecf1487a0e24187cf6dbde030ff357cd1e47a649457fae65658e881b9b0899b0a295f4aa42389d01e4bf17584c84704d42b1d3c'
 'c52d4fb3c1c2a58fb99dfeeb78bfe51da638a27a4abfcef7d0cb3948c51de50d2729c8ee4cee4f8adf245630d4023485532b131e9d6003d6ee0a8955a0dd2a5c'
 '9aa94102f7aba158ea3d373dbed33256cdf4db0dc5ffab4f7b99e7762c42772dde40488fb6f98144b7fb43ac908c855ac1adefb19d619a368ad6190b2a5f6666'
 '6eb2b8b1524c28bc0053cbf873e3f40259309b5b241c9683197232afd54506ef35025bdf2e5057b9d6599f2a444874e8de0ded9c45c717c0766a48884f2aee4b'
 '25b18de388931f8903d37959a37f3008502eecf4bb47d5e0221a8a2b9580f0a624fb2dc29dadc578ed1b3c682a20fea6cb4dc22e498bd0aa6214ce408fa6a9a2'
 '5b63b873de549d6d344f447abc1cb558376d4c89df8f6bba2193c6cb5828e68bacf693edd8957d0daede6afd8fdc9d428cfa79a86ff7eda644f9e280c67e8dee'
 '13046f9064048acb39bcef50de6cf0c45d5b418de024f3e1704a61780c983d0d4838faa851858ce6c44a7a1a9bcfad91edd28813f168eab1f4c032b560f040a9'
 '6f662532be4c0657b471a6a0599a8ae2e2fd00fe3ddec932213106de821e247de0ad8656a2d6d72dfe5dcb0b590d3896c78793f6b7be0f7ae110d1bc00f0c1f9'
 'd8d9a3197934f8295d637c2c482897a99e4b3b409fad0b67cd330937748967043e87566364fe646776d66e6aa13690b27f5474d37c5dc9c1ab29a2c41ecb3b68'
 '29b42c77a75f75214e91fc897164ece3a818f406fb35fdd0ebcef96c7e1569e187c10bd59b8b2ee6499e5627bd49b0f71e15b6719f460c63cd96d72840065dba'
 'f944982c19751a636cf523ae9ce5e3ee3c531fbead528a83438f2fac78559a2c3d2b3ad69e202489723ad8579e9bd563ac72000f93c3817ed57ca782e5b2509e'
 '9a5bce7c4b2093cdafaa92a7bc6374c323df0722adba465e9ab0083793d222455f7c4e1e318d2c8f8ba06374eabc88bc19cbe28552a4b45f5013dd3c5e4869ce'
 '70a2289e3d01e3539fe24bc8816199ec843e6167c86c98eab9ae712b137d41c9258075897a7e3e9b5e140cfbf8f001570f2de182562d0fd13781b8f0c716aae2'
 'b44a4ead047386c338b7678f85cb9392b9d674b5c104be8a0592089fa80df3858cc5d9b8c8d89ff2e63f744bae5fe9466942cfd8b18c682a1e5da046033ccbd8'
 '66fafb979e4741dbb83cfb0ca734aaa23ede790ff25a511a005a58515b4535623120fb9baa7f15c331ad249821458a0f77372a614c234d1309dfdfc250b296dd'
 'eb23a2a465336b5ec6faea7509e9d96170613d5d7809facc0263e3da0a323f991faad9182bbef36140b0c9d2dcbdac84f118f661ee526045ce28f1a77a0c11b6'
 '7b28720f03d13bef2702c66cb2c05b381e779fa77183aa5ec27590e416bac4b2f4f5d08c8f297dbe2195c0c8ee280baa612ae77afa79f7a6238aafdc10aef424'
 '3f782c82580d6e62e08d2748ae50d379c9ad01c81d9265f50b9abe64ef32dd96ddc92b0a6cb55092a728e73bf9bba8a93ed4b1306fab2fe207936fee806ea0a0'
 'ab880573e023cb66c0c136752d5e7ffccf0d4932be602d2e2448ad1fc7dce1cfb7fb5662f82d464e25e609ddd708ccdd5f4804c4c1a77efd91ebfe395094477b'
 '4e10a447ddaf2c74684d2a22401890d0f1eed1fd11ac887c4f65b340f4348db607f77e46c4ba8d22a4abe8dd27f016378deada950d2c72edfa41699ac96ba87b'
 '53fabd6061d68e4f513b61c3e6477b9cd8b31132a56304cced1927d39a54705928a4758e66e5cb83e1bee5033ada82da615495d4b0c574a901944fd41135269c'
 'd5d200ef93d93866b561dd8cb03e74a5748e8ae0aaab5cbd52d2ab857fd174e745f411979e64d9bfd7d0aee4e5fdafde72f1564a9a8224b23a51382462516ff6'
 'f72233ede15c2dc81218d7f98944f4209aa7e8bb9f6126c542a9998661b0591c528ba82b118b3431299cd79041f10bc9c4b3ae009e206f21a3c91060b5431cae'
 '381147c160e708531edd5fe9dfe37f5429a16e1dd6e0e313cace6027de42a9bac0ee5197a83256ff01f43c8964450a46e6001cba4bd330d3292c346da34460dd'
 'b1d4faedf560c52d85be2a2602b480cfe19179a3538441c8e84f5b4c2fdff082a3bbe1a22e3e1ff1f9837c1dfd6a21dcf70d931b5b49fc0c6e36afc5305e6434'
 '12cc92b244fb719c597c724312e29eb64d5223e12466d22aa755d560a5c41b122565191de5abcdc210334538dc6974ba156f00f50a162499a1643a487900c50d'
 '148bb5ee1d2a73e26a81fe913e4da61f1347f1bc2dd855a432013c63e266eed6d08d8d2527f8195020d488dedebf886e6ad42aeaaf088b7a0af40376a96f29b8'
 'c979a3a204d93c2e785f5f2dc98fd008a078b1b7ef9112abbc41cbb096d54f0232e5e102855f16c5b2d52d24d2ef44f907fadf5cf6d0cab6792f1d984a5a1561'
 '2aa059af0406bde6deb813ec2ee74914115f3f343dd645a759a13a158dda1904a92560987f03f1e8f31d83a29de89ffb5bd5dc9c23908575889ea7ab3d1004ae'
 '83cf6962c20483778fbd6251a054ccead28d13f98bdd95ff3df5e4190d2ebe17c49c49e769e8b29f970f85ee84c91aa5569c9e390ca6d6547ad29dd36502530d'
 '2653331ae1a0ba2677f7f7fede8c932f4b673f0e7e38b666bf8abe90cb1a55923a96232e869023bd456e3c3629127c57fc4c106fb80ebee74e25f5e088d36f51'
 'b7e036cfc0af89cf534a04c0ac3f2fbc6e874136c11185ada17d5096022d926e9e2a09a1ed4b0e1ea393f799d3d6d782ee1649ce5ddcc0bd974e684c92a1a789'
 '363b6f4fe840a82e2f2626f490dcb8da3de821cda42ac4f70ba0da92fba6668706d3e8bf6ad7f088fd38c3486b672b17640aefe778000d68b857659286405ea0'
 '00f6ae08bfe86a45fb0a5b9bb0c1af4689dc9a8bf3e904dafc085247d4891d45662af08314d8f37937a0c4846545bd0e0f2b558d3b42b0faee320aca0426b1c1'
 'ce245f775d35ff93a0b71a0da8c38a9daf1441422fdbfc3b5693c0258a3a739d2f29f767a98cf04d1296d0fdc62d345c27fba81c543d719ce7dd4624b66b865d'
 '96c1d632d42d78b15760ba4e1da4df401b53c363449c8289a6c5a8655253b6e3367dc93e0498869705de3a1078f9431e54990c712a7219ef6884c8a8885a035c'
 'e46eeb2680b79e516b9870bd93fa65eb50a69dcbfbd682f8bb828d016a324780c9c265003b55b9cb07448c5efa8cec73db9c6f2731ad970ba367c73234d0121d'
 'e5186bb6d352a27917ac8367b8fb3678ef25aaa7f613b8bb0aefd254e410395d49875a159c5a4455a5a92f145688b7d02107af25020f5a8a10ae594a37c49c85'
 'e0d5d87e7e971868201858622b8be0e2105145d6c199eb9ac6979f01aba230c254d1161d9aa9a77676409060d3632db4de8128424e3f3c19ba8a51e305581c97'
 'b3ca485866dc26056066465b2eabd5c67623d4092c30bd65a877bafe69c41234102c63cabd95cdbbaa5c9996c0e94da9595ad2ec9edbcdf80af8a7ac9391ef8f'
 '55a10d2794ee69c451012e44ecfbbb5a8f608d0b5357030d506f20708b3c0ce2bc2e52fdced5a132300f441ba8ef197e7e5f7b55642edbc68b35acd72963c75c'
 'bca8fa5027c8e1746de107e238f45011e36372dca01c37e40539a58e715f29845d3eb6826b13ae576427b31f2f21c95d7b4987fa0ba1c5e78828dd10ac555cff'
 '486f8a3445f82739b48b2d88f0689cd9f83a8b402cd4cab663aaa55848e2ffd3c3d0af270adba939808175ad5cb986a9ba12636a5baf02444314158e3a272e28'
 '0de3c81ea080361763a263dbd5e9dd2dc059c9c9636b275d80daa9a533b6e7f0b6976102a24bff16afaeeb92af067b86386abf213cdbeeff7fce6f423d4ff6f1'
 '088f82ffaee5685f7330690f9ba754ac2b0833a2a86c352c8ed1168f836fdb9beeaf74ccd6bba5b719d18621ee6736e2316e82552594004c36faa302bd473491'
 '1ffe2d0bab187b0df1646a43533f007cf04968951108797f8a2079c7447cfe2c500113a87e98099ae88711680e4cdef578cde98d34f527406a6338fa908e5f3c'
 '785de8b67ededd4d6c44df527b789753430167dcd3b171c7f6b26154153a00255dae617c61f33eab08a492c1e0e24e70b6d64ad299b4968f99e81ad2301fce5e'
 'ea1083f6adf5fd73507f9c8f7bba9e0766d0dde517044024c9d1564182c5f406f00571f058d93f84dffd8824b4adf826df6e32c60cd4cbeded8dd0790b9d83a0'
 '4539c484e5bf2d61749b4d64c10d034e623dd3ef4e3c28a227462428e6862fde175c62c0bdbea123d78990880838c55f2a3fb1f48f7172a9e35b73ec0541a88e'
 '940718a57f149467eeba3a2b796e9b3ba59e2fd07e8732249d3549c2e2c4f6dc2d0f638e328ee0e924716273f36322f64fbb63366848282d06b384a976104773'
 'e4178ef0c95bb109cf19aafdc7354a4596585a2218f0d33d296309dc8856d5f3e6b102f406f3858c3e827b883383448b6ddfbd58d654a4affd0875f3f615769a'
 '8af246d5d04738aa8c9599b12c878506030941cc6a5621f9adbbb8d98c1fb4880084e5c5284116edaf802611d683dee4a814ada069156187b3d41d3af28bf19c'
 'cedeff15161c228ccc9c0559c6e432a076020c6240e0542a3adf08006d8664ee70bcd0f302b4bde6bedd09c0da5254a5152eb1cf0c3418c71b20e872faebd6f3'
 'bf3b18b221f08d6f38387de8ff6e0db5ffb3d41823100511752e2c9a16f3295eca95c3b48e0fba0afde87f986530e3bac3e9455bdbc47fba26852e335f056bc4'
 'a273030661a96ecbdcd506391fdd65a62dff5c58ebe9dc9d5a5d988a5ec21a61597b93aaa369fea575f760a5f95940c98aea36bf399c204dba5c8264e826cf7d'
 'f4b073c881c4fcb05727ee79708bd9cfbb6d3e83237cf1b85e3187dcab07280875c52e63328b7611bc065541e3dd44f41cde68660eeacbdab3bdbfebb4ff5fa2'
 '79037074f25246054dfe6498136b54c0df01452fd049cd956a4f9a9e4c77532c26008d4cf6308be9c579313d6ce60601c5cc6ca776fffcfd68434de296336aac'
 '571033fb76c267906f15ebc5bb424e0f22da46345f9e8d60796f1d2d96929a6859c3df74ee25d5709bc2e5f464a592d92b8f77bf57b9a0d0c1e941963385ad77'
 '1d24860ada04c4d10776ec0b26e4fcd3c2332bfc32a9b292cc63daac2aa9e1d819abac5d20f50632f81bbac4af009c22934385848594ceb0631fd65e79533bf6'
 'cc7552a4470f83daa567f8735ddbe0b9b9143874dd8993828517b1a5270d0e39dd91dc7919dc1d958c9ed051b71fae43e379d61fed680859f0078e2e96ebdd60'
 '2e6a9b2cc0b460f3e432f61ccab7042ff2866448172315609e8d442cbec9074f57761ee897c8e6a7c5dd8403fd86c9f8fb0eac1474a1a8599beaa069239edfb5'
 '0650d0c8c3f5e03cf26806a290edc43d1f0f07659dd60f808dc21f25e3e5cc2529288c75b03249a611ddf21e2525dd307db2b8b54818427b0be5e9aa902a4431'
 'b51298e658d618d4d43d1f3e1ee421cc67ecdeb2bee874c30a1b7f5e5ae15f6bfa2ea9889d68a48470c07748bcfdef63249b689ed46be1af70f08d4eb3d67968'
 '7df96ba999fd86c3f53a2801c1d437c090490d2e6f73ff64a161b03b42a251bca1d0eb837378e411e197af8a32124387943fe543cc06c13bcfc4c61300806918'
 'b0f4d24f6f62309a037dca8b4e0d4157f7e25c6212d4557e1032bbbb74f0891f1e7cc1c5ec2f561f3edcd394c5b050a01fd9c13a3e028f7d204116ce3bc48e9c'
 'ad35013d5762ef15840617220687d42379da7e6c224e4855c141b759801bcfd09828afb47c83e266ef51862cb8425a84f9f1117657d14c607e0bcbe3020d96e4'
 'fb7370cd12edb63a270ed9c8382de34cfaec86c522dbf0efdf38274477f30c5d574515fc1c2488f84399f206e7414bb0563617bb165d3b6edc4015e80fbfa6eb'
 'd84ba703d52a3d914db63991dd7036c3c2cda83c42cefb960e71eeaf2cf5e44b71830be54e88750763636d831cc2e64ba077b2488230c2b9a006fac35bf1bd7e'
 'a755a1d7c7d50241e949f3f67066a071d3040c44026ecbf4204c31719658d38c98068fe0a23f3f70426a030908bdcf57c15191f15e39db46ece7a311ac4175d5'
 '9d010be2e112d921a8ec409921bb6bf7daae44915d78a6a3a4454af9c7338b2f347bb11cc96b4320ac39dd9287ecab8c98e46701661c327517b831aff8af0e2a'
 'c7d1b4a4d6c1890a132c31e59180d731225566cf55ebabf81e05e51dc067c87990a977ce7b4870782038556add3f4a624eb29460e048396081cec193a59c7894'
 '2e50d93ffa7670f1e2f5cc4d51a15bfea5e15c8edcb97cf36e45ed353239ab26f717061fa463747fce6a3f90277a83944faa68ccfe892de476968d68f3d69bd6'
 '9163fe7435849a7229155d8ca9fe8afb3d35668734997cd20886f4de306ee0454721bd14840948a902a0df8ed0b7e53a94617524c099950812ad5a62fa108249'
 '63286bc2c1827c7921ad240ed2a41b972e49fefb633e048635024a3802f323e24911c04ed0ca4f7bd9ee2873b350efcbd2af2890685ee588e8bfeff4201e7f65'
 '50d1c7e638ca19a922d126dec12c28b309c85b6a085003d8343bf3fef2c2a95b525ec6b505256f162cd371172105cf09ce70fd9e682737b0928665a3ce4fefba'
 '2a0528c8f8b52425c8c872881f9412e49c101f4982214219a4852e9c1521d4f974fee7f34f2461035e022fd1df0e1c58b401f62b0f21f74b407c6ebe0f154b09'
 '7c1c6ab54fa2468278efd58804efb780a7771f38d6de97889309541bec29bfe9c0bb199354148c2cd1238b54911393b4a7dbe2ef7cd64c227bc21fcbc91172df'
 'a578bb266eac8d475af4234e82a3d5822a74c7a1eac09c058832af07f532741e5303dd74c29ad9d64b013551a85430b1ae83740e258f3b562bfd005164de4799'
 '0e3088f94fd74dd0bf54ce4fe7dfb492db7a4fa8eeed4a699f6992bc1606d3f05b5845dea1e8d94b3b6a8c011887384eb0757bbf3764f608225b6b1ce8e9ffc0'
 'c2031564b2d99daca2b5e349850ba0ba86764393067e0bc3c11ae4ef38757e18e509b367c36da2449af5b154da283005bbf3932e84d351c1c6a1f23eeeef7a73'
 '62a47466ff3c57929d09f449a143d719d9e0c4c33a2338743752150ae1e4c2957880bdc8f4c0677380e65e1a18195cf13f183e5aaab54e3c84a17c22537c9d03'
 '11c0634698f1b7347875b12616c1909792c7694abc899d40d7ebd5ec439a4120d2889190c49c920ac1b66001092494c184732c2cee4eaef6cb0dcc857ebab8b8'
 'b702dc97591d4fd99e393160ffd9d400dae11ce24461a052ca46b18e565efb9d5c4899a4d3910ff3805503f5ec2f7cfb4c0d882b0fb4ad65273b9abe5b9d8ab3'
 'ac816b54ac70f1e2697a0fc2cc646c6a9319c8b2da14228b3ac6b76a0dd992ee5c7cee7e7986e8ab08a9d457617b74a833be81924604ec8d1c29d35b02f46926'
 'f119edc2c8b95b9f7596cb0cdb8eaa905d73bda1a2507e58603533a2bf7f41e027f1ccf9a1b71934b45700f81b40456ad64e6144bb887d9b0748f4805b584c18'
 '0fafd9b55eb7b58b6e2a380b575c0bec92746116b83066650a24cfb7503fcd69d88f54f0fb593b1a722d84077abfbec53717a54c0b5770687997a98ee5e08c23'
 'bfad7cb80612a979706bc5c077780f25ccccf3bf53dd263029107f1a6f54e815903ad1a1f128aadb0c9fbaf3e877cac08d057af5995c321f9ec6c6d8df22f726'
 '0054d8619570bb6c0efca76fc0b5d60b2020d45053f0043184d6db81d8b4175c11d3bf6bd1b762bf62da191305d36d6c9842c8a074e437af7b77352179be84b7']",161,296,0.0,0.0
76154fee-b9c6-4e79-a50a-21abd98241cd,5,慢性神经血管性疾病,DISEASE,属于慢性神经血管性疾病,['d396ad18c1749b988bca89f716838ee064def48e3baf66155c6a4e509e4b83e0e0b8ee41ef6511e629b636a8f1500997f949c0d692d8fd6bf3e97d78fcad4005'],1,1,0.0,0.0
22d225b1-76ff-426f-947a-ff0ac592f5e5,6,缺血性脑卒中,DISEASE,缺血性脑卒中是一种心脑血管疾病，主要包含脑梗死和短暂性脑缺血发作两种类型。,"['d396ad18c1749b988bca89f716838ee064def48e3baf66155c6a4e509e4b83e0e0b8ee41ef6511e629b636a8f1500997f949c0d692d8fd6bf3e97d78fcad4005'
 '2653331ae1a0ba2677f7f7fede8c932f4b673f0e7e38b666bf8abe90cb1a55923a96232e869023bd456e3c3629127c57fc4c106fb80ebee74e25f5e088d36f51']",2,3,0.0,0.0
2204a97f-dc1e-4a8c-af51-3898e309d8b3,7,焦虑,COMORBIDITY_SCENARIO,焦虑是一种精神心理状况，常作为偏头痛长期控制不佳可能引发的心理症状出现，也是可与偏头痛共患的疾病之一。在特定群体如前庭性偏头痛（VM）患者中，超过半数会合并不同程度的焦虑，使其成为VM病人常见的精神心理障碍之一。,"['d396ad18c1749b988bca89f716838ee064def48e3baf66155c6a4e509e4b83e0e0b8ee41ef6511e629b636a8f1500997f949c0d692d8fd6bf3e97d78fcad4005'
 '2653331ae1a0ba2677f7f7fede8c932f4b673f0e7e38b666bf8abe90cb1a55923a96232e869023bd456e3c3629127c57fc4c106fb80ebee74e25f5e088d36f51'
 '5794824afca3edfdf4cee62d1ecb6d0720c6d45791a7ab1a2838edd9839fc106ecfec6159260a762cf29b034e2cc5d953936494e21b58063d478d8ca0d62ab5d'
 '62a47466ff3c57929d09f449a143d719d9e0c4c33a2338743752150ae1e4c2957880bdc8f4c0677380e65e1a18195cf13f183e5aaab54e3c84a17c22537c9d03']",4,5,0.0,0.0
4c35f206-cc9e-420a-8dd1-88613035a6e0,8,抑郁疾病,COMORBIDITY_SCENARIO,可与偏头痛共患的疾病,['d396ad18c1749b988bca89f716838ee064def48e3baf66155c6a4e509e4b83e0e0b8ee41ef6511e629b636a8f1500997f949c0d692d8fd6bf3e97d78fcad4005'],1,1,0.0,0.0
4227f7dc-7197-49ce-b2d2-a0c44c014f55,9,儿童和青春期,POPULATION,本病多起病于儿童和青春期,['d396ad18c1749b988bca89f716838ee064def48e3baf66155c6a4e509e4b83e0e0b8ee41ef6511e629b636a8f1500997f949c0d692d8fd6bf3e97d78fcad4005'],1,0,,
45690bbb-e9fc-46b4-8778-66708108dd31,10,中青年期,POPULATION,中青年期达到发病高峰,['d396ad18c1749b988bca89f716838ee064def48e3baf66155c6a4e509e4b83e0e0b8ee41ef6511e629b636a8f1500997f949c0d692d8fd6bf3e97d78fcad4005'],1,0,,
e7089b88-114b-4106-a9bc-1cb868d81fbd,11,女性,POPULATION,女性是VM（可能指某种特定疾病或医学状况）患者中多于男性的群体，其患病比例约为男性的2至3倍，属于该疾病中较为常见的性别群体。,"['d396ad18c1749b988bca89f716838ee064def48e3baf66155c6a4e509e4b83e0e0b8ee41ef6511e629b636a8f1500997f949c0d692d8fd6bf3e97d78fcad4005'
 '9aa94102f7aba158ea3d373dbed33256cdf4db0dc5ffab4f7b99e7762c42772dde40488fb6f98144b7fb43ac908c855ac1adefb19d619a368ad6190b2a5f6666'
 '148bb5ee1d2a73e26a81fe913e4da61f1347f1bc2dd855a432013c63e266eed6d08d8d2527f8195020d488dedebf886e6ad42aeaaf088b7a0af40376a96f29b8'
 '9163fe7435849a7229155d8ca9fe8afb3d35668734997cd20886f4de306ee0454721bd14840948a902a0df8ed0b7e53a94617524c099950812ad5a62fa108249']",4,2,0.0,0.0
e84c83c6-54f7-4eb3-91f6-dd7846895841,12,中国偏头痛防治指南,GUIDELINE,《中国偏头痛防治指南》是由中国相关医学机构于2016年发布的一份针对偏头痛预防与治疗的临床指导文件。该指南旨在为国内医疗工作者提供基于当时医学证据的规范化诊疗建议，以提升偏头痛的防治水平。,"['d396ad18c1749b988bca89f716838ee064def48e3baf66155c6a4e509e4b83e0e0b8ee41ef6511e629b636a8f1500997f949c0d692d8fd6bf3e97d78fcad4005'
 '33adf6669c49ae17123199758ecf1487a0e24187cf6dbde030ff357cd1e47a649457fae65658e881b9b0899b0a295f4aa42389d01e4bf17584c84704d42b1d3c'
 'ad35013d5762ef15840617220687d42379da7e6c224e4855c141b759801bcfd09828afb47c83e266ef51862cb8425a84f9f1117657d14c607e0bcbe3020d96e4']",3,5,0.0,0.0
f0deea7e-8ded-4408-8e52-98f37958a674,13,中医临床诊疗指南释义,GUIDELINE,2015年发表的包含偏头痛的指南,['d396ad18c1749b988bca89f716838ee064def48e3baf66155c6a4e509e4b83e0e0b8ee41ef6511e629b636a8f1500997f949c0d692d8fd6bf3e97d78fcad4005'],1,1,0.0,0.0
b03c5748-459a-4425-b705-4d7500f78713,14,偏头痛中西医结合防治指南,GUIDELINE,中国中西医结合学会神经科专业委员会制定的指南,['d396ad18c1749b988bca89f716838ee064def48e3baf66155c6a4e509e4b83e0e0b8ee41ef6511e629b636a8f1500997f949c0d692d8fd6bf3e97d78fcad4005'],1,2,0.0,0.0
cb9c02fd-f3de-4b1a-bdff-69a232667e00,15,《中国偏头痛防治指南》,GUIDELINE,中国发布的偏头痛防治指南,['c140c162c90939e05a299d71572861e3812da213e3ed9a7bec1a0b3e61fdb805652a228f1d034b56e7b2b615d46016055104aaf15ae6f9d922243d025c251c97'],1,1,0.0,0.0
e8d7630c-ecf2-4adb-bc0c-7707f1c3878c,16,《偏头痛的药物治疗》,GUIDELINE,苏格兰校际指南网络发表的关于偏头痛药物治疗的指南,['c140c162c90939e05a299d71572861e3812da213e3ed9a7bec1a0b3e61fdb805652a228f1d034b56e7b2b615d46016055104aaf15ae6f9d922243d025c251c97'],1,1,0.0,0.0
a3479b4d-0655-418e-ae44-02213288ffe7,17,《中医临床诊疗指南释义》,GUIDELINE,中医临床诊疗指南的释义版本,['c140c162c90939e05a299d71572861e3812da213e3ed9a7bec1a0b3e61fdb805652a228f1d034b56e7b2b615d46016055104aaf15ae6f9d922243d025c251c97'],1,1,0.0,0.0
79f0d7ba-c348-4761-9c9c-0fb5ed82672d,18,ICHD-3,,,['c140c162c90939e05a299d71572861e3812da213e3ed9a7bec1a0b3e61fdb805652a228f1d034b56e7b2b615d46016055104aaf15ae6f9d922243d025c251c97'],1,2,0.0,0.0
64cbb355-a624-4174-9c88-7efb9eef2cd1,19,中国偏头痛患者,POPULATION,本指南应用的目标人群,['dd608c502dd3df470da4739e60c9117f368d7c09893d7a66daf0f1880135abaaab38c47cce32f1f3256155851d6c9819a7d9ace0f1afaa233d5cea0edb7666a2'],1,1,0.0,0.0
3d96cb59-0236-4102-a6cd-ce40f0854545,20,本指南,,,"['dd608c502dd3df470da4739e60c9117f368d7c09893d7a66daf0f1880135abaaab38c47cce32f1f3256155851d6c9819a7d9ace0f1afaa233d5cea0edb7666a2'
 '216b5d37b3125c84710d2b3f71d83277b473896f3fa0f7b6a9e354cb1ff86c2aca8592c9b1477ed5cb581c71faf742662acabac70a5e6b30547ef11ba26ec104'
 'c0caca2af0fb8858cbb39cf01ee4d38c3ec003f7557549792c64e09363931aa67c8dcf2f14082261568fd7077038dfe57d090f3067f4e73d1f4b0e554262cc1d'
 'c52d4fb3c1c2a58fb99dfeeb78bfe51da638a27a4abfcef7d0cb3948c51de50d2729c8ee4cee4f8adf245630d4023485532b131e9d6003d6ee0a8955a0dd2a5c'
 '381147c160e708531edd5fe9dfe37f5429a16e1dd6e0e313cace6027de42a9bac0ee5197a83256ff01f43c8964450a46e6001cba4bd330d3292c346da34460dd'
 '12cc92b244fb719c597c724312e29eb64d5223e12466d22aa755d560a5c41b122565191de5abcdc210334538dc6974ba156f00f50a162499a1643a487900c50d'
 'f2d376a4f06b956d9f2ce60627c0dd7df152a69a4b111393d04f1823371ed14f7e8230a6e3949854553b24e24cf83b7bec46a3c1f60767ab174fa660b5348bfb']",7,41,0.0,0.0
fa89ffdb-e755-48b5-a6ca-15100aae29c1,21,指南制订工作组,,,['fafeca9006beea150ddc26d01f7626dd73339ebc97279ba19690260ecd08486a42d840a6a7fcc10014f621a01571a10508398e798582ce8e9d8bd055332f84f9'],1,1,0.0,0.0
9ddc9c47-f5d0-423b-afa4-47458a018232,22,2021 年 12 月31日,,,['26cdfeb8b4da5f299b28b04ed70798dad94c45baa9db39d3123eafa0718a71246a0b75a0c95782b5d47518a83aafe3428efcbb87d8a5df74278212364ed15601'],1,1,0.0,0.0
34863ae1-402e-4e7c-bc6d-2d91f55eb7e4,23,COCHRANELIBRARY,GUIDELINE_RECOMMENDATION,指南检索的数据库之一,['26cdfeb8b4da5f299b28b04ed70798dad94c45baa9db39d3123eafa0718a71246a0b75a0c95782b5d47518a83aafe3428efcbb87d8a5df74278212364ed15601'],1,1,0.0,0.0
a88ae7b0-806a-4916-abf4-ba59a140414f,24,中国生物医学文献数据库,GUIDELINE_RECOMMENDATION,指南检索的数据库之一,['26cdfeb8b4da5f299b28b04ed70798dad94c45baa9db39d3123eafa0718a71246a0b75a0c95782b5d47518a83aafe3428efcbb87d8a5df74278212364ed15601'],1,1,0.0,0.0
4c3aba15-4a1f-4df8-be9f-feab65ec8ea4,25,万方数据库,GUIDELINE_RECOMMENDATION,指南检索的数据库之一,['26cdfeb8b4da5f299b28b04ed70798dad94c45baa9db39d3123eafa0718a71246a0b75a0c95782b5d47518a83aafe3428efcbb87d8a5df74278212364ed15601'],1,1,0.0,0.0
e04ff847-74a1-44c7-9ee7-a2a832e8ca8d,26,中国知网,GUIDELINE_RECOMMENDATION,指南检索的数据库之一,['26cdfeb8b4da5f299b28b04ed70798dad94c45baa9db39d3123eafa0718a71246a0b75a0c95782b5d47518a83aafe3428efcbb87d8a5df74278212364ed15601'],1,1,0.0,0.0
cf187834-7c9e-4c9c-8649-b7b4344ad3d4,27,中文科技期刊全文数据库,GUIDELINE_RECOMMENDATION,指南检索的数据库之一,['26cdfeb8b4da5f299b28b04ed70798dad94c45baa9db39d3123eafa0718a71246a0b75a0c95782b5d47518a83aafe3428efcbb87d8a5df74278212364ed15601'],1,1,0.0,0.0
4021e958-27bb-4a28-8450-e99d519dc300,28,PUBMED/MEDLINE,,,['26cdfeb8b4da5f299b28b04ed70798dad94c45baa9db39d3123eafa0718a71246a0b75a0c95782b5d47518a83aafe3428efcbb87d8a5df74278212364ed15601'],1,1,0.0,0.0
7c25e444-4557-469d-9773-1b20830eafc5,29,高,EVIDENCE_LEVEL,高（证据质量分级）是指高质量证据，表明对观察值非常有把握，即观察值接近真实值，且未来研究几乎不可能改变现有疗效评价结果的可信度。,"['c56c082a1d67f7a82ea50c939b5293fc77c796523b73fbda1c19edae6897f1fbb60357c03d3a6538e7734aa79ad8dcd84e0eacca00191b66600d512dfa072bbf'
 '9b5d6687000c0133f81778a533091cc0a229a0239e3e0d496b499a8438ae27709675065c4f39211ee02bf9bb8abaeaba0e8e221101f3443368e84b5b8152406e'
 '3352eba8f84ba8640a78ca9657f477d850ca9e6d005207883d4d1591c3e8cafac7c72da89a8391fe078e518a460d5ed0fcc9ae2fabdbf3c81356ca520b3bda63'
 'ede3004f346fbf57178f109ccc246e3bc4937d91f3d8b4e360bb31965da2efe4d9269ff0f33f06a316cd47f9c5fcdcd614dd46895241fb926660d433e9caa6ab'
 '324e05cb98516ebf59b3f3abd2df7e50a2b035297a48a4083fbd34fd3c72c8d6b25f4e6dc2234b81b6a1d6ad73272dcb7501da75305ce73bde190f882d34b840'
 'b6978ecd73eb039a3d5f6955b3e9166b875eefe1f277baed3f7b3270d87d5bc929a91f1edf19c20b6a2a48d4ea9ed42d5bbdb824426fdda4bbf3a8748a5125ef'
 'eb23a2a465336b5ec6faea7509e9d96170613d5d7809facc0263e3da0a323f991faad9182bbef36140b0c9d2dcbdac84f118f661ee526045ce28f1a77a0c11b6'
 'ab880573e023cb66c0c136752d5e7ffccf0d4932be602d2e2448ad1fc7dce1cfb7fb5662f82d464e25e609ddd708ccdd5f4804c4c1a77efd91ebfe395094477b']",8,10,0.0,0.0
07ed842d-e6cc-46ee-92cb-0c29b384b55a,30,中,EVIDENCE_LEVEL,**中**（证据质量分级）是指中等质量的证据，表明对观察值具有中等把握：观察值有可能接近真实值，但也存在差别较大的可能性。该级别意味着未来研究可能对现有疗效评估产生重要影响，并存在改变评价结果可信度的可能性。,"['c56c082a1d67f7a82ea50c939b5293fc77c796523b73fbda1c19edae6897f1fbb60357c03d3a6538e7734aa79ad8dcd84e0eacca00191b66600d512dfa072bbf'
 '9b5d6687000c0133f81778a533091cc0a229a0239e3e0d496b499a8438ae27709675065c4f39211ee02bf9bb8abaeaba0e8e221101f3443368e84b5b8152406e'
 '3352eba8f84ba8640a78ca9657f477d850ca9e6d005207883d4d1591c3e8cafac7c72da89a8391fe078e518a460d5ed0fcc9ae2fabdbf3c81356ca520b3bda63'
 '324e05cb98516ebf59b3f3abd2df7e50a2b035297a48a4083fbd34fd3c72c8d6b25f4e6dc2234b81b6a1d6ad73272dcb7501da75305ce73bde190f882d34b840'
 'b6978ecd73eb039a3d5f6955b3e9166b875eefe1f277baed3f7b3270d87d5bc929a91f1edf19c20b6a2a48d4ea9ed42d5bbdb824426fdda4bbf3a8748a5125ef'
 'eb23a2a465336b5ec6faea7509e9d96170613d5d7809facc0263e3da0a323f991faad9182bbef36140b0c9d2dcbdac84f118f661ee526045ce28f1a77a0c11b6'
 'ab880573e023cb66c0c136752d5e7ffccf0d4932be602d2e2448ad1fc7dce1cfb7fb5662f82d464e25e609ddd708ccdd5f4804c4c1a77efd91ebfe395094477b']",7,5,0.0,0.0
cd6505e4-932b-4f8b-847d-a7ff14903196,31,低,EVIDENCE_LEVEL,低（证据质量分级）指对观察值的把握有限，即现有观察值可能与真实值存在较大差别；同时，未来研究很有可能对现有疗效评估产生重要影响，改变评估结果可信度的可能性较大。,"['c56c082a1d67f7a82ea50c939b5293fc77c796523b73fbda1c19edae6897f1fbb60357c03d3a6538e7734aa79ad8dcd84e0eacca00191b66600d512dfa072bbf'
 '9b5d6687000c0133f81778a533091cc0a229a0239e3e0d496b499a8438ae27709675065c4f39211ee02bf9bb8abaeaba0e8e221101f3443368e84b5b8152406e'
 'b6978ecd73eb039a3d5f6955b3e9166b875eefe1f277baed3f7b3270d87d5bc929a91f1edf19c20b6a2a48d4ea9ed42d5bbdb824426fdda4bbf3a8748a5125ef']",3,4,0.0,0.0
79e78e9a-5954-4673-a275-d1e16ec5133c,32,极低,EVIDENCE_LEVEL,极低（证据质量分级）指对观察值几乎无把握，任何疗效的评估都很不确定，因为观察值与真实值可能存在极大差别。,"['c56c082a1d67f7a82ea50c939b5293fc77c796523b73fbda1c19edae6897f1fbb60357c03d3a6538e7734aa79ad8dcd84e0eacca00191b66600d512dfa072bbf'
 '9b5d6687000c0133f81778a533091cc0a229a0239e3e0d496b499a8438ae27709675065c4f39211ee02bf9bb8abaeaba0e8e221101f3443368e84b5b8152406e'
 'b6978ecd73eb039a3d5f6955b3e9166b875eefe1f277baed3f7b3270d87d5bc929a91f1edf19c20b6a2a48d4ea9ed42d5bbdb824426fdda4bbf3a8748a5125ef']",3,3,0.0,0.0
60a73060-9ddd-4068-83bd-3da506c4f1b1,33,强推荐,RECOMMENDATION_GRADE,“强推荐”是临床实践指南中的一种推荐强度分级，表示有明确证据表明干预措施的益处显著大于风险（利大于弊），因此该等级为强推荐。,"['c56c082a1d67f7a82ea50c939b5293fc77c796523b73fbda1c19edae6897f1fbb60357c03d3a6538e7734aa79ad8dcd84e0eacca00191b66600d512dfa072bbf'
 '12cc92b244fb719c597c724312e29eb64d5223e12466d22aa755d560a5c41b122565191de5abcdc210334538dc6974ba156f00f50a162499a1643a487900c50d']",2,2,0.0,0.0
a4b8c992-6bd1-491d-96a6-c1c4555b294a,34,弱推荐,RECOMMENDATION_GRADE,"推荐强度分级，利弊不确定或无论质量高低的证据均显示利弊相当)<|COMPLETE|>(""entity""",['c56c082a1d67f7a82ea50c939b5293fc77c796523b73fbda1c19edae6897f1fbb60357c03d3a6538e7734aa79ad8dcd84e0eacca00191b66600d512dfa072bbf'],1,1,0.0,0.0
c7623878-de80-4321-82b8-1452e2186596,35,GRADE,,,['c56c082a1d67f7a82ea50c939b5293fc77c796523b73fbda1c19edae6897f1fbb60357c03d3a6538e7734aa79ad8dcd84e0eacca00191b66600d512dfa072bbf'],1,8,0.0,0.0
d810c848-a342-4f80-ae9d-2b08854d2b8e,36,中西医结合诊断,,,['5b2b629e920eee7acb2a8b6ed13d94c3e4d8b59416c6f36d7802477626230f54f08867caab065896c2f88ed0b27e72192dcd00e91dd319384c60c93ff5dc53e0'],1,1,0.0,0.0
fb9639e2-c40d-4cf9-a131-f333b4a5e3e2,37,辨病诊断,GUIDELINE_RECOMMENDATION,偏头痛的诊断需要进行详细的病史询问、神经系统检查和必要的辅助检查,['d5e6502552bdb0a2e4c3aa1f8e6e0cf7b6e6a0e4672de5df9d2a9e108988dd21f7628cc8fc797b8f7f289582e079c2f300f313cccb53f287451424e7887d181f'],1,0,,
2fca573c-8590-4d01-990e-e33f0af14ef2,38,临床分期分型,GUIDELINE_RECOMMENDATION,偏头痛需要进行临床分期和分型)<|COMPLETE|>,['d5e6502552bdb0a2e4c3aa1f8e6e0cf7b6e6a0e4672de5df9d2a9e108988dd21f7628cc8fc797b8f7f289582e079c2f300f313cccb53f287451424e7887d181f'],1,0,,
786aee20-368c-47af-a372-405ce47433b1,39,无先兆偏头痛,DISEASE,**无先兆偏头痛**是一种原发性头痛疾病，属于偏头痛的常见亚型或主要类型。其临床特征为反复发作的单侧、搏动性、中至重度头痛，每次发作持续4至72小时，常伴有恶心、畏光、畏声等伴随症状。该类型的关键特点是在头痛发作前及发作过程中不伴随先兆症状（如视觉、感觉或言语障碍）。诊断需依据《国际头痛疾病分类》第三版（ICHD-3）的特定标准进行，其表现有时可能与紧张型头痛类似，但通过详细的病史与标准评估可予以区分。,"['d367f90eabc912a20127d093959a17ddc86a9a88de21f1419a4109388e57aa6cda506f9a92e29b80881246f38b934d6e4e57b35382930c0033fb9bb0245cad27'
 '324e05cb98516ebf59b3f3abd2df7e50a2b035297a48a4083fbd34fd3c72c8d6b25f4e6dc2234b81b6a1d6ad73272dcb7501da75305ce73bde190f882d34b840'
 '3e5a7823f367d808b075c927a048ad6aec7571837c239a9d1fdebd622603d83e1f69c942f132152574d012035cbb0e3340e4f8d663f52d4f541fe94813aecfa5'
 'd9f6bea0a5ab1dc7bde9ebf7669fabe84fffb7deee4bb8bb67b0c35551979d2339d12c15802d5bd80ef750d064c46db2b29d58f4084b4ada538ca1df416ac78c'
 '9daf9a40f3978b6617c838da6bca869b94a8d202732ffb806d60818b751dad18a64af66c51716e1c9da30eeac0fdf7c9d3aed891a129d070eaeb744bc4fecbbb'
 '1ccf332050600409e1dbad13f94decee6940b9ec6f239effa49e9882fee6b553bdb6971bc000ce21309afaf6181ca56fa60f8272bf2855fc6b7ab8e99cfd6e92'
 'e4bdaf3274859fefc17e03819e07cdfc1499b7c702c170402f77909a62e84fff67860e324f4de8c7d3be920148c0a9e004b2a837b69790702ade5d2b83674266'
 'aed057aba2e0b48680fd5107a000a96f330cea037e1f30cf8359ed248fdb5ab53f12a6ea4132359db4c88dfdb0114262e9efd16d750fd50d140c53c36fb35915'
 'a13cbfe31f44cd531f4537bae79d1abeaa9ad11b4da8df319a25c2f0d8899e5ab4519ba231129ec7e09f6ecadc0526ee9bbc2b7f4d9b71e67b88375a9cb53402'
 'f944982c19751a636cf523ae9ce5e3ee3c531fbead528a83438f2fac78559a2c3d2b3ad69e202489723ad8579e9bd563ac72000f93c3817ed57ca782e5b2509e'
 '4e10a447ddaf2c74684d2a22401890d0f1eed1fd11ac887c4f65b340f4348db607f77e46c4ba8d22a4abe8dd27f016378deada950d2c72edfa41699ac96ba87b'
 '148bb5ee1d2a73e26a81fe913e4da61f1347f1bc2dd855a432013c63e266eed6d08d8d2527f8195020d488dedebf886e6ad42aeaaf088b7a0af40376a96f29b8'
 '55a10d2794ee69c451012e44ecfbbb5a8f608d0b5357030d506f20708b3c0ce2bc2e52fdced5a132300f441ba8ef197e7e5f7b55642edbc68b35acd72963c75c'
 '8af246d5d04738aa8c9599b12c878506030941cc6a5621f9adbbb8d98c1fb4880084e5c5284116edaf802611d683dee4a814ada069156187b3d41d3af28bf19c'
 'a273030661a96ecbdcd506391fdd65a62dff5c58ebe9dc9d5a5d988a5ec21a61597b93aaa369fea575f760a5f95940c98aea36bf399c204dba5c8264e826cf7d'
 '2b384656525832ccf7fcb18f887bf305fc02cd19bd9bfe73ae028b4951f90e37b7e146e308f4a4dc93e2357ad0ed8dc0ae39d88e9ee8e463302ad37ab1e6a1ad'
 '293b2880d6c93e14bd70ee7d1fbda61199d2d53addb81e7d5a50be205cec8a6cfc998fc9ed8a155f776a1d6a7bb648804bd73d2da4f1bbea152d50effa15df60']",17,13,0.0,0.0
c514bd28-682f-421b-adfe-90a509606492,40,有先兆偏头痛,DISEASE,**有先兆偏头痛**是一种原发性头痛，属于偏头痛的主要分类或亚型。其核心特征是在头痛发作前或发作期间，出现短暂、可逆且能完全恢复的局灶性神经系统症状，即“先兆”。这些先兆症状通常涉及视觉（如闪光、暗点）、感觉（如麻木、刺痛）或其他中枢神经系统功能。该类型的诊断需符合特定的临床标准，通常要求至少有两次发作满足这些标准。患者表现为反复发作，伴有上述可完全恢复的先兆症状。,"['d367f90eabc912a20127d093959a17ddc86a9a88de21f1419a4109388e57aa6cda506f9a92e29b80881246f38b934d6e4e57b35382930c0033fb9bb0245cad27'
 '324e05cb98516ebf59b3f3abd2df7e50a2b035297a48a4083fbd34fd3c72c8d6b25f4e6dc2234b81b6a1d6ad73272dcb7501da75305ce73bde190f882d34b840'
 '3e5a7823f367d808b075c927a048ad6aec7571837c239a9d1fdebd622603d83e1f69c942f132152574d012035cbb0e3340e4f8d663f52d4f541fe94813aecfa5'
 '9daf9a40f3978b6617c838da6bca869b94a8d202732ffb806d60818b751dad18a64af66c51716e1c9da30eeac0fdf7c9d3aed891a129d070eaeb744bc4fecbbb'
 '1ccf332050600409e1dbad13f94decee6940b9ec6f239effa49e9882fee6b553bdb6971bc000ce21309afaf6181ca56fa60f8272bf2855fc6b7ab8e99cfd6e92'
 '0e212d8c2c842ee5de12af1433ca1bc447466457d87d7873dc236531a59f56c27f20411f5b1eb47a8f697027a165c03b43f5f71976348f46b3caf662514fc44e'
 '83cd69793a48e458eea070d74fb1a7edcb3f4cc252aa7bbc4dc37dc197a720cb83155cf35853fc6670ca22fb08f452b6d0e61c3c678484b41ab914efab295ef8'
 'a13cbfe31f44cd531f4537bae79d1abeaa9ad11b4da8df319a25c2f0d8899e5ab4519ba231129ec7e09f6ecadc0526ee9bbc2b7f4d9b71e67b88375a9cb53402'
 '148bb5ee1d2a73e26a81fe913e4da61f1347f1bc2dd855a432013c63e266eed6d08d8d2527f8195020d488dedebf886e6ad42aeaaf088b7a0af40376a96f29b8'
 '2653331ae1a0ba2677f7f7fede8c932f4b673f0e7e38b666bf8abe90cb1a55923a96232e869023bd456e3c3629127c57fc4c106fb80ebee74e25f5e088d36f51'
 '1ffe2d0bab187b0df1646a43533f007cf04968951108797f8a2079c7447cfe2c500113a87e98099ae88711680e4cdef578cde98d34f527406a6338fa908e5f3c'
 '8af246d5d04738aa8c9599b12c878506030941cc6a5621f9adbbb8d98c1fb4880084e5c5284116edaf802611d683dee4a814ada069156187b3d41d3af28bf19c'
 'a273030661a96ecbdcd506391fdd65a62dff5c58ebe9dc9d5a5d988a5ec21a61597b93aaa369fea575f760a5f95940c98aea36bf399c204dba5c8264e826cf7d'
 '2b384656525832ccf7fcb18f887bf305fc02cd19bd9bfe73ae028b4951f90e37b7e146e308f4a4dc93e2357ad0ed8dc0ae39d88e9ee8e463302ad37ab1e6a1ad']",14,23,0.0,0.0
ee08258f-7327-46f1-9459-c1bbd95e644d,41,慢性偏头痛,DISEASE,慢性偏头痛是一种偏头痛类型，其诊断标准为：患者每月头痛天数达到或超过15天，其中至少有8天符合偏头痛特征，且此模式持续至少3个月。它通常由发作性偏头痛转变而来，表现为头痛频率增加、恢复期延长，是一种病程较长的疾病状态。该疾病不仅在临床中定义明确，也在动物模型中得到研究。,"['d367f90eabc912a20127d093959a17ddc86a9a88de21f1419a4109388e57aa6cda506f9a92e29b80881246f38b934d6e4e57b35382930c0033fb9bb0245cad27'
 'c01220242d7d3b6157eaf91fb6ad7e5f05d455441d91a2b77db0127e02b0fe7423ed15b66ae28fd3fab0125ef1b99725bfc52b50ef58fe62288f8190496b38bf'
 '324e05cb98516ebf59b3f3abd2df7e50a2b035297a48a4083fbd34fd3c72c8d6b25f4e6dc2234b81b6a1d6ad73272dcb7501da75305ce73bde190f882d34b840'
 '78fd9b204da2b6ddd7a495c820a5d60bf223efd0038c19ba4f23595bcceb7023a7ae5004f5769dd4ddf103bc094fa30996c8e57f71ed174a0b91cfc9d29aba2c'
 '3e5a7823f367d808b075c927a048ad6aec7571837c239a9d1fdebd622603d83e1f69c942f132152574d012035cbb0e3340e4f8d663f52d4f541fe94813aecfa5'
 '8a5a6e187c668bb2f8331df659df42e1806867580ac766ba79bd9efeba8f788a99d6677d88162b703da1dfef9d27fc7aee00093a794541110dbfebcba1a298b0'
 '0652c8adae3332fa149aee4f026b39c62e7a17eb485b6a9171cfa2a1170cb9d5b4facc0b94b7e628e1be7e4b64b0226a483130d776edc7f2d1c5587a8aea09bf'
 '824fa1d939d9f4365de203d19b45200969da44ea4f970f3976bff33840fbce6c3f6e083beb7a818d8a4931e3d62deee198ab5524f4accc431cbc98bf553962a7'
 '1d122b3bada9b702ba09aa102394d4359ead374a3c12e3bdc2a3dd991f3b8ddd94a81ade0f079f91bfb5c84ba3e384469b85a8db5d907c53216a4bd7168b5d3f'
 '238dd9495214c1f5dabc20718c46f30b60e954190220bd99189450cd340b3ae336482beca52b26e8653e82062dffe95c5d2a0e85373cc3f8dcef7e787492ee35'
 '88308954a8d2d7586ca8cc75b1b11f9449934357376dc59c92ced6f46cf1845fa46e9148292d5c59387ef0e4995324fa9a855891a896a148c086de27d054fc7a'
 '00a0c1db6485e7cbac54a732052006a67c99da84f0e4ae3b0b5ef4c9c184759efc49103ab0655d3717b6119de694b25d045ac14ada547d3f5696cd69ad0fcb0b'
 'a13cbfe31f44cd531f4537bae79d1abeaa9ad11b4da8df319a25c2f0d8899e5ab4519ba231129ec7e09f6ecadc0526ee9bbc2b7f4d9b71e67b88375a9cb53402'
 '3f782c82580d6e62e08d2748ae50d379c9ad01c81d9265f50b9abe64ef32dd96ddc92b0a6cb55092a728e73bf9bba8a93ed4b1306fab2fe207936fee806ea0a0'
 'caa24a7186ba46d267f4c153375d46218d52154d378553ff6c732c0f3c8c6453ce1501e3e04e8f0f7bd9265300b413e652f3adce375c8ee1ba81dfab387fa675'
 'ab880573e023cb66c0c136752d5e7ffccf0d4932be602d2e2448ad1fc7dce1cfb7fb5662f82d464e25e609ddd708ccdd5f4804c4c1a77efd91ebfe395094477b'
 'f2d956b3558601f0e70fdc3346118b9293d283043264f63f9cbcfff22c35753ec9c3813f6ce97ba179ab425243bf20419f3faea8377896065191a30feb4031f9'
 '4e10a447ddaf2c74684d2a22401890d0f1eed1fd11ac887c4f65b340f4348db607f77e46c4ba8d22a4abe8dd27f016378deada950d2c72edfa41699ac96ba87b'
 '148bb5ee1d2a73e26a81fe913e4da61f1347f1bc2dd855a432013c63e266eed6d08d8d2527f8195020d488dedebf886e6ad42aeaaf088b7a0af40376a96f29b8'
 '2653331ae1a0ba2677f7f7fede8c932f4b673f0e7e38b666bf8abe90cb1a55923a96232e869023bd456e3c3629127c57fc4c106fb80ebee74e25f5e088d36f51'
 'ce245f775d35ff93a0b71a0da8c38a9daf1441422fdbfc3b5693c0258a3a739d2f29f767a98cf04d1296d0fdc62d345c27fba81c543d719ce7dd4624b66b865d'
 '96c1d632d42d78b15760ba4e1da4df401b53c363449c8289a6c5a8655253b6e3367dc93e0498869705de3a1078f9431e54990c712a7219ef6884c8a8885a035c'
 '55a10d2794ee69c451012e44ecfbbb5a8f608d0b5357030d506f20708b3c0ce2bc2e52fdced5a132300f441ba8ef197e7e5f7b55642edbc68b35acd72963c75c'
 '4539c484e5bf2d61749b4d64c10d034e623dd3ef4e3c28a227462428e6862fde175c62c0bdbea123d78990880838c55f2a3fb1f48f7172a9e35b73ec0541a88e'
 '940718a57f149467eeba3a2b796e9b3ba59e2fd07e8732249d3549c2e2c4f6dc2d0f638e328ee0e924716273f36322f64fbb63366848282d06b384a976104773'
 '8af246d5d04738aa8c9599b12c878506030941cc6a5621f9adbbb8d98c1fb4880084e5c5284116edaf802611d683dee4a814ada069156187b3d41d3af28bf19c'
 '571033fb76c267906f15ebc5bb424e0f22da46345f9e8d60796f1d2d96929a6859c3df74ee25d5709bc2e5f464a592d92b8f77bf57b9a0d0c1e941963385ad77'
 'c7d1b4a4d6c1890a132c31e59180d731225566cf55ebabf81e05e51dc067c87990a977ce7b4870782038556add3f4a624eb29460e048396081cec193a59c7894'
 '293b2880d6c93e14bd70ee7d1fbda61199d2d53addb81e7d5a50be205cec8a6cfc998fc9ed8a155f776a1d6a7bb648804bd73d2da4f1bbea152d50effa15df60'
 'a7497051b835b0296caa8c43a2182e056a4d630488acdf638ab6cd1d926fb9ebe0e50b22dece2d0fb4bfabf4f04ef42edc8be89a0203491675e0fc4b52a1b78f'
 '8f5751520c653eceb98d31d48f585edba62ef8e1a15de3b3d6838ecbe973a22911b26e5cf43c0492256626194ac47c09313525fab95f5bb1e1e024fa5a13370d'
 '7550c181997ab8ff64b5459fa3cf8edbc6b1104394351e2f88ebd8ef645e8380153cb5f442a090028936bb1746a8218cc5368baf8600f1f910ee280c1ea68d17'
 '0054d8619570bb6c0efca76fc0b5d60b2020d45053f0043184d6db81d8b4175c11d3bf6bd1b762bf62da191305d36d6c9842c8a074e437af7b77352179be84b7']",33,26,0.0,0.0
92eb3879-a265-402c-97b9-0b5fd6d7060c,42,偏头痛并发症,COMORBIDITY_SCENARIO,偏头痛并发症是指由偏头痛引发的严重或复杂的临床状况，这些状况可能与偏头痛相关的周期综合征有关。,"['d367f90eabc912a20127d093959a17ddc86a9a88de21f1419a4109388e57aa6cda506f9a92e29b80881246f38b934d6e4e57b35382930c0033fb9bb0245cad27'
 '3e5a7823f367d808b075c927a048ad6aec7571837c239a9d1fdebd622603d83e1f69c942f132152574d012035cbb0e3340e4f8d663f52d4f541fe94813aecfa5']",2,1,0.0,0.0
621bab2d-b669-41d3-a004-864dd404842c,43,很可能的偏头痛,DISEASE,**很可能的偏头痛**是一种临床诊断类别，用于描述患者出现类似偏头痛的发作，但其症状表现不完全符合国际公认的偏头痛任一具体亚型（如无先兆偏头痛、有先兆偏头痛等）的全部诊断标准。具体而言，当患者的发作仅有一项特征不符合特定偏头痛亚型的标准时，或当其临床表现仅符合部分而非全部必需标准时，即可归类为此种情况。因此，它本质上是一种基于现有证据、可能性很高的疑似偏头痛诊断，常用于临床评估和进一步观察。,"['d367f90eabc912a20127d093959a17ddc86a9a88de21f1419a4109388e57aa6cda506f9a92e29b80881246f38b934d6e4e57b35382930c0033fb9bb0245cad27'
 '3e5a7823f367d808b075c927a048ad6aec7571837c239a9d1fdebd622603d83e1f69c942f132152574d012035cbb0e3340e4f8d663f52d4f541fe94813aecfa5'
 '29b42c77a75f75214e91fc897164ece3a818f406fb35fdd0ebcef96c7e1569e187c10bd59b8b2ee6499e5627bd49b0f71e15b6719f460c63cd96d72840065dba']",3,1,0.0,0.0
a95a939f-c89c-4c8e-bf07-18530a1fd66c,44,急性发作期,TREATMENT_PHASE,急性发作期是偏头痛临床分期之一，通常持续4至72小时，指疾病症状急性发作并需要针对性治疗的关键阶段。,"['8e89504c56712d7e6317736021612ef16ebddf16c46e654d54035c555b49620dfe19a8c613ebbd5416f9b95ce048c5e338d85bd7535a5d4c23921bf1ae047a96'
 '64945696a7fffc382fa7cfb6d56869218481a2a35824ffbdf7c52cd55bbc1fcaeb35302134d989f6b3a3fa956d8b8d3baebaace270fff9c9a5557ceb1e97b709']",2,2,0.0,0.0
0017ab60-94bd-49db-a135-a5169a3ee775,45,缓解期,TREATMENT_PHASE,**缓解期**是指疾病或症状在急性发作后得到控制的阶段。对于偏头痛而言，它特指急性发作期结束后、症状减轻或消失的时期，持续时间可从数天延续至数年。在此阶段，治疗重点在于维持病情稳定、预防复发并管理可能的残余症状，属于疾病整体管理中的缓解与维持治疗环节。,"['8e89504c56712d7e6317736021612ef16ebddf16c46e654d54035c555b49620dfe19a8c613ebbd5416f9b95ce048c5e338d85bd7535a5d4c23921bf1ae047a96'
 '64945696a7fffc382fa7cfb6d56869218481a2a35824ffbdf7c52cd55bbc1fcaeb35302134d989f6b3a3fa956d8b8d3baebaace270fff9c9a5557ceb1e97b709'
 '7dc3750a7b61d30cd6cc5688b4d45016d4f96591ef54ddff733bae89d5bb73b20cfe18b6b6892350c51657ee248e44b4e211c0ca4350661af7994b6df3cca7b4']",3,3,0.0,0.0
11b300a0-bc80-4c38-b220-272bab12b974,46,头痛严重程度分级,GUIDELINE_RECOMMENDATION,将头痛分为无、轻度、中度和重度疼痛,['218229e8c2d07caa2f532278c3b7a95cedfb648fd6381b64666c9fb48882dfc3f5dff5605eb274923c913f9f94bbb3751c14fdf2e2f777cb9346cc2f967e45f8'],1,1,0.0,0.0
54272b7c-aea2-400c-b59f-1c742fc80c62,47,视觉模拟评分法,NON_DRUG_TREATMENT,"
用于评估头痛严重程度的工具",['218229e8c2d07caa2f532278c3b7a95cedfb648fd6381b64666c9fb48882dfc3f5dff5605eb274923c913f9f94bbb3751c14fdf2e2f777cb9346cc2f967e45f8'],1,1,0.0,0.0
b013476f-3f2f-4da5-99d7-c1e60641e39f,48,风瘀阻络证,COMORBIDITY_SCENARIO,风瘀阻络证是偏头痛的一种常见中医证型，主要由感受风邪诱发所致。,"['2613bb946cabff0fdc6100d8dfacc5639d043567be0e075dc968299ee66a1407c032fd9c338aa8f22ea99a4ce603aab1b6438e494b69c0a7a9949a2fa2a17d04'
 '5257bc5aeadc011a5763e61ee07795768e01f63717209911c4c72123b1fbf5ce87dcfc3e1c9ce6d216a2937a8980d7fef0635b203fb0af5eb60a000b79d8eb41']",2,7,0.0,0.0
75416866-d0bd-428f-81e0-d64b0c02b18f,49,肝阳上亢证,COMORBIDITY_SCENARIO,肝阳上亢证是偏头痛的一种常见中医证型，常因情志过激、劳累过度等因素诱发。,"['2613bb946cabff0fdc6100d8dfacc5639d043567be0e075dc968299ee66a1407c032fd9c338aa8f22ea99a4ce603aab1b6438e494b69c0a7a9949a2fa2a17d04'
 '5257bc5aeadc011a5763e61ee07795768e01f63717209911c4c72123b1fbf5ce87dcfc3e1c9ce6d216a2937a8980d7fef0635b203fb0af5eb60a000b79d8eb41']",2,5,0.0,0.0
640b7b50-d081-4285-86e6-2a88b9702c3b,50,风痰上扰证,COMORBIDITY_SCENARIO,**风痰上扰证**是偏头痛的一种常见中医证型，常因情志不遂、劳逸过度或饮食不节等因素诱发。,"['2613bb946cabff0fdc6100d8dfacc5639d043567be0e075dc968299ee66a1407c032fd9c338aa8f22ea99a4ce603aab1b6438e494b69c0a7a9949a2fa2a17d04'
 '5257bc5aeadc011a5763e61ee07795768e01f63717209911c4c72123b1fbf5ce87dcfc3e1c9ce6d216a2937a8980d7fef0635b203fb0af5eb60a000b79d8eb41']",2,2,0.0,0.0
0555d280-5b07-4e81-91a9-533bc2f88406,51,瘀血阻络证,COMORBIDITY_SCENARIO,瘀血阻络证是中医证候类型之一，主要表现为瘀血阻滞经络的病理状态。在临床上，该证常见于偏头痛等疾病，尤其多见于病程日久、头痛反复发作的患者，属于偏头痛的一种常见证型。,"['2613bb946cabff0fdc6100d8dfacc5639d043567be0e075dc968299ee66a1407c032fd9c338aa8f22ea99a4ce603aab1b6438e494b69c0a7a9949a2fa2a17d04'
 'de94d2a51c5eabe241bc242da808e240a27bbb801f7ba6cbc0ddb22bddc136d98d6c1c0bb0d8d0f35ebecf1b00dedbf27113516bc4857e793c2c5ad3ad6d3e39']",2,2,0.0,0.0
bb64ac9f-5dd3-4e7e-b966-884329f07f57,52,中医内科学,GUIDELINE,参考的内科学指南,['2613bb946cabff0fdc6100d8dfacc5639d043567be0e075dc968299ee66a1407c032fd9c338aa8f22ea99a4ce603aab1b6438e494b69c0a7a9949a2fa2a17d04'],1,0,,
42f96ad4-233b-43f6-bb9c-5b0263754fe3,53,实用中西医结合神经病学,GUIDELINE,参考的中西医结合神经病学指南,['2613bb946cabff0fdc6100d8dfacc5639d043567be0e075dc968299ee66a1407c032fd9c338aa8f22ea99a4ce603aab1b6438e494b69c0a7a9949a2fa2a17d04'],1,0,,
8867eaba-c420-4807-a9b8-1b2f94fd7bb2,54,急性期治疗,TREATMENT_PHASE,**急性期治疗**是指针对偏头痛或其他疾病（如头痛）在急性发作时立即进行的治疗阶段。其核心目标是快速中止发作、解除疼痛及相关症状，通常涉及使用镇痛药物或其他干预措施。该治疗常与预防性治疗相结合，并以服药后特定时间点（如2小时和24小时）的无疼痛状态作为疗效判定标准之一。在临床实践中，急性期治疗尤其适用于儿童、青少年及成人患者，强调及时干预以控制发作期的病情。,"['a458294f42bdaaae8a5136abe6b357403f239d96f1f8a9aaaa4098fa742c440394e325865db4db764526df44663b359523ca447f41647f170f492cd9550a6127'
 '59293a0dbcffd3592bf67a16de65be411d67ea7a2e89febbdbfb8440fb896f7d68c6f7fec121254a0d9f2589fcbd8fc9fe8f2959620a5adb90b8cbac59ee6db9'
 '0753a5364e8659153a688ab0eca1df824f632203d4596b69b50e7c01586097ec4e30fb396f58f92bb9d5396f0f58956a8be35d67bfdda38302dccdf1aef38243'
 'db7f302aa51dbce26492c29730ea69119f5e2bb25fa32bffeb20529785ff4c4a1e01a0f76bd28928be9c60a355b684a850916329a74d1256a40ecff24cc9b16f'
 'fd1bc9667578009377bbd23e1608c5f1d7847ea676c232cc2c09d7415c20f3ed58aa62a0ad19948e7fbb0ee262fc023c3da4df02c5955dae2304019db8d2c832'
 'cd2a54931edbd63ab62b28d03fb6ddc8bbd6049351a8a7b80db264eabe008bc0920f5da9e2ed3d88844e80641d5c9f2e2d7520c695728aeb4104a942d6694f89'
 '6b7711be923ef18d996b237c5656a6e7b959f06d5000fe52aaf758e5fb648caeb02c40857bc1e3233fc0dd9f6e4ea63ef7e863fb76631f043133796dfec81c26'
 '7d98ba8f9de7b614e73262910d8b5dcb17fcf4bd92d49748d70d608417585ea50b1b33e4928bccf741cb255a7f4b71ceedb7faa836017fea4ae46041700f519c'
 'f1d2caf9b82ac1c50c286deac68819f12ae94d530212549de84ec29583ac195bf8f92185b57db573efd2db45182c070718c763dd01ca2300a3414e6e63110903'
 '09504ecbdd99c16f37e9d92750cb60d1956c26b81dce28150e1f2817f922fb84b3c9862359193d051cd265b09be9488affcb893d2e96a0c115c5a3af54ff6f0f'
 'a2e24582c54a09a4696e862c1e0039c25baf8e352a73031e827dacc8522ad5a43b1bdd1d41d4861e4a869a1f7b1ff57f29c38294df2fef000b1bdf7a00fa8813'
 'c4dcdcb909f65ebc63e961ae81f141ac478d6a1fe9d55ef54956d0b17c09780b0a55efee287564f598620f6d167825dd2c76326b08d3219c07bcc6efbc1adfba'
 '92171d24eb1465a711a41f97a09e6b4153dae2530131e3d2f871759e91b8903eca9147047c4efce5204b356746e7a5811b0c876303dacf18d8abdb91980cb349'
 '216b5d37b3125c84710d2b3f71d83277b473896f3fa0f7b6a9e354cb1ff86c2aca8592c9b1477ed5cb581c71faf742662acabac70a5e6b30547ef11ba26ec104'
 '1130ad4967afb133bbf0e642a6f8fa0041c2414d645343304b1360c1d9c162203071e1647448ff03b00480b585313245606bb7b75a806982c5f8f0ce2974de03'
 'c01220242d7d3b6157eaf91fb6ad7e5f05d455441d91a2b77db0127e02b0fe7423ed15b66ae28fd3fab0125ef1b99725bfc52b50ef58fe62288f8190496b38bf'
 'f774ecc5ad11c6218cf9a5fa3956561dae8d217b440ba4206959b9b5c33aeca048a105c46772bb22452034ff8e2ac6545387df78983c45e384ec2b379e14652f'
 '3352eba8f84ba8640a78ca9657f477d850ca9e6d005207883d4d1591c3e8cafac7c72da89a8391fe078e518a460d5ed0fcc9ae2fabdbf3c81356ca520b3bda63'
 'ede3004f346fbf57178f109ccc246e3bc4937d91f3d8b4e360bb31965da2efe4d9269ff0f33f06a316cd47f9c5fcdcd614dd46895241fb926660d433e9caa6ab'
 'f234e124dc5783cb0747886716e4ecf14c3e480669de8bf4513a70f4d0019343739bda38aba548f7aeadfb80ebb4169f3525b6a0d1100b3e7540440b2e727fed'
 '324e05cb98516ebf59b3f3abd2df7e50a2b035297a48a4083fbd34fd3c72c8d6b25f4e6dc2234b81b6a1d6ad73272dcb7501da75305ce73bde190f882d34b840'
 'a2de2acf9a31b99739527ed05a228296f40e8f6a500099e61b04f2ed19140c20f629655b73848f330d0df55707f48e4c0601eabc3608f52134475dbc71419e9a'
 '9b33fd76a5e68a032ef4110cdcedf43bab5889fa6a85227d2b3cdf681683caed3334e7a701b9082a321eed3ead839a6ddd6573921141bbde60fd3fdbe876e49f'
 'ab1c1c83a9f14dae2c811c808ef239ac2aba116e004b6113e443fddea8fc1801171748bc0b19ea25533c075f5585a3694a64eafabd46b4ee9b94199edb2727d1'
 '52210322972c047efc7689da633097a5df8ebccef9995944df73c65ace381727b5e957bf05ca9fb923614ca21f8a668a019c808fee804e714d274f8988e0e0d2'
 '6967dda71be8ac5f6b475081cd6c74f33a67f77933bc99b25f684006712cc4876a2c6d66e3ccfe136e49063e30594477597f27f1d7b39bb475e23abf98bb8a43'
 '0b86a4c689db0891c92ce16db9aeb4a083baa3e53bdd292daf6b121d910b04d4630148908f86658eced07ddf5362ec575605b7082374336502884b7c628eb982'
 '78fd9b204da2b6ddd7a495c820a5d60bf223efd0038c19ba4f23595bcceb7023a7ae5004f5769dd4ddf103bc094fa30996c8e57f71ed174a0b91cfc9d29aba2c'
 '8931f5c2719f51b2f9670b2d6459ef249a615ff1844aa72e17aae8f17efb1694bedb22ad4ac573f8d6ae43d180cff0ee4892d3597d879483f09e8da03c6bc511'
 '1c2d42cf24d5ef41eadbc348176fc20e538136d601d7796de053c8d108164282bc91e627d6fb591fd2b3c6605eec37ee0ee6a4acb7ae2873d039be0a367cabe9'
 '88308954a8d2d7586ca8cc75b1b11f9449934357376dc59c92ced6f46cf1845fa46e9148292d5c59387ef0e4995324fa9a855891a896a148c086de27d054fc7a'
 '00a0c1db6485e7cbac54a732052006a67c99da84f0e4ae3b0b5ef4c9c184759efc49103ab0655d3717b6119de694b25d045ac14ada547d3f5696cd69ad0fcb0b'
 '70a2289e3d01e3539fe24bc8816199ec843e6167c86c98eab9ae712b137d41c9258075897a7e3e9b5e140cfbf8f001570f2de182562d0fd13781b8f0c716aae2'
 '66fafb979e4741dbb83cfb0ca734aaa23ede790ff25a511a005a58515b4535623120fb9baa7f15c331ad249821458a0f77372a614c234d1309dfdfc250b296dd'
 'eb23a2a465336b5ec6faea7509e9d96170613d5d7809facc0263e3da0a323f991faad9182bbef36140b0c9d2dcbdac84f118f661ee526045ce28f1a77a0c11b6'
 'ab880573e023cb66c0c136752d5e7ffccf0d4932be602d2e2448ad1fc7dce1cfb7fb5662f82d464e25e609ddd708ccdd5f4804c4c1a77efd91ebfe395094477b'
 '4e10a447ddaf2c74684d2a22401890d0f1eed1fd11ac887c4f65b340f4348db607f77e46c4ba8d22a4abe8dd27f016378deada950d2c72edfa41699ac96ba87b'
 'f4b073c881c4fcb05727ee79708bd9cfbb6d3e83237cf1b85e3187dcab07280875c52e63328b7611bc065541e3dd44f41cde68660eeacbdab3bdbfebb4ff5fa2'
 '571033fb76c267906f15ebc5bb424e0f22da46345f9e8d60796f1d2d96929a6859c3df74ee25d5709bc2e5f464a592d92b8f77bf57b9a0d0c1e941963385ad77'
 '2b384656525832ccf7fcb18f887bf305fc02cd19bd9bfe73ae028b4951f90e37b7e146e308f4a4dc93e2357ad0ed8dc0ae39d88e9ee8e463302ad37ab1e6a1ad'
 '42781f631e60d5dc978768ac106545507144b9e7739c934b8c58b4e43df91be73d72050987092a86649f7624b77499e7b92b3d0040bae8376c6045c2ba6a4181'
 'c7d1b4a4d6c1890a132c31e59180d731225566cf55ebabf81e05e51dc067c87990a977ce7b4870782038556add3f4a624eb29460e048396081cec193a59c7894'
 '37233ebbd9a0ab3121dd8fc0f8be180adc5ad2f3ec22fb332b5c77f01727238ab35e42dc12015ec6693199d7b5a8086b0b0be8a86a6328cc3cdafd203b47b8bc'
 '0e3088f94fd74dd0bf54ce4fe7dfb492db7a4fa8eeed4a699f6992bc1606d3f05b5845dea1e8d94b3b6a8c011887384eb0757bbf3764f608225b6b1ce8e9ffc0'
 'bfad7cb80612a979706bc5c077780f25ccccf3bf53dd263029107f1a6f54e815903ad1a1f128aadb0c9fbaf3e877cac08d057af5995c321f9ec6c6d8df22f726'
 '0054d8619570bb6c0efca76fc0b5d60b2020d45053f0043184d6db81d8b4175c11d3bf6bd1b762bf62da191305d36d6c9842c8a074e437af7b77352179be84b7']",46,26,0.0,0.0
2d369837-9fd2-4cd4-bc6e-c6ec00c7de94,55,预防性治疗,TREATMENT_PHASE,**预防性治疗**是偏头痛药物治疗的一个阶段，通常与急性期治疗相结合，其核心目标是预防疾病（特别是偏头痛）的发作。该治疗旨在长期降低偏头痛发作的频率、持续时间、严重程度以及相关的失能情况，同时也能提高急性发作期治疗的效果。在儿童偏头痛的管理中，预防性治疗同样扮演着重要角色。总体而言，这是一个以减少头痛及先兆频率、减轻头痛程度及缩短持续时间为导向的治疗阶段，对偏头痛的预防起着关键作用。,"['a458294f42bdaaae8a5136abe6b357403f239d96f1f8a9aaaa4098fa742c440394e325865db4db764526df44663b359523ca447f41647f170f492cd9550a6127'
 '243baadc036ebd5c237eb0fc8241cb85f5b20d68bdda0f7f7f1c266ecb583f406c167720b89ec53cdd252c4f90aafd0e5cce5df8fd41f68617eb126dffe12341'
 'ea11ee96d3f2af771dfccd60c6353ed3c6d19ec37a683206c7b6ec35c911aaccf0e3d24e9f5b9f8d9b79b5f8c9bf6996aef32803f67d953fa9b2cab9c1c2e149'
 '385f64f1d30ad793629774f67d67cb267548315f3c95c2a9d847a3e7ce87713464fdc490766f3f416a1a499d74df1fef5e81c0ee8a9d54d9ce1c8333c14738ba'
 '25d7bc650344523cefcd81f736ee1cd038301dcfbc36aef334e74d4252cc55238d130d733c5fc85b61305d8099a447ce55a9cdaf031eb6825f17f417254cf314'
 '916df53df347ea8d591a39d75bfe49c9daf343e44bd0f7fcd5a3e80616d29787d6d759260a78c8010be13389ce5c71c5a7b649f82b1a94b798dfd0b9138a5bd1'
 '429966d7586504f7a7c9894895d9865d20e58205e7251828ad0a425146fa7accab518524fd8e4f6f53daa7aa3308faec07f595c3731f2b72da760b733eb1beed'
 'cd9892f54ec3f204606907de9815a200574050279a304a29530b76950c98ba021f2a39bfbdf0ea7298fe624744e27a5ae2525305555e24065cf96aa150a9c5f7'
 '0e23d33c40ad564baa0084ebd8235cb1ce82f4d6b6fb48063d86fcb23695e22c4f9ce6522e3cbecd103ff6a44d061911281712609c45a72c04c899e10ca7d0dd'
 'fb7937078606072981cdd7d9646067a24fb9e1e928590b9a96273cebbe354ed92c551b5f4b225d11028f03e369b1ec1cc016a47fb4976038bb73c7122daac62e'
 'e49aff32a59ed37a6f07ad54de938177fc4f6c7a014d75cbb68b19876cc9726f90e380cb1a3239f8ae7e3499c97a4d6aa863c4733082e908275eadd69856fe51'
 '7dc3750a7b61d30cd6cc5688b4d45016d4f96591ef54ddff733bae89d5bb73b20cfe18b6b6892350c51657ee248e44b4e211c0ca4350661af7994b6df3cca7b4'
 '95822c8a9994a4f2f6caa31f47747bf7108a37bff834cac36c07f4e513e018deffc602550d7e95b345ca046805988c0d38f1a35e6901a5efbf9212b3b4565b97'
 'c01220242d7d3b6157eaf91fb6ad7e5f05d455441d91a2b77db0127e02b0fe7423ed15b66ae28fd3fab0125ef1b99725bfc52b50ef58fe62288f8190496b38bf'
 '78fd9b204da2b6ddd7a495c820a5d60bf223efd0038c19ba4f23595bcceb7023a7ae5004f5769dd4ddf103bc094fa30996c8e57f71ed174a0b91cfc9d29aba2c'
 '8931f5c2719f51b2f9670b2d6459ef249a615ff1844aa72e17aae8f17efb1694bedb22ad4ac573f8d6ae43d180cff0ee4892d3597d879483f09e8da03c6bc511'
 '3094b23ee2b02a1ebf0e6f0494741e8b4c098d1401dd6d444c7e611df529f1098214f283638978a30c131cae8f3cbeaaf9679c1e01b075e601c671cf42b1e25c'
 'ab02a1307f63358bba10915511264b7bd499a08f4799ccbe749feea02892d3b4576b80b148aafc7d157b4e4ee34994660056fda352cb0162f7687641ca4e1399'
 '0652c8adae3332fa149aee4f026b39c62e7a17eb485b6a9171cfa2a1170cb9d5b4facc0b94b7e628e1be7e4b64b0226a483130d776edc7f2d1c5587a8aea09bf'
 '27669660dd2ef05fcd56fd9631f4b9b50b8b6797e69e1e92b945a1dad58714790f64a4bcac88c34640d5aaed32120d47e43547f248dd610ee6a0f16f02c0c9aa'
 '824fa1d939d9f4365de203d19b45200969da44ea4f970f3976bff33840fbce6c3f6e083beb7a818d8a4931e3d62deee198ab5524f4accc431cbc98bf553962a7'
 '1d122b3bada9b702ba09aa102394d4359ead374a3c12e3bdc2a3dd991f3b8ddd94a81ade0f079f91bfb5c84ba3e384469b85a8db5d907c53216a4bd7168b5d3f'
 '238dd9495214c1f5dabc20718c46f30b60e954190220bd99189450cd340b3ae336482beca52b26e8653e82062dffe95c5d2a0e85373cc3f8dcef7e787492ee35'
 '88308954a8d2d7586ca8cc75b1b11f9449934357376dc59c92ced6f46cf1845fa46e9148292d5c59387ef0e4995324fa9a855891a896a148c086de27d054fc7a'
 'b1ee9fca7026d9a451701ab580130239412496d9c903653e2dffdb84d5e68840671b7da965cc3cea481a2b77c5e406d3237826861317b0a52491a46758b864ff'
 'e4bdaf3274859fefc17e03819e07cdfc1499b7c702c170402f77909a62e84fff67860e324f4de8c7d3be920148c0a9e004b2a837b69790702ade5d2b83674266'
 'ff40d9d77831c63126abcff57c0dc9b00a0481a114fd14b41eb87b1817126e86e2d78f953b428ca1a255ba69368d9aad3a9cfb384173b77490f104c4d8e6c2c0'
 '00a0c1db6485e7cbac54a732052006a67c99da84f0e4ae3b0b5ef4c9c184759efc49103ab0655d3717b6119de694b25d045ac14ada547d3f5696cd69ad0fcb0b'
 '70a2289e3d01e3539fe24bc8816199ec843e6167c86c98eab9ae712b137d41c9258075897a7e3e9b5e140cfbf8f001570f2de182562d0fd13781b8f0c716aae2'
 'b44a4ead047386c338b7678f85cb9392b9d674b5c104be8a0592089fa80df3858cc5d9b8c8d89ff2e63f744bae5fe9466942cfd8b18c682a1e5da046033ccbd8'
 '3f782c82580d6e62e08d2748ae50d379c9ad01c81d9265f50b9abe64ef32dd96ddc92b0a6cb55092a728e73bf9bba8a93ed4b1306fab2fe207936fee806ea0a0'
 'caa24a7186ba46d267f4c153375d46218d52154d378553ff6c732c0f3c8c6453ce1501e3e04e8f0f7bd9265300b413e652f3adce375c8ee1ba81dfab387fa675'
 'f2d956b3558601f0e70fdc3346118b9293d283043264f63f9cbcfff22c35753ec9c3813f6ce97ba179ab425243bf20419f3faea8377896065191a30feb4031f9'
 '00f6ae08bfe86a45fb0a5b9bb0c1af4689dc9a8bf3e904dafc085247d4891d45662af08314d8f37937a0c4846545bd0e0f2b558d3b42b0faee320aca0426b1c1'
 'ce245f775d35ff93a0b71a0da8c38a9daf1441422fdbfc3b5693c0258a3a739d2f29f767a98cf04d1296d0fdc62d345c27fba81c543d719ce7dd4624b66b865d'
 'f4b073c881c4fcb05727ee79708bd9cfbb6d3e83237cf1b85e3187dcab07280875c52e63328b7611bc065541e3dd44f41cde68660eeacbdab3bdbfebb4ff5fa2'
 '79037074f25246054dfe6498136b54c0df01452fd049cd956a4f9a9e4c77532c26008d4cf6308be9c579313d6ce60601c5cc6ca776fffcfd68434de296336aac'
 '571033fb76c267906f15ebc5bb424e0f22da46345f9e8d60796f1d2d96929a6859c3df74ee25d5709bc2e5f464a592d92b8f77bf57b9a0d0c1e941963385ad77'
 'ad35013d5762ef15840617220687d42379da7e6c224e4855c141b759801bcfd09828afb47c83e266ef51862cb8425a84f9f1117657d14c607e0bcbe3020d96e4'
 '2b384656525832ccf7fcb18f887bf305fc02cd19bd9bfe73ae028b4951f90e37b7e146e308f4a4dc93e2357ad0ed8dc0ae39d88e9ee8e463302ad37ab1e6a1ad'
 '42781f631e60d5dc978768ac106545507144b9e7739c934b8c58b4e43df91be73d72050987092a86649f7624b77499e7b92b3d0040bae8376c6045c2ba6a4181'
 '9d010be2e112d921a8ec409921bb6bf7daae44915d78a6a3a4454af9c7338b2f347bb11cc96b4320ac39dd9287ecab8c98e46701661c327517b831aff8af0e2a'
 'c7d1b4a4d6c1890a132c31e59180d731225566cf55ebabf81e05e51dc067c87990a977ce7b4870782038556add3f4a624eb29460e048396081cec193a59c7894'
 'a578bb266eac8d475af4234e82a3d5822a74c7a1eac09c058832af07f532741e5303dd74c29ad9d64b013551a85430b1ae83740e258f3b562bfd005164de4799'
 'c2031564b2d99daca2b5e349850ba0ba86764393067e0bc3c11ae4ef38757e18e509b367c36da2449af5b154da283005bbf3932e84d351c1c6a1f23eeeef7a73'
 '8f5751520c653eceb98d31d48f585edba62ef8e1a15de3b3d6838ecbe973a22911b26e5cf43c0492256626194ac47c09313525fab95f5bb1e1e024fa5a13370d'
 '7550c181997ab8ff64b5459fa3cf8edbc6b1104394351e2f88ebd8ef645e8380153cb5f442a090028936bb1746a8218cc5368baf8600f1f910ee280c1ea68d17'
 '0fafd9b55eb7b58b6e2a380b575c0bec92746116b83066650a24cfb7503fcd69d88f54f0fb593b1a722d84077abfbec53717a54c0b5770687997a98ee5e08c23'
 'bfad7cb80612a979706bc5c077780f25ccccf3bf53dd263029107f1a6f54e815903ad1a1f128aadb0c9fbaf3e877cac08d057af5995c321f9ec6c6d8df22f726'
 '0054d8619570bb6c0efca76fc0b5d60b2020d45053f0043184d6db81d8b4175c11d3bf6bd1b762bf62da191305d36d6c9842c8a074e437af7b77352179be84b7']",50,32,0.0,0.0
5630cca8-c579-4307-beb1-ab34b1d8181b,56,发作频率,,,['243baadc036ebd5c237eb0fc8241cb85f5b20d68bdda0f7f7f1c266ecb583f406c167720b89ec53cdd252c4f90aafd0e5cce5df8fd41f68617eb126dffe12341'],1,1,0.0,0.0
893bcb38-027f-4958-b493-8f1946b91936,57,发作程度,,,['243baadc036ebd5c237eb0fc8241cb85f5b20d68bdda0f7f7f1c266ecb583f406c167720b89ec53cdd252c4f90aafd0e5cce5df8fd41f68617eb126dffe12341'],1,1,0.0,0.0
949d11b2-c55b-4887-adf2-d14382d74a07,58,失能,,,['243baadc036ebd5c237eb0fc8241cb85f5b20d68bdda0f7f7f1c266ecb583f406c167720b89ec53cdd252c4f90aafd0e5cce5df8fd41f68617eb126dffe12341'],1,1,0.0,0.0
97db01a7-25f0-46af-9d11-4c36c5ee9006,59,急性发作期治疗效果,,,['243baadc036ebd5c237eb0fc8241cb85f5b20d68bdda0f7f7f1c266ecb583f406c167720b89ec53cdd252c4f90aafd0e5cce5df8fd41f68617eb126dffe12341'],1,1,0.0,0.0
9fce3bdb-2664-44e9-93aa-4ecd2bcd6b48,60,偏头痛性脑梗死,DISEASE,偏头痛性脑梗死是一种特殊类型的偏头痛，也是偏头痛的一种严重并发症。它具体指由偏头痛发作引起的缺血性脑卒中，即因脑部血流受阻而导致的脑组织梗死。,"['385f64f1d30ad793629774f67d67cb267548315f3c95c2a9d847a3e7ce87713464fdc490766f3f416a1a499d74df1fef5e81c0ee8a9d54d9ce1c8333c14738ba'
 '3e5a7823f367d808b075c927a048ad6aec7571837c239a9d1fdebd622603d83e1f69c942f132152574d012035cbb0e3340e4f8d663f52d4f541fe94813aecfa5'
 '3f782c82580d6e62e08d2748ae50d379c9ad01c81d9265f50b9abe64ef32dd96ddc92b0a6cb55092a728e73bf9bba8a93ed4b1306fab2fe207936fee806ea0a0'
 '00f6ae08bfe86a45fb0a5b9bb0c1af4689dc9a8bf3e904dafc085247d4891d45662af08314d8f37937a0c4846545bd0e0f2b558d3b42b0faee320aca0426b1c1']",4,3,0.0,0.0
a862d62b-dc62-470c-b4ef-735109c61e30,61,偏瘫性偏头痛,DISEASE,伴有运动无力的偏头痛亚型,['385f64f1d30ad793629774f67d67cb267548315f3c95c2a9d847a3e7ce87713464fdc490766f3f416a1a499d74df1fef5e81c0ee8a9d54d9ce1c8333c14738ba'],1,1,0.0,0.0
7e9f3318-9e11-44ce-a810-19bbba14c4c9,62,伴有脑干先兆偏头痛,DISEASE,先兆症状起源于脑干的偏头痛亚型,['385f64f1d30ad793629774f67d67cb267548315f3c95c2a9d847a3e7ce87713464fdc490766f3f416a1a499d74df1fef5e81c0ee8a9d54d9ce1c8333c14738ba'],1,1,0.0,0.0
51220a86-643a-41fc-9c99-dd9d5738aef9,63,川芎茶调散,DRUG,中药方剂，用于风瘀阻络证偏头痛,['5257bc5aeadc011a5763e61ee07795768e01f63717209911c4c72123b1fbf5ce87dcfc3e1c9ce6d216a2937a8980d7fef0635b203fb0af5eb60a000b79d8eb41'],1,2,0.0,0.0
bb234a78-18fc-437c-884d-28b188c19f51,64,散偏汤,DRUG,中药方剂，用于治疗偏头痛,['5257bc5aeadc011a5763e61ee07795768e01f63717209911c4c72123b1fbf5ce87dcfc3e1c9ce6d216a2937a8980d7fef0635b203fb0af5eb60a000b79d8eb41'],1,2,0.0,0.0
521366c5-e60a-458b-84c0-5ab0bbafacf6,65,都梁软胶囊,DRUG,都梁软胶囊是一种中成药，主要用于治疗偏头痛和慢性每日头痛。,"['5257bc5aeadc011a5763e61ee07795768e01f63717209911c4c72123b1fbf5ce87dcfc3e1c9ce6d216a2937a8980d7fef0635b203fb0af5eb60a000b79d8eb41'
 '238dd9495214c1f5dabc20718c46f30b60e954190220bd99189450cd340b3ae336482beca52b26e8653e82062dffe95c5d2a0e85373cc3f8dcef7e787492ee35'
 '4e10a447ddaf2c74684d2a22401890d0f1eed1fd11ac887c4f65b340f4348db607f77e46c4ba8d22a4abe8dd27f016378deada950d2c72edfa41699ac96ba87b']",3,3,0.0,0.0
b58b53ec-efbf-400d-a9cf-40be42cd8ff5,66,正天丸,DRUG,中成药，用于治疗偏头痛,['5257bc5aeadc011a5763e61ee07795768e01f63717209911c4c72123b1fbf5ce87dcfc3e1c9ce6d216a2937a8980d7fef0635b203fb0af5eb60a000b79d8eb41'],1,2,0.0,0.0
c51441f3-b70a-4138-ac6e-9cedcd5e932c,67,通天口服液,DRUG,中成药，用于治疗偏头痛,['5257bc5aeadc011a5763e61ee07795768e01f63717209911c4c72123b1fbf5ce87dcfc3e1c9ce6d216a2937a8980d7fef0635b203fb0af5eb60a000b79d8eb41'],1,2,0.0,0.0
cfefda4e-ec98-4cb6-9d6c-dd99fcf8a9d7,68,川芎清脑颗粒,DRUG,中成药，联合氟桂利嗪治疗偏头痛,['5257bc5aeadc011a5763e61ee07795768e01f63717209911c4c72123b1fbf5ce87dcfc3e1c9ce6d216a2937a8980d7fef0635b203fb0af5eb60a000b79d8eb41'],1,2,0.0,0.0
56211c58-f8e2-46d6-87dc-4a58f9a33534,69,天麻钩藤饮,DRUG,中药方剂，用于肝阳上亢证偏头痛,['5257bc5aeadc011a5763e61ee07795768e01f63717209911c4c72123b1fbf5ce87dcfc3e1c9ce6d216a2937a8980d7fef0635b203fb0af5eb60a000b79d8eb41'],1,2,0.0,0.0
33c452b8-37f7-4d54-bd00-23d0a94e2aa8,70,天舒胶囊,DRUG,**天舒胶囊**是一种中成药，主要用于成人发作性偏头痛的治疗和预防。它具有治疗偏头痛急性发作的作用，同时也适用于偏头痛的预防性治疗，是一种在中医临床中用于管理偏头痛的综合药物。,"['5257bc5aeadc011a5763e61ee07795768e01f63717209911c4c72123b1fbf5ce87dcfc3e1c9ce6d216a2937a8980d7fef0635b203fb0af5eb60a000b79d8eb41'
 '238dd9495214c1f5dabc20718c46f30b60e954190220bd99189450cd340b3ae336482beca52b26e8653e82062dffe95c5d2a0e85373cc3f8dcef7e787492ee35'
 '4e10a447ddaf2c74684d2a22401890d0f1eed1fd11ac887c4f65b340f4348db607f77e46c4ba8d22a4abe8dd27f016378deada950d2c72edfa41699ac96ba87b']",3,3,0.0,0.0
9890419a-57c6-4a97-830e-09c74644b912,71,养血清脑颗粒,DRUG,养血清脑颗粒是一种中成药，属于中药范畴。它主要用于治疗偏头痛，临床上常与钙通道阻滞剂联合使用以增强疗效。,"['5257bc5aeadc011a5763e61ee07795768e01f63717209911c4c72123b1fbf5ce87dcfc3e1c9ce6d216a2937a8980d7fef0635b203fb0af5eb60a000b79d8eb41'
 '238dd9495214c1f5dabc20718c46f30b60e954190220bd99189450cd340b3ae336482beca52b26e8653e82062dffe95c5d2a0e85373cc3f8dcef7e787492ee35']",2,2,0.0,0.0
04669e07-aea5-4414-9fb9-9534735550f1,72,丹珍头痛胶囊,DRUG,中成药，用于治疗偏头痛,['5257bc5aeadc011a5763e61ee07795768e01f63717209911c4c72123b1fbf5ce87dcfc3e1c9ce6d216a2937a8980d7fef0635b203fb0af5eb60a000b79d8eb41'],1,2,0.0,0.0
b69cef27-ffa9-443f-a355-765a26f65d6b,73,头痛宁胶囊,DRUG,头痛宁胶囊是一种中成药，主要用于偏头痛的预防和治疗，适用于中医辨证中的风痰上扰证型。,"['5257bc5aeadc011a5763e61ee07795768e01f63717209911c4c72123b1fbf5ce87dcfc3e1c9ce6d216a2937a8980d7fef0635b203fb0af5eb60a000b79d8eb41'
 '4e10a447ddaf2c74684d2a22401890d0f1eed1fd11ac887c4f65b340f4348db607f77e46c4ba8d22a4abe8dd27f016378deada950d2c72edfa41699ac96ba87b']",2,3,0.0,0.0
4fc10393-1411-4450-894c-462db370c0da,74,1B,EVIDENCE_LEVEL,实体“1B”在证据等级体系中代表中等质量证据，其具体等级为1B级。该等级通常与推荐强度组合使用，以综合评估临床实践指南或研究结论的可靠性。,"['5257bc5aeadc011a5763e61ee07795768e01f63717209911c4c72123b1fbf5ce87dcfc3e1c9ce6d216a2937a8980d7fef0635b203fb0af5eb60a000b79d8eb41'
 'de94d2a51c5eabe241bc242da808e240a27bbb801f7ba6cbc0ddb22bddc136d98d6c1c0bb0d8d0f35ebecf1b00dedbf27113516bc4857e793c2c5ad3ad6d3e39'
 '916df53df347ea8d591a39d75bfe49c9daf343e44bd0f7fcd5a3e80616d29787d6d759260a78c8010be13389ce5c71c5a7b649f82b1a94b798dfd0b9138a5bd1'
 'cd9892f54ec3f204606907de9815a200574050279a304a29530b76950c98ba021f2a39bfbdf0ea7298fe624744e27a5ae2525305555e24065cf96aa150a9c5f7'
 '6b7711be923ef18d996b237c5656a6e7b959f06d5000fe52aaf758e5fb648caeb02c40857bc1e3233fc0dd9f6e4ea63ef7e863fb76631f043133796dfec81c26'
 '5794824afca3edfdf4cee62d1ecb6d0720c6d45791a7ab1a2838edd9839fc106ecfec6159260a762cf29b034e2cc5d953936494e21b58063d478d8ca0d62ab5d'
 '50d1c7e638ca19a922d126dec12c28b309c85b6a085003d8343bf3fef2c2a95b525ec6b505256f162cd371172105cf09ce70fd9e682737b0928665a3ce4fefba'
 'd2c89d663393a28ba4fc900d9bda709c84b044a7633189fd57e412e0b35f4ec4f2f3903c8e701b3884414749004a1d8df8aedf5bfc922aeaa87778874a4d3072'
 'b7c0c77b69c85f2ee8a5a970b872191009c317829a2677878f23b533131b17134c3eebe9906cad71163f8025abd5218b734cc9d7f389f2507e73ab2893d744b5']",9,8,0.0,0.0
e6314bf0-694d-4303-ab92-6784d63173eb,75,2C,EVIDENCE_LEVEL,2C是一个证据等级和推荐强度的组合，其中“2”代表推荐强度为弱推荐，“C”表示证据等级为低质量或基于观察性研究、病例系列等较低级别的证据。因此，2C级意味着该建议基于较低质量的证据，且推荐强度较弱。,"['5257bc5aeadc011a5763e61ee07795768e01f63717209911c4c72123b1fbf5ce87dcfc3e1c9ce6d216a2937a8980d7fef0635b203fb0af5eb60a000b79d8eb41'
 'de94d2a51c5eabe241bc242da808e240a27bbb801f7ba6cbc0ddb22bddc136d98d6c1c0bb0d8d0f35ebecf1b00dedbf27113516bc4857e793c2c5ad3ad6d3e39'
 '64945696a7fffc382fa7cfb6d56869218481a2a35824ffbdf7c52cd55bbc1fcaeb35302134d989f6b3a3fa956d8b8d3baebaace270fff9c9a5557ceb1e97b709'
 'fd1bc9667578009377bbd23e1608c5f1d7847ea676c232cc2c09d7415c20f3ed58aa62a0ad19948e7fbb0ee262fc023c3da4df02c5955dae2304019db8d2c832'
 'd2c89d663393a28ba4fc900d9bda709c84b044a7633189fd57e412e0b35f4ec4f2f3903c8e701b3884414749004a1d8df8aedf5bfc922aeaa87778874a4d3072'
 'b7c0c77b69c85f2ee8a5a970b872191009c317829a2677878f23b533131b17134c3eebe9906cad71163f8025abd5218b734cc9d7f389f2507e73ab2893d744b5']",6,10,0.0,0.0
fbc1ae79-ec10-4ac1-acd4-65fc60d13a32,76,中药和中西医结合治疗,THERAPY,中药和中西医结合治疗是一种治疗方法类别，指使用中药或中西医结合方法的治疗方式。它被应用于多种疾病的临床治疗中，例如作为偏头痛的治疗方法之一。,"['5257bc5aeadc011a5763e61ee07795768e01f63717209911c4c72123b1fbf5ce87dcfc3e1c9ce6d216a2937a8980d7fef0635b203fb0af5eb60a000b79d8eb41'
 'de94d2a51c5eabe241bc242da808e240a27bbb801f7ba6cbc0ddb22bddc136d98d6c1c0bb0d8d0f35ebecf1b00dedbf27113516bc4857e793c2c5ad3ad6d3e39'
 '7dc3750a7b61d30cd6cc5688b4d45016d4f96591ef54ddff733bae89d5bb73b20cfe18b6b6892350c51657ee248e44b4e211c0ca4350661af7994b6df3cca7b4']",3,9,0.0,0.0
92afd0c7-10b4-4eba-a112-2a2e2ce901a9,77,通窍活血汤,NON_DRUG_TREATMENT,"每日1剂分早晚2次口服的中药方剂治疗
每日1剂分早晚2次口服的中药方剂",['de94d2a51c5eabe241bc242da808e240a27bbb801f7ba6cbc0ddb22bddc136d98d6c1c0bb0d8d0f35ebecf1b00dedbf27113516bc4857e793c2c5ad3ad6d3e39'],1,2,0.0,0.0
db803de5-4a85-4b7c-b757-2dc42c56bb9a,78,血府逐瘀汤,NON_DRUG_TREATMENT,"每日1剂分早晚2次口服的中药方剂治疗
每日1剂分早晚2次口服的中药方剂",['de94d2a51c5eabe241bc242da808e240a27bbb801f7ba6cbc0ddb22bddc136d98d6c1c0bb0d8d0f35ebecf1b00dedbf27113516bc4857e793c2c5ad3ad6d3e39'],1,2,0.0,0.0
529608a4-820f-4185-b7b6-b77cfeba85f8,79,通心络胶囊,NON_DRUG_TREATMENT,"每日3次每次3粒口服的中成药治疗
每日3次每次3粒口服的中成药",['de94d2a51c5eabe241bc242da808e240a27bbb801f7ba6cbc0ddb22bddc136d98d6c1c0bb0d8d0f35ebecf1b00dedbf27113516bc4857e793c2c5ad3ad6d3e39'],1,3,0.0,0.0
bc837053-52fd-4f31-957c-524663285995,80,氟桂利嗪,DRUG,氟桂利嗪是一种非特异性或非选择性的钙离子拮抗剂（亦称为钙通道拮抗剂、钙通道阻滞剂），属于钙通道阻滞剂类药物。其主要临床应用是用于偏头痛的预防性治疗，特别是针对前庭性偏头痛（VM）的预防。因此，它被归类为一种用于预防前庭性偏头痛和偏头痛的西药类预防性治疗药物。,"['de94d2a51c5eabe241bc242da808e240a27bbb801f7ba6cbc0ddb22bddc136d98d6c1c0bb0d8d0f35ebecf1b00dedbf27113516bc4857e793c2c5ad3ad6d3e39'
 '916df53df347ea8d591a39d75bfe49c9daf343e44bd0f7fcd5a3e80616d29787d6d759260a78c8010be13389ce5c71c5a7b649f82b1a94b798dfd0b9138a5bd1'
 '429966d7586504f7a7c9894895d9865d20e58205e7251828ad0a425146fa7accab518524fd8e4f6f53daa7aa3308faec07f595c3731f2b72da760b733eb1beed'
 'f314d43b0a481cdfcb76b0052bb89c14cd5ccb4415cfbb161aed4a4ee2ddf6d350327a4063125f41fb51588cfdde6a22f75faec6eef9db845ed2cd4fb880cc15'
 '27669660dd2ef05fcd56fd9631f4b9b50b8b6797e69e1e92b945a1dad58714790f64a4bcac88c34640d5aaed32120d47e43547f248dd610ee6a0f16f02c0c9aa'
 '1d122b3bada9b702ba09aa102394d4359ead374a3c12e3bdc2a3dd991f3b8ddd94a81ade0f079f91bfb5c84ba3e384469b85a8db5d907c53216a4bd7168b5d3f'
 'caa24a7186ba46d267f4c153375d46218d52154d378553ff6c732c0f3c8c6453ce1501e3e04e8f0f7bd9265300b413e652f3adce375c8ee1ba81dfab387fa675'
 'ab880573e023cb66c0c136752d5e7ffccf0d4932be602d2e2448ad1fc7dce1cfb7fb5662f82d464e25e609ddd708ccdd5f4804c4c1a77efd91ebfe395094477b'
 '4e10a447ddaf2c74684d2a22401890d0f1eed1fd11ac887c4f65b340f4348db607f77e46c4ba8d22a4abe8dd27f016378deada950d2c72edfa41699ac96ba87b'
 'ce245f775d35ff93a0b71a0da8c38a9daf1441422fdbfc3b5693c0258a3a739d2f29f767a98cf04d1296d0fdc62d345c27fba81c543d719ce7dd4624b66b865d'
 'f4b073c881c4fcb05727ee79708bd9cfbb6d3e83237cf1b85e3187dcab07280875c52e63328b7611bc065541e3dd44f41cde68660eeacbdab3bdbfebb4ff5fa2'
 '79037074f25246054dfe6498136b54c0df01452fd049cd956a4f9a9e4c77532c26008d4cf6308be9c579313d6ce60601c5cc6ca776fffcfd68434de296336aac'
 '9d010be2e112d921a8ec409921bb6bf7daae44915d78a6a3a4454af9c7338b2f347bb11cc96b4320ac39dd9287ecab8c98e46701661c327517b831aff8af0e2a'
 '11c0634698f1b7347875b12616c1909792c7694abc899d40d7ebd5ec439a4120d2889190c49c920ac1b66001092494c184732c2cee4eaef6cb0dcc857ebab8b8'
 '8f5751520c653eceb98d31d48f585edba62ef8e1a15de3b3d6838ecbe973a22911b26e5cf43c0492256626194ac47c09313525fab95f5bb1e1e024fa5a13370d'
 'b702dc97591d4fd99e393160ffd9d400dae11ce24461a052ca46b18e565efb9d5c4899a4d3910ff3805503f5ec2f7cfb4c0d882b0fb4ad65273b9abe5b9d8ab3'
 '0054d8619570bb6c0efca76fc0b5d60b2020d45053f0043184d6db81d8b4175c11d3bf6bd1b762bf62da191305d36d6c9842c8a074e437af7b77352179be84b7']",17,14,0.0,0.0
82708a4b-71a9-444e-a589-623ed4763f22,81,活血化瘀、通络止痛,NON_DRUG_TREATMENT,针对瘀血阻络证的治法,['de94d2a51c5eabe241bc242da808e240a27bbb801f7ba6cbc0ddb22bddc136d98d6c1c0bb0d8d0f35ebecf1b00dedbf27113516bc4857e793c2c5ad3ad6d3e39'],1,1,0.0,0.0
218480eb-7ee3-4c94-a8fa-36f5886beb36,82,推荐意见12,GUIDELINE_RECOMMENDATION,关于使用通窍活血汤的推荐条目,['de94d2a51c5eabe241bc242da808e240a27bbb801f7ba6cbc0ddb22bddc136d98d6c1c0bb0d8d0f35ebecf1b00dedbf27113516bc4857e793c2c5ad3ad6d3e39'],1,1,0.0,0.0
2498f2d4-eb6a-4059-8369-6addc01a8509,83,推荐意见13,GUIDELINE_RECOMMENDATION,关于使用血府逐瘀汤的推荐条目,['de94d2a51c5eabe241bc242da808e240a27bbb801f7ba6cbc0ddb22bddc136d98d6c1c0bb0d8d0f35ebecf1b00dedbf27113516bc4857e793c2c5ad3ad6d3e39'],1,1,0.0,0.0
4da46a40-8cd8-4e68-9f86-fcb80371df21,84,推荐意见14,GUIDELINE_RECOMMENDATION,关于使用通心络胶囊的推荐条目,['de94d2a51c5eabe241bc242da808e240a27bbb801f7ba6cbc0ddb22bddc136d98d6c1c0bb0d8d0f35ebecf1b00dedbf27113516bc4857e793c2c5ad3ad6d3e39'],1,1,0.0,0.0
8b0a0624-8a9e-4bee-8b84-fe837d7575d8,85,针灸治疗,NON_DRUG_TREATMENT,针灸治疗是一种非药物治疗方式，其核心方法是通过针刺人体特定穴位来达到治疗目的。,"['64945696a7fffc382fa7cfb6d56869218481a2a35824ffbdf7c52cd55bbc1fcaeb35302134d989f6b3a3fa956d8b8d3baebaace270fff9c9a5557ceb1e97b709'
 'c4dcdcb909f65ebc63e961ae81f141ac478d6a1fe9d55ef54956d0b17c09780b0a55efee287564f598620f6d167825dd2c76326b08d3219c07bcc6efbc1adfba'
 '4e10a447ddaf2c74684d2a22401890d0f1eed1fd11ac887c4f65b340f4348db607f77e46c4ba8d22a4abe8dd27f016378deada950d2c72edfa41699ac96ba87b'
 '3ee8eb816fe9ae302cda19230b3f6dbcdd92fca75889f2dce397a3dc074855f9b4445eadb26b0d75b74acd64439770c1a963ac9a20a12379fb078588ea3288f6']",4,8,0.0,0.0
3506b4bf-2f99-4e9f-9e13-0ba17774e337,86,推荐意见15：针灸治疗，缓解期每1~2 日针刺1次，急性发作期间每日针刺1~2 次。,GUIDELINE_RECOMMENDATION,关于针灸治疗频率的具体推荐,['64945696a7fffc382fa7cfb6d56869218481a2a35824ffbdf7c52cd55bbc1fcaeb35302134d989f6b3a3fa956d8b8d3baebaace270fff9c9a5557ceb1e97b709'],1,1,0.0,0.0
a80e3149-71f1-4bd6-ae30-70e8d51267fc,87,西药治疗,THERAPY,使用化学合成药物进行的治疗方法,['70bf9f2937b8e84f2405d2009afb5da01007649b583e9abbc237dc57c9c01be44a6842360e0d4c40e8e146de92db7d1d2bfbf179d856403f47423ee2b92b6b58'],1,1,0.0,0.0
205033e7-ce21-4198-898a-f0b7413c4cde,88,普萘洛尔,DRUG,普萘洛尔是一种非选择性β-受体阻断剂（β受体阻滞剂），属于β受体阻滞剂类药物。它主要用于预防偏头痛，特别是前庭性偏头痛的预防性治疗，常用剂量范围为每日40至160毫克。,"['25d7bc650344523cefcd81f736ee1cd038301dcfbc36aef334e74d4252cc55238d130d733c5fc85b61305d8099a447ce55a9cdaf031eb6825f17f417254cf314'
 '429966d7586504f7a7c9894895d9865d20e58205e7251828ad0a425146fa7accab518524fd8e4f6f53daa7aa3308faec07f595c3731f2b72da760b733eb1beed'
 'f1d2caf9b82ac1c50c286deac68819f12ae94d530212549de84ec29583ac195bf8f92185b57db573efd2db45182c070718c763dd01ca2300a3414e6e63110903'
 '0652c8adae3332fa149aee4f026b39c62e7a17eb485b6a9171cfa2a1170cb9d5b4facc0b94b7e628e1be7e4b64b0226a483130d776edc7f2d1c5587a8aea09bf'
 'f314d43b0a481cdfcb76b0052bb89c14cd5ccb4415cfbb161aed4a4ee2ddf6d350327a4063125f41fb51588cfdde6a22f75faec6eef9db845ed2cd4fb880cc15'
 '27669660dd2ef05fcd56fd9631f4b9b50b8b6797e69e1e92b945a1dad58714790f64a4bcac88c34640d5aaed32120d47e43547f248dd610ee6a0f16f02c0c9aa'
 '824fa1d939d9f4365de203d19b45200969da44ea4f970f3976bff33840fbce6c3f6e083beb7a818d8a4931e3d62deee198ab5524f4accc431cbc98bf553962a7'
 '1d122b3bada9b702ba09aa102394d4359ead374a3c12e3bdc2a3dd991f3b8ddd94a81ade0f079f91bfb5c84ba3e384469b85a8db5d907c53216a4bd7168b5d3f'
 'caa24a7186ba46d267f4c153375d46218d52154d378553ff6c732c0f3c8c6453ce1501e3e04e8f0f7bd9265300b413e652f3adce375c8ee1ba81dfab387fa675'
 'ab880573e023cb66c0c136752d5e7ffccf0d4932be602d2e2448ad1fc7dce1cfb7fb5662f82d464e25e609ddd708ccdd5f4804c4c1a77efd91ebfe395094477b'
 'f2d956b3558601f0e70fdc3346118b9293d283043264f63f9cbcfff22c35753ec9c3813f6ce97ba179ab425243bf20419f3faea8377896065191a30feb4031f9'
 'ce245f775d35ff93a0b71a0da8c38a9daf1441422fdbfc3b5693c0258a3a739d2f29f767a98cf04d1296d0fdc62d345c27fba81c543d719ce7dd4624b66b865d'
 'f4b073c881c4fcb05727ee79708bd9cfbb6d3e83237cf1b85e3187dcab07280875c52e63328b7611bc065541e3dd44f41cde68660eeacbdab3bdbfebb4ff5fa2'
 '9d010be2e112d921a8ec409921bb6bf7daae44915d78a6a3a4454af9c7338b2f347bb11cc96b4320ac39dd9287ecab8c98e46701661c327517b831aff8af0e2a'
 '11c0634698f1b7347875b12616c1909792c7694abc899d40d7ebd5ec439a4120d2889190c49c920ac1b66001092494c184732c2cee4eaef6cb0dcc857ebab8b8'
 '8f5751520c653eceb98d31d48f585edba62ef8e1a15de3b3d6838ecbe973a22911b26e5cf43c0492256626194ac47c09313525fab95f5bb1e1e024fa5a13370d'
 'b702dc97591d4fd99e393160ffd9d400dae11ce24461a052ca46b18e565efb9d5c4899a4d3910ff3805503f5ec2f7cfb4c0d882b0fb4ad65273b9abe5b9d8ab3'
 'ac816b54ac70f1e2697a0fc2cc646c6a9319c8b2da14228b3ac6b76a0dd992ee5c7cee7e7986e8ab08a9d457617b74a833be81924604ec8d1c29d35b02f46926'
 '7550c181997ab8ff64b5459fa3cf8edbc6b1104394351e2f88ebd8ef645e8380153cb5f442a090028936bb1746a8218cc5368baf8600f1f910ee280c1ea68d17'
 '0054d8619570bb6c0efca76fc0b5d60b2020d45053f0043184d6db81d8b4175c11d3bf6bd1b762bf62da191305d36d6c9842c8a074e437af7b77352179be84b7']",20,11,0.0,0.0
cd70c412-3d4d-4191-9ae7-d932e0a6a20a,89,美托洛尔,DRUG,美托洛尔是一种选择性β1受体阻滞剂（β-受体阻断剂），属于β受体阻滞剂类药物。它主要用于预防偏头痛，特别是前庭性偏头痛的预防性治疗。在临床应用中，常见的预防剂量为每日95mg。,"['25d7bc650344523cefcd81f736ee1cd038301dcfbc36aef334e74d4252cc55238d130d733c5fc85b61305d8099a447ce55a9cdaf031eb6825f17f417254cf314'
 '0652c8adae3332fa149aee4f026b39c62e7a17eb485b6a9171cfa2a1170cb9d5b4facc0b94b7e628e1be7e4b64b0226a483130d776edc7f2d1c5587a8aea09bf'
 '27669660dd2ef05fcd56fd9631f4b9b50b8b6797e69e1e92b945a1dad58714790f64a4bcac88c34640d5aaed32120d47e43547f248dd610ee6a0f16f02c0c9aa'
 'caa24a7186ba46d267f4c153375d46218d52154d378553ff6c732c0f3c8c6453ce1501e3e04e8f0f7bd9265300b413e652f3adce375c8ee1ba81dfab387fa675'
 'ab880573e023cb66c0c136752d5e7ffccf0d4932be602d2e2448ad1fc7dce1cfb7fb5662f82d464e25e609ddd708ccdd5f4804c4c1a77efd91ebfe395094477b'
 'f2d956b3558601f0e70fdc3346118b9293d283043264f63f9cbcfff22c35753ec9c3813f6ce97ba179ab425243bf20419f3faea8377896065191a30feb4031f9'
 'ce245f775d35ff93a0b71a0da8c38a9daf1441422fdbfc3b5693c0258a3a739d2f29f767a98cf04d1296d0fdc62d345c27fba81c543d719ce7dd4624b66b865d'
 'f4b073c881c4fcb05727ee79708bd9cfbb6d3e83237cf1b85e3187dcab07280875c52e63328b7611bc065541e3dd44f41cde68660eeacbdab3bdbfebb4ff5fa2'
 '11c0634698f1b7347875b12616c1909792c7694abc899d40d7ebd5ec439a4120d2889190c49c920ac1b66001092494c184732c2cee4eaef6cb0dcc857ebab8b8'
 '8f5751520c653eceb98d31d48f585edba62ef8e1a15de3b3d6838ecbe973a22911b26e5cf43c0492256626194ac47c09313525fab95f5bb1e1e024fa5a13370d'
 'b702dc97591d4fd99e393160ffd9d400dae11ce24461a052ca46b18e565efb9d5c4899a4d3910ff3805503f5ec2f7cfb4c0d882b0fb4ad65273b9abe5b9d8ab3'
 '0054d8619570bb6c0efca76fc0b5d60b2020d45053f0043184d6db81d8b4175c11d3bf6bd1b762bf62da191305d36d6c9842c8a074e437af7b77352179be84b7']",12,6,0.0,0.0
6a99b9a3-3396-4137-bfaf-fb0580b64626,90,阿替洛尔,DRUG,阿替洛尔是一种选择性β1受体阻滞剂类药物，属于β-受体阻断剂（β受体阻滞剂）药物。它通过选择性地阻断β1肾上腺素受体来发挥作用，主要用于治疗心血管疾病如高血压、心绞痛和某些心律失常。,"['25d7bc650344523cefcd81f736ee1cd038301dcfbc36aef334e74d4252cc55238d130d733c5fc85b61305d8099a447ce55a9cdaf031eb6825f17f417254cf314'
 '0652c8adae3332fa149aee4f026b39c62e7a17eb485b6a9171cfa2a1170cb9d5b4facc0b94b7e628e1be7e4b64b0226a483130d776edc7f2d1c5587a8aea09bf'
 '27669660dd2ef05fcd56fd9631f4b9b50b8b6797e69e1e92b945a1dad58714790f64a4bcac88c34640d5aaed32120d47e43547f248dd610ee6a0f16f02c0c9aa'
 '1d122b3bada9b702ba09aa102394d4359ead374a3c12e3bdc2a3dd991f3b8ddd94a81ade0f079f91bfb5c84ba3e384469b85a8db5d907c53216a4bd7168b5d3f'
 '7550c181997ab8ff64b5459fa3cf8edbc6b1104394351e2f88ebd8ef645e8380153cb5f442a090028936bb1746a8218cc5368baf8600f1f910ee280c1ea68d17']",5,5,0.0,0.0
14ba2b08-777f-481a-90a4-26a983a7faf2,91,Β受体阻滞剂,DRUG_CLASS,**Β受体阻滞剂**是一类通过阻断β肾上腺素能受体发挥作用的药物。它们主要用于治疗多种心血管疾病，同时也被用于预防偏头痛。常见的药物包括普萘洛尔和美托洛尔等。,"['25d7bc650344523cefcd81f736ee1cd038301dcfbc36aef334e74d4252cc55238d130d733c5fc85b61305d8099a447ce55a9cdaf031eb6825f17f417254cf314'
 '0652c8adae3332fa149aee4f026b39c62e7a17eb485b6a9171cfa2a1170cb9d5b4facc0b94b7e628e1be7e4b64b0226a483130d776edc7f2d1c5587a8aea09bf'
 'caa24a7186ba46d267f4c153375d46218d52154d378553ff6c732c0f3c8c6453ce1501e3e04e8f0f7bd9265300b413e652f3adce375c8ee1ba81dfab387fa675'
 'f4b073c881c4fcb05727ee79708bd9cfbb6d3e83237cf1b85e3187dcab07280875c52e63328b7611bc065541e3dd44f41cde68660eeacbdab3bdbfebb4ff5fa2'
 '79037074f25246054dfe6498136b54c0df01452fd049cd956a4f9a9e4c77532c26008d4cf6308be9c579313d6ce60601c5cc6ca776fffcfd68434de296336aac'
 '11c0634698f1b7347875b12616c1909792c7694abc899d40d7ebd5ec439a4120d2889190c49c920ac1b66001092494c184732c2cee4eaef6cb0dcc857ebab8b8'
 '8f5751520c653eceb98d31d48f585edba62ef8e1a15de3b3d6838ecbe973a22911b26e5cf43c0492256626194ac47c09313525fab95f5bb1e1e024fa5a13370d'
 'b702dc97591d4fd99e393160ffd9d400dae11ce24461a052ca46b18e565efb9d5c4899a4d3910ff3805503f5ec2f7cfb4c0d882b0fb4ad65273b9abe5b9d8ab3'
 '0fafd9b55eb7b58b6e2a380b575c0bec92746116b83066650a24cfb7503fcd69d88f54f0fb593b1a722d84077abfbec53717a54c0b5770687997a98ee5e08c23']",9,7,0.0,0.0
e5ec202d-8d66-43bf-9646-5ae114f6c81f,92,1A,EVIDENCE_LEVEL,实体“1A”是指证据等级为1A，代表高质量证据，通常与强推荐相关联。,"['25d7bc650344523cefcd81f736ee1cd038301dcfbc36aef334e74d4252cc55238d130d733c5fc85b61305d8099a447ce55a9cdaf031eb6825f17f417254cf314'
 '429966d7586504f7a7c9894895d9865d20e58205e7251828ad0a425146fa7accab518524fd8e4f6f53daa7aa3308faec07f595c3731f2b72da760b733eb1beed'
 'cd9892f54ec3f204606907de9815a200574050279a304a29530b76950c98ba021f2a39bfbdf0ea7298fe624744e27a5ae2525305555e24065cf96aa150a9c5f7'
 '6bdf20a260fc814f2114e7badc6fac840699fe4fe6403b9a965fbdc47e447ee13af61d9b5132d5419552f5bb19d67f581f04fc7fec0d731722794d6edf188d45'
 '6b7711be923ef18d996b237c5656a6e7b959f06d5000fe52aaf758e5fb648caeb02c40857bc1e3233fc0dd9f6e4ea63ef7e863fb76631f043133796dfec81c26'
 'f1d2caf9b82ac1c50c286deac68819f12ae94d530212549de84ec29583ac195bf8f92185b57db573efd2db45182c070718c763dd01ca2300a3414e6e63110903'
 '09504ecbdd99c16f37e9d92750cb60d1956c26b81dce28150e1f2817f922fb84b3c9862359193d051cd265b09be9488affcb893d2e96a0c115c5a3af54ff6f0f']",7,19,0.0,0.0
e4d71dfa-2114-4388-a834-b2c778e8812c,93,推荐意见 16：普萘洛尔...口服（1A）...美托洛尔...口服（1A）...阿替洛尔...口服。（1A）,,,['25d7bc650344523cefcd81f736ee1cd038301dcfbc36aef334e74d4252cc55238d130d733c5fc85b61305d8099a447ce55a9cdaf031eb6825f17f417254cf314'],1,3,0.0,0.0
ecdc19db-79d7-4ee9-9dfd-3ebd69c7a757,94,(1)Β 受体阻滞剂,GUIDELINE_RECOMMENDATION,"
指南中关于β受体阻滞剂的推荐章节标题",['25d7bc650344523cefcd81f736ee1cd038301dcfbc36aef334e74d4252cc55238d130d733c5fc85b61305d8099a447ce55a9cdaf031eb6825f17f417254cf314'],1,6,0.0,0.0
ed8c8510-c6da-4517-9d11-18ebbfd47098,95,推荐意见 16：普萘洛尔40~160 MG/D，口服（1A）。美托洛尔50~100 MG/D，口服（1A）。阿替洛尔50~100 MG/D，口服。（1A）,GUIDELINE_RECOMMENDATION,具体推荐使用普萘洛尔、美托洛尔和阿替洛尔进行预防性治疗,['25d7bc650344523cefcd81f736ee1cd038301dcfbc36aef334e74d4252cc55238d130d733c5fc85b61305d8099a447ce55a9cdaf031eb6825f17f417254cf314'],1,3,0.0,0.0
98f42b83-d169-4988-a5ec-f06708da8bdf,96,钙通道阻滞剂,DRUG_CLASS,一类药物,['916df53df347ea8d591a39d75bfe49c9daf343e44bd0f7fcd5a3e80616d29787d6d759260a78c8010be13389ce5c71c5a7b649f82b1a94b798dfd0b9138a5bd1'],1,1,0.0,0.0
2e07fc1e-89bd-4d62-9578-13569899c43f,97,推荐意见17：氟桂利嗪 5~10 MG/D，口服。,GUIDELINE_RECOMMENDATION,关于氟桂利嗪用法的具体推荐,['916df53df347ea8d591a39d75bfe49c9daf343e44bd0f7fcd5a3e80616d29787d6d759260a78c8010be13389ce5c71c5a7b649f82b1a94b798dfd0b9138a5bd1'],1,1,0.0,0.0
f1eb9799-f1a6-48ad-ac82-8c60f17c3892,98,坎地沙坦,DRUG,坎地沙坦是一种药物，属于血管紧张素II受体拮抗剂（ARB）类药物，具体为血管紧张素AT1型受体阻滞剂。它主要用于降低血压，同时也用于偏头痛的预防治疗。,"['429966d7586504f7a7c9894895d9865d20e58205e7251828ad0a425146fa7accab518524fd8e4f6f53daa7aa3308faec07f595c3731f2b72da760b733eb1beed'
 'f314d43b0a481cdfcb76b0052bb89c14cd5ccb4415cfbb161aed4a4ee2ddf6d350327a4063125f41fb51588cfdde6a22f75faec6eef9db845ed2cd4fb880cc15'
 '27669660dd2ef05fcd56fd9631f4b9b50b8b6797e69e1e92b945a1dad58714790f64a4bcac88c34640d5aaed32120d47e43547f248dd610ee6a0f16f02c0c9aa'
 '1d122b3bada9b702ba09aa102394d4359ead374a3c12e3bdc2a3dd991f3b8ddd94a81ade0f079f91bfb5c84ba3e384469b85a8db5d907c53216a4bd7168b5d3f'
 'ab880573e023cb66c0c136752d5e7ffccf0d4932be602d2e2448ad1fc7dce1cfb7fb5662f82d464e25e609ddd708ccdd5f4804c4c1a77efd91ebfe395094477b'
 'f2d956b3558601f0e70fdc3346118b9293d283043264f63f9cbcfff22c35753ec9c3813f6ce97ba179ab425243bf20419f3faea8377896065191a30feb4031f9'
 'ce245f775d35ff93a0b71a0da8c38a9daf1441422fdbfc3b5693c0258a3a739d2f29f767a98cf04d1296d0fdc62d345c27fba81c543d719ce7dd4624b66b865d'
 'f4b073c881c4fcb05727ee79708bd9cfbb6d3e83237cf1b85e3187dcab07280875c52e63328b7611bc065541e3dd44f41cde68660eeacbdab3bdbfebb4ff5fa2'
 '7550c181997ab8ff64b5459fa3cf8edbc6b1104394351e2f88ebd8ef645e8380153cb5f442a090028936bb1746a8218cc5368baf8600f1f910ee280c1ea68d17']",9,11,0.0,0.0
9cc9bdfe-3c49-4ecc-b77c-0effabf8f10a,99,推荐意见18：坎地沙坦 6 MG/D，口服。,GUIDELINE_RECOMMENDATION,关于使用坎地沙坦预防偏头痛的推荐条目,['429966d7586504f7a7c9894895d9865d20e58205e7251828ad0a425146fa7accab518524fd8e4f6f53daa7aa3308faec07f595c3731f2b72da760b733eb1beed'],1,1,0.0,0.0
4dfa20f3-b6e7-4a28-af18-7efd3b407b66,100,托吡酯,DRUG,托吡酯是一种抗惊厥药（抗癫痫药物），通过增加GABA能系统的效率发挥药理作用。它主要用于治疗癫痫，同时也被广泛应用于偏头痛的预防性治疗，包括预防偏头痛发作以及相关的症状如偏头痛性眩晕（VM）。因此，托吡酯兼具抗癫痫和预防偏头痛的双重临床用途。,"['cd9892f54ec3f204606907de9815a200574050279a304a29530b76950c98ba021f2a39bfbdf0ea7298fe624744e27a5ae2525305555e24065cf96aa150a9c5f7'
 '78fd9b204da2b6ddd7a495c820a5d60bf223efd0038c19ba4f23595bcceb7023a7ae5004f5769dd4ddf103bc094fa30996c8e57f71ed174a0b91cfc9d29aba2c'
 '0652c8adae3332fa149aee4f026b39c62e7a17eb485b6a9171cfa2a1170cb9d5b4facc0b94b7e628e1be7e4b64b0226a483130d776edc7f2d1c5587a8aea09bf'
 'f314d43b0a481cdfcb76b0052bb89c14cd5ccb4415cfbb161aed4a4ee2ddf6d350327a4063125f41fb51588cfdde6a22f75faec6eef9db845ed2cd4fb880cc15'
 '27669660dd2ef05fcd56fd9631f4b9b50b8b6797e69e1e92b945a1dad58714790f64a4bcac88c34640d5aaed32120d47e43547f248dd610ee6a0f16f02c0c9aa'
 '824fa1d939d9f4365de203d19b45200969da44ea4f970f3976bff33840fbce6c3f6e083beb7a818d8a4931e3d62deee198ab5524f4accc431cbc98bf553962a7'
 '1d122b3bada9b702ba09aa102394d4359ead374a3c12e3bdc2a3dd991f3b8ddd94a81ade0f079f91bfb5c84ba3e384469b85a8db5d907c53216a4bd7168b5d3f'
 'caa24a7186ba46d267f4c153375d46218d52154d378553ff6c732c0f3c8c6453ce1501e3e04e8f0f7bd9265300b413e652f3adce375c8ee1ba81dfab387fa675'
 'ab880573e023cb66c0c136752d5e7ffccf0d4932be602d2e2448ad1fc7dce1cfb7fb5662f82d464e25e609ddd708ccdd5f4804c4c1a77efd91ebfe395094477b'
 'f2d956b3558601f0e70fdc3346118b9293d283043264f63f9cbcfff22c35753ec9c3813f6ce97ba179ab425243bf20419f3faea8377896065191a30feb4031f9'
 'ce245f775d35ff93a0b71a0da8c38a9daf1441422fdbfc3b5693c0258a3a739d2f29f767a98cf04d1296d0fdc62d345c27fba81c543d719ce7dd4624b66b865d'
 '088f82ffaee5685f7330690f9ba754ac2b0833a2a86c352c8ed1168f836fdb9beeaf74ccd6bba5b719d18621ee6736e2316e82552594004c36faa302bd473491'
 'f4b073c881c4fcb05727ee79708bd9cfbb6d3e83237cf1b85e3187dcab07280875c52e63328b7611bc065541e3dd44f41cde68660eeacbdab3bdbfebb4ff5fa2'
 '79037074f25246054dfe6498136b54c0df01452fd049cd956a4f9a9e4c77532c26008d4cf6308be9c579313d6ce60601c5cc6ca776fffcfd68434de296336aac'
 '9d010be2e112d921a8ec409921bb6bf7daae44915d78a6a3a4454af9c7338b2f347bb11cc96b4320ac39dd9287ecab8c98e46701661c327517b831aff8af0e2a'
 '11c0634698f1b7347875b12616c1909792c7694abc899d40d7ebd5ec439a4120d2889190c49c920ac1b66001092494c184732c2cee4eaef6cb0dcc857ebab8b8'
 '8f5751520c653eceb98d31d48f585edba62ef8e1a15de3b3d6838ecbe973a22911b26e5cf43c0492256626194ac47c09313525fab95f5bb1e1e024fa5a13370d'
 'b702dc97591d4fd99e393160ffd9d400dae11ce24461a052ca46b18e565efb9d5c4899a4d3910ff3805503f5ec2f7cfb4c0d882b0fb4ad65273b9abe5b9d8ab3'
 'ac816b54ac70f1e2697a0fc2cc646c6a9319c8b2da14228b3ac6b76a0dd992ee5c7cee7e7986e8ab08a9d457617b74a833be81924604ec8d1c29d35b02f46926'
 '7550c181997ab8ff64b5459fa3cf8edbc6b1104394351e2f88ebd8ef645e8380153cb5f442a090028936bb1746a8218cc5368baf8600f1f910ee280c1ea68d17'
 '0fafd9b55eb7b58b6e2a380b575c0bec92746116b83066650a24cfb7503fcd69d88f54f0fb593b1a722d84077abfbec53717a54c0b5770687997a98ee5e08c23'
 '0054d8619570bb6c0efca76fc0b5d60b2020d45053f0043184d6db81d8b4175c11d3bf6bd1b762bf62da191305d36d6c9842c8a074e437af7b77352179be84b7']",22,17,0.0,0.0
9d3c2661-1151-4a6f-a939-fe48b78e4c34,101,丙戊酸钠,DRUG,丙戊酸钠是一种抗癫痫药物（抗惊厥药），主要用于治疗癫痫，同时也被用于偏头痛的预防性治疗，包括预防偏头痛相关的眩晕。该药物可通过口服或静脉途径给药。,"['cd9892f54ec3f204606907de9815a200574050279a304a29530b76950c98ba021f2a39bfbdf0ea7298fe624744e27a5ae2525305555e24065cf96aa150a9c5f7'
 '9b33fd76a5e68a032ef4110cdcedf43bab5889fa6a85227d2b3cdf681683caed3334e7a701b9082a321eed3ead839a6ddd6573921141bbde60fd3fdbe876e49f'
 '78fd9b204da2b6ddd7a495c820a5d60bf223efd0038c19ba4f23595bcceb7023a7ae5004f5769dd4ddf103bc094fa30996c8e57f71ed174a0b91cfc9d29aba2c'
 '0652c8adae3332fa149aee4f026b39c62e7a17eb485b6a9171cfa2a1170cb9d5b4facc0b94b7e628e1be7e4b64b0226a483130d776edc7f2d1c5587a8aea09bf'
 'caa24a7186ba46d267f4c153375d46218d52154d378553ff6c732c0f3c8c6453ce1501e3e04e8f0f7bd9265300b413e652f3adce375c8ee1ba81dfab387fa675'
 'ab880573e023cb66c0c136752d5e7ffccf0d4932be602d2e2448ad1fc7dce1cfb7fb5662f82d464e25e609ddd708ccdd5f4804c4c1a77efd91ebfe395094477b'
 'f2d956b3558601f0e70fdc3346118b9293d283043264f63f9cbcfff22c35753ec9c3813f6ce97ba179ab425243bf20419f3faea8377896065191a30feb4031f9'
 'ce245f775d35ff93a0b71a0da8c38a9daf1441422fdbfc3b5693c0258a3a739d2f29f767a98cf04d1296d0fdc62d345c27fba81c543d719ce7dd4624b66b865d'
 '11c0634698f1b7347875b12616c1909792c7694abc899d40d7ebd5ec439a4120d2889190c49c920ac1b66001092494c184732c2cee4eaef6cb0dcc857ebab8b8'
 'b702dc97591d4fd99e393160ffd9d400dae11ce24461a052ca46b18e565efb9d5c4899a4d3910ff3805503f5ec2f7cfb4c0d882b0fb4ad65273b9abe5b9d8ab3'
 '7550c181997ab8ff64b5459fa3cf8edbc6b1104394351e2f88ebd8ef645e8380153cb5f442a090028936bb1746a8218cc5368baf8600f1f910ee280c1ea68d17'
 '0fafd9b55eb7b58b6e2a380b575c0bec92746116b83066650a24cfb7503fcd69d88f54f0fb593b1a722d84077abfbec53717a54c0b5770687997a98ee5e08c23'
 '0054d8619570bb6c0efca76fc0b5d60b2020d45053f0043184d6db81d8b4175c11d3bf6bd1b762bf62da191305d36d6c9842c8a074e437af7b77352179be84b7']",13,11,0.0,0.0
ca2880cb-291b-4a6c-afda-ea32ecaf3e5d,102,左乙拉西坦,DRUG,左乙拉西坦是一种抗癫痫药物，主要用于治疗癫痫。此外，它也被用于预防偏头痛的发作。,"['cd9892f54ec3f204606907de9815a200574050279a304a29530b76950c98ba021f2a39bfbdf0ea7298fe624744e27a5ae2525305555e24065cf96aa150a9c5f7'
 'f314d43b0a481cdfcb76b0052bb89c14cd5ccb4415cfbb161aed4a4ee2ddf6d350327a4063125f41fb51588cfdde6a22f75faec6eef9db845ed2cd4fb880cc15'
 '27669660dd2ef05fcd56fd9631f4b9b50b8b6797e69e1e92b945a1dad58714790f64a4bcac88c34640d5aaed32120d47e43547f248dd610ee6a0f16f02c0c9aa'
 'caa24a7186ba46d267f4c153375d46218d52154d378553ff6c732c0f3c8c6453ce1501e3e04e8f0f7bd9265300b413e652f3adce375c8ee1ba81dfab387fa675']",4,5,0.0,0.0
2f59e73c-58e9-46d1-9107-f12cdc428410,103,抗癫痫药物,DRUG_CLASS,抗癫痫药物是一类用于预防偏头痛的药物，其包括托吡酯、丙戊酸钠等具体药物。,"['cd9892f54ec3f204606907de9815a200574050279a304a29530b76950c98ba021f2a39bfbdf0ea7298fe624744e27a5ae2525305555e24065cf96aa150a9c5f7'
 '11c0634698f1b7347875b12616c1909792c7694abc899d40d7ebd5ec439a4120d2889190c49c920ac1b66001092494c184732c2cee4eaef6cb0dcc857ebab8b8'
 'b702dc97591d4fd99e393160ffd9d400dae11ce24461a052ca46b18e565efb9d5c4899a4d3910ff3805503f5ec2f7cfb4c0d882b0fb4ad65273b9abe5b9d8ab3']",3,3,0.0,0.0
d97e5b24-532a-44a6-8ed4-e6b10980cf63,104,推荐意见 19,GUIDELINE_RECOMMENDATION,关于托吡酯剂量和口服的推荐,['cd9892f54ec3f204606907de9815a200574050279a304a29530b76950c98ba021f2a39bfbdf0ea7298fe624744e27a5ae2525305555e24065cf96aa150a9c5f7'],1,3,0.0,0.0
297d66bf-81dc-4c8f-83fb-85ba243801fe,105,推荐意见 20,GUIDELINE_RECOMMENDATION,关于丙戊酸钠剂量和口服的推荐,['cd9892f54ec3f204606907de9815a200574050279a304a29530b76950c98ba021f2a39bfbdf0ea7298fe624744e27a5ae2525305555e24065cf96aa150a9c5f7'],1,2,0.0,0.0
6651316d-fa46-47e4-80fb-bf6121762efa,106,推荐意见 21,GUIDELINE_RECOMMENDATION,关于左乙拉西坦剂量和口服的推荐,['cd9892f54ec3f204606907de9815a200574050279a304a29530b76950c98ba021f2a39bfbdf0ea7298fe624744e27a5ae2525305555e24065cf96aa150a9c5f7'],1,2,0.0,0.0
9fa8d28b-d203-461c-a028-757b76f5d8f8,107,2B,EVIDENCE_LEVEL,实体“2B”是指证据等级为2B级，该等级通常用于评估医学或科学研究的证据强度。,"['cd9892f54ec3f204606907de9815a200574050279a304a29530b76950c98ba021f2a39bfbdf0ea7298fe624744e27a5ae2525305555e24065cf96aa150a9c5f7'
 '0e23d33c40ad564baa0084ebd8235cb1ce82f4d6b6fb48063d86fcb23695e22c4f9ce6522e3cbecd103ff6a44d061911281712609c45a72c04c899e10ca7d0dd'
 'ae72d6ebaf15a28ac158b0ade21068081bed983cb819edad66b5fb9cc8130f0fa185f0cf57c6f8c4f2e945441602efc569ad85e1e2dfaddafc8a6a80939b5a64'
 'a2e24582c54a09a4696e862c1e0039c25baf8e352a73031e827dacc8522ad5a43b1bdd1d41d4861e4a869a1f7b1ff57f29c38294df2fef000b1bdf7a00fa8813']",4,5,0.0,0.0
c474997f-4e25-4912-8e24-b290edc6d250,108,丙戊酸钠 400~1000 MG/D,DRUG,口服剂量的抗癫痫药物,['cd9892f54ec3f204606907de9815a200574050279a304a29530b76950c98ba021f2a39bfbdf0ea7298fe624744e27a5ae2525305555e24065cf96aa150a9c5f7'],1,1,0.0,0.0
48b4606f-1835-4a29-aefe-c921172d8fbf,109,左乙拉西坦 500~1000 MG/D,DRUG,口服剂量的抗癫痫药物,['cd9892f54ec3f204606907de9815a200574050279a304a29530b76950c98ba021f2a39bfbdf0ea7298fe624744e27a5ae2525305555e24065cf96aa150a9c5f7'],1,1,0.0,0.0
233d3eb1-4ee6-43e3-9f77-49a2eb84cf33,110,托吡酯 25~100 MG/D,,,['cd9892f54ec3f204606907de9815a200574050279a304a29530b76950c98ba021f2a39bfbdf0ea7298fe624744e27a5ae2525305555e24065cf96aa150a9c5f7'],1,1,0.0,0.0
04566857-388a-425f-a025-8ee6aaf0017e,111,阿米替林,DRUG,阿米替林是一种三环类抗抑郁药物，属于抗抑郁药的一种。除了用于治疗抑郁症和焦虑症（例如每晚服用25mg或10mg的剂量）外，它也常用于预防偏头痛，特别是前庭性偏头痛的预防。,"['6bdf20a260fc814f2114e7badc6fac840699fe4fe6403b9a965fbdc47e447ee13af61d9b5132d5419552f5bb19d67f581f04fc7fec0d731722794d6edf188d45'
 '0652c8adae3332fa149aee4f026b39c62e7a17eb485b6a9171cfa2a1170cb9d5b4facc0b94b7e628e1be7e4b64b0226a483130d776edc7f2d1c5587a8aea09bf'
 'f314d43b0a481cdfcb76b0052bb89c14cd5ccb4415cfbb161aed4a4ee2ddf6d350327a4063125f41fb51588cfdde6a22f75faec6eef9db845ed2cd4fb880cc15'
 '27669660dd2ef05fcd56fd9631f4b9b50b8b6797e69e1e92b945a1dad58714790f64a4bcac88c34640d5aaed32120d47e43547f248dd610ee6a0f16f02c0c9aa'
 '1d122b3bada9b702ba09aa102394d4359ead374a3c12e3bdc2a3dd991f3b8ddd94a81ade0f079f91bfb5c84ba3e384469b85a8db5d907c53216a4bd7168b5d3f'
 'caa24a7186ba46d267f4c153375d46218d52154d378553ff6c732c0f3c8c6453ce1501e3e04e8f0f7bd9265300b413e652f3adce375c8ee1ba81dfab387fa675'
 'ab880573e023cb66c0c136752d5e7ffccf0d4932be602d2e2448ad1fc7dce1cfb7fb5662f82d464e25e609ddd708ccdd5f4804c4c1a77efd91ebfe395094477b'
 'f2d956b3558601f0e70fdc3346118b9293d283043264f63f9cbcfff22c35753ec9c3813f6ce97ba179ab425243bf20419f3faea8377896065191a30feb4031f9'
 'ce245f775d35ff93a0b71a0da8c38a9daf1441422fdbfc3b5693c0258a3a739d2f29f767a98cf04d1296d0fdc62d345c27fba81c543d719ce7dd4624b66b865d'
 'f4b073c881c4fcb05727ee79708bd9cfbb6d3e83237cf1b85e3187dcab07280875c52e63328b7611bc065541e3dd44f41cde68660eeacbdab3bdbfebb4ff5fa2'
 '79037074f25246054dfe6498136b54c0df01452fd049cd956a4f9a9e4c77532c26008d4cf6308be9c579313d6ce60601c5cc6ca776fffcfd68434de296336aac'
 '9d010be2e112d921a8ec409921bb6bf7daae44915d78a6a3a4454af9c7338b2f347bb11cc96b4320ac39dd9287ecab8c98e46701661c327517b831aff8af0e2a'
 '11c0634698f1b7347875b12616c1909792c7694abc899d40d7ebd5ec439a4120d2889190c49c920ac1b66001092494c184732c2cee4eaef6cb0dcc857ebab8b8'
 '8f5751520c653eceb98d31d48f585edba62ef8e1a15de3b3d6838ecbe973a22911b26e5cf43c0492256626194ac47c09313525fab95f5bb1e1e024fa5a13370d'
 'b702dc97591d4fd99e393160ffd9d400dae11ce24461a052ca46b18e565efb9d5c4899a4d3910ff3805503f5ec2f7cfb4c0d882b0fb4ad65273b9abe5b9d8ab3'
 'ac816b54ac70f1e2697a0fc2cc646c6a9319c8b2da14228b3ac6b76a0dd992ee5c7cee7e7986e8ab08a9d457617b74a833be81924604ec8d1c29d35b02f46926'
 '7550c181997ab8ff64b5459fa3cf8edbc6b1104394351e2f88ebd8ef645e8380153cb5f442a090028936bb1746a8218cc5368baf8600f1f910ee280c1ea68d17'
 '0054d8619570bb6c0efca76fc0b5d60b2020d45053f0043184d6db81d8b4175c11d3bf6bd1b762bf62da191305d36d6c9842c8a074e437af7b77352179be84b7']",18,16,0.0,0.0
6390545a-c6e1-49e4-9c2e-6ba364daacb5,112,三环类抗抑郁药,DRUG_CLASS,三环类抗抑郁药是一类用于预防偏头痛的抗抑郁药物，其代表性药物为阿米替林。,"['6bdf20a260fc814f2114e7badc6fac840699fe4fe6403b9a965fbdc47e447ee13af61d9b5132d5419552f5bb19d67f581f04fc7fec0d731722794d6edf188d45'
 'caa24a7186ba46d267f4c153375d46218d52154d378553ff6c732c0f3c8c6453ce1501e3e04e8f0f7bd9265300b413e652f3adce375c8ee1ba81dfab387fa675']",2,1,0.0,0.0
7cdc4baf-1688-4b5c-bf35-7db16295d1e2,113,瑞玛奈珠单抗,DRUG,**瑞玛奈珠单抗**是一种靶向降钙素基因相关肽（CGRP）或其受体的单克隆抗体药物。它通过皮下注射给药，属于CGRP单克隆抗体类药物，具体作用机制包括直接抑制CGRP或阻断其受体，从而用于预防偏头痛等疾病。,"['6bdf20a260fc814f2114e7badc6fac840699fe4fe6403b9a965fbdc47e447ee13af61d9b5132d5419552f5bb19d67f581f04fc7fec0d731722794d6edf188d45'
 'ab880573e023cb66c0c136752d5e7ffccf0d4932be602d2e2448ad1fc7dce1cfb7fb5662f82d464e25e609ddd708ccdd5f4804c4c1a77efd91ebfe395094477b'
 'f2d956b3558601f0e70fdc3346118b9293d283043264f63f9cbcfff22c35753ec9c3813f6ce97ba179ab425243bf20419f3faea8377896065191a30feb4031f9'
 'ce245f775d35ff93a0b71a0da8c38a9daf1441422fdbfc3b5693c0258a3a739d2f29f767a98cf04d1296d0fdc62d345c27fba81c543d719ce7dd4624b66b865d'
 '11c0634698f1b7347875b12616c1909792c7694abc899d40d7ebd5ec439a4120d2889190c49c920ac1b66001092494c184732c2cee4eaef6cb0dcc857ebab8b8'
 '8f5751520c653eceb98d31d48f585edba62ef8e1a15de3b3d6838ecbe973a22911b26e5cf43c0492256626194ac47c09313525fab95f5bb1e1e024fa5a13370d']",6,3,0.0,0.0
41f7cb35-ad95-4782-b431-87a455dba89e,114,伽奈珠单抗,DRUG,CGRP单克隆抗体,['6bdf20a260fc814f2114e7badc6fac840699fe4fe6403b9a965fbdc47e447ee13af61d9b5132d5419552f5bb19d67f581f04fc7fec0d731722794d6edf188d45'],1,2,0.0,0.0
cb8908cd-1338-4af6-a4a5-d80dd745eeab,115,厄锐努单抗,DRUG,CGRP单克隆抗体,['6bdf20a260fc814f2114e7badc6fac840699fe4fe6403b9a965fbdc47e447ee13af61d9b5132d5419552f5bb19d67f581f04fc7fec0d731722794d6edf188d45'],1,2,0.0,0.0
4ec719e6-20e3-4c4a-a8b3-bba27866d6c0,116,艾普奈珠单抗,DRUG,艾普奈珠单抗是一种靶向CGRP（降钙素基因相关肽）或其受体的单克隆抗体药物，通常通过静脉滴注给药。,"['6bdf20a260fc814f2114e7badc6fac840699fe4fe6403b9a965fbdc47e447ee13af61d9b5132d5419552f5bb19d67f581f04fc7fec0d731722794d6edf188d45'
 'ab880573e023cb66c0c136752d5e7ffccf0d4932be602d2e2448ad1fc7dce1cfb7fb5662f82d464e25e609ddd708ccdd5f4804c4c1a77efd91ebfe395094477b'
 'f2d956b3558601f0e70fdc3346118b9293d283043264f63f9cbcfff22c35753ec9c3813f6ce97ba179ab425243bf20419f3faea8377896065191a30feb4031f9'
 'ce245f775d35ff93a0b71a0da8c38a9daf1441422fdbfc3b5693c0258a3a739d2f29f767a98cf04d1296d0fdc62d345c27fba81c543d719ce7dd4624b66b865d']",4,2,0.0,0.0
156c9098-3ec1-4d85-8eb9-709a533cb410,117,CGRP单克隆抗体,DRUG_CLASS,CGRP单克隆抗体是一类靶向降钙素基因相关肽（CGRP）或其受体的单克隆抗体类药物。其作用机制主要是通过特异性阻断CGRP与受体的结合，从而抑制CGRP介导的生物学途径，进而发挥治疗作用（如用于偏头痛的预防性治疗）。该类药物属于生物制剂，具有高度的靶向性和特异性。,"['6bdf20a260fc814f2114e7badc6fac840699fe4fe6403b9a965fbdc47e447ee13af61d9b5132d5419552f5bb19d67f581f04fc7fec0d731722794d6edf188d45'
 '27669660dd2ef05fcd56fd9631f4b9b50b8b6797e69e1e92b945a1dad58714790f64a4bcac88c34640d5aaed32120d47e43547f248dd610ee6a0f16f02c0c9aa'
 '1d122b3bada9b702ba09aa102394d4359ead374a3c12e3bdc2a3dd991f3b8ddd94a81ade0f079f91bfb5c84ba3e384469b85a8db5d907c53216a4bd7168b5d3f'
 'b702dc97591d4fd99e393160ffd9d400dae11ce24461a052ca46b18e565efb9d5c4899a4d3910ff3805503f5ec2f7cfb4c0d882b0fb4ad65273b9abe5b9d8ab3']",4,5,0.0,0.0
688cb444-429a-4283-a8a3-c9f148124b21,118,推荐意见 22：阿米替林...口服。,,,['6bdf20a260fc814f2114e7badc6fac840699fe4fe6403b9a965fbdc47e447ee13af61d9b5132d5419552f5bb19d67f581f04fc7fec0d731722794d6edf188d45'],1,1,0.0,0.0
76c7ccdf-d848-47cc-a3f4-f103ef754cd5,119,推 荐 意 见 23：瑞 玛 奈 珠 单 抗...静脉注射（1A）。,,,['6bdf20a260fc814f2114e7badc6fac840699fe4fe6403b9a965fbdc47e447ee13af61d9b5132d5419552f5bb19d67f581f04fc7fec0d731722794d6edf188d45'],1,1,0.0,0.0
1c36e80f-d96c-472d-a2e8-9ca1fee71104,120,推荐意见 22：阿米替林 $2 5 { \SIM } 7 5 \ \MATHRM { M G } / \MATHRM { D }$ ，口服。,GUIDELINE_RECOMMENDATION,关于使用阿米替林预防偏头痛的推荐意见,['6bdf20a260fc814f2114e7badc6fac840699fe4fe6403b9a965fbdc47e447ee13af61d9b5132d5419552f5bb19d67f581f04fc7fec0d731722794d6edf188d45'],1,0,,
501c415c-0479-4cb3-adc0-bae6f7aeda3f,121,推 荐 意 见 23：瑞 玛 奈 珠 单 抗 $2 2 5 ~ \MATHSF { M G } /$ 月或675 MG /季度，皮下注射（1A）。伽奈珠单抗 $1 2 0 \MATHRM { M G / }$ 月，首 月 $2 4 0 ~ \MATHSF { M G }$ ， 皮 下 注 射（1A）。 厄 锐 努 单 抗$7 0 ~ \MATHSF { M G } /$ 月或 $1 4 0 ~ \MATHSF { M G } /$ 月，皮下注射（1A）。艾普奈珠单抗 $1 0 0 \MATHRM { M G / }$ 季度或 $3 0 0 \MATHSF { M } \MATHSF { G } /$ 季度，静脉注射（1A）。,GUIDELINE_RECOMMENDATION,关于使用多种CGRP单克隆抗体预防偏头痛的推荐意见,['6bdf20a260fc814f2114e7badc6fac840699fe4fe6403b9a965fbdc47e447ee13af61d9b5132d5419552f5bb19d67f581f04fc7fec0d731722794d6edf188d45'],1,0,,
31c09abe-7191-40a0-a521-a92afbdfef1a,122,肉毒杆菌毒素A,DRUG,用于预防性治疗偏头痛的药物,['0e23d33c40ad564baa0084ebd8235cb1ce82f4d6b6fb48063d86fcb23695e22c4f9ce6522e3cbecd103ff6a44d061911281712609c45a72c04c899e10ca7d0dd'],1,2,0.0,0.0
75a2d5cb-418e-4820-b192-5bd6fb05d8fe,123,推荐意见24：发作频繁且药物治疗效果差或不能耐受药物者可选择肉毒杆菌毒素 A 预防性治疗偏头痛。,GUIDELINE_RECOMMENDATION,关于特定人群使用肉毒杆菌毒素A预防偏头痛的推荐,['0e23d33c40ad564baa0084ebd8235cb1ce82f4d6b6fb48063d86fcb23695e22c4f9ce6522e3cbecd103ff6a44d061911281712609c45a72c04c899e10ca7d0dd'],1,2,0.0,0.0
c02f865d-4aa3-42b2-ab3a-b1ab8ce78480,124,发作频繁且药物治疗效果差或不能耐受药物者,,,"['0e23d33c40ad564baa0084ebd8235cb1ce82f4d6b6fb48063d86fcb23695e22c4f9ce6522e3cbecd103ff6a44d061911281712609c45a72c04c899e10ca7d0dd'
 'fb7937078606072981cdd7d9646067a24fb9e1e928590b9a96273cebbe354ed92c551b5f4b225d11028f03e369b1ec1cc016a47fb4976038bb73c7122daac62e']",2,2,0.0,0.0
164e7b0e-8328-40b9-bc56-49312e4ff884,125,枕大神经阻滞,NON_DRUG_TREATMENT,用于预防性治疗偏头痛的非药物方法,['fb7937078606072981cdd7d9646067a24fb9e1e928590b9a96273cebbe354ed92c551b5f4b225d11028f03e369b1ec1cc016a47fb4976038bb73c7122daac62e'],1,4,0.0,0.0
44db9ad3-d667-4bd6-b131-7097143cb2d5,126,高频重复经颅磁刺激,NON_DRUG_TREATMENT,刺激初级运动皮质以预防偏头痛的方法,['fb7937078606072981cdd7d9646067a24fb9e1e928590b9a96273cebbe354ed92c551b5f4b225d11028f03e369b1ec1cc016a47fb4976038bb73c7122daac62e'],1,4,0.0,0.0
1dc9754b-c93a-42b3-b957-d2cdc2679bd5,127,推荐意见25,GUIDELINE_RECOMMENDATION,关于枕大神经阻滞和高频重复经颅磁刺激预防性治疗偏头痛的推荐意见,['fb7937078606072981cdd7d9646067a24fb9e1e928590b9a96273cebbe354ed92c551b5f4b225d11028f03e369b1ec1cc016a47fb4976038bb73c7122daac62e'],1,7,0.0,0.0
3da05786-9dc7-482f-a456-606f4b518c17,128,预防性药物,DRUG_CLASS,用于预防偏头痛的药物类别,['e49aff32a59ed37a6f07ad54de938177fc4f6c7a014d75cbb68b19876cc9726f90e380cb1a3239f8ae7e3499c97a4d6aa863c4733082e908275eadd69856fe51'],1,2,0.0,0.0
13a55f60-569c-4163-9e26-f7016ef7dce0,129,中药,DRUG_CLASS,中医使用的药物类别,['e49aff32a59ed37a6f07ad54de938177fc4f6c7a014d75cbb68b19876cc9726f90e380cb1a3239f8ae7e3499c97a4d6aa863c4733082e908275eadd69856fe51'],1,5,0.0,0.0
dc317054-721f-4c91-924e-8c8ac93901ec,130,西药,DRUG_CLASS,西医使用的药物类别,['e49aff32a59ed37a6f07ad54de938177fc4f6c7a014d75cbb68b19876cc9726f90e380cb1a3239f8ae7e3499c97a4d6aa863c4733082e908275eadd69856fe51'],1,1,0.0,0.0
837f70d9-8929-415c-bb06-bf72c8142a2a,131,中西药联合应用,THERAPY,中药与西药联合使用的治疗方案,['e49aff32a59ed37a6f07ad54de938177fc4f6c7a014d75cbb68b19876cc9726f90e380cb1a3239f8ae7e3499c97a4d6aa863c4733082e908275eadd69856fe51'],1,1,0.0,0.0
41cff077-e64f-4388-ac49-bfcd9c74342b,132,治疗有效,GUIDELINE_RECOMMENDATION,"
以服药后2小时无疼痛和24小时持续无疼痛作为判定标准",['0753a5364e8659153a688ab0eca1df824f632203d4596b69b50e7c01586097ec4e30fb396f58f92bb9d5396f0f58956a8be35d67bfdda38302dccdf1aef38243'],1,1,0.0,0.0
5914d5e6-8c4d-418f-921e-ad198ebf4b22,133,曲坦类,DRUG_CLASS,曲坦类是一类药物类别，属于5-HT1受体激动剂类药物，主要用于偏头痛的急性期治疗。,"['db7f302aa51dbce26492c29730ea69119f5e2bb25fa32bffeb20529785ff4c4a1e01a0f76bd28928be9c60a355b684a850916329a74d1256a40ecff24cc9b16f'
 'f1d2caf9b82ac1c50c286deac68819f12ae94d530212549de84ec29583ac195bf8f92185b57db573efd2db45182c070718c763dd01ca2300a3414e6e63110903'
 'a7497051b835b0296caa8c43a2182e056a4d630488acdf638ab6cd1d926fb9ebe0e50b22dece2d0fb4bfabf4f04ef42edc8be89a0203491675e0fc4b52a1b78f']",3,6,0.0,0.0
79b4990e-ed5a-45fa-8fb7-193a9c473190,134,急性期,TREATMENT_PHASE,偏头痛发作的阶段,['7dc3750a7b61d30cd6cc5688b4d45016d4f96591ef54ddff733bae89d5bb73b20cfe18b6b6892350c51657ee248e44b4e211c0ca4350661af7994b6df3cca7b4'],1,1,0.0,0.0
5c425fb6-899d-4c3c-9e64-f8c52d4bb417,135,推荐意见26,GUIDELINE_RECOMMENDATION,建议根据辨证结果个体化用药的推荐条目,['7dc3750a7b61d30cd6cc5688b4d45016d4f96591ef54ddff733bae89d5bb73b20cfe18b6b6892350c51657ee248e44b4e211c0ca4350661af7994b6df3cca7b4'],1,2,0.0,0.0
3507319d-ff93-4b8a-8de3-aabf8d5cfa53,136,专家共识,EVIDENCE_LEVEL,基于专家共识的证据,['7dc3750a7b61d30cd6cc5688b4d45016d4f96591ef54ddff733bae89d5bb73b20cfe18b6b6892350c51657ee248e44b4e211c0ca4350661af7994b6df3cca7b4'],1,1,0.0,0.0
2f0239a2-e4fe-440f-9203-b6799a5865f3,137,偏头痛缓解期,DISEASE,偏头痛发作后的阶段,['7dc3750a7b61d30cd6cc5688b4d45016d4f96591ef54ddff733bae89d5bb73b20cfe18b6b6892350c51657ee248e44b4e211c0ca4350661af7994b6df3cca7b4'],1,2,0.0,0.0
a0ba6a8a-568b-4e91-9bb1-d48957561d92,138,中药和中西医结合预防治疗,THERAPY,使用中药或中西医结合方法的预防性治疗,['7dc3750a7b61d30cd6cc5688b4d45016d4f96591ef54ddff733bae89d5bb73b20cfe18b6b6892350c51657ee248e44b4e211c0ca4350661af7994b6df3cca7b4'],1,2,0.0,0.0
c4f5a048-be35-4a9b-8017-fdb3ae619ad4,139,偏头痛急性期,,,['7dc3750a7b61d30cd6cc5688b4d45016d4f96591ef54ddff733bae89d5bb73b20cfe18b6b6892350c51657ee248e44b4e211c0ca4350661af7994b6df3cca7b4'],1,1,0.0,0.0
1d3d5508-4d60-43f1-b202-1803126b653d,140,针灸,NON_DRUG_TREATMENT,针灸是一种非药物治疗方式，主要通过使用针刺人体特定部位来达到治疗疾病或调节健康的目的。,"['fd1bc9667578009377bbd23e1608c5f1d7847ea676c232cc2c09d7415c20f3ed58aa62a0ad19948e7fbb0ee262fc023c3da4df02c5955dae2304019db8d2c832'
 '3ee8eb816fe9ae302cda19230b3f6dbcdd92fca75889f2dce397a3dc074855f9b4445eadb26b0d75b74acd64439770c1a963ac9a20a12379fb078588ea3288f6']",2,2,0.0,0.0
3f7785a9-ebe9-4457-88d0-33e726aa977d,141,推荐意见 27：针灸可用于偏头痛急性期治疗。,GUIDELINE_RECOMMENDATION,关于针灸用于偏头痛急性期治疗的推荐条目,['fd1bc9667578009377bbd23e1608c5f1d7847ea676c232cc2c09d7415c20f3ed58aa62a0ad19948e7fbb0ee262fc023c3da4df02c5955dae2304019db8d2c832'],1,1,0.0,0.0
a29ec8a2-d617-4fbd-bdc0-a688d7612b9f,142,非特异性镇痛药物,DRUG_CLASS,用于偏头痛急性期治疗的药物类别,['cd2a54931edbd63ab62b28d03fb6ddc8bbd6049351a8a7b80db264eabe008bc0920f5da9e2ed3d88844e80641d5c9f2e2d7520c695728aeb4104a942d6694f89'],1,1,0.0,0.0
599ef6e7-b688-4e19-80a1-0274ae6f9411,143,阿司匹林,DRUG,阿司匹林是一种非甾体抗炎药（NSAID），属于解热镇痛类药物。它可用于缓解偏头痛的急性发作症状，在恶心、呕吐明显时也可选择肛门栓剂给药形式。需要注意的是，该药物为非特异性治疗药物，且通常不建议用于16岁以下的病人。,"['6b7711be923ef18d996b237c5656a6e7b959f06d5000fe52aaf758e5fb648caeb02c40857bc1e3233fc0dd9f6e4ea63ef7e863fb76631f043133796dfec81c26'
 'ae72d6ebaf15a28ac158b0ade21068081bed983cb819edad66b5fb9cc8130f0fa185f0cf57c6f8c4f2e945441602efc569ad85e1e2dfaddafc8a6a80939b5a64'
 'f774ecc5ad11c6218cf9a5fa3956561dae8d217b440ba4206959b9b5c33aeca048a105c46772bb22452034ff8e2ac6545387df78983c45e384ec2b379e14652f'
 '3352eba8f84ba8640a78ca9657f477d850ca9e6d005207883d4d1591c3e8cafac7c72da89a8391fe078e518a460d5ed0fcc9ae2fabdbf3c81356ca520b3bda63'
 'c36e8fb29051175ed7d04bcfd393b599d986674bccfcbc008273d791e9b2ae5ed0359af6c9190422bb219b73ff6cf1726e092e84bde9fcc196c168529c7851ef'
 '52210322972c047efc7689da633097a5df8ebccef9995944df73c65ace381727b5e957bf05ca9fb923614ca21f8a668a019c808fee804e714d274f8988e0e0d2'
 '9609f731b2a1d479a0b1fa68f88c75b8c3461935601ffe88d4cfc8df0b1379cf4e596ef472e2ed824cc0fe7b6dbd0218447501e6f7c382a1a26e1db6352b7c15'
 'a4d0b08467ce73e94c8ae21cbf1d5c9de2b28eb2b11f0d9600ba696f7deecf4bbb8dcc953f2c41adbc6ecd52451ed70a2ae271b631839da06fe4efc61527bdad'
 'eb23a2a465336b5ec6faea7509e9d96170613d5d7809facc0263e3da0a323f991faad9182bbef36140b0c9d2dcbdac84f118f661ee526045ce28f1a77a0c11b6'
 '363b6f4fe840a82e2f2626f490dcb8da3de821cda42ac4f70ba0da92fba6668706d3e8bf6ad7f088fd38c3486b672b17640aefe778000d68b857659286405ea0'
 '97f704f729baa12c0e2b11bd17d01198b85340ee2d9fc65ac747ebaab61fa6bc63aed99a2ae144e4b0686faa762d4ff03b31c2b12f0ec3c2bf1cda251e23d289']",11,11,0.0,0.0
1327d89e-633b-4bf1-90a9-6f8fb2d785c2,144,布洛芬,DRUG,布洛芬是一种非甾体抗炎药（NSAID），属于解热镇痛药，主要用于缓解轻中度头痛、偏头痛急性期症状以及发热和疼痛。它适用于成人和6个月以上儿童，常见剂型包括口服液或混悬液，儿童常用剂量为10 mg/kg，最大每日剂量不超过30 mg/kg。在特定情况下，如孕中期，可在医生指导下使用。作为非特异性治疗药物，它是轻中度头痛的首选药物之一。,"['6b7711be923ef18d996b237c5656a6e7b959f06d5000fe52aaf758e5fb648caeb02c40857bc1e3233fc0dd9f6e4ea63ef7e863fb76631f043133796dfec81c26'
 'f774ecc5ad11c6218cf9a5fa3956561dae8d217b440ba4206959b9b5c33aeca048a105c46772bb22452034ff8e2ac6545387df78983c45e384ec2b379e14652f'
 '3352eba8f84ba8640a78ca9657f477d850ca9e6d005207883d4d1591c3e8cafac7c72da89a8391fe078e518a460d5ed0fcc9ae2fabdbf3c81356ca520b3bda63'
 'c36e8fb29051175ed7d04bcfd393b599d986674bccfcbc008273d791e9b2ae5ed0359af6c9190422bb219b73ff6cf1726e092e84bde9fcc196c168529c7851ef'
 '52210322972c047efc7689da633097a5df8ebccef9995944df73c65ace381727b5e957bf05ca9fb923614ca21f8a668a019c808fee804e714d274f8988e0e0d2'
 '9609f731b2a1d479a0b1fa68f88c75b8c3461935601ffe88d4cfc8df0b1379cf4e596ef472e2ed824cc0fe7b6dbd0218447501e6f7c382a1a26e1db6352b7c15'
 'a4d0b08467ce73e94c8ae21cbf1d5c9de2b28eb2b11f0d9600ba696f7deecf4bbb8dcc953f2c41adbc6ecd52451ed70a2ae271b631839da06fe4efc61527bdad'
 'eb23a2a465336b5ec6faea7509e9d96170613d5d7809facc0263e3da0a323f991faad9182bbef36140b0c9d2dcbdac84f118f661ee526045ce28f1a77a0c11b6'
 '7b28720f03d13bef2702c66cb2c05b381e779fa77183aa5ec27590e416bac4b2f4f5d08c8f297dbe2195c0c8ee280baa612ae77afa79f7a6238aafdc10aef424'
 '363b6f4fe840a82e2f2626f490dcb8da3de821cda42ac4f70ba0da92fba6668706d3e8bf6ad7f088fd38c3486b672b17640aefe778000d68b857659286405ea0'
 '97f704f729baa12c0e2b11bd17d01198b85340ee2d9fc65ac747ebaab61fa6bc63aed99a2ae144e4b0686faa762d4ff03b31c2b12f0ec3c2bf1cda251e23d289'
 'ac816b54ac70f1e2697a0fc2cc646c6a9319c8b2da14228b3ac6b76a0dd992ee5c7cee7e7986e8ab08a9d457617b74a833be81924604ec8d1c29d35b02f46926']",12,13,0.0,0.0
65d3d7dc-e834-4a59-af35-999ce69134b8,145,萘普生,DRUG,萘普生是一种非甾体抗炎药（NSAID），属于解热镇痛类药物。它主要用于缓解偏头痛急性发作的症状，并可用于2岁以上或体重25公斤以上儿童的疼痛和炎症治疗。作为一种速效非甾体抗炎药，它适用于需要快速镇痛的场景，但其缓释剂型不适用于此类需求。此外，萘普生被视为一种非特异性治疗药物，广泛用于多种疼痛和炎症状况。,"['6b7711be923ef18d996b237c5656a6e7b959f06d5000fe52aaf758e5fb648caeb02c40857bc1e3233fc0dd9f6e4ea63ef7e863fb76631f043133796dfec81c26'
 'f1d2caf9b82ac1c50c286deac68819f12ae94d530212549de84ec29583ac195bf8f92185b57db573efd2db45182c070718c763dd01ca2300a3414e6e63110903'
 'f774ecc5ad11c6218cf9a5fa3956561dae8d217b440ba4206959b9b5c33aeca048a105c46772bb22452034ff8e2ac6545387df78983c45e384ec2b379e14652f'
 '3352eba8f84ba8640a78ca9657f477d850ca9e6d005207883d4d1591c3e8cafac7c72da89a8391fe078e518a460d5ed0fcc9ae2fabdbf3c81356ca520b3bda63'
 'c36e8fb29051175ed7d04bcfd393b599d986674bccfcbc008273d791e9b2ae5ed0359af6c9190422bb219b73ff6cf1726e092e84bde9fcc196c168529c7851ef'
 '9609f731b2a1d479a0b1fa68f88c75b8c3461935601ffe88d4cfc8df0b1379cf4e596ef472e2ed824cc0fe7b6dbd0218447501e6f7c382a1a26e1db6352b7c15'
 'a4d0b08467ce73e94c8ae21cbf1d5c9de2b28eb2b11f0d9600ba696f7deecf4bbb8dcc953f2c41adbc6ecd52451ed70a2ae271b631839da06fe4efc61527bdad'
 'eb23a2a465336b5ec6faea7509e9d96170613d5d7809facc0263e3da0a323f991faad9182bbef36140b0c9d2dcbdac84f118f661ee526045ce28f1a77a0c11b6'
 '7b28720f03d13bef2702c66cb2c05b381e779fa77183aa5ec27590e416bac4b2f4f5d08c8f297dbe2195c0c8ee280baa612ae77afa79f7a6238aafdc10aef424'
 '363b6f4fe840a82e2f2626f490dcb8da3de821cda42ac4f70ba0da92fba6668706d3e8bf6ad7f088fd38c3486b672b17640aefe778000d68b857659286405ea0'
 '97f704f729baa12c0e2b11bd17d01198b85340ee2d9fc65ac747ebaab61fa6bc63aed99a2ae144e4b0686faa762d4ff03b31c2b12f0ec3c2bf1cda251e23d289']",11,10,0.0,0.0
b1b4cb70-280f-4e90-9753-3416ac43203b,146,双氯芬酸钾,DRUG,一种非甾体类抗炎药,['6b7711be923ef18d996b237c5656a6e7b959f06d5000fe52aaf758e5fb648caeb02c40857bc1e3233fc0dd9f6e4ea63ef7e863fb76631f043133796dfec81c26'],1,4,0.0,0.0
e2b51cdc-bb66-4388-80c7-2c503528ad2f,147,对乙酰氨基酚,DRUG,"**对乙酰氨基酚**（又称扑热息痛）是一种乙酰苯胺类解热镇痛药，属于非特异性镇痛药物。它主要通过抑制中枢环氧合酶-2、减少前列腺素生成来缓解疼痛和发热，因此常被归类为一种非甾体类抗炎药（尽管其抗炎作用较弱）。该药适用于轻至中度的头痛、偏头痛急性期治疗及其他一般性疼痛，是单纯止痛药的一种。

在临床应用中，对乙酰氨基酚可作为一线治疗方案，尤其适用于3个月以上婴儿的镇痛，也是孕期及妊娠期偏头痛急性期治疗的首选药物。给药时常用口服液剂型，剂量需根据体重调整（例如15 mg/kg），且每日最大剂量不超过60 mg/kg；同时必须注意根据患者的肝功能情况调整剂量，以确保用药安全。","['6b7711be923ef18d996b237c5656a6e7b959f06d5000fe52aaf758e5fb648caeb02c40857bc1e3233fc0dd9f6e4ea63ef7e863fb76631f043133796dfec81c26'
 'ae72d6ebaf15a28ac158b0ade21068081bed983cb819edad66b5fb9cc8130f0fa185f0cf57c6f8c4f2e945441602efc569ad85e1e2dfaddafc8a6a80939b5a64'
 'c01220242d7d3b6157eaf91fb6ad7e5f05d455441d91a2b77db0127e02b0fe7423ed15b66ae28fd3fab0125ef1b99725bfc52b50ef58fe62288f8190496b38bf'
 'f774ecc5ad11c6218cf9a5fa3956561dae8d217b440ba4206959b9b5c33aeca048a105c46772bb22452034ff8e2ac6545387df78983c45e384ec2b379e14652f'
 '3352eba8f84ba8640a78ca9657f477d850ca9e6d005207883d4d1591c3e8cafac7c72da89a8391fe078e518a460d5ed0fcc9ae2fabdbf3c81356ca520b3bda63'
 '9b33fd76a5e68a032ef4110cdcedf43bab5889fa6a85227d2b3cdf681683caed3334e7a701b9082a321eed3ead839a6ddd6573921141bbde60fd3fdbe876e49f'
 'c36e8fb29051175ed7d04bcfd393b599d986674bccfcbc008273d791e9b2ae5ed0359af6c9190422bb219b73ff6cf1726e092e84bde9fcc196c168529c7851ef'
 'ab1c1c83a9f14dae2c811c808ef239ac2aba116e004b6113e443fddea8fc1801171748bc0b19ea25533c075f5585a3694a64eafabd46b4ee9b94199edb2727d1'
 '52210322972c047efc7689da633097a5df8ebccef9995944df73c65ace381727b5e957bf05ca9fb923614ca21f8a668a019c808fee804e714d274f8988e0e0d2'
 'a7b9f4293708ad1fe7cc43e307725bc7b8f026a699a69216fb1c6d3ace1508b33ebf3ac19290f66771cc4d87a263678906390389a02d2a9564a8027672cb155a'
 '0e212d8c2c842ee5de12af1433ca1bc447466457d87d7873dc236531a59f56c27f20411f5b1eb47a8f697027a165c03b43f5f71976348f46b3caf662514fc44e'
 '8a5a6e187c668bb2f8331df659df42e1806867580ac766ba79bd9efeba8f788a99d6677d88162b703da1dfef9d27fc7aee00093a794541110dbfebcba1a298b0'
 '9609f731b2a1d479a0b1fa68f88c75b8c3461935601ffe88d4cfc8df0b1379cf4e596ef472e2ed824cc0fe7b6dbd0218447501e6f7c382a1a26e1db6352b7c15'
 'a4d0b08467ce73e94c8ae21cbf1d5c9de2b28eb2b11f0d9600ba696f7deecf4bbb8dcc953f2c41adbc6ecd52451ed70a2ae271b631839da06fe4efc61527bdad'
 '66fafb979e4741dbb83cfb0ca734aaa23ede790ff25a511a005a58515b4535623120fb9baa7f15c331ad249821458a0f77372a614c234d1309dfdfc250b296dd'
 'eb23a2a465336b5ec6faea7509e9d96170613d5d7809facc0263e3da0a323f991faad9182bbef36140b0c9d2dcbdac84f118f661ee526045ce28f1a77a0c11b6'
 '7b28720f03d13bef2702c66cb2c05b381e779fa77183aa5ec27590e416bac4b2f4f5d08c8f297dbe2195c0c8ee280baa612ae77afa79f7a6238aafdc10aef424'
 '363b6f4fe840a82e2f2626f490dcb8da3de821cda42ac4f70ba0da92fba6668706d3e8bf6ad7f088fd38c3486b672b17640aefe778000d68b857659286405ea0'
 '97f704f729baa12c0e2b11bd17d01198b85340ee2d9fc65ac747ebaab61fa6bc63aed99a2ae144e4b0686faa762d4ff03b31c2b12f0ec3c2bf1cda251e23d289'
 'a7497051b835b0296caa8c43a2182e056a4d630488acdf638ab6cd1d926fb9ebe0e50b22dece2d0fb4bfabf4f04ef42edc8be89a0203491675e0fc4b52a1b78f'
 'ac816b54ac70f1e2697a0fc2cc646c6a9319c8b2da14228b3ac6b76a0dd992ee5c7cee7e7986e8ab08a9d457617b74a833be81924604ec8d1c29d35b02f46926']",21,19,0.0,0.0
a76a6fb0-05e3-479a-be50-22acd76e2809,148,非甾体类抗炎药,DRUG_CLASS,包括阿司匹林、布洛芬、萘普生、双氯芬酸钾、对乙酰氨基酚等药物的一类药物,['6b7711be923ef18d996b237c5656a6e7b959f06d5000fe52aaf758e5fb648caeb02c40857bc1e3233fc0dd9f6e4ea63ef7e863fb76631f043133796dfec81c26'],1,6,0.0,0.0
3424ac56-8bbb-4c6b-88c1-94f67f46faf4,149,推荐意见 28,,,['6b7711be923ef18d996b237c5656a6e7b959f06d5000fe52aaf758e5fb648caeb02c40857bc1e3233fc0dd9f6e4ea63ef7e863fb76631f043133796dfec81c26'],1,7,0.0,0.0
5145a6db-710e-4c5c-b97d-50967b3c6861,150,甲氧氯普胺,DRUG,甲氧氯普胺是一种多巴胺受体拮抗剂，属于止吐药与促胃动力药。它主要用于治疗恶心和呕吐，包括与偏头痛发作相关的恶心呕吐，并可作为经验性给予的前庭抑制剂或止吐药用于联合治疗。需要注意的是，该药物可能导致锥体外系效应。,"['ae72d6ebaf15a28ac158b0ade21068081bed983cb819edad66b5fb9cc8130f0fa185f0cf57c6f8c4f2e945441602efc569ad85e1e2dfaddafc8a6a80939b5a64'
 'f774ecc5ad11c6218cf9a5fa3956561dae8d217b440ba4206959b9b5c33aeca048a105c46772bb22452034ff8e2ac6545387df78983c45e384ec2b379e14652f'
 'ede3004f346fbf57178f109ccc246e3bc4937d91f3d8b4e360bb31965da2efe4d9269ff0f33f06a316cd47f9c5fcdcd614dd46895241fb926660d433e9caa6ab'
 '9b33fd76a5e68a032ef4110cdcedf43bab5889fa6a85227d2b3cdf681683caed3334e7a701b9082a321eed3ead839a6ddd6573921141bbde60fd3fdbe876e49f'
 'c36e8fb29051175ed7d04bcfd393b599d986674bccfcbc008273d791e9b2ae5ed0359af6c9190422bb219b73ff6cf1726e092e84bde9fcc196c168529c7851ef'
 'a7b9f4293708ad1fe7cc43e307725bc7b8f026a699a69216fb1c6d3ace1508b33ebf3ac19290f66771cc4d87a263678906390389a02d2a9564a8027672cb155a'
 '1c2d42cf24d5ef41eadbc348176fc20e538136d601d7796de053c8d108164282bc91e627d6fb591fd2b3c6605eec37ee0ee6a4acb7ae2873d039be0a367cabe9'
 '7b28720f03d13bef2702c66cb2c05b381e779fa77183aa5ec27590e416bac4b2f4f5d08c8f297dbe2195c0c8ee280baa612ae77afa79f7a6238aafdc10aef424'
 '00f6ae08bfe86a45fb0a5b9bb0c1af4689dc9a8bf3e904dafc085247d4891d45662af08314d8f37937a0c4846545bd0e0f2b558d3b42b0faee320aca0426b1c1'
 'a7497051b835b0296caa8c43a2182e056a4d630488acdf638ab6cd1d926fb9ebe0e50b22dece2d0fb4bfabf4f04ef42edc8be89a0203491675e0fc4b52a1b78f']",10,8,0.0,0.0
6d48a3db-9632-4e1a-ad98-19507731aa1a,151,舒马曲坦,DRUG,舒马曲坦是一种曲普坦类药物，主要用于偏头痛的急性期治疗。它可通过口服、鼻喷雾剂或皮下注射给药，单次推荐剂量为25~100mg。回顾性研究显示其对偏头痛及相关眩晕症状有效。该药物已在我国上市，但不推荐儿童使用。,"['ae72d6ebaf15a28ac158b0ade21068081bed983cb819edad66b5fb9cc8130f0fa185f0cf57c6f8c4f2e945441602efc569ad85e1e2dfaddafc8a6a80939b5a64'
 'f1d2caf9b82ac1c50c286deac68819f12ae94d530212549de84ec29583ac195bf8f92185b57db573efd2db45182c070718c763dd01ca2300a3414e6e63110903'
 '97f704f729baa12c0e2b11bd17d01198b85340ee2d9fc65ac747ebaab61fa6bc63aed99a2ae144e4b0686faa762d4ff03b31c2b12f0ec3c2bf1cda251e23d289'
 'a7497051b835b0296caa8c43a2182e056a4d630488acdf638ab6cd1d926fb9ebe0e50b22dece2d0fb4bfabf4f04ef42edc8be89a0203491675e0fc4b52a1b78f'
 '0e3088f94fd74dd0bf54ce4fe7dfb492db7a4fa8eeed4a699f6992bc1606d3f05b5845dea1e8d94b3b6a8c011887384eb0757bbf3764f608225b6b1ce8e9ffc0']",5,6,0.0,0.0
dbcb2867-127c-4f2a-9d54-58ec6188ab35,152,推荐意见 29,GUIDELINE_RECOMMENDATION,关于甲氧氯普胺口服的推荐条目,['ae72d6ebaf15a28ac158b0ade21068081bed983cb819edad66b5fb9cc8130f0fa185f0cf57c6f8c4f2e945441602efc569ad85e1e2dfaddafc8a6a80939b5a64'],1,2,0.0,0.0
3708f2f0-0ed3-4e00-9dec-cc48c5ec26e5,153,止吐剂,,,['ae72d6ebaf15a28ac158b0ade21068081bed983cb819edad66b5fb9cc8130f0fa185f0cf57c6f8c4f2e945441602efc569ad85e1e2dfaddafc8a6a80939b5a64'],1,1,0.0,0.0
bec9e12f-7687-42c9-87d9-6a84c50320c8,154,麦角胺类药物,DRUG_CLASS,麦角胺类药物是一类麦角生物碱衍生物，主要用于治疗偏头痛。,"['7d98ba8f9de7b614e73262910d8b5dcb17fcf4bd92d49748d70d608417585ea50b1b33e4928bccf741cb255a7f4b71ceedb7faa836017fea4ae46041700f519c'
 'c01220242d7d3b6157eaf91fb6ad7e5f05d455441d91a2b77db0127e02b0fe7423ed15b66ae28fd3fab0125ef1b99725bfc52b50ef58fe62288f8190496b38bf']",2,1,0.0,0.0
d0439b8d-f332-46b5-aa58-44144d55b2d5,155,TRUDHESA（DHE）鼻喷雾剂,DRUG,二氢麦角胺的鼻喷雾剂型,['7d98ba8f9de7b614e73262910d8b5dcb17fcf4bd92d49748d70d608417585ea50b1b33e4928bccf741cb255a7f4b71ceedb7faa836017fea4ae46041700f519c'],1,3,0.0,0.0
05d8f840-f40f-43f5-ae21-8fb4b373a125,156,二氢麦角胺,DRUG,一种麦角胺类药物,['7d98ba8f9de7b614e73262910d8b5dcb17fcf4bd92d49748d70d608417585ea50b1b33e4928bccf741cb255a7f4b71ceedb7faa836017fea4ae46041700f519c'],1,2,0.0,0.0
8487af5f-4c68-4773-8c8f-9a3718ab5eea,157,推荐意见 30：TRUDHESA（DHE）鼻喷雾剂 1.45 MG，喷鼻。,GUIDELINE_RECOMMENDATION,关于使用DHE鼻喷雾剂的推荐条目,['7d98ba8f9de7b614e73262910d8b5dcb17fcf4bd92d49748d70d608417585ea50b1b33e4928bccf741cb255a7f4b71ceedb7faa836017fea4ae46041700f519c'],1,1,0.0,0.0
23cfe025-3c7b-4728-b70a-9907a1fcef70,158,2A,EVIDENCE_LEVEL,证据等级为2A级,['7d98ba8f9de7b614e73262910d8b5dcb17fcf4bd92d49748d70d608417585ea50b1b33e4928bccf741cb255a7f4b71ceedb7faa836017fea4ae46041700f519c'],1,1,0.0,0.0
536a9a70-a75d-4b95-83dc-34b538126b1a,159,佐米曲坦,DRUG,佐米曲坦是一种曲坦类药物，主要用于偏头痛急性期的治疗。其给药方式包括口服或鼻喷雾剂，单次推荐剂量为2.5至5毫克。该药物已在我国上市，但不推荐儿童患者使用。,"['f1d2caf9b82ac1c50c286deac68819f12ae94d530212549de84ec29583ac195bf8f92185b57db573efd2db45182c070718c763dd01ca2300a3414e6e63110903'
 '97f704f729baa12c0e2b11bd17d01198b85340ee2d9fc65ac747ebaab61fa6bc63aed99a2ae144e4b0686faa762d4ff03b31c2b12f0ec3c2bf1cda251e23d289'
 '0e3088f94fd74dd0bf54ce4fe7dfb492db7a4fa8eeed4a699f6992bc1606d3f05b5845dea1e8d94b3b6a8c011887384eb0757bbf3764f608225b6b1ce8e9ffc0']",3,6,0.0,0.0
f14e4999-0be7-4428-8f98-488d5518439b,160,利扎曲普坦,DRUG,利扎曲普坦是一种口服曲普坦类药物（亦称曲坦类药物），属于偏头痛急性期治疗药物。它主要用于偏头痛及前庭性偏头痛（VM）急性期的治疗研究。该药物的推荐剂量为每次5~10毫克，剂型为口服剂型。此外，利扎曲普坦是少数可用于6岁及以上儿童及青少年的曲普坦类药物之一。,"['f1d2caf9b82ac1c50c286deac68819f12ae94d530212549de84ec29583ac195bf8f92185b57db573efd2db45182c070718c763dd01ca2300a3414e6e63110903'
 '3352eba8f84ba8640a78ca9657f477d850ca9e6d005207883d4d1591c3e8cafac7c72da89a8391fe078e518a460d5ed0fcc9ae2fabdbf3c81356ca520b3bda63'
 'ede3004f346fbf57178f109ccc246e3bc4937d91f3d8b4e360bb31965da2efe4d9269ff0f33f06a316cd47f9c5fcdcd614dd46895241fb926660d433e9caa6ab'
 '52210322972c047efc7689da633097a5df8ebccef9995944df73c65ace381727b5e957bf05ca9fb923614ca21f8a668a019c808fee804e714d274f8988e0e0d2'
 'a4d0b08467ce73e94c8ae21cbf1d5c9de2b28eb2b11f0d9600ba696f7deecf4bbb8dcc953f2c41adbc6ecd52451ed70a2ae271b631839da06fe4efc61527bdad'
 'ab02a1307f63358bba10915511264b7bd499a08f4799ccbe749feea02892d3b4576b80b148aafc7d157b4e4ee34994660056fda352cb0162f7687641ca4e1399'
 '0652c8adae3332fa149aee4f026b39c62e7a17eb485b6a9171cfa2a1170cb9d5b4facc0b94b7e628e1be7e4b64b0226a483130d776edc7f2d1c5587a8aea09bf'
 'eb23a2a465336b5ec6faea7509e9d96170613d5d7809facc0263e3da0a323f991faad9182bbef36140b0c9d2dcbdac84f118f661ee526045ce28f1a77a0c11b6'
 '7b28720f03d13bef2702c66cb2c05b381e779fa77183aa5ec27590e416bac4b2f4f5d08c8f297dbe2195c0c8ee280baa612ae77afa79f7a6238aafdc10aef424'
 'a7497051b835b0296caa8c43a2182e056a4d630488acdf638ab6cd1d926fb9ebe0e50b22dece2d0fb4bfabf4f04ef42edc8be89a0203491675e0fc4b52a1b78f'
 'bfad7cb80612a979706bc5c077780f25ccccf3bf53dd263029107f1a6f54e815903ad1a1f128aadb0c9fbaf3e877cac08d057af5995c321f9ec6c6d8df22f726']",11,10,0.0,0.0
21193e44-42ae-49d3-9141-f348e2d5ee03,161,阿莫曲坦,DRUG,阿莫曲坦是一种曲坦类药物，主要用于偏头痛的急性期治疗，口服给药。其单次推荐剂量为6.25至12.5毫克。除成人外，该药物也获得美国FDA批准，可用于12岁及以上儿童的偏头痛治疗。此外，有回顾性研究表明，阿莫曲坦也被尝试用于前庭性偏头痛（VM）相关的眩晕发作治疗。,"['f1d2caf9b82ac1c50c286deac68819f12ae94d530212549de84ec29583ac195bf8f92185b57db573efd2db45182c070718c763dd01ca2300a3414e6e63110903'
 '97f704f729baa12c0e2b11bd17d01198b85340ee2d9fc65ac747ebaab61fa6bc63aed99a2ae144e4b0686faa762d4ff03b31c2b12f0ec3c2bf1cda251e23d289'
 'a7497051b835b0296caa8c43a2182e056a4d630488acdf638ab6cd1d926fb9ebe0e50b22dece2d0fb4bfabf4f04ef42edc8be89a0203491675e0fc4b52a1b78f'
 '0e3088f94fd74dd0bf54ce4fe7dfb492db7a4fa8eeed4a699f6992bc1606d3f05b5845dea1e8d94b3b6a8c011887384eb0757bbf3764f608225b6b1ce8e9ffc0']",4,6,0.0,0.0
5db8c391-b0b7-44d8-a39e-436ff0fdf36b,162,依立曲坦,DRUG,曲坦类药物，口服用于偏头痛急性期治疗,['f1d2caf9b82ac1c50c286deac68819f12ae94d530212549de84ec29583ac195bf8f92185b57db573efd2db45182c070718c763dd01ca2300a3414e6e63110903'],1,3,0.0,0.0
d179734e-c27b-4cc7-af58-36a13b478bf3,163,舒马曲坦和萘普生的联合治疗,,,['f1d2caf9b82ac1c50c286deac68819f12ae94d530212549de84ec29583ac195bf8f92185b57db573efd2db45182c070718c763dd01ca2300a3414e6e63110903'],1,2,0.0,0.0
4ed8504c-8726-4713-bcc7-8b9a723b3a02,164,拉米地坦,DRUG,拉米地坦是一种地坦类药物，属于5-HT1F受体激动剂，口服剂型，获批用于成人急性偏头痛发作的治疗。该药物不增加心血管疾病风险，且无血管收缩相关的不良反应。,"['09504ecbdd99c16f37e9d92750cb60d1956c26b81dce28150e1f2817f922fb84b3c9862359193d051cd265b09be9488affcb893d2e96a0c115c5a3af54ff6f0f'
 'c01220242d7d3b6157eaf91fb6ad7e5f05d455441d91a2b77db0127e02b0fe7423ed15b66ae28fd3fab0125ef1b99725bfc52b50ef58fe62288f8190496b38bf'
 'ede3004f346fbf57178f109ccc246e3bc4937d91f3d8b4e360bb31965da2efe4d9269ff0f33f06a316cd47f9c5fcdcd614dd46895241fb926660d433e9caa6ab'
 'ab1c1c83a9f14dae2c811c808ef239ac2aba116e004b6113e443fddea8fc1801171748bc0b19ea25533c075f5585a3694a64eafabd46b4ee9b94199edb2727d1'
 'eb23a2a465336b5ec6faea7509e9d96170613d5d7809facc0263e3da0a323f991faad9182bbef36140b0c9d2dcbdac84f118f661ee526045ce28f1a77a0c11b6'
 '7b28720f03d13bef2702c66cb2c05b381e779fa77183aa5ec27590e416bac4b2f4f5d08c8f297dbe2195c0c8ee280baa612ae77afa79f7a6238aafdc10aef424'
 '97f704f729baa12c0e2b11bd17d01198b85340ee2d9fc65ac747ebaab61fa6bc63aed99a2ae144e4b0686faa762d4ff03b31c2b12f0ec3c2bf1cda251e23d289']",7,5,0.0,0.0
3634babb-dcfa-44b0-b42f-5f1844803469,165,降钙素基因相关肽受体拮抗剂,DRUG_CLASS,降钙素基因相关肽受体拮抗剂（通常简称Gepants）是一类用于治疗偏头痛急性发作的特异性镇痛药物。这类药物通过靶向CGRP（降钙素基因相关肽）发挥作用，专为偏头痛急性发作期的特异性治疗而设计。,"['09504ecbdd99c16f37e9d92750cb60d1956c26b81dce28150e1f2817f922fb84b3c9862359193d051cd265b09be9488affcb893d2e96a0c115c5a3af54ff6f0f'
 'ab02a1307f63358bba10915511264b7bd499a08f4799ccbe749feea02892d3b4576b80b148aafc7d157b4e4ee34994660056fda352cb0162f7687641ca4e1399'
 '363b6f4fe840a82e2f2626f490dcb8da3de821cda42ac4f70ba0da92fba6668706d3e8bf6ad7f088fd38c3486b672b17640aefe778000d68b857659286405ea0']",3,5,0.0,0.0
545da2a4-1bb8-4191-9eb9-6c1e2306dd98,166,瑞美吉泮,DRUG,**瑞美吉泮**是一种吉泮类药物（Gepants制剂），属于CGRP受体拮抗剂。其剂型为口腔崩解片（口崩片），需含服使用，规格包括75mg。该药物可用于偏头痛的急性期镇痛和预防性治疗，亦适用于前庭性偏头痛的治疗。用法上可采用隔日1次的给药方案。,"['09504ecbdd99c16f37e9d92750cb60d1956c26b81dce28150e1f2817f922fb84b3c9862359193d051cd265b09be9488affcb893d2e96a0c115c5a3af54ff6f0f'
 'c01220242d7d3b6157eaf91fb6ad7e5f05d455441d91a2b77db0127e02b0fe7423ed15b66ae28fd3fab0125ef1b99725bfc52b50ef58fe62288f8190496b38bf'
 '3352eba8f84ba8640a78ca9657f477d850ca9e6d005207883d4d1591c3e8cafac7c72da89a8391fe078e518a460d5ed0fcc9ae2fabdbf3c81356ca520b3bda63'
 'ede3004f346fbf57178f109ccc246e3bc4937d91f3d8b4e360bb31965da2efe4d9269ff0f33f06a316cd47f9c5fcdcd614dd46895241fb926660d433e9caa6ab'
 'eb23a2a465336b5ec6faea7509e9d96170613d5d7809facc0263e3da0a323f991faad9182bbef36140b0c9d2dcbdac84f118f661ee526045ce28f1a77a0c11b6'
 '7b28720f03d13bef2702c66cb2c05b381e779fa77183aa5ec27590e416bac4b2f4f5d08c8f297dbe2195c0c8ee280baa612ae77afa79f7a6238aafdc10aef424'
 'ab880573e023cb66c0c136752d5e7ffccf0d4932be602d2e2448ad1fc7dce1cfb7fb5662f82d464e25e609ddd708ccdd5f4804c4c1a77efd91ebfe395094477b'
 'ce245f775d35ff93a0b71a0da8c38a9daf1441422fdbfc3b5693c0258a3a739d2f29f767a98cf04d1296d0fdc62d345c27fba81c543d719ce7dd4624b66b865d'
 'e39433eef3f59bb2bbddbab5bdebd461a1380645820dfc011d01cc24749184bd0555fd7e8aed1306a32718535e5ec92c234dee2031f4b07f8a3e1357dc93c88f'
 '11c0634698f1b7347875b12616c1909792c7694abc899d40d7ebd5ec439a4120d2889190c49c920ac1b66001092494c184732c2cee4eaef6cb0dcc857ebab8b8'
 '8f5751520c653eceb98d31d48f585edba62ef8e1a15de3b3d6838ecbe973a22911b26e5cf43c0492256626194ac47c09313525fab95f5bb1e1e024fa5a13370d'
 '0054d8619570bb6c0efca76fc0b5d60b2020d45053f0043184d6db81d8b4175c11d3bf6bd1b762bf62da191305d36d6c9842c8a074e437af7b77352179be84b7']",12,6,0.0,0.0
f8bca620-6c35-47f5-8315-792dc1e86a9f,167,乌布吉泮,DRUG,乌布吉泮是一种吉泮类药物（Gepants制剂），属于CGRP受体小分子拮抗剂。其口服剂型为口腔崩解片，适用于成人偏头痛的急性期治疗。,"['09504ecbdd99c16f37e9d92750cb60d1956c26b81dce28150e1f2817f922fb84b3c9862359193d051cd265b09be9488affcb893d2e96a0c115c5a3af54ff6f0f'
 '3352eba8f84ba8640a78ca9657f477d850ca9e6d005207883d4d1591c3e8cafac7c72da89a8391fe078e518a460d5ed0fcc9ae2fabdbf3c81356ca520b3bda63'
 'ede3004f346fbf57178f109ccc246e3bc4937d91f3d8b4e360bb31965da2efe4d9269ff0f33f06a316cd47f9c5fcdcd614dd46895241fb926660d433e9caa6ab'
 'eb23a2a465336b5ec6faea7509e9d96170613d5d7809facc0263e3da0a323f991faad9182bbef36140b0c9d2dcbdac84f118f661ee526045ce28f1a77a0c11b6'
 '7b28720f03d13bef2702c66cb2c05b381e779fa77183aa5ec27590e416bac4b2f4f5d08c8f297dbe2195c0c8ee280baa612ae77afa79f7a6238aafdc10aef424'
 'a7497051b835b0296caa8c43a2182e056a4d630488acdf638ab6cd1d926fb9ebe0e50b22dece2d0fb4bfabf4f04ef42edc8be89a0203491675e0fc4b52a1b78f'
 '8f5751520c653eceb98d31d48f585edba62ef8e1a15de3b3d6838ecbe973a22911b26e5cf43c0492256626194ac47c09313525fab95f5bb1e1e024fa5a13370d']",7,4,0.0,0.0
3cbf4e09-1be8-4aaf-829d-3520bc9a4164,168,拉米地坦 50 MG或100 MG或200 MG，口服。,,,['09504ecbdd99c16f37e9d92750cb60d1956c26b81dce28150e1f2817f922fb84b3c9862359193d051cd265b09be9488affcb893d2e96a0c115c5a3af54ff6f0f'],1,1,0.0,0.0
563a801f-1f6b-4b1e-b281-0a2b404bca0e,169,瑞美吉泮 75 MG ，口腔崩解剂（1A）。乌布吉泮 50 MG 或 100 MG ，口腔崩解剂（1A）。,GUIDELINE_RECOMMENDATION,"
推荐使用瑞美吉泮和乌布吉泮治疗偏头痛急性发作)<|COMPLETE|>",['09504ecbdd99c16f37e9d92750cb60d1956c26b81dce28150e1f2817f922fb84b3c9862359193d051cd265b09be9488affcb893d2e96a0c115c5a3af54ff6f0f'],1,1,0.0,0.0
817257a8-a506-4c59-9e37-8aa34832fc3e,170,无创迷走神经刺激,NON_DRUG_TREATMENT,无创迷走神经刺激是一种非侵入性的神经调控技术，主要用于偏头痛急性期的治疗。它通过外部刺激迷走神经来发挥其急性治疗作用。,"['a2e24582c54a09a4696e862c1e0039c25baf8e352a73031e827dacc8522ad5a43b1bdd1d41d4861e4a869a1f7b1ff57f29c38294df2fef000b1bdf7a00fa8813'
 '0e3088f94fd74dd0bf54ce4fe7dfb492db7a4fa8eeed4a699f6992bc1606d3f05b5845dea1e8d94b3b6a8c011887384eb0757bbf3764f608225b6b1ce8e9ffc0']",2,4,0.0,0.0
e3bd1c15-89ec-440c-9afd-eaa0200967eb,171,药物治疗效果差或不能耐受药物者,POPULATION,对药物治疗反应不佳或不耐受的人群,['a2e24582c54a09a4696e862c1e0039c25baf8e352a73031e827dacc8522ad5a43b1bdd1d41d4861e4a869a1f7b1ff57f29c38294df2fef000b1bdf7a00fa8813'],1,1,0.0,0.0
cd6e574c-1b80-49d3-bc01-a9829f5afeec,172,推荐意见34：药物治疗效果差或不能耐受药物者可选择无创迷走神经刺激用于偏头痛急性期治疗。,GUIDELINE_RECOMMENDATION,针对特定人群的偏头痛急性期治疗推荐,['a2e24582c54a09a4696e862c1e0039c25baf8e352a73031e827dacc8522ad5a43b1bdd1d41d4861e4a869a1f7b1ff57f29c38294df2fef000b1bdf7a00fa8813'],1,2,0.0,0.0
284f6958-ed93-4524-8f07-ec3e7f933037,173,GAMMACORE,NON_DRUG_TREATMENT,一种已获批准的无创迷走神经刺激装置,['a2e24582c54a09a4696e862c1e0039c25baf8e352a73031e827dacc8522ad5a43b1bdd1d41d4861e4a869a1f7b1ff57f29c38294df2fef000b1bdf7a00fa8813'],1,3,0.0,0.0
1d066b3b-683c-494f-9365-7ac40b381cda,174,轻度头痛,DISEASE,头痛程度较轻的偏头痛,['c4dcdcb909f65ebc63e961ae81f141ac478d6a1fe9d55ef54956d0b17c09780b0a55efee287564f598620f6d167825dd2c76326b08d3219c07bcc6efbc1adfba'],1,5,0.0,0.0
a05a2b88-1be9-4b47-b248-13eb839f5729,175,中度头痛,DISEASE,头痛程度中等的偏头痛,['c4dcdcb909f65ebc63e961ae81f141ac478d6a1fe9d55ef54956d0b17c09780b0a55efee287564f598620f6d167825dd2c76326b08d3219c07bcc6efbc1adfba'],1,3,0.0,0.0
04298cee-6560-4ac4-a461-ec584278da58,176,重度头痛,DISEASE,头痛程度严重的偏头痛,['c4dcdcb909f65ebc63e961ae81f141ac478d6a1fe9d55ef54956d0b17c09780b0a55efee287564f598620f6d167825dd2c76326b08d3219c07bcc6efbc1adfba'],1,6,0.0,0.0
73757ff5-4a32-4ecf-88df-19b7c25c0f13,177,非特异性镇痛西药,DRUG_CLASS,用于缓解疼痛的非特异性药物类别,['c4dcdcb909f65ebc63e961ae81f141ac478d6a1fe9d55ef54956d0b17c09780b0a55efee287564f598620f6d167825dd2c76326b08d3219c07bcc6efbc1adfba'],1,2,0.0,0.0
e36fc927-6f54-4ebe-ac44-12331136f6fb,178,中西医结合,THERAPY,同时采用西医和中医方法的治疗方案,['c4dcdcb909f65ebc63e961ae81f141ac478d6a1fe9d55ef54956d0b17c09780b0a55efee287564f598620f6d167825dd2c76326b08d3219c07bcc6efbc1adfba'],1,2,0.0,0.0
bb37b333-2b9b-4324-bda4-5941185322c4,179,特异性镇痛西药,DRUG_CLASS,针对特定病因的镇痛药物类别,['c4dcdcb909f65ebc63e961ae81f141ac478d6a1fe9d55ef54956d0b17c09780b0a55efee287564f598620f6d167825dd2c76326b08d3219c07bcc6efbc1adfba'],1,1,0.0,0.0
891bcd38-3033-4a6a-ba7f-7b79649cec9f,180,急性期中西医方案的选择和疗程,,,['c4dcdcb909f65ebc63e961ae81f141ac478d6a1fe9d55ef54956d0b17c09780b0a55efee287564f598620f6d167825dd2c76326b08d3219c07bcc6efbc1adfba'],1,4,0.0,0.0
0c91020f-727f-485c-b15f-d7c1eb215b01,181,健康宣教,NON_DRUG_TREATMENT,通过教育帮助患者认识疾病和防治方法,['92171d24eb1465a711a41f97a09e6b4153dae2530131e3d2f871759e91b8903eca9147047c4efce5204b356746e7a5811b0c876303dacf18d8abdb91980cb349'],1,1,0.0,0.0
e2b1bb6e-34bf-433a-b85a-466515606117,182,缓解期预防,TREATMENT_PHASE,旨在减少疾病发作频率和严重程度的预防阶段,['92171d24eb1465a711a41f97a09e6b4153dae2530131e3d2f871759e91b8903eca9147047c4efce5204b356746e7a5811b0c876303dacf18d8abdb91980cb349'],1,1,0.0,0.0
084ae6bb-650d-4381-86f7-200366fdc9d4,183,急性期治疗方案,TREATMENT_PHASE,个体化的针对疾病急性发作的治疗方案,['92171d24eb1465a711a41f97a09e6b4153dae2530131e3d2f871759e91b8903eca9147047c4efce5204b356746e7a5811b0c876303dacf18d8abdb91980cb349'],1,1,0.0,0.0
fc6f79be-783b-4365-bee3-8694b36988a6,184,缓解期预防方案,TREATMENT_PHASE,个体化的旨在减少疾病发作频率和严重程度的预防方案,['92171d24eb1465a711a41f97a09e6b4153dae2530131e3d2f871759e91b8903eca9147047c4efce5204b356746e7a5811b0c876303dacf18d8abdb91980cb349'],1,1,0.0,0.0
09af03d6-81e2-421f-ae99-7b86e84c8846,185,心理行为治疗,NON_DRUG_TREATMENT,基于行为治疗，包括放松训练、生物反馈及认知行为治疗,['95822c8a9994a4f2f6caa31f47747bf7108a37bff834cac36c07f4e513e018deffc602550d7e95b345ca046805988c0d38f1a35e6901a5efbf9212b3b4565b97'],1,4,0.0,0.0
4fecd4c7-5f5d-46fe-aeb4-add079b62a68,186,放松训练,NON_DRUG_TREATMENT,放松训练是一种心理和行为干预方法，属于心理行为治疗范畴。它主要用于缓解压力、改善偏性情绪和躯体不适，并可用于辅助治疗偏头痛等健康问题。,"['95822c8a9994a4f2f6caa31f47747bf7108a37bff834cac36c07f4e513e018deffc602550d7e95b345ca046805988c0d38f1a35e6901a5efbf9212b3b4565b97'
 'b7e036cfc0af89cf534a04c0ac3f2fbc6e874136c11185ada17d5096022d926e9e2a09a1ed4b0e1ea393f799d3d6d782ee1649ce5ddcc0bd974e684c92a1a789'
 '571033fb76c267906f15ebc5bb424e0f22da46345f9e8d60796f1d2d96929a6859c3df74ee25d5709bc2e5f464a592d92b8f77bf57b9a0d0c1e941963385ad77']",3,3,0.0,0.0
4fdbff3b-8fb9-4242-b878-952ab619daf4,187,生物反馈,NON_DRUG_TREATMENT,**生物反馈**是一种非药物疗法，属于心理行为治疗方法之一。它通过向个体反馈其躯体信息（如肌肉紧张度、皮肤温度等），使病人能够有意识地控制自身生理机能，从而减少头痛发作频率等症状。,"['95822c8a9994a4f2f6caa31f47747bf7108a37bff834cac36c07f4e513e018deffc602550d7e95b345ca046805988c0d38f1a35e6901a5efbf9212b3b4565b97'
 'f234e124dc5783cb0747886716e4ecf14c3e480669de8bf4513a70f4d0019343739bda38aba548f7aeadfb80ebb4169f3525b6a0d1100b3e7540440b2e727fed'
 'ff40d9d77831c63126abcff57c0dc9b00a0481a114fd14b41eb87b1817126e86e2d78f953b428ca1a255ba69368d9aad3a9cfb384173b77490f104c4d8e6c2c0'
 '4e10a447ddaf2c74684d2a22401890d0f1eed1fd11ac887c4f65b340f4348db607f77e46c4ba8d22a4abe8dd27f016378deada950d2c72edfa41699ac96ba87b']",4,2,0.0,0.0
6c192321-e932-4836-b449-f8716716695b,188,认知行为治疗,NON_DRUG_TREATMENT,**认知行为治疗**是一种心理行为治疗方法，强调通过改变个体的行为和思想来达到治疗效果。它被应用于多种心理健康问题的干预，其中包括用于改善视觉模拟评分（VSS）等评估指标的心理治疗。,"['95822c8a9994a4f2f6caa31f47747bf7108a37bff834cac36c07f4e513e018deffc602550d7e95b345ca046805988c0d38f1a35e6901a5efbf9212b3b4565b97'
 '571033fb76c267906f15ebc5bb424e0f22da46345f9e8d60796f1d2d96929a6859c3df74ee25d5709bc2e5f464a592d92b8f77bf57b9a0d0c1e941963385ad77'
 '85513047f5f71067405b195c6b5f7f29fe742540d9ea4ad1fefd96fbbb7a380cabb938ac7d16efa9458979eed6df83eb7e5a690b14eabe5b860d4d101c763a99']",3,4,0.0,0.0
3bddbbb7-0365-4ccb-864d-e47d821c8588,189,急性期重度头痛,TREATMENT_PHASE,偏头痛的急性期重度头痛阶段,['95822c8a9994a4f2f6caa31f47747bf7108a37bff834cac36c07f4e513e018deffc602550d7e95b345ca046805988c0d38f1a35e6901a5efbf9212b3b4565b97'],1,1,0.0,0.0
b3175653-025c-46ac-9b6c-ad3eab7546ce,190,西医药,THERAPY,"
对偏头痛尤其是急性期重度头痛患者疗效较好的疗法",['95822c8a9994a4f2f6caa31f47747bf7108a37bff834cac36c07f4e513e018deffc602550d7e95b345ca046805988c0d38f1a35e6901a5efbf9212b3b4565b97'],1,3,0.0,0.0
1c576b9b-9b08-4183-81f1-44b912404d78,191,中医药,THERAPY,"
对偏头痛尤其预防性治疗有较好疗效且不良反应较少的疗法",['95822c8a9994a4f2f6caa31f47747bf7108a37bff834cac36c07f4e513e018deffc602550d7e95b345ca046805988c0d38f1a35e6901a5efbf9212b3b4565b97'],1,3,0.0,0.0
831c2652-b67e-4506-b4d8-546e0b0067ef,192,中西医结合治疗,THERAPY,结合中西医理论以进一步提高疗效的治疗方法,['95822c8a9994a4f2f6caa31f47747bf7108a37bff834cac36c07f4e513e018deffc602550d7e95b345ca046805988c0d38f1a35e6901a5efbf9212b3b4565b97'],1,3,0.0,0.0
9996c9e6-8ab4-4b25-a229-c17cbd5adf44,193,每4~5年对指南进行更新,GUIDELINE_RECOMMENDATION,"
工作组计划每4~5年对指南进行更新",['bdca646a9e1039c94adb7fa01436167fbcce136d9e3779133c07fe55732a767f4754180083bf32e104c7259f6cb20c51ab781a0f02fac3d372ead7eab9f86369'],1,1,0.0,0.0
a49c4845-46bf-4162-83f4-d35be9abd83f,194,上海中医药大学附属岳阳中西医结合医院,GUIDELINE,执笔人所在机构,['a0d7fb96d78be0caeaa21d922964631e9286b94f2d53f7525f43783100264ae8dcea606ee14ec20ea46eb02670b76ed8846593748e9d7efae8d6665b5bc6076f'],1,0,,
ac6bc81b-e976-43be-9973-8a83403386ac,195,复旦大学附属华山医院,GUIDELINE,执笔人所在机构,['a0d7fb96d78be0caeaa21d922964631e9286b94f2d53f7525f43783100264ae8dcea606ee14ec20ea46eb02670b76ed8846593748e9d7efae8d6665b5bc6076f'],1,0,,
ff4b9544-4450-4083-824d-6bf9eba0089c,196,上海市中医医院,GUIDELINE,"执笔人所在机构)<|COMPLETE|>(""entity""",['a0d7fb96d78be0caeaa21d922964631e9286b94f2d53f7525f43783100264ae8dcea606ee14ec20ea46eb02670b76ed8846593748e9d7efae8d6665b5bc6076f'],1,0,,
c7cc53b1-27d1-4d18-bcec-44b7306c4fe3,197,吴波水,GUIDELINE,指南执笔人,['a0d7fb96d78be0caeaa21d922964631e9286b94f2d53f7525f43783100264ae8dcea606ee14ec20ea46eb02670b76ed8846593748e9d7efae8d6665b5bc6076f'],1,0,,
41a4feae-9c74-4a4a-93b5-7a27c4f75653,198,刘毅,GUIDELINE,指南执笔人)<|COMPLETE|>,['a0d7fb96d78be0caeaa21d922964631e9286b94f2d53f7525f43783100264ae8dcea606ee14ec20ea46eb02670b76ed8846593748e9d7efae8d6665b5bc6076f'],1,0,,
8fec9e94-e0e9-4c89-877f-ccbe997a65c0,199,癫痫,DISEASE,癫痫是一种慢性脑部疾病，属于神经系统疾病范畴，其特征为脑部神经元异常放电导致反复发作。该疾病可伴随某些特定病症出现，例如在发作性共济失调2型发作时可能出现相关症状。此外，癫痫也被国际头痛协会的分类诊断标准列为可能涉及的疾病之一。,"['b3ceb375a55b4e7ba18f653347b41f2092a73eb984ff64b91f6e21e4da5953b02a42f3c83d12ce994fafb0f4cd8cbbbbeac31e1961147e1787e27cf87482d03d'
 '9b33fd76a5e68a032ef4110cdcedf43bab5889fa6a85227d2b3cdf681683caed3334e7a701b9082a321eed3ead839a6ddd6573921141bbde60fd3fdbe876e49f'
 '78fd9b204da2b6ddd7a495c820a5d60bf223efd0038c19ba4f23595bcceb7023a7ae5004f5769dd4ddf103bc094fa30996c8e57f71ed174a0b91cfc9d29aba2c'
 '00a0c1db6485e7cbac54a732052006a67c99da84f0e4ae3b0b5ef4c9c184759efc49103ab0655d3717b6119de694b25d045ac14ada547d3f5696cd69ad0fcb0b'
 'c3f6d83d2ebd726a336da083ea57191d386f3dd09b4028d8f25be210bd0d0c1cc525ebefe037be08523445ec8f6458d3bcc1e0889571b471d5471a657e9d35e6'
 '7c1c6ab54fa2468278efd58804efb780a7771f38d6de97889309541bec29bfe9c0bb199354148c2cd1238b54911393b4a7dbe2ef7cd64c227bc21fcbc91172df'
 '0fafd9b55eb7b58b6e2a380b575c0bec92746116b83066650a24cfb7503fcd69d88f54f0fb593b1a722d84077abfbec53717a54c0b5770687997a98ee5e08c23']",7,10,0.0,0.0
f6c2bf65-3705-4083-aff1-c91763ecd569,200,偏头痛合并癫痫,COMORBIDITY_SCENARIO,偏头痛与癫痫共存的临床场景,['b3ceb375a55b4e7ba18f653347b41f2092a73eb984ff64b91f6e21e4da5953b02a42f3c83d12ce994fafb0f4cd8cbbbbeac31e1961147e1787e27cf87482d03d'],1,2,0.0,0.0
5b540674-f91b-4c92-8a8e-1dbcba4734d6,201,指南与规范,GUIDELINE,**指南与规范**是医疗实践指导文件中的一个类别或栏目名称，用于系统化地组织和呈现各类医疗指南。,"['82eeac8f771352c5377dfcfe3f5be2e8632ed003772c57ddab6da7b7e9ddc9702945ac7aaa4a70ca47c410ca7f1558154488b7da94576e06ae5fa8738b84b264'
 'a10e3127ae46c5fc87a0d0e6d80e9e4352af5af51d8754ebdfedb67fff85250394015f1a98454e2680d179effb52a2d4df029fc36fc5f079a4ba476268891258'
 '06d071f15598224f9274bec396bff7a98e1fc4ffc62b7673ec9c25133b37d548e7cd379088746b2bf3d3126342d178d09ba2e87cfd434e5a10071ec59f0f3023']",3,2,0.0,0.0
91f13df7-472b-49a8-bd21-1c606573fcfd,202,偏头痛急性期治疗,TREATMENT_PHASE,旨在迅速且持续地缓解疼痛及偏头痛相关伴随症状的治疗阶段,['7d74751b12773d1ba1111f71866d71285db4f718701a5dc05620ca962c4cb691ae9b12cf1c0f77381ec9d20ca947aafbb3f3c24eabf017f1307cf1774f42b8ba'],1,4,0.0,0.0
d262c842-a2d6-415f-bab5-1351ed787099,203,中国偏头痛急性期治疗指南（第一版）,GUIDELINE,针对偏头痛药物和非药物治疗、偏头痛持续状态及特殊人群的急性期管理策略进行详细阐述的指南,['7d74751b12773d1ba1111f71866d71285db4f718701a5dc05620ca962c4cb691ae9b12cf1c0f77381ec9d20ca947aafbb3f3c24eabf017f1307cf1774f42b8ba'],1,4,0.0,0.0
de5f2a5d-24f5-4199-a73f-ed0ba3384b7c,204,中国偏头痛诊治指南（2022版）,GUIDELINE_EDITION,《中国偏头痛诊治指南（2022版）》是中华医学会神经病学分会等专业机构于2022年发布的最新临床指导文件，旨在为国内偏头痛的诊断、治疗及预防提供标准化和规范化的医学建议。该指南基于当前循证医学证据和临床实践，系统更新了偏头痛的诊疗策略，是中国目前针对偏头痛诊治的权威参考依据。,"['7d74751b12773d1ba1111f71866d71285db4f718701a5dc05620ca962c4cb691ae9b12cf1c0f77381ec9d20ca947aafbb3f3c24eabf017f1307cf1774f42b8ba'
 'c2031564b2d99daca2b5e349850ba0ba86764393067e0bc3c11ae4ef38757e18e509b367c36da2449af5b154da283005bbf3932e84d351c1c6a1f23eeeef7a73']",2,4,0.0,0.0
52a27b22-b7b4-4966-9cd2-52c9e357f1f4,205,预防治疗,TREATMENT_PHASE,预防治疗是指长期、规律实施的管理策略，旨在减少偏头痛等疾病发作的频率、严重程度和持续时间。这一治疗阶段侧重于通过系统性干预降低头痛或相关病症的急性发作风险，属于疾病预防性管理的重要组成部分。,"['7d74751b12773d1ba1111f71866d71285db4f718701a5dc05620ca962c4cb691ae9b12cf1c0f77381ec9d20ca947aafbb3f3c24eabf017f1307cf1774f42b8ba'
 '1130ad4967afb133bbf0e642a6f8fa0041c2414d645343304b1360c1d9c162203071e1647448ff03b00480b585313245606bb7b75a806982c5f8f0ce2974de03'
 '4e10a447ddaf2c74684d2a22401890d0f1eed1fd11ac887c4f65b340f4348db607f77e46c4ba8d22a4abe8dd27f016378deada950d2c72edfa41699ac96ba87b'
 '00f6ae08bfe86a45fb0a5b9bb0c1af4689dc9a8bf3e904dafc085247d4891d45662af08314d8f37937a0c4846545bd0e0f2b558d3b42b0faee320aca0426b1c1'
 '96c1d632d42d78b15760ba4e1da4df401b53c363449c8289a6c5a8655253b6e3367dc93e0498869705de3a1078f9431e54990c712a7219ef6884c8a8885a035c'
 'ac816b54ac70f1e2697a0fc2cc646c6a9319c8b2da14228b3ac6b76a0dd992ee5c7cee7e7986e8ab08a9d457617b74a833be81924604ec8d1c29d35b02f46926']",6,11,0.0,0.0
edba5ce0-fece-41d6-b68e-bbf2be0ed027,206,偏头痛持续状态,COMORBIDITY_SCENARIO,特殊类型的偏头痛,['7d74751b12773d1ba1111f71866d71285db4f718701a5dc05620ca962c4cb691ae9b12cf1c0f77381ec9d20ca947aafbb3f3c24eabf017f1307cf1774f42b8ba'],1,5,0.0,0.0
1943b7a7-5525-4e83-bc03-202e26973b0f,207,特殊人群,POPULATION,**特殊人群**是指特定的人群，尤其指在医疗、社会或政策环境中需要特别关注与考虑的患者群体。这类人群可能因年龄、健康状况、社会处境或其他因素而具有特殊的需求，因此在服务提供、资源分配或政策制定时需要予以针对性照顾。,"['7d74751b12773d1ba1111f71866d71285db4f718701a5dc05620ca962c4cb691ae9b12cf1c0f77381ec9d20ca947aafbb3f3c24eabf017f1307cf1774f42b8ba'
 '6967dda71be8ac5f6b475081cd6c74f33a67f77933bc99b25f684006712cc4876a2c6d66e3ccfe136e49063e30594477597f27f1d7b39bb475e23abf98bb8a43']",2,2,0.0,0.0
dff3ffe1-c797-49a5-a7d4-29dfebe42ec8,208,药物治疗,THERAPY,药物治疗是一种使用药物进行干预的治疗方法，也是通过药物实施治疗的手段、方式或方法。它在偏头痛的防治中具有重要作用，并且是本指南重点介绍的偏头痛治疗方法。,"['216b5d37b3125c84710d2b3f71d83277b473896f3fa0f7b6a9e354cb1ff86c2aca8592c9b1477ed5cb581c71faf742662acabac70a5e6b30547ef11ba26ec104'
 '6967dda71be8ac5f6b475081cd6c74f33a67f77933bc99b25f684006712cc4876a2c6d66e3ccfe136e49063e30594477597f27f1d7b39bb475e23abf98bb8a43'
 '78fd9b204da2b6ddd7a495c820a5d60bf223efd0038c19ba4f23595bcceb7023a7ae5004f5769dd4ddf103bc094fa30996c8e57f71ed174a0b91cfc9d29aba2c'
 '3094b23ee2b02a1ebf0e6f0494741e8b4c098d1401dd6d444c7e611df529f1098214f283638978a30c131cae8f3cbeaaf9679c1e01b075e601c671cf42b1e25c'
 '23fb6bb01b39562a2f5493105ef2668bd91bc439253ab79da46be14980613e5e77186648ab6cdc7fb1a630b35f030ed5d1c263991d555d9ca25230eb0ef80a7b'
 '70a2289e3d01e3539fe24bc8816199ec843e6167c86c98eab9ae712b137d41c9258075897a7e3e9b5e140cfbf8f001570f2de182562d0fd13781b8f0c716aae2'
 '96c1d632d42d78b15760ba4e1da4df401b53c363449c8289a6c5a8655253b6e3367dc93e0498869705de3a1078f9431e54990c712a7219ef6884c8a8885a035c'
 'a273030661a96ecbdcd506391fdd65a62dff5c58ebe9dc9d5a5d988a5ec21a61597b93aaa369fea575f760a5f95940c98aea36bf399c204dba5c8264e826cf7d'
 'f4b073c881c4fcb05727ee79708bd9cfbb6d3e83237cf1b85e3187dcab07280875c52e63328b7611bc065541e3dd44f41cde68660eeacbdab3bdbfebb4ff5fa2'
 '1d24860ada04c4d10776ec0b26e4fcd3c2332bfc32a9b292cc63daac2aa9e1d819abac5d20f50632f81bbac4af009c22934385848594ceb0631fd65e79533bf6'
 'b0f4d24f6f62309a037dca8b4e0d4157f7e25c6212d4557e1032bbbb74f0891f1e7cc1c5ec2f561f3edcd394c5b050a01fd9c13a3e028f7d204116ce3bc48e9c']",11,11,0.0,0.0
1b06acc6-60bd-4cdb-ace3-310f3c9f4cb0,209,非药物治疗,THERAPY,**非药物治疗**是指不使用药物的治疗方式或方法。这类疗法可以作为对部分患者的有效补充治疗手段。,"['216b5d37b3125c84710d2b3f71d83277b473896f3fa0f7b6a9e354cb1ff86c2aca8592c9b1477ed5cb581c71faf742662acabac70a5e6b30547ef11ba26ec104'
 '6967dda71be8ac5f6b475081cd6c74f33a67f77933bc99b25f684006712cc4876a2c6d66e3ccfe136e49063e30594477597f27f1d7b39bb475e23abf98bb8a43'
 '78fd9b204da2b6ddd7a495c820a5d60bf223efd0038c19ba4f23595bcceb7023a7ae5004f5769dd4ddf103bc094fa30996c8e57f71ed174a0b91cfc9d29aba2c'
 '23fb6bb01b39562a2f5493105ef2668bd91bc439253ab79da46be14980613e5e77186648ab6cdc7fb1a630b35f030ed5d1c263991d555d9ca25230eb0ef80a7b'
 '96c1d632d42d78b15760ba4e1da4df401b53c363449c8289a6c5a8655253b6e3367dc93e0498869705de3a1078f9431e54990c712a7219ef6884c8a8885a035c'
 '1d24860ada04c4d10776ec0b26e4fcd3c2332bfc32a9b292cc63daac2aa9e1d819abac5d20f50632f81bbac4af009c22934385848594ceb0631fd65e79533bf6']",6,22,0.0,0.0
87abe1df-0b0d-4cad-8628-7d6a460a562a,210,偏头痛持续状态治疗,TREATMENT_PHASE,针对偏头痛持续状态的治疗阶段,['216b5d37b3125c84710d2b3f71d83277b473896f3fa0f7b6a9e354cb1ff86c2aca8592c9b1477ed5cb581c71faf742662acabac70a5e6b30547ef11ba26ec104'],1,2,0.0,0.0
19f225d7-639f-4aa8-a978-d513ddcb42a3,211,特殊人群治疗,POPULATION,针对特定人群的治疗,['216b5d37b3125c84710d2b3f71d83277b473896f3fa0f7b6a9e354cb1ff86c2aca8592c9b1477ed5cb581c71faf742662acabac70a5e6b30547ef11ba26ec104'],1,2,0.0,0.0
040c3094-f31d-4a80-b933-24d4768fea3f,212,中国偏头痛诊治指南,GUIDELINE,《中国偏头痛诊治指南》是由中华医学会神经病学分会头痛协作组、中国医师协会神经内科医师分会头痛与感觉障碍学组等权威机构共同发起和制订的临床实践指导文件。该指南系统阐述了偏头痛的定义、流行病学特征、发病机制、临床表现、分类及诊断标准，并提供了鉴别诊断与治疗方案的详细指导。作为我国偏头痛诊疗领域的规范性文件，其旨在为临床医生提供科学、全面的诊治依据，以提升偏头痛的诊疗水平。,"['216b5d37b3125c84710d2b3f71d83277b473896f3fa0f7b6a9e354cb1ff86c2aca8592c9b1477ed5cb581c71faf742662acabac70a5e6b30547ef11ba26ec104'
 'f403737dfb7dcd685cbcc8fb750f467b93dec35ac7e6a20b5c6898b00234f3f28ee75149f5803003b6eb8f0b7bdf27627b5fd85b94f3b6305ced6f0a7bfcb2f1'
 'e7c2b8f83fb20874c05c3731ee0a04b04bb25a6439b1ede027965f3e4657c61ed87edea6d73c227df61ff33e976406b1babe57eb2f405ba8df2ec663be12efbd'
 '00a0c1db6485e7cbac54a732052006a67c99da84f0e4ae3b0b5ef4c9c184759efc49103ab0655d3717b6119de694b25d045ac14ada547d3f5696cd69ad0fcb0b'
 'd19fccabb943e5d8c1308d240fc605b6240a28438a298546a35dd33f5bc6582658081ad0351a8748a5dc19573d8114ce86a48897f22c5caf58445d8459cb004f'
 '08d3c6363a013e4d4f51f6820225fefd251fef961c5b7312ce9e7171d05ecad3e1cb332ad9a5a2613943cdfbe0a7c6c94aac61b2c609458a593d80ffd07df048'
 '53fabd6061d68e4f513b61c3e6477b9cd8b31132a56304cced1927d39a54705928a4758e66e5cb83e1bee5033ada82da615495d4b0c574a901944fd41135269c'
 'f72233ede15c2dc81218d7f98944f4209aa7e8bb9f6126c542a9998661b0591c528ba82b118b3431299cd79041f10bc9c4b3ae009e206f21a3c91060b5431cae'
 '8b74d171782aea4ffee98ac390790a73a6e0da5ffd95e7e9ba69a689a3e7f206afb4460c8027fc27097a4cfb65650b32d1b97c9e164d9e31ec59c2c5d6949d32']",9,13,0.0,0.0
51862798-7f77-4ff0-909a-eb5eccf12f02,213,2022版,GUIDELINE_EDITION,2022版是中国制订/修订临床诊疗指南的指导原则的版本，特指该指南在2022年发布的年度版本。,"['216b5d37b3125c84710d2b3f71d83277b473896f3fa0f7b6a9e354cb1ff86c2aca8592c9b1477ed5cb581c71faf742662acabac70a5e6b30547ef11ba26ec104'
 'f403737dfb7dcd685cbcc8fb750f467b93dec35ac7e6a20b5c6898b00234f3f28ee75149f5803003b6eb8f0b7bdf27627b5fd85b94f3b6305ced6f0a7bfcb2f1'
 'c0caca2af0fb8858cbb39cf01ee4d38c3ec003f7557549792c64e09363931aa67c8dcf2f14082261568fd7077038dfe57d090f3067f4e73d1f4b0e554262cc1d'
 '78fd9b204da2b6ddd7a495c820a5d60bf223efd0038c19ba4f23595bcceb7023a7ae5004f5769dd4ddf103bc094fa30996c8e57f71ed174a0b91cfc9d29aba2c'
 '00a0c1db6485e7cbac54a732052006a67c99da84f0e4ae3b0b5ef4c9c184759efc49103ab0655d3717b6119de694b25d045ac14ada547d3f5696cd69ad0fcb0b'
 '08d3c6363a013e4d4f51f6820225fefd251fef961c5b7312ce9e7171d05ecad3e1cb332ad9a5a2613943cdfbe0a7c6c94aac61b2c609458a593d80ffd07df048'
 '8b74d171782aea4ffee98ac390790a73a6e0da5ffd95e7e9ba69a689a3e7f206afb4460c8027fc27097a4cfb65650b32d1b97c9e164d9e31ec59c2c5d6949d32']",7,2,0.0,0.0
f2750af3-cc25-49d8-945b-b73b1050c36c,214,急性期治疗原则,,,['216b5d37b3125c84710d2b3f71d83277b473896f3fa0f7b6a9e354cb1ff86c2aca8592c9b1477ed5cb581c71faf742662acabac70a5e6b30547ef11ba26ec104'],1,2,0.0,0.0
a66bd21d-c45f-4e4f-b928-2b08889887a0,215,我国医师对偏头痛的急性期治疗,POPULATION,我国从事偏头痛急性期治疗的医师群体,['216b5d37b3125c84710d2b3f71d83277b473896f3fa0f7b6a9e354cb1ff86c2aca8592c9b1477ed5cb581c71faf742662acabac70a5e6b30547ef11ba26ec104'],1,0,,
7773e189-e1d9-4ca7-a6f5-44d80380cc68,216,偏头痛持续状态治疗及特殊人群治疗,,,['216b5d37b3125c84710d2b3f71d83277b473896f3fa0f7b6a9e354cb1ff86c2aca8592c9b1477ed5cb581c71faf742662acabac70a5e6b30547ef11ba26ec104'],1,2,0.0,0.0
d0f16997-a076-46a9-ac71-e9373ede6d81,217,指南编写组成员,GUIDELINE,负责制定指南的专家团队,['73dbcb13723d122ecc56c06ccc7db8a2ac39c6dcad2615c2f2c266490a69be52110f7e004f9d0e84b0e1a18625a49ad972337ef385b0a4861c18db209916c0c2'],1,1,0.0,0.0
9e9e2f75-22d5-4ee1-8cca-d1a9ac40803d,218,中国人民解放军总医院神经内科医学部,GUIDELINE,"
指南制定的主要参与机构",['73dbcb13723d122ecc56c06ccc7db8a2ac39c6dcad2615c2f2c266490a69be52110f7e004f9d0e84b0e1a18625a49ad972337ef385b0a4861c18db209916c0c2'],1,2,0.0,0.0
223cbe41-4765-483b-952c-6de48960e7f7,219,中国制订/修订临床诊疗指南的指导原则,GUIDELINE,中华医学会发布的临床诊疗指南制订指导原则,['c0caca2af0fb8858cbb39cf01ee4d38c3ec003f7557549792c64e09363931aa67c8dcf2f14082261568fd7077038dfe57d090f3067f4e73d1f4b0e554262cc1d'],1,1,0.0,0.0
34e931c1-a57b-4071-b06b-485bcd3b4f02,220,世界卫生组织指南制订手册,GUIDELINE,世界卫生组织指南制订手册是世界卫生组织于2014年发布的一份官方文件，旨在为公共卫生领域的指南制定提供系统性的方法和标准流程。该手册作为世界卫生组织发布的权威指导文件，为全球相关机构和研究者提供了规范化的操作框架。,"['c0caca2af0fb8858cbb39cf01ee4d38c3ec003f7557549792c64e09363931aa67c8dcf2f14082261568fd7077038dfe57d090f3067f4e73d1f4b0e554262cc1d'
 'c52d4fb3c1c2a58fb99dfeeb78bfe51da638a27a4abfcef7d0cb3948c51de50d2729c8ee4cee4f8adf245630d4023485532b131e9d6003d6ee0a8955a0dd2a5c']",2,1,0.0,0.0
4440cf6c-83cb-4283-90bf-fe6afb1a28cf,221,临床诊疗指南,GUIDELINE,用于指导临床实践的指南文件,['c0caca2af0fb8858cbb39cf01ee4d38c3ec003f7557549792c64e09363931aa67c8dcf2f14082261568fd7077038dfe57d090f3067f4e73d1f4b0e554262cc1d'],1,1,0.0,0.0
d3d2f364-00f8-4a32-ab40-eee342929470,222,2级推荐意见,RECOMMENDATION_GRADE,实体“2级推荐意见”是指经专家讨论后给出的推荐强度等级，具体为第二级推荐意见。该等级反映了专家基于现有证据和共识所形成的推荐意见强度，用于指导相关决策或实践。,"['c094ce22b6069d49cc8e073f1a8a32d5448c92f03fc1c96cfc7ceddf997477d3aa8a461e4660fe0f75ec786bbcd9dc8f86a88f864b100b333810c5dfe2148ca6'
 'c3f6d83d2ebd726a336da083ea57191d386f3dd09b4028d8f25be210bd0d0c1cc525ebefe037be08523445ec8f6458d3bcc1e0889571b471d5471a657e9d35e6'
 '6d208a36bd885480fa5e8815c6d630af747763f9451c7d58cadf8ae4a69136a79bde5ac0e92a52cbe057a7690a2436ba69dc9ecf4f6fac9162bc6ab5517b2a58']",3,2,0.0,0.0
72b87199-77a8-4f49-959c-4253edd3acf8,223,指南草案,GUIDELINE,形成后需经专家论证的指南初步版本,['118c7bd305241f63fc8acc7a43be55e647e7c60b0496e3c7fa93ac7e08772d99c4d1f30dc27d341d54c191e8adaa5614e7bf6af62c894598b91d232c898d477e'],1,1,0.0,0.0
822dde82-1ba0-4f3f-b01d-685da750f520,224,强,RECOMMENDATION_GRADE,强是一个用于描述证据质量或推荐强度的术语，通常出现在医学或决策科学语境中。它表示相关证据明确显示干预措施的益处大于风险（利大于弊），或者风险大于益处（弊大于利），因此该建议具有较高的确定性，属于强推荐级别。,"['9b5d6687000c0133f81778a533091cc0a229a0239e3e0d496b499a8438ae27709675065c4f39211ee02bf9bb8abaeaba0e8e221101f3443368e84b5b8152406e'
 '3352eba8f84ba8640a78ca9657f477d850ca9e6d005207883d4d1591c3e8cafac7c72da89a8391fe078e518a460d5ed0fcc9ae2fabdbf3c81356ca520b3bda63'
 'ede3004f346fbf57178f109ccc246e3bc4937d91f3d8b4e360bb31965da2efe4d9269ff0f33f06a316cd47f9c5fcdcd614dd46895241fb926660d433e9caa6ab'
 '324e05cb98516ebf59b3f3abd2df7e50a2b035297a48a4083fbd34fd3c72c8d6b25f4e6dc2234b81b6a1d6ad73272dcb7501da75305ce73bde190f882d34b840'
 'b6978ecd73eb039a3d5f6955b3e9166b875eefe1f277baed3f7b3270d87d5bc929a91f1edf19c20b6a2a48d4ea9ed42d5bbdb824426fdda4bbf3a8748a5125ef'
 'eb23a2a465336b5ec6faea7509e9d96170613d5d7809facc0263e3da0a323f991faad9182bbef36140b0c9d2dcbdac84f118f661ee526045ce28f1a77a0c11b6'
 'ab880573e023cb66c0c136752d5e7ffccf0d4932be602d2e2448ad1fc7dce1cfb7fb5662f82d464e25e609ddd708ccdd5f4804c4c1a77efd91ebfe395094477b']",7,9,0.0,0.0
92e8550b-ac92-4e2e-a8cd-6e08024ea6d3,225,弱,RECOMMENDATION_GRADE,**弱**：在证据评估中，该术语表示现有证据的利弊不确定，或无论证据质量高低，均显示益处与风险相当。基于此，通常对应“弱推荐”的临床建议强度，表明干预措施的推荐力度有限，需谨慎考虑个体情况。,"['9b5d6687000c0133f81778a533091cc0a229a0239e3e0d496b499a8438ae27709675065c4f39211ee02bf9bb8abaeaba0e8e221101f3443368e84b5b8152406e'
 '3352eba8f84ba8640a78ca9657f477d850ca9e6d005207883d4d1591c3e8cafac7c72da89a8391fe078e518a460d5ed0fcc9ae2fabdbf3c81356ca520b3bda63'
 '324e05cb98516ebf59b3f3abd2df7e50a2b035297a48a4083fbd34fd3c72c8d6b25f4e6dc2234b81b6a1d6ad73272dcb7501da75305ce73bde190f882d34b840'
 'b6978ecd73eb039a3d5f6955b3e9166b875eefe1f277baed3f7b3270d87d5bc929a91f1edf19c20b6a2a48d4ea9ed42d5bbdb824426fdda4bbf3a8748a5125ef'
 'eb23a2a465336b5ec6faea7509e9d96170613d5d7809facc0263e3da0a323f991faad9182bbef36140b0c9d2dcbdac84f118f661ee526045ce28f1a77a0c11b6'
 'ab880573e023cb66c0c136752d5e7ffccf0d4932be602d2e2448ad1fc7dce1cfb7fb5662f82d464e25e609ddd708ccdd5f4804c4c1a77efd91ebfe395094477b']",6,3,0.0,0.0
68c355a0-8e8f-4c73-8c57-373ebb9c4985,226,发作性偏头痛,DISEASE,发作性偏头痛是偏头痛的一种主要类型，其特点为反复发作、可明确分辨的单次头痛事件。与慢性偏头痛不同，发作性偏头痛患者每月头痛天数少于15天，属于非慢性的、间歇性发作的模式。该类型在临床管理与预防治疗策略上通常与慢性偏头痛分开阐述。值得注意的是，发作性偏头痛有转化为慢性偏头痛的可能，即每月头痛天数增加至15天或以上。,"['c01220242d7d3b6157eaf91fb6ad7e5f05d455441d91a2b77db0127e02b0fe7423ed15b66ae28fd3fab0125ef1b99725bfc52b50ef58fe62288f8190496b38bf'
 '324e05cb98516ebf59b3f3abd2df7e50a2b035297a48a4083fbd34fd3c72c8d6b25f4e6dc2234b81b6a1d6ad73272dcb7501da75305ce73bde190f882d34b840'
 'a2de2acf9a31b99739527ed05a228296f40e8f6a500099e61b04f2ed19140c20f629655b73848f330d0df55707f48e4c0601eabc3608f52134475dbc71419e9a'
 '3094b23ee2b02a1ebf0e6f0494741e8b4c098d1401dd6d444c7e611df529f1098214f283638978a30c131cae8f3cbeaaf9679c1e01b075e601c671cf42b1e25c'
 '8a5a6e187c668bb2f8331df659df42e1806867580ac766ba79bd9efeba8f788a99d6677d88162b703da1dfef9d27fc7aee00093a794541110dbfebcba1a298b0'
 '0652c8adae3332fa149aee4f026b39c62e7a17eb485b6a9171cfa2a1170cb9d5b4facc0b94b7e628e1be7e4b64b0226a483130d776edc7f2d1c5587a8aea09bf'
 'f314d43b0a481cdfcb76b0052bb89c14cd5ccb4415cfbb161aed4a4ee2ddf6d350327a4063125f41fb51588cfdde6a22f75faec6eef9db845ed2cd4fb880cc15'
 '27669660dd2ef05fcd56fd9631f4b9b50b8b6797e69e1e92b945a1dad58714790f64a4bcac88c34640d5aaed32120d47e43547f248dd610ee6a0f16f02c0c9aa'
 '824fa1d939d9f4365de203d19b45200969da44ea4f970f3976bff33840fbce6c3f6e083beb7a818d8a4931e3d62deee198ab5524f4accc431cbc98bf553962a7'
 'a13cbfe31f44cd531f4537bae79d1abeaa9ad11b4da8df319a25c2f0d8899e5ab4519ba231129ec7e09f6ecadc0526ee9bbc2b7f4d9b71e67b88375a9cb53402'
 'caa24a7186ba46d267f4c153375d46218d52154d378553ff6c732c0f3c8c6453ce1501e3e04e8f0f7bd9265300b413e652f3adce375c8ee1ba81dfab387fa675'
 'f2d956b3558601f0e70fdc3346118b9293d283043264f63f9cbcfff22c35753ec9c3813f6ce97ba179ab425243bf20419f3faea8377896065191a30feb4031f9'
 '148bb5ee1d2a73e26a81fe913e4da61f1347f1bc2dd855a432013c63e266eed6d08d8d2527f8195020d488dedebf886e6ad42aeaaf088b7a0af40376a96f29b8'
 '2653331ae1a0ba2677f7f7fede8c932f4b673f0e7e38b666bf8abe90cb1a55923a96232e869023bd456e3c3629127c57fc4c106fb80ebee74e25f5e088d36f51'
 '96c1d632d42d78b15760ba4e1da4df401b53c363449c8289a6c5a8655253b6e3367dc93e0498869705de3a1078f9431e54990c712a7219ef6884c8a8885a035c'
 '55a10d2794ee69c451012e44ecfbbb5a8f608d0b5357030d506f20708b3c0ce2bc2e52fdced5a132300f441ba8ef197e7e5f7b55642edbc68b35acd72963c75c'
 '8af246d5d04738aa8c9599b12c878506030941cc6a5621f9adbbb8d98c1fb4880084e5c5284116edaf802611d683dee4a814ada069156187b3d41d3af28bf19c']",17,16,0.0,0.0
8ec8617f-d3b0-44f0-9d4f-1ecc352e77a4,227,药物过度使用性头痛,DISEASE,药物过度使用性头痛是一种特殊情况下的头痛类型，其根本原因是患者因频繁、规律地过度使用止痛药物（或其他急性期治疗药物），从而导致原有的头痛症状加重或诱发新的头痛。,"['c01220242d7d3b6157eaf91fb6ad7e5f05d455441d91a2b77db0127e02b0fe7423ed15b66ae28fd3fab0125ef1b99725bfc52b50ef58fe62288f8190496b38bf'
 '8a5a6e187c668bb2f8331df659df42e1806867580ac766ba79bd9efeba8f788a99d6677d88162b703da1dfef9d27fc7aee00093a794541110dbfebcba1a298b0'
 '7b28720f03d13bef2702c66cb2c05b381e779fa77183aa5ec27590e416bac4b2f4f5d08c8f297dbe2195c0c8ee280baa612ae77afa79f7a6238aafdc10aef424'
 'd5d200ef93d93866b561dd8cb03e74a5748e8ae0aaab5cbd52d2ab857fd174e745f411979e64d9bfd7d0aee4e5fdafde72f1564a9a8224b23a51382462516ff6'
 'f72233ede15c2dc81218d7f98944f4209aa7e8bb9f6126c542a9998661b0591c528ba82b118b3431299cd79041f10bc9c4b3ae009e206f21a3c91060b5431cae'
 '00f6ae08bfe86a45fb0a5b9bb0c1af4689dc9a8bf3e904dafc085247d4891d45662af08314d8f37937a0c4846545bd0e0f2b558d3b42b0faee320aca0426b1c1']",6,12,0.0,0.0
92e42688-265e-4203-902a-19615b559fcb,228,非甾体抗炎药,DRUG_CLASS,非甾体抗炎药（NSAIDs）是一类具有抗炎、镇痛作用的药物，其作用机制主要基于抑制前列腺素的生成。作为偏头痛急性期治疗中使用最广泛的药物类别，它常用于治疗轻至中度发作，是临床常用的急性期药物。常见的代表药物包括布洛芬、阿司匹林和双氯芬酸等。,"['c01220242d7d3b6157eaf91fb6ad7e5f05d455441d91a2b77db0127e02b0fe7423ed15b66ae28fd3fab0125ef1b99725bfc52b50ef58fe62288f8190496b38bf'
 '0e212d8c2c842ee5de12af1433ca1bc447466457d87d7873dc236531a59f56c27f20411f5b1eb47a8f697027a165c03b43f5f71976348f46b3caf662514fc44e'
 '66fafb979e4741dbb83cfb0ca734aaa23ede790ff25a511a005a58515b4535623120fb9baa7f15c331ad249821458a0f77372a614c234d1309dfdfc250b296dd'
 'eb23a2a465336b5ec6faea7509e9d96170613d5d7809facc0263e3da0a323f991faad9182bbef36140b0c9d2dcbdac84f118f661ee526045ce28f1a77a0c11b6'
 'e39433eef3f59bb2bbddbab5bdebd461a1380645820dfc011d01cc24749184bd0555fd7e8aed1306a32718535e5ec92c234dee2031f4b07f8a3e1357dc93c88f'
 '97f704f729baa12c0e2b11bd17d01198b85340ee2d9fc65ac747ebaab61fa6bc63aed99a2ae144e4b0686faa762d4ff03b31c2b12f0ec3c2bf1cda251e23d289'
 'a7497051b835b0296caa8c43a2182e056a4d630488acdf638ab6cd1d926fb9ebe0e50b22dece2d0fb4bfabf4f04ef42edc8be89a0203491675e0fc4b52a1b78f']",7,14,0.0,0.0
de47c0c9-473a-44ea-8d31-73a8c89b74f7,229,曲普坦类,DRUG_CLASS,**曲普坦类**是一类用于偏头痛急性发作期特异性治疗的药物，属于5-HT1B/1D受体激动剂（或更广义的5-HT1受体激动剂）。该类药物通过调节5-羟色胺（5-HT）及其受体发挥作用，主要用于缓解偏头痛发作，也可能对丛集性头痛有效。常见的代表药物包括舒马普坦、佐米曲普坦、阿莫普坦、依来曲普坦和利扎曲普坦。因此，曲普坦类被视为偏头痛的特异性镇痛药物类别。,"['c01220242d7d3b6157eaf91fb6ad7e5f05d455441d91a2b77db0127e02b0fe7423ed15b66ae28fd3fab0125ef1b99725bfc52b50ef58fe62288f8190496b38bf'
 'ede3004f346fbf57178f109ccc246e3bc4937d91f3d8b4e360bb31965da2efe4d9269ff0f33f06a316cd47f9c5fcdcd614dd46895241fb926660d433e9caa6ab'
 'c36e8fb29051175ed7d04bcfd393b599d986674bccfcbc008273d791e9b2ae5ed0359af6c9190422bb219b73ff6cf1726e092e84bde9fcc196c168529c7851ef'
 '52210322972c047efc7689da633097a5df8ebccef9995944df73c65ace381727b5e957bf05ca9fb923614ca21f8a668a019c808fee804e714d274f8988e0e0d2'
 '78fd9b204da2b6ddd7a495c820a5d60bf223efd0038c19ba4f23595bcceb7023a7ae5004f5769dd4ddf103bc094fa30996c8e57f71ed174a0b91cfc9d29aba2c'
 '0e212d8c2c842ee5de12af1433ca1bc447466457d87d7873dc236531a59f56c27f20411f5b1eb47a8f697027a165c03b43f5f71976348f46b3caf662514fc44e'
 '8a5a6e187c668bb2f8331df659df42e1806867580ac766ba79bd9efeba8f788a99d6677d88162b703da1dfef9d27fc7aee00093a794541110dbfebcba1a298b0'
 'a4d0b08467ce73e94c8ae21cbf1d5c9de2b28eb2b11f0d9600ba696f7deecf4bbb8dcc953f2c41adbc6ecd52451ed70a2ae271b631839da06fe4efc61527bdad'
 'ab02a1307f63358bba10915511264b7bd499a08f4799ccbe749feea02892d3b4576b80b148aafc7d157b4e4ee34994660056fda352cb0162f7687641ca4e1399'
 'a13cbfe31f44cd531f4537bae79d1abeaa9ad11b4da8df319a25c2f0d8899e5ab4519ba231129ec7e09f6ecadc0526ee9bbc2b7f4d9b71e67b88375a9cb53402'
 '9a5bce7c4b2093cdafaa92a7bc6374c323df0722adba465e9ab0083793d222455f7c4e1e318d2c8f8ba06374eabc88bc19cbe28552a4b45f5013dd3c5e4869ce'
 '66fafb979e4741dbb83cfb0ca734aaa23ede790ff25a511a005a58515b4535623120fb9baa7f15c331ad249821458a0f77372a614c234d1309dfdfc250b296dd'
 'eb23a2a465336b5ec6faea7509e9d96170613d5d7809facc0263e3da0a323f991faad9182bbef36140b0c9d2dcbdac84f118f661ee526045ce28f1a77a0c11b6'
 '7b28720f03d13bef2702c66cb2c05b381e779fa77183aa5ec27590e416bac4b2f4f5d08c8f297dbe2195c0c8ee280baa612ae77afa79f7a6238aafdc10aef424'
 '00f6ae08bfe86a45fb0a5b9bb0c1af4689dc9a8bf3e904dafc085247d4891d45662af08314d8f37937a0c4846545bd0e0f2b558d3b42b0faee320aca0426b1c1'
 '088f82ffaee5685f7330690f9ba754ac2b0833a2a86c352c8ed1168f836fdb9beeaf74ccd6bba5b719d18621ee6736e2316e82552594004c36faa302bd473491'
 'f4b073c881c4fcb05727ee79708bd9cfbb6d3e83237cf1b85e3187dcab07280875c52e63328b7611bc065541e3dd44f41cde68660eeacbdab3bdbfebb4ff5fa2'
 '79037074f25246054dfe6498136b54c0df01452fd049cd956a4f9a9e4c77532c26008d4cf6308be9c579313d6ce60601c5cc6ca776fffcfd68434de296336aac'
 '0fafd9b55eb7b58b6e2a380b575c0bec92746116b83066650a24cfb7503fcd69d88f54f0fb593b1a722d84077abfbec53717a54c0b5770687997a98ee5e08c23'
 'bfad7cb80612a979706bc5c077780f25ccccf3bf53dd263029107f1a6f54e815903ad1a1f128aadb0c9fbaf3e877cac08d057af5995c321f9ec6c6d8df22f726'
 '0054d8619570bb6c0efca76fc0b5d60b2020d45053f0043184d6db81d8b4175c11d3bf6bd1b762bf62da191305d36d6c9842c8a074e437af7b77352179be84b7']",21,21,0.0,0.0
ec43d0e8-8720-4486-919d-8a87b808fb99,230,吉泮类,DRUG_CLASS,吉泮类是一类口服小分子药物，属于CGRP受体拮抗剂类药物。该类别包括瑞美吉泮、阿托吉泮等药物，是用于偏头痛等疾病的特异性治疗药物。,"['c01220242d7d3b6157eaf91fb6ad7e5f05d455441d91a2b77db0127e02b0fe7423ed15b66ae28fd3fab0125ef1b99725bfc52b50ef58fe62288f8190496b38bf'
 'eb23a2a465336b5ec6faea7509e9d96170613d5d7809facc0263e3da0a323f991faad9182bbef36140b0c9d2dcbdac84f118f661ee526045ce28f1a77a0c11b6'
 'ab880573e023cb66c0c136752d5e7ffccf0d4932be602d2e2448ad1fc7dce1cfb7fb5662f82d464e25e609ddd708ccdd5f4804c4c1a77efd91ebfe395094477b'
 'f2d956b3558601f0e70fdc3346118b9293d283043264f63f9cbcfff22c35753ec9c3813f6ce97ba179ab425243bf20419f3faea8377896065191a30feb4031f9']",4,4,0.0,0.0
fd28b7e2-ff46-4c3f-873d-7d902620849b,231,地坦类,DRUG_CLASS,地坦类是一类特异性治疗药物，属于5-HT1F受体激动剂类药物，主要用于急性期治疗。,"['c01220242d7d3b6157eaf91fb6ad7e5f05d455441d91a2b77db0127e02b0fe7423ed15b66ae28fd3fab0125ef1b99725bfc52b50ef58fe62288f8190496b38bf'
 'ede3004f346fbf57178f109ccc246e3bc4937d91f3d8b4e360bb31965da2efe4d9269ff0f33f06a316cd47f9c5fcdcd614dd46895241fb926660d433e9caa6ab'
 'eb23a2a465336b5ec6faea7509e9d96170613d5d7809facc0263e3da0a323f991faad9182bbef36140b0c9d2dcbdac84f118f661ee526045ce28f1a77a0c11b6'
 '7b28720f03d13bef2702c66cb2c05b381e779fa77183aa5ec27590e416bac4b2f4f5d08c8f297dbe2195c0c8ee280baa612ae77afa79f7a6238aafdc10aef424'
 'a7497051b835b0296caa8c43a2182e056a4d630488acdf638ab6cd1d926fb9ebe0e50b22dece2d0fb4bfabf4f04ef42edc8be89a0203491675e0fc4b52a1b78f']",5,1,0.0,0.0
13fe2ba8-ad27-4696-8fb4-7d8180755698,232,麦角胺类,DRUG_CLASS,麦角胺类是一类麦角生物碱衍生物类药物，属于强效5-HT1B/1D受体激动剂（亦被描述为非选择性5-HT受体激动剂）。该类药物的主要临床用途是作为急性期治疗药物，专门用于治疗偏头痛的急性发作。,"['c01220242d7d3b6157eaf91fb6ad7e5f05d455441d91a2b77db0127e02b0fe7423ed15b66ae28fd3fab0125ef1b99725bfc52b50ef58fe62288f8190496b38bf'
 'ede3004f346fbf57178f109ccc246e3bc4937d91f3d8b4e360bb31965da2efe4d9269ff0f33f06a316cd47f9c5fcdcd614dd46895241fb926660d433e9caa6ab'
 '7b28720f03d13bef2702c66cb2c05b381e779fa77183aa5ec27590e416bac4b2f4f5d08c8f297dbe2195c0c8ee280baa612ae77afa79f7a6238aafdc10aef424'
 'f4b073c881c4fcb05727ee79708bd9cfbb6d3e83237cf1b85e3187dcab07280875c52e63328b7611bc065541e3dd44f41cde68660eeacbdab3bdbfebb4ff5fa2'
 'a7497051b835b0296caa8c43a2182e056a4d630488acdf638ab6cd1d926fb9ebe0e50b22dece2d0fb4bfabf4f04ef42edc8be89a0203491675e0fc4b52a1b78f']",5,2,0.0,0.0
05f8eef9-d144-455b-b6ad-50889ba85614,233,含咖啡因的复方制剂,DRUG_CLASS,**含咖啡因的复方制剂**是一种含有咖啡因的复合镇痛药物，属于复方止痛药物类别。它主要用于治疗中重度头痛，通过多种成分的协同作用发挥镇痛效果。,"['c01220242d7d3b6157eaf91fb6ad7e5f05d455441d91a2b77db0127e02b0fe7423ed15b66ae28fd3fab0125ef1b99725bfc52b50ef58fe62288f8190496b38bf'
 '3352eba8f84ba8640a78ca9657f477d850ca9e6d005207883d4d1591c3e8cafac7c72da89a8391fe078e518a460d5ed0fcc9ae2fabdbf3c81356ca520b3bda63'
 '363b6f4fe840a82e2f2626f490dcb8da3de821cda42ac4f70ba0da92fba6668706d3e8bf6ad7f088fd38c3486b672b17640aefe778000d68b857659286405ea0']",3,2,0.0,0.0
4a7756a2-1318-4905-a2e5-f739c5412833,234,阿片类,DRUG_CLASS,阿片类是一类作用于阿片受体的镇痛药物。,"['c01220242d7d3b6157eaf91fb6ad7e5f05d455441d91a2b77db0127e02b0fe7423ed15b66ae28fd3fab0125ef1b99725bfc52b50ef58fe62288f8190496b38bf'
 '0e212d8c2c842ee5de12af1433ca1bc447466457d87d7873dc236531a59f56c27f20411f5b1eb47a8f697027a165c03b43f5f71976348f46b3caf662514fc44e']",2,1,0.0,0.0
abd6db10-c263-434a-bc9b-aa64cfe694c0,235,巴比妥类,DRUG_CLASS,巴比妥类是一类具有镇静催眠作用的药物，属于镇静剂类别。,"['c01220242d7d3b6157eaf91fb6ad7e5f05d455441d91a2b77db0127e02b0fe7423ed15b66ae28fd3fab0125ef1b99725bfc52b50ef58fe62288f8190496b38bf'
 '0e212d8c2c842ee5de12af1433ca1bc447466457d87d7873dc236531a59f56c27f20411f5b1eb47a8f697027a165c03b43f5f71976348f46b3caf662514fc44e'
 '7b28720f03d13bef2702c66cb2c05b381e779fa77183aa5ec27590e416bac4b2f4f5d08c8f297dbe2195c0c8ee280baa612ae77afa79f7a6238aafdc10aef424']",3,1,0.0,0.0
cde52b68-3ed0-4ef9-810b-e071615a9f73,236,非甾体抗炎药或对乙酰氨基酚,,,['c01220242d7d3b6157eaf91fb6ad7e5f05d455441d91a2b77db0127e02b0fe7423ed15b66ae28fd3fab0125ef1b99725bfc52b50ef58fe62288f8190496b38bf'],1,1,0.0,0.0
93dbfc3d-95e9-4fd7-8a3d-d9f912a0414c,237,特异性药物治疗,,,['c01220242d7d3b6157eaf91fb6ad7e5f05d455441d91a2b77db0127e02b0fe7423ed15b66ae28fd3fab0125ef1b99725bfc52b50ef58fe62288f8190496b38bf'],1,3,0.0,0.0
cbf199de-d9d8-4b22-9b7c-1f062bef3188,238,非特异性药物,,,['c01220242d7d3b6157eaf91fb6ad7e5f05d455441d91a2b77db0127e02b0fe7423ed15b66ae28fd3fab0125ef1b99725bfc52b50ef58fe62288f8190496b38bf'],1,8,0.0,0.0
cc5996b9-6fef-4485-956b-4885c7820b19,239,偏头痛急性期治疗失败后,,,['c01220242d7d3b6157eaf91fb6ad7e5f05d455441d91a2b77db0127e02b0fe7423ed15b66ae28fd3fab0125ef1b99725bfc52b50ef58fe62288f8190496b38bf'],1,1,0.0,0.0
64ed0b2f-9b96-43db-bda5-e22fae1918cb,240,药物过度使用风险时偏头痛治疗,,,['c01220242d7d3b6157eaf91fb6ad7e5f05d455441d91a2b77db0127e02b0fe7423ed15b66ae28fd3fab0125ef1b99725bfc52b50ef58fe62288f8190496b38bf'],1,1,0.0,0.0
fe4b1c04-eca9-499d-8b74-fbe96a42de02,241,NSAIDS,DRUG_CLASS,**NSAIDS（非甾体抗炎药）** 是一类具有抗炎、镇痛和解热作用的药物，常用于急性期治疗。它们通过抑制环氧化酶（COX）活性来减少前列腺素的合成，从而缓解炎症和疼痛症状。,"['f774ecc5ad11c6218cf9a5fa3956561dae8d217b440ba4206959b9b5c33aeca048a105c46772bb22452034ff8e2ac6545387df78983c45e384ec2b379e14652f'
 '9b33fd76a5e68a032ef4110cdcedf43bab5889fa6a85227d2b3cdf681683caed3334e7a701b9082a321eed3ead839a6ddd6573921141bbde60fd3fdbe876e49f'
 'c36e8fb29051175ed7d04bcfd393b599d986674bccfcbc008273d791e9b2ae5ed0359af6c9190422bb219b73ff6cf1726e092e84bde9fcc196c168529c7851ef'
 'ab1c1c83a9f14dae2c811c808ef239ac2aba116e004b6113e443fddea8fc1801171748bc0b19ea25533c075f5585a3694a64eafabd46b4ee9b94199edb2727d1'
 'a7b9f4293708ad1fe7cc43e307725bc7b8f026a699a69216fb1c6d3ace1508b33ebf3ac19290f66771cc4d87a263678906390389a02d2a9564a8027672cb155a'
 '8a5a6e187c668bb2f8331df659df42e1806867580ac766ba79bd9efeba8f788a99d6677d88162b703da1dfef9d27fc7aee00093a794541110dbfebcba1a298b0'
 '0e3088f94fd74dd0bf54ce4fe7dfb492db7a4fa8eeed4a699f6992bc1606d3f05b5845dea1e8d94b3b6a8c011887384eb0757bbf3764f608225b6b1ce8e9ffc0']",7,9,0.0,0.0
5a667348-2a12-49d8-b0b6-3dee2bfd3d02,242,双氯芬酸,DRUG,双氯芬酸是一种非甾体抗炎药，主要用于缓解偏头痛急性发作的症状，属于偏头痛急性期治疗的非特异性药物。在哺乳期患者中，它被推荐作为一线治疗药物，用于偏头痛的治疗，并且由于其依赖或过度使用的风险相对较低，被认为是较为安全的选择。,"['f774ecc5ad11c6218cf9a5fa3956561dae8d217b440ba4206959b9b5c33aeca048a105c46772bb22452034ff8e2ac6545387df78983c45e384ec2b379e14652f'
 '3352eba8f84ba8640a78ca9657f477d850ca9e6d005207883d4d1591c3e8cafac7c72da89a8391fe078e518a460d5ed0fcc9ae2fabdbf3c81356ca520b3bda63'
 'c36e8fb29051175ed7d04bcfd393b599d986674bccfcbc008273d791e9b2ae5ed0359af6c9190422bb219b73ff6cf1726e092e84bde9fcc196c168529c7851ef'
 '9609f731b2a1d479a0b1fa68f88c75b8c3461935601ffe88d4cfc8df0b1379cf4e596ef472e2ed824cc0fe7b6dbd0218447501e6f7c382a1a26e1db6352b7c15'
 'a4d0b08467ce73e94c8ae21cbf1d5c9de2b28eb2b11f0d9600ba696f7deecf4bbb8dcc953f2c41adbc6ecd52451ed70a2ae271b631839da06fe4efc61527bdad'
 'eb23a2a465336b5ec6faea7509e9d96170613d5d7809facc0263e3da0a323f991faad9182bbef36140b0c9d2dcbdac84f118f661ee526045ce28f1a77a0c11b6'
 '7b28720f03d13bef2702c66cb2c05b381e779fa77183aa5ec27590e416bac4b2f4f5d08c8f297dbe2195c0c8ee280baa612ae77afa79f7a6238aafdc10aef424'
 '363b6f4fe840a82e2f2626f490dcb8da3de821cda42ac4f70ba0da92fba6668706d3e8bf6ad7f088fd38c3486b672b17640aefe778000d68b857659286405ea0'
 '97f704f729baa12c0e2b11bd17d01198b85340ee2d9fc65ac747ebaab61fa6bc63aed99a2ae144e4b0686faa762d4ff03b31c2b12f0ec3c2bf1cda251e23d289']",9,7,0.0,0.0
e5f18b99-3f3c-4fa2-92b8-ae80cf3d30c4,243,塞来昔布,DRUG,塞来昔布是一种选择性COX-2抑制剂，属于非甾体抗炎药（NSAID）类别。它被用于偏头痛的急性期治疗。,"['f774ecc5ad11c6218cf9a5fa3956561dae8d217b440ba4206959b9b5c33aeca048a105c46772bb22452034ff8e2ac6545387df78983c45e384ec2b379e14652f'
 '3352eba8f84ba8640a78ca9657f477d850ca9e6d005207883d4d1591c3e8cafac7c72da89a8391fe078e518a460d5ed0fcc9ae2fabdbf3c81356ca520b3bda63']",2,2,0.0,0.0
83bd63b1-4f41-4200-b013-c85ce73dd94a,244,舒马普坦,DRUG,舒马普坦是一种口服曲普坦类药物，属于曲普坦类药物的范畴。其剂型为口服剂型。,"['f774ecc5ad11c6218cf9a5fa3956561dae8d217b440ba4206959b9b5c33aeca048a105c46772bb22452034ff8e2ac6545387df78983c45e384ec2b379e14652f'
 '3352eba8f84ba8640a78ca9657f477d850ca9e6d005207883d4d1591c3e8cafac7c72da89a8391fe078e518a460d5ed0fcc9ae2fabdbf3c81356ca520b3bda63'
 'ede3004f346fbf57178f109ccc246e3bc4937d91f3d8b4e360bb31965da2efe4d9269ff0f33f06a316cd47f9c5fcdcd614dd46895241fb926660d433e9caa6ab'
 'c36e8fb29051175ed7d04bcfd393b599d986674bccfcbc008273d791e9b2ae5ed0359af6c9190422bb219b73ff6cf1726e092e84bde9fcc196c168529c7851ef'
 'eb23a2a465336b5ec6faea7509e9d96170613d5d7809facc0263e3da0a323f991faad9182bbef36140b0c9d2dcbdac84f118f661ee526045ce28f1a77a0c11b6'
 '7b28720f03d13bef2702c66cb2c05b381e779fa77183aa5ec27590e416bac4b2f4f5d08c8f297dbe2195c0c8ee280baa612ae77afa79f7a6238aafdc10aef424']",6,3,0.0,0.0
f51280e7-1b2f-4006-bd95-4865347ee07d,245,含咖啡因复方制剂,DRUG_CLASS,含咖啡因复方制剂是一种含有咖啡因的复方镇痛药物，对中-重度头痛发作具有较好的疗效。,"['f774ecc5ad11c6218cf9a5fa3956561dae8d217b440ba4206959b9b5c33aeca048a105c46772bb22452034ff8e2ac6545387df78983c45e384ec2b379e14652f'
 'eb23a2a465336b5ec6faea7509e9d96170613d5d7809facc0263e3da0a323f991faad9182bbef36140b0c9d2dcbdac84f118f661ee526045ce28f1a77a0c11b6']",2,2,0.0,0.0
40ceff21-0f0e-4f3d-8b22-bb51c4bfcaae,246,成人,POPULATION,**成人**是指已达到法定成年年龄的个体群体，通常指18岁及以上的人群。在医学背景下，该术语常特指**成年患者**或**成年病人群体**，是临床指南、药物适用及治疗方案推荐的主要适用对象。例如，瑞美吉泮口崩片和乌布吉泮等药物的适用人群明确为成人，相关指南及推荐药物（如表3所列）的适用人群也主要针对成年患者。因此，成人在一般语境中泛指成年人群体，在医疗领域中则具体指向成年患者群体。,"['f774ecc5ad11c6218cf9a5fa3956561dae8d217b440ba4206959b9b5c33aeca048a105c46772bb22452034ff8e2ac6545387df78983c45e384ec2b379e14652f'
 '1c2d42cf24d5ef41eadbc348176fc20e538136d601d7796de053c8d108164282bc91e627d6fb591fd2b3c6605eec37ee0ee6a4acb7ae2873d039be0a367cabe9'
 '00a0c1db6485e7cbac54a732052006a67c99da84f0e4ae3b0b5ef4c9c184759efc49103ab0655d3717b6119de694b25d045ac14ada547d3f5696cd69ad0fcb0b'
 'eb23a2a465336b5ec6faea7509e9d96170613d5d7809facc0263e3da0a323f991faad9182bbef36140b0c9d2dcbdac84f118f661ee526045ce28f1a77a0c11b6'
 'f2d956b3558601f0e70fdc3346118b9293d283043264f63f9cbcfff22c35753ec9c3813f6ce97ba179ab425243bf20419f3faea8377896065191a30feb4031f9'
 '148bb5ee1d2a73e26a81fe913e4da61f1347f1bc2dd855a432013c63e266eed6d08d8d2527f8195020d488dedebf886e6ad42aeaaf088b7a0af40376a96f29b8'
 'a7497051b835b0296caa8c43a2182e056a4d630488acdf638ab6cd1d926fb9ebe0e50b22dece2d0fb4bfabf4f04ef42edc8be89a0203491675e0fc4b52a1b78f'
 '0054d8619570bb6c0efca76fc0b5d60b2020d45053f0043184d6db81d8b4175c11d3bf6bd1b762bf62da191305d36d6c9842c8a074e437af7b77352179be84b7']",8,5,0.0,0.0
118e2291-95c9-49ff-93fc-0182835da689,247,选择性COX-2抑制剂,,,['f774ecc5ad11c6218cf9a5fa3956561dae8d217b440ba4206959b9b5c33aeca048a105c46772bb22452034ff8e2ac6545387df78983c45e384ec2b379e14652f'],1,1,0.0,0.0
5fe9f2b3-aa0a-4ede-bf1f-13bd030922c5,248,"阿司匹林/对乙酰氨基酚/舒马普坦等疗法组合中的辅助用药，改善恶心呕吐症状。原文未明确建立与“偏头痛”的直接治疗关系，故不提取此关系。|<||><||><||><||>)(""ENTITY""",,,['f774ecc5ad11c6218cf9a5fa3956561dae8d217b440ba4206959b9b5c33aeca048a105c46772bb22452034ff8e2ac6545387df78983c45e384ec2b379e14652f'],1,1,0.0,0.0
672b065c-f3ef-4bf7-a1d6-bd58bf3cc96b,249,曲普坦类药物,DRUG_CLASS,曲普坦类药物是一类特异性镇痛药物，属于5-HT1受体激动剂类药物，主要通过激动5-HT1B/1D受体发挥作用。该类药物主要用于偏头痛急性期治疗，具有收缩冠状动脉的作用，因此临床上被归类为用于治疗偏头痛的镇痛药。,"['3352eba8f84ba8640a78ca9657f477d850ca9e6d005207883d4d1591c3e8cafac7c72da89a8391fe078e518a460d5ed0fcc9ae2fabdbf3c81356ca520b3bda63'
 '9b33fd76a5e68a032ef4110cdcedf43bab5889fa6a85227d2b3cdf681683caed3334e7a701b9082a321eed3ead839a6ddd6573921141bbde60fd3fdbe876e49f'
 'ab1c1c83a9f14dae2c811c808ef239ac2aba116e004b6113e443fddea8fc1801171748bc0b19ea25533c075f5585a3694a64eafabd46b4ee9b94199edb2727d1'
 'a7b9f4293708ad1fe7cc43e307725bc7b8f026a699a69216fb1c6d3ace1508b33ebf3ac19290f66771cc4d87a263678906390389a02d2a9564a8027672cb155a'
 '363b6f4fe840a82e2f2626f490dcb8da3de821cda42ac4f70ba0da92fba6668706d3e8bf6ad7f088fd38c3486b672b17640aefe778000d68b857659286405ea0'
 'e39433eef3f59bb2bbddbab5bdebd461a1380645820dfc011d01cc24749184bd0555fd7e8aed1306a32718535e5ec92c234dee2031f4b07f8a3e1357dc93c88f'
 'ac816b54ac70f1e2697a0fc2cc646c6a9319c8b2da14228b3ac6b76a0dd992ee5c7cee7e7986e8ab08a9d457617b74a833be81924604ec8d1c29d35b02f46926']",7,11,0.0,0.0
b0fe4d0e-bde5-4e81-aaa8-74aaced5ed07,250,佐米曲普坦,DRUG,佐米曲普坦是一种曲普坦类药物（属于曲坦类药物），主要用于偏头痛（VM）急性期的治疗研究。该药物提供口服和鼻喷（鼻喷雾）两种剂型。,"['3352eba8f84ba8640a78ca9657f477d850ca9e6d005207883d4d1591c3e8cafac7c72da89a8391fe078e518a460d5ed0fcc9ae2fabdbf3c81356ca520b3bda63'
 'ede3004f346fbf57178f109ccc246e3bc4937d91f3d8b4e360bb31965da2efe4d9269ff0f33f06a316cd47f9c5fcdcd614dd46895241fb926660d433e9caa6ab'
 'a4d0b08467ce73e94c8ae21cbf1d5c9de2b28eb2b11f0d9600ba696f7deecf4bbb8dcc953f2c41adbc6ecd52451ed70a2ae271b631839da06fe4efc61527bdad'
 'ab02a1307f63358bba10915511264b7bd499a08f4799ccbe749feea02892d3b4576b80b148aafc7d157b4e4ee34994660056fda352cb0162f7687641ca4e1399'
 'eb23a2a465336b5ec6faea7509e9d96170613d5d7809facc0263e3da0a323f991faad9182bbef36140b0c9d2dcbdac84f118f661ee526045ce28f1a77a0c11b6'
 '7b28720f03d13bef2702c66cb2c05b381e779fa77183aa5ec27590e416bac4b2f4f5d08c8f297dbe2195c0c8ee280baa612ae77afa79f7a6238aafdc10aef424'
 'a7497051b835b0296caa8c43a2182e056a4d630488acdf638ab6cd1d926fb9ebe0e50b22dece2d0fb4bfabf4f04ef42edc8be89a0203491675e0fc4b52a1b78f'
 'bfad7cb80612a979706bc5c077780f25ccccf3bf53dd263029107f1a6f54e815903ad1a1f128aadb0c9fbaf3e877cac08d057af5995c321f9ec6c6d8df22f726']",8,6,0.0,0.0
c8091bb6-6255-4866-a6ed-d8cf7b74b088,251,吉泮类药物,DRUG_CLASS,吉泮类药物是一类用于偏头痛急性期治疗的小分子CGRP受体拮抗剂。它们通过抑制CGRP诱导的血管扩张发挥作用，并主要经肝脏细胞色素P450酶代谢。,"['3352eba8f84ba8640a78ca9657f477d850ca9e6d005207883d4d1591c3e8cafac7c72da89a8391fe078e518a460d5ed0fcc9ae2fabdbf3c81356ca520b3bda63'
 '9b33fd76a5e68a032ef4110cdcedf43bab5889fa6a85227d2b3cdf681683caed3334e7a701b9082a321eed3ead839a6ddd6573921141bbde60fd3fdbe876e49f'
 'ab1c1c83a9f14dae2c811c808ef239ac2aba116e004b6113e443fddea8fc1801171748bc0b19ea25533c075f5585a3694a64eafabd46b4ee9b94199edb2727d1'
 'a7b9f4293708ad1fe7cc43e307725bc7b8f026a699a69216fb1c6d3ace1508b33ebf3ac19290f66771cc4d87a263678906390389a02d2a9564a8027672cb155a'
 '7b28720f03d13bef2702c66cb2c05b381e779fa77183aa5ec27590e416bac4b2f4f5d08c8f297dbe2195c0c8ee280baa612ae77afa79f7a6238aafdc10aef424'
 '0e3088f94fd74dd0bf54ce4fe7dfb492db7a4fa8eeed4a699f6992bc1606d3f05b5845dea1e8d94b3b6a8c011887384eb0757bbf3764f608225b6b1ce8e9ffc0']",6,8,0.0,0.0
b7e1b75e-3d2b-4edf-a697-4c3020a712fc,252,扎维吉泮,DRUG,扎维吉泮是一种吉泮类药物，具体为一种鼻腔喷雾剂型的CGRP受体拮抗剂。,"['3352eba8f84ba8640a78ca9657f477d850ca9e6d005207883d4d1591c3e8cafac7c72da89a8391fe078e518a460d5ed0fcc9ae2fabdbf3c81356ca520b3bda63'
 'ede3004f346fbf57178f109ccc246e3bc4937d91f3d8b4e360bb31965da2efe4d9269ff0f33f06a316cd47f9c5fcdcd614dd46895241fb926660d433e9caa6ab']",2,1,0.0,0.0
78c6b2ab-1cdf-4a61-93c8-f0e2920ebd01,253,成人偏头痛急性期口服非特异性药物治疗推荐,GUIDELINE_RECOMMENDATION,针对成人偏头痛急性期口服非特异性药物的治疗推荐表,['3352eba8f84ba8640a78ca9657f477d850ca9e6d005207883d4d1591c3e8cafac7c72da89a8391fe078e518a460d5ed0fcc9ae2fabdbf3c81356ca520b3bda63'],1,2,0.0,0.0
522264ef-7fba-4a27-b206-e7d86ff360c4,254,乙酰苯胺类解热镇痛药,DRUG_CLASS,乙酰苯胺类解热镇痛药是一类具有解热和镇痛作用的药物，其中对乙酰氨基酚是该类药物中最具代表性的成员。,"['3352eba8f84ba8640a78ca9657f477d850ca9e6d005207883d4d1591c3e8cafac7c72da89a8391fe078e518a460d5ed0fcc9ae2fabdbf3c81356ca520b3bda63'
 'eb23a2a465336b5ec6faea7509e9d96170613d5d7809facc0263e3da0a323f991faad9182bbef36140b0c9d2dcbdac84f118f661ee526045ce28f1a77a0c11b6']",2,1,0.0,0.0
0a784197-0f60-41cd-aa93-27e5c9e059bb,255,对乙酰氨基酚/阿司匹林/咖啡因,DRUG,对乙酰氨基酚/阿司匹林/咖啡因是一种含咖啡因的复方制剂，主要用于偏头痛的急性期治疗。,"['3352eba8f84ba8640a78ca9657f477d850ca9e6d005207883d4d1591c3e8cafac7c72da89a8391fe078e518a460d5ed0fcc9ae2fabdbf3c81356ca520b3bda63'
 'eb23a2a465336b5ec6faea7509e9d96170613d5d7809facc0263e3da0a323f991faad9182bbef36140b0c9d2dcbdac84f118f661ee526045ce28f1a77a0c11b6']",2,1,0.0,0.0
aa6a2b04-6f9d-473c-bc21-b77ec33692bd,256,多潘立酮,DRUG,多潘立酮是一种止吐和促胃动力药物，主要用于治疗恶心、呕吐等症状，尤其适用于与偏头痛发作相关的恶心呕吐。作为促胃动力药，它能够增强胃肠蠕动，改善消化功能。该药物的特点是不通过血脑屏障，因此中枢神经系统副作用较少。,"['ede3004f346fbf57178f109ccc246e3bc4937d91f3d8b4e360bb31965da2efe4d9269ff0f33f06a316cd47f9c5fcdcd614dd46895241fb926660d433e9caa6ab'
 'a7b9f4293708ad1fe7cc43e307725bc7b8f026a699a69216fb1c6d3ace1508b33ebf3ac19290f66771cc4d87a263678906390389a02d2a9564a8027672cb155a'
 '1c2d42cf24d5ef41eadbc348176fc20e538136d601d7796de053c8d108164282bc91e627d6fb591fd2b3c6605eec37ee0ee6a4acb7ae2873d039be0a367cabe9'
 '7b28720f03d13bef2702c66cb2c05b381e779fa77183aa5ec27590e416bac4b2f4f5d08c8f297dbe2195c0c8ee280baa612ae77afa79f7a6238aafdc10aef424'
 '00f6ae08bfe86a45fb0a5b9bb0c1af4689dc9a8bf3e904dafc085247d4891d45662af08314d8f37937a0c4846545bd0e0f2b558d3b42b0faee320aca0426b1c1']",5,5,0.0,0.0
d446b0a9-fbd5-4e9e-92d4-68da78e6b6a7,257,异丙嗪,DRUG,异丙嗪是一种止吐药，临床上常作为经验性给予的前庭抑制剂或止吐药使用。,"['ede3004f346fbf57178f109ccc246e3bc4937d91f3d8b4e360bb31965da2efe4d9269ff0f33f06a316cd47f9c5fcdcd614dd46895241fb926660d433e9caa6ab'
 '7b28720f03d13bef2702c66cb2c05b381e779fa77183aa5ec27590e416bac4b2f4f5d08c8f297dbe2195c0c8ee280baa612ae77afa79f7a6238aafdc10aef424'
 '00f6ae08bfe86a45fb0a5b9bb0c1af4689dc9a8bf3e904dafc085247d4891d45662af08314d8f37937a0c4846545bd0e0f2b558d3b42b0faee320aca0426b1c1'
 'a7497051b835b0296caa8c43a2182e056a4d630488acdf638ab6cd1d926fb9ebe0e50b22dece2d0fb4bfabf4f04ef42edc8be89a0203491675e0fc4b52a1b78f']",4,1,0.0,0.0
0f3d1756-487a-44cf-a087-0b85c6530a92,258,昂丹司琼,DRUG,5-HT3受体拮抗剂,['ede3004f346fbf57178f109ccc246e3bc4937d91f3d8b4e360bb31965da2efe4d9269ff0f33f06a316cd47f9c5fcdcd614dd46895241fb926660d433e9caa6ab'],1,0,,
92f44a9e-ba85-4a03-a51a-2bb53aa1be55,259,成人偏头痛急性期特异性药物治疗推荐,GUIDELINE_RECOMMENDATION,针对成人偏头痛急性期的特异性药物使用建议,['ede3004f346fbf57178f109ccc246e3bc4937d91f3d8b4e360bb31965da2efe4d9269ff0f33f06a316cd47f9c5fcdcd614dd46895241fb926660d433e9caa6ab'],1,0,,
fc8f3fea-690f-43f5-b79a-b2845750366d,260,"吉泮类*（注：原文未明确提取“吉泮类”实体，此处假设存在）** 由于原文中“吉泮类”作为类别出现，但未在允许类型中单独列出为实体，故不创建此关系。 ** <||><||><||>) ** 修正：根据规则，仅能提取指定类型的实体。文本中“吉泮类”是描述，但未作为独立的“药物分类”实体被明确提及和标准化命名（如“吉泮类药物”），因此不创建“吉泮类”实体及其关系。以下重新输出正确的实体和关系列表：**(""RELATIONSHIP""",,,['ede3004f346fbf57178f109ccc246e3bc4937d91f3d8b4e360bb31965da2efe4d9269ff0f33f06a316cd47f9c5fcdcd614dd46895241fb926660d433e9caa6ab'],1,1,0.0,0.0
ee64591f-76e8-4f6f-abf7-f6a2705b7f49,261,远隔神经调控,NON_DRUG_TREATMENT,远隔神经调控是一种神经调控治疗方法，它通过电脉冲刺激上臂的感觉纤维来抑制疼痛，属于非药物治疗手段。,"['f234e124dc5783cb0747886716e4ecf14c3e480669de8bf4513a70f4d0019343739bda38aba548f7aeadfb80ebb4169f3525b6a0d1100b3e7540440b2e727fed'
 '324e05cb98516ebf59b3f3abd2df7e50a2b035297a48a4083fbd34fd3c72c8d6b25f4e6dc2234b81b6a1d6ad73272dcb7501da75305ce73bde190f882d34b840']",2,3,0.0,0.0
4790ac3e-dfed-42eb-8924-305202387a12,262,经颅磁刺激,NON_DRUG_TREATMENT,**经颅磁刺激**是一种非侵入性的神经调控治疗方法，它通过磁场刺激大脑皮层，实现对脑功能的调节与干预。该技术利用外部磁场作用于大脑特定区域，以改变神经元活动，常用于研究和治疗多种神经系统及精神心理疾病。,"['f234e124dc5783cb0747886716e4ecf14c3e480669de8bf4513a70f4d0019343739bda38aba548f7aeadfb80ebb4169f3525b6a0d1100b3e7540440b2e727fed'
 '78fd9b204da2b6ddd7a495c820a5d60bf223efd0038c19ba4f23595bcceb7023a7ae5004f5769dd4ddf103bc094fa30996c8e57f71ed174a0b91cfc9d29aba2c'
 '571033fb76c267906f15ebc5bb424e0f22da46345f9e8d60796f1d2d96929a6859c3df74ee25d5709bc2e5f464a592d92b8f77bf57b9a0d0c1e941963385ad77'
 '0fafd9b55eb7b58b6e2a380b575c0bec92746116b83066650a24cfb7503fcd69d88f54f0fb593b1a722d84077abfbec53717a54c0b5770687997a98ee5e08c23']",4,5,0.0,0.0
c3347e3c-c7a6-4669-a9df-84810d21e69c,263,迷走神经刺激,NON_DRUG_TREATMENT,**迷走神经刺激**是一种神经调控治疗方法，其核心机制是通过电脉冲对迷走神经进行刺激，以达到治疗目的。,"['f234e124dc5783cb0747886716e4ecf14c3e480669de8bf4513a70f4d0019343739bda38aba548f7aeadfb80ebb4169f3525b6a0d1100b3e7540440b2e727fed'
 '78fd9b204da2b6ddd7a495c820a5d60bf223efd0038c19ba4f23595bcceb7023a7ae5004f5769dd4ddf103bc094fa30996c8e57f71ed174a0b91cfc9d29aba2c'
 '571033fb76c267906f15ebc5bb424e0f22da46345f9e8d60796f1d2d96929a6859c3df74ee25d5709bc2e5f464a592d92b8f77bf57b9a0d0c1e941963385ad77']",3,5,0.0,0.0
b0497930-a6cb-4745-b64a-26a487a2bcd0,264,三叉神经刺激,NON_DRUG_TREATMENT,一种神经调控治疗,['f234e124dc5783cb0747886716e4ecf14c3e480669de8bf4513a70f4d0019343739bda38aba548f7aeadfb80ebb4169f3525b6a0d1100b3e7540440b2e727fed'],1,1,0.0,0.0
32e7fe57-1057-4d5b-a6a2-f452cf7d85f6,265,枕-三叉神经联合刺激,NON_DRUG_TREATMENT,枕-三叉神经联合刺激是一种神经调控治疗，具体指通过体外联合刺激枕神经和三叉神经分支的非药物性治疗方法。,"['f234e124dc5783cb0747886716e4ecf14c3e480669de8bf4513a70f4d0019343739bda38aba548f7aeadfb80ebb4169f3525b6a0d1100b3e7540440b2e727fed'
 '324e05cb98516ebf59b3f3abd2df7e50a2b035297a48a4083fbd34fd3c72c8d6b25f4e6dc2234b81b6a1d6ad73272dcb7501da75305ce73bde190f882d34b840']",2,3,0.0,0.0
77313625-08ba-4665-8794-d38f40cd7366,266,针刺,NON_DRUG_TREATMENT,一种非药物疗法,['f234e124dc5783cb0747886716e4ecf14c3e480669de8bf4513a70f4d0019343739bda38aba548f7aeadfb80ebb4169f3525b6a0d1100b3e7540440b2e727fed'],1,1,0.0,0.0
0e0dcd8e-855b-4482-b473-a2a3b9eb89de,267,催眠,NON_DRUG_TREATMENT,一种非药物疗法,['f234e124dc5783cb0747886716e4ecf14c3e480669de8bf4513a70f4d0019343739bda38aba548f7aeadfb80ebb4169f3525b6a0d1100b3e7540440b2e727fed'],1,1,0.0,0.0
95c2221c-a8d4-4c4b-92c4-2d0063b59b45,268,认知行为疗法,NON_DRUG_TREATMENT,**认知行为疗法**是一种非药物性的心理治疗方法，它通过心理和行为干预来帮助病人处理与头痛相关的应激反应及心理疾患，从而缓解压力并改善偏头痛症状。该方法也常作为药物治疗的辅助手段，用于综合治疗中。,"['f234e124dc5783cb0747886716e4ecf14c3e480669de8bf4513a70f4d0019343739bda38aba548f7aeadfb80ebb4169f3525b6a0d1100b3e7540440b2e727fed'
 'ff40d9d77831c63126abcff57c0dc9b00a0481a114fd14b41eb87b1817126e86e2d78f953b428ca1a255ba69368d9aad3a9cfb384173b77490f104c4d8e6c2c0'
 '4e10a447ddaf2c74684d2a22401890d0f1eed1fd11ac887c4f65b340f4348db607f77e46c4ba8d22a4abe8dd27f016378deada950d2c72edfa41699ac96ba87b'
 'b7e036cfc0af89cf534a04c0ac3f2fbc6e874136c11185ada17d5096022d926e9e2a09a1ed4b0e1ea393f799d3d6d782ee1649ce5ddcc0bd974e684c92a1a789']",4,2,0.0,0.0
4374608b-4534-4cbd-bf47-872ce9a7e52e,269,偏头痛急性期非药物治疗推荐,,,['f234e124dc5783cb0747886716e4ecf14c3e480669de8bf4513a70f4d0019343739bda38aba548f7aeadfb80ebb4169f3525b6a0d1100b3e7540440b2e727fed'],1,3,0.0,0.0
f66745a3-d094-4b42-8267-17359cd3be4f,270,单脉冲经颅磁刺激,NON_DRUG_TREATMENT,单脉冲经颅磁刺激是一种神经调控技术或方法，它利用磁场诱发感应电流来调节神经功能，属于非药物治疗手段。,"['324e05cb98516ebf59b3f3abd2df7e50a2b035297a48a4083fbd34fd3c72c8d6b25f4e6dc2234b81b6a1d6ad73272dcb7501da75305ce73bde190f882d34b840'
 '88308954a8d2d7586ca8cc75b1b11f9449934357376dc59c92ced6f46cf1845fa46e9148292d5c59387ef0e4995324fa9a855891a896a148c086de27d054fc7a'
 'e4bdaf3274859fefc17e03819e07cdfc1499b7c702c170402f77909a62e84fff67860e324f4de8c7d3be920148c0a9e004b2a837b69790702ade5d2b83674266']",3,8,0.0,0.0
81046c94-5b2d-41f0-bb4e-35bc4ae204a8,271,非侵入性迷走神经刺激,NON_DRUG_TREATMENT,非侵入性迷走神经刺激是一种非药物治疗方法，它通过便携装置无创地刺激迷走神经，主要用于急性前庭性偏头痛的治疗。,"['324e05cb98516ebf59b3f3abd2df7e50a2b035297a48a4083fbd34fd3c72c8d6b25f4e6dc2234b81b6a1d6ad73272dcb7501da75305ce73bde190f882d34b840'
 '0054d8619570bb6c0efca76fc0b5d60b2020d45053f0043184d6db81d8b4175c11d3bf6bd1b762bf62da191305d36d6c9842c8a074e437af7b77352179be84b7']",2,1,0.0,0.0
0597df2a-82e0-4817-8555-5a161c5f328e,272,三叉神经电刺激,NON_DRUG_TREATMENT,通过电刺激三叉神经治疗偏头痛的非药物治疗,['324e05cb98516ebf59b3f3abd2df7e50a2b035297a48a4083fbd34fd3c72c8d6b25f4e6dc2234b81b6a1d6ad73272dcb7501da75305ce73bde190f882d34b840'],1,2,0.0,0.0
6085507d-6cd0-4b04-bb2f-bbfe677f2e0b,273,针刺治疗,NON_DRUG_TREATMENT,**针刺治疗**是一种使用针刺进行的治疗方法，属于常用的非药物治疗方法之一。该方法通过刺激特定穴位来调节身体功能，常用于治疗偏头痛等疾病，具有非药物干预的特点。,"['324e05cb98516ebf59b3f3abd2df7e50a2b035297a48a4083fbd34fd3c72c8d6b25f4e6dc2234b81b6a1d6ad73272dcb7501da75305ce73bde190f882d34b840'
 'a2de2acf9a31b99739527ed05a228296f40e8f6a500099e61b04f2ed19140c20f629655b73848f330d0df55707f48e4c0601eabc3608f52134475dbc71419e9a'
 '23fb6bb01b39562a2f5493105ef2668bd91bc439253ab79da46be14980613e5e77186648ab6cdc7fb1a630b35f030ed5d1c263991d555d9ca25230eb0ef80a7b'
 'e4bdaf3274859fefc17e03819e07cdfc1499b7c702c170402f77909a62e84fff67860e324f4de8c7d3be920148c0a9e004b2a837b69790702ade5d2b83674266']",4,6,0.0,0.0
ec31cd76-05d8-42b3-bdaa-df994639dbaa,274,偏头痛急性发作,DISEASE,偏头痛的急性发作状态,['324e05cb98516ebf59b3f3abd2df7e50a2b035297a48a4083fbd34fd3c72c8d6b25f4e6dc2234b81b6a1d6ad73272dcb7501da75305ce73bde190f882d34b840'],1,1,0.0,0.0
9068c54c-7713-4c0c-a512-287a42a0ece2,275,成人偏头痛,POPULATION,成人偏头痛是指年龄在18岁及以上的患者群体，其临床特征以偏头痛为主要表现。该群体特指患有偏头痛的成年患者，是医学研究与临床实践中针对成人阶段偏头痛疾病所关注的特定人群。,"['324e05cb98516ebf59b3f3abd2df7e50a2b035297a48a4083fbd34fd3c72c8d6b25f4e6dc2234b81b6a1d6ad73272dcb7501da75305ce73bde190f882d34b840'
 'c7d1b4a4d6c1890a132c31e59180d731225566cf55ebabf81e05e51dc067c87990a977ce7b4870782038556add3f4a624eb29460e048396081cec193a59c7894']",2,3,0.0,0.0
ee822c99-984a-40a3-a52d-0170a44cf5d6,276,有先兆偏头痛病人,,,['324e05cb98516ebf59b3f3abd2df7e50a2b035297a48a4083fbd34fd3c72c8d6b25f4e6dc2234b81b6a1d6ad73272dcb7501da75305ce73bde190f882d34b840'],1,1,0.0,0.0
536602bf-2a7a-4f4c-ba37-9871b6ec28ca,277,证据质量不高,EVIDENCE_LEVEL,有关针刺治疗急性期偏头痛的证据质量不高,['a2de2acf9a31b99739527ed05a228296f40e8f6a500099e61b04f2ed19140c20f629655b73848f330d0df55707f48e4c0601eabc3608f52134475dbc71419e9a'],1,1,0.0,0.0
72fb5dd2-1e63-4f02-bc07-9f864fab4fbd,278,偏头痛先兆延长,DISEASE,先兆持续时间大于1小时但小于1周,['9b33fd76a5e68a032ef4110cdcedf43bab5889fa6a85227d2b3cdf681683caed3334e7a701b9082a321eed3ead839a6ddd6573921141bbde60fd3fdbe876e49f'],1,0,,
2b56327b-06c7-4d7a-af6e-e3421afa6b3e,279,先兆持续状态,DISEASE,先兆持续等于或大于1周，不伴有脑梗死,['9b33fd76a5e68a032ef4110cdcedf43bab5889fa6a85227d2b3cdf681683caed3334e7a701b9082a321eed3ead839a6ddd6573921141bbde60fd3fdbe876e49f'],1,0,,
ec1aabb4-1d1a-4856-ae08-9b89df1f4f9d,280,糖皮质激素类药物,DRUG_CLASS,如地塞米松的药物类别,['9b33fd76a5e68a032ef4110cdcedf43bab5889fa6a85227d2b3cdf681683caed3334e7a701b9082a321eed3ead839a6ddd6573921141bbde60fd3fdbe876e49f'],1,0,,
682aaaf3-8845-4a14-a230-710365d78675,281,地塞米松,DRUG,糖皮质激素类药物,['9b33fd76a5e68a032ef4110cdcedf43bab5889fa6a85227d2b3cdf681683caed3334e7a701b9082a321eed3ead839a6ddd6573921141bbde60fd3fdbe876e49f'],1,0,,
16424012-bd10-43b1-97c7-1be3d67cf133,282,周围神经阻滞,NON_DRUG_TREATMENT,一种治疗方式,['9b33fd76a5e68a032ef4110cdcedf43bab5889fa6a85227d2b3cdf681683caed3334e7a701b9082a321eed3ead839a6ddd6573921141bbde60fd3fdbe876e49f'],1,0,,
1c2b0097-59c0-4f3a-80a5-11ec921c7677,283,氯胺酮鼻腔给药,NON_DRUG_TREATMENT,氯胺酮通过鼻腔给药的干预方法,['9b33fd76a5e68a032ef4110cdcedf43bab5889fa6a85227d2b3cdf681683caed3334e7a701b9082a321eed3ead839a6ddd6573921141bbde60fd3fdbe876e49f'],1,0,,
2a30e290-4bcd-40d6-8f19-0995c603924d,284,呋塞米,DRUG,静脉或口服应用的药物,['9b33fd76a5e68a032ef4110cdcedf43bab5889fa6a85227d2b3cdf681683caed3334e7a701b9082a321eed3ead839a6ddd6573921141bbde60fd3fdbe876e49f'],1,0,,
02a31426-53f8-4465-9eb2-624bcdcb5e20,285,镁剂,DRUG_CLASS,镁剂是一类含镁的药物，包括柠檬酸镁、苹果酸镁等多种剂型，主要用于预防偏头痛。,"['9b33fd76a5e68a032ef4110cdcedf43bab5889fa6a85227d2b3cdf681683caed3334e7a701b9082a321eed3ead839a6ddd6573921141bbde60fd3fdbe876e49f'
 'f314d43b0a481cdfcb76b0052bb89c14cd5ccb4415cfbb161aed4a4ee2ddf6d350327a4063125f41fb51588cfdde6a22f75faec6eef9db845ed2cd4fb880cc15'
 '27669660dd2ef05fcd56fd9631f4b9b50b8b6797e69e1e92b945a1dad58714790f64a4bcac88c34640d5aaed32120d47e43547f248dd610ee6a0f16f02c0c9aa']",3,1,0.0,0.0
b2302c9a-81e5-44ad-b2ce-ff97b00cbfdf,286,乙酰唑胺,DRUG,口服药物,['9b33fd76a5e68a032ef4110cdcedf43bab5889fa6a85227d2b3cdf681683caed3334e7a701b9082a321eed3ead839a6ddd6573921141bbde60fd3fdbe876e49f'],1,0,,
4a8aea04-eb46-4b95-8a33-d02d39a09eda,287,拉莫三嗪,DRUG,拉莫三嗪是一种口服抗癫痫药物，也用于治疗偏头痛相关的眩晕（VM）。在临床应用中，其常用剂量为每日100毫克。,"['9b33fd76a5e68a032ef4110cdcedf43bab5889fa6a85227d2b3cdf681683caed3334e7a701b9082a321eed3ead839a6ddd6573921141bbde60fd3fdbe876e49f'
 '78fd9b204da2b6ddd7a495c820a5d60bf223efd0038c19ba4f23595bcceb7023a7ae5004f5769dd4ddf103bc094fa30996c8e57f71ed174a0b91cfc9d29aba2c'
 '11c0634698f1b7347875b12616c1909792c7694abc899d40d7ebd5ec439a4120d2889190c49c920ac1b66001092494c184732c2cee4eaef6cb0dcc857ebab8b8'
 '8f5751520c653eceb98d31d48f585edba62ef8e1a15de3b3d6838ecbe973a22911b26e5cf43c0492256626194ac47c09313525fab95f5bb1e1e024fa5a13370d'
 '7550c181997ab8ff64b5459fa3cf8edbc6b1104394351e2f88ebd8ef645e8380153cb5f442a090028936bb1746a8218cc5368baf8600f1f910ee280c1ea68d17'
 '0054d8619570bb6c0efca76fc0b5d60b2020d45053f0043184d6db81d8b4175c11d3bf6bd1b762bf62da191305d36d6c9842c8a074e437af7b77352179be84b7']",6,7,0.0,0.0
6cafb27e-bc62-46f5-860d-98774173d8a1,288,静脉 NSAIDS,THERAPY,静脉应用的非甾体抗炎药治疗方案,['9b33fd76a5e68a032ef4110cdcedf43bab5889fa6a85227d2b3cdf681683caed3334e7a701b9082a321eed3ead839a6ddd6573921141bbde60fd3fdbe876e49f'],1,0,,
6a7784bc-ed8c-4abf-9cb2-e4501e5ed131,289,布洛芬注射液,DRUG,静脉NSAIDs的一种,['9b33fd76a5e68a032ef4110cdcedf43bab5889fa6a85227d2b3cdf681683caed3334e7a701b9082a321eed3ead839a6ddd6573921141bbde60fd3fdbe876e49f'],1,0,,
4e87248d-8972-45c4-b4bd-e54450551a8c,290,酮咯酸,DRUG,静脉NSAIDs的一种,['9b33fd76a5e68a032ef4110cdcedf43bab5889fa6a85227d2b3cdf681683caed3334e7a701b9082a321eed3ead839a6ddd6573921141bbde60fd3fdbe876e49f'],1,0,,
941a1c26-46ea-4894-a9f0-e431662cad1d,291,乙酰水杨酸,DRUG_CLASS,如赖氨匹林的药物类别,['9b33fd76a5e68a032ef4110cdcedf43bab5889fa6a85227d2b3cdf681683caed3334e7a701b9082a321eed3ead839a6ddd6573921141bbde60fd3fdbe876e49f'],1,0,,
bb560527-d5b1-403a-84f5-f51cd08bde51,292,多巴胺受体拮抗剂,DRUG_CLASS,如甲氧氯普胺、氯丙嗪的药物类别,['9b33fd76a5e68a032ef4110cdcedf43bab5889fa6a85227d2b3cdf681683caed3334e7a701b9082a321eed3ead839a6ddd6573921141bbde60fd3fdbe876e49f'],1,0,,
9603fefd-9820-45e8-9569-3c89bd5b1565,293,氯丙嗪,DRUG,氯丙嗪是一种多巴胺受体拮抗剂，属于止吐药类别。它通过拮抗多巴胺受体发挥其药理作用，主要用于治疗恶心和呕吐。,"['9b33fd76a5e68a032ef4110cdcedf43bab5889fa6a85227d2b3cdf681683caed3334e7a701b9082a321eed3ead839a6ddd6573921141bbde60fd3fdbe876e49f'
 '7b28720f03d13bef2702c66cb2c05b381e779fa77183aa5ec27590e416bac4b2f4f5d08c8f297dbe2195c0c8ee280baa612ae77afa79f7a6238aafdc10aef424'
 '00f6ae08bfe86a45fb0a5b9bb0c1af4689dc9a8bf3e904dafc085247d4891d45662af08314d8f37937a0c4846545bd0e0f2b558d3b42b0faee320aca0426b1c1']",3,1,0.0,0.0
aa7106d3-8452-4cea-99e2-ff748b0627fc,294,急性脑卒中,DISEASE,需要排除的脑血管事件,['9b33fd76a5e68a032ef4110cdcedf43bab5889fa6a85227d2b3cdf681683caed3334e7a701b9082a321eed3ead839a6ddd6573921141bbde60fd3fdbe876e49f'],1,0,,
1bce0cdd-740c-4409-a78b-78d6cc9b2563,295,继发性头痛,DISEASE,继发性头痛是由器质性疾病引发的头痛类型，其临床表现可能包括搏动样疼痛等类似偏头痛的特征。在诊断过程中，它属于需要首先排除并与原发性头痛进行鉴别的头痛类别。,"['9b33fd76a5e68a032ef4110cdcedf43bab5889fa6a85227d2b3cdf681683caed3334e7a701b9082a321eed3ead839a6ddd6573921141bbde60fd3fdbe876e49f'
 'd9f6bea0a5ab1dc7bde9ebf7669fabe84fffb7deee4bb8bb67b0c35551979d2339d12c15802d5bd80ef750d064c46db2b29d58f4084b4ada538ca1df416ac78c'
 'bb1a3a620ad8c9b31515c381365490a46bcb0260b708dd91af194d4fe365f38f47b9db95f3e58f05d916c2f0e23cef7de3a93c8bc39b22fdad94a5369947915a'
 'c979a3a204d93c2e785f5f2dc98fd008a078b1b7ef9112abbc41cbb096d54f0232e5e102855f16c5b2d52d24d2ef44f907fadf5cf6d0cab6792f1d984a5a1561']",4,7,0.0,0.0
6cf73697-8b06-4214-9861-e1ca284f5704,296,消化道出血,COMORBIDITY_SCENARIO,新近出现的禁忌证,['9b33fd76a5e68a032ef4110cdcedf43bab5889fa6a85227d2b3cdf681683caed3334e7a701b9082a321eed3ead839a6ddd6573921141bbde60fd3fdbe876e49f'],1,0,,
15fdf3e0-2ba3-42e6-9458-2ac1a041dfa2,297,冠心病,COMORBIDITY_SCENARIO,新近出现的禁忌证,['9b33fd76a5e68a032ef4110cdcedf43bab5889fa6a85227d2b3cdf681683caed3334e7a701b9082a321eed3ead839a6ddd6573921141bbde60fd3fdbe876e49f'],1,1,0.0,0.0
25e1d68b-6c72-496c-8cdc-615df8f2c810,298,出血性脑卒中,COMORBIDITY_SCENARIO,新近出现的禁忌证,['9b33fd76a5e68a032ef4110cdcedf43bab5889fa6a85227d2b3cdf681683caed3334e7a701b9082a321eed3ead839a6ddd6573921141bbde60fd3fdbe876e49f'],1,0,,
35778154-91ae-427d-b160-5a63a0adcb3d,299,含咖啡因的复方镇痛药,DRUG_CLASS,一类镇痛药物,['9b33fd76a5e68a032ef4110cdcedf43bab5889fa6a85227d2b3cdf681683caed3334e7a701b9082a321eed3ead839a6ddd6573921141bbde60fd3fdbe876e49f'],1,0,,
7a4dda6a-448a-4550-be45-a2f40203e475,300,赖氨匹林,DRUG,乙酰水杨酸的一种形式,['9b33fd76a5e68a032ef4110cdcedf43bab5889fa6a85227d2b3cdf681683caed3334e7a701b9082a321eed3ead839a6ddd6573921141bbde60fd3fdbe876e49f'],1,0,,
5464050e-6bab-435f-86de-d74774b89259,301,妊娠期和哺乳期的急性期偏头痛治疗,GUIDELINE_RECOMMENDATION,妊娠期和哺乳期的急性期偏头痛治疗首选非药物治疗,['c36e8fb29051175ed7d04bcfd393b599d986674bccfcbc008273d791e9b2ae5ed0359af6c9190422bb219b73ff6cf1726e092e84bde9fcc196c168529c7851ef'],1,0,,
8ceccb5b-aacf-45fa-8c8e-bf68dbc5cb90,302,外周神经阻滞,NON_DRUG_TREATMENT,使用利多卡因、罗哌卡因进行的治疗,['c36e8fb29051175ed7d04bcfd393b599d986674bccfcbc008273d791e9b2ae5ed0359af6c9190422bb219b73ff6cf1726e092e84bde9fcc196c168529c7851ef'],1,0,,
0b2d8574-9068-4e7c-95e6-426e0aa138c4,303,CGRP 相关的单克隆抗体和受体拮抗剂,DRUG_CLASS,应避免在哺乳期使用的药物类别,['c36e8fb29051175ed7d04bcfd393b599d986674bccfcbc008273d791e9b2ae5ed0359af6c9190422bb219b73ff6cf1726e092e84bde9fcc196c168529c7851ef'],1,0,,
bf442d21-15ae-4c7d-92e2-ae3898be786d,304,妊娠期病人治疗,TREATMENT_PHASE,针对妊娠期病人的治疗阶段,['c36e8fb29051175ed7d04bcfd393b599d986674bccfcbc008273d791e9b2ae5ed0359af6c9190422bb219b73ff6cf1726e092e84bde9fcc196c168529c7851ef'],1,0,,
ab7f1fa1-4680-4636-b8a0-f556bf67482f,305,哺乳期病人治疗,TREATMENT_PHASE,针对哺乳期病人的治疗阶段,['c36e8fb29051175ed7d04bcfd393b599d986674bccfcbc008273d791e9b2ae5ed0359af6c9190422bb219b73ff6cf1726e092e84bde9fcc196c168529c7851ef'],1,0,,
3a5834dd-2726-4653-8ded-9c872c34708b,306,急性期偏头痛治疗,TREATMENT_PHASE,偏头痛发作时的治疗阶段,['c36e8fb29051175ed7d04bcfd393b599d986674bccfcbc008273d791e9b2ae5ed0359af6c9190422bb219b73ff6cf1726e092e84bde9fcc196c168529c7851ef'],1,0,,
2581c82d-d6f4-4f46-85a4-b28b69b67b89,307,妊娠、哺乳期病人,POPULATION,处于妊娠期或哺乳期的病人群体,['c36e8fb29051175ed7d04bcfd393b599d986674bccfcbc008273d791e9b2ae5ed0359af6c9190422bb219b73ff6cf1726e092e84bde9fcc196c168529c7851ef'],1,0,,
2eccbea5-2961-4867-ac9c-ee329377ef59,308,"妊娠期和哺乳期的急性期偏头痛治疗首选非药物治疗。<BR>- 若非药物治疗效果不佳，妊娠期药物治疗首选对乙酰氨基酚 [86]，但建议尽可能减少使用频率，尤其在孕晚期 [87]。曲普坦类药物在妊娠期使用的研究有限，基于人群和登记的研究显示应用曲普坦类药物不增加出生缺陷比例，其中舒马普坦导致出生缺陷发生率为最低 [88]，推荐为二线治疗 [89]。NSAIDS（如布洛芬、阿司匹林和萘普生）仅可用于妊娠中期。由于前列腺素对胚胎植入至关重要，对计划怀孕的女性不推荐使用 NSAIDS [90]。若伴随恶心或呕吐，或疼痛缓解不充分，可联合甲氧氯普胺治疗 [56]。外周神经阻滞（利多卡因、罗哌卡因）是安全可行的 [91]。哺乳期药物治疗首选对乙酰氨基酚、布洛芬和双氯芬酸 [92]。因曲普坦类药物的蛋白结合程度高，乳汁中浓度低，可作为 NSAIDS 效果不佳的次要选择 [93]，舒马普坦是最常用的药物。因神经阻滞所用药物不会大量进入乳汁，可以进行周围神经阻滞[93]。在新的证据出现前，CGRP 相关的单克隆抗体和受体拮抗剂应避免在哺乳期使用。<BR><BR><BR><BR><BR><BR><BR><BR><BR><BR><BR><BR><BR><BR><BR><BR><BR><BR><BR><BR><BR><BR><BR><BR><BR><BR><BR><BR><BR><BR><BR><BR><BR><BR><BR><BR><BR><BR><BR><BR><BR><BR><BR><BR><BR><BR><BR><BR><BR><BR><BR><BR><BR><BR><BR><BR><BR><BR><BR><BR><BR><BR><BR><BR><BR><BR><BR><BR><BR><BR><BR><BR><BR><BR><BR><BR><BR><BR><BR><BR><BR><BR><BR><BR><BR><BR><BR><BR><BR><BR><BR><BR><BR><BR><BR><BR><BR><BR><BR><BR><BR><BR><BR><BR><BR><BR><BR><BR><BR><BR><BR><BR><BR><BR><BR><BR><BR><BR><BR><BR><BR><BR><BR><BR><BR><BR><BR><BR><BR><BR><BR><BR><BR><BR><BR><BR><BR><BR><BR><BR><BR><BR><BR><BR><BR><BR><BR><BR><BR><BR><BR><BR>(""ENTITY""",妊娠期和哺乳期的急性期偏头痛治疗,GUIDELINE_RECOMMENDATION,['c36e8fb29051175ed7d04bcfd393b599d986674bccfcbc008273d791e9b2ae5ed0359af6c9190422bb219b73ff6cf1726e092e84bde9fcc196c168529c7851ef'],1,0,,
6951799d-12af-43be-839f-ca719fcd68a0,309,心脑血管疾病,COMORBIDITY_SCENARIO,心脑血管疾病是指个体患有心脏或脑血管相关疾病的状况，常见于合并脑卒中、冠心病或难以控制的高血压等疾病的临床场景。,"['ab1c1c83a9f14dae2c811c808ef239ac2aba116e004b6113e443fddea8fc1801171748bc0b19ea25533c075f5585a3694a64eafabd46b4ee9b94199edb2727d1'
 '7b28720f03d13bef2702c66cb2c05b381e779fa77183aa5ec27590e416bac4b2f4f5d08c8f297dbe2195c0c8ee280baa612ae77afa79f7a6238aafdc10aef424']",2,13,0.0,0.0
1f2469ca-5d9d-484b-8513-489d0859c14b,310,麦角胺或双氢麦角胺,DRUG,可持续收缩血管的药物,['ab1c1c83a9f14dae2c811c808ef239ac2aba116e004b6113e443fddea8fc1801171748bc0b19ea25533c075f5585a3694a64eafabd46b4ee9b94199edb2727d1'],1,1,0.0,0.0
698d2837-09ea-4c7d-9817-a0db3dca8d62,311,合并心脑血管疾病病人,POPULATION,患有脑卒中、冠心病或难以控制的高血压的病人群体,['ab1c1c83a9f14dae2c811c808ef239ac2aba116e004b6113e443fddea8fc1801171748bc0b19ea25533c075f5585a3694a64eafabd46b4ee9b94199edb2727d1'],1,0,,
c522c507-5071-4468-b097-986cf03eeddb,312,高血压,DISEASE,高血压是一种以难以控制的血压升高为主要特征的疾病，通常与头颈部血管性病变相关。,"['ab1c1c83a9f14dae2c811c808ef239ac2aba116e004b6113e443fddea8fc1801171748bc0b19ea25533c075f5585a3694a64eafabd46b4ee9b94199edb2727d1'
 'bb1a3a620ad8c9b31515c381365490a46bcb0260b708dd91af194d4fe365f38f47b9db95f3e58f05d916c2f0e23cef7de3a93c8bc39b22fdad94a5369947915a']",2,2,0.0,0.0
df0e1bd4-228c-4ceb-8adc-866eade71d3d,313,一线治疗方案,THERAPY,首选的治疗方法,['ab1c1c83a9f14dae2c811c808ef239ac2aba116e004b6113e443fddea8fc1801171748bc0b19ea25533c075f5585a3694a64eafabd46b4ee9b94199edb2727d1'],1,1,0.0,0.0
cb790e84-ed69-496c-9d26-9cb94654f6e4,314,二线治疗方案,THERAPY,次选的治疗方法,['ab1c1c83a9f14dae2c811c808ef239ac2aba116e004b6113e443fddea8fc1801171748bc0b19ea25533c075f5585a3694a64eafabd46b4ee9b94199edb2727d1'],1,2,0.0,0.0
c143eb70-936f-4059-a369-0141765f1314,315,缺血性心脑血管疾病,COMORBIDITY_SCENARIO,涉及血管缺血的疾病场景,['ab1c1c83a9f14dae2c811c808ef239ac2aba116e004b6113e443fddea8fc1801171748bc0b19ea25533c075f5585a3694a64eafabd46b4ee9b94199edb2727d1'],1,2,0.0,0.0
39e89f34-91aa-4d48-9024-611ae345cdb5,316,脑卒中,,,['ab1c1c83a9f14dae2c811c808ef239ac2aba116e004b6113e443fddea8fc1801171748bc0b19ea25533c075f5585a3694a64eafabd46b4ee9b94199edb2727d1'],1,1,0.0,0.0
f0cab844-735f-4262-b8b4-4bd25696117c,317,儿童及青少年偏头痛,DISEASE,儿童及青少年病人的偏头痛,['52210322972c047efc7689da633097a5df8ebccef9995944df73c65ace381727b5e957bf05ca9fb923614ca21f8a668a019c808fee804e714d274f8988e0e0d2'],1,3,0.0,0.0
5d3472e0-4a7a-4e25-8c32-ff63dcaf9e15,318,舒马普坦鼻喷剂,DRUG,20 mg或10 mg剂量的鼻喷剂,['52210322972c047efc7689da633097a5df8ebccef9995944df73c65ace381727b5e957bf05ca9fb923614ca21f8a668a019c808fee804e714d274f8988e0e0d2'],1,1,0.0,0.0
7f854bbc-07a1-4346-bed5-546615de46da,319,佐米曲普坦鼻喷剂,DRUG,5 mg剂量的鼻喷剂,['52210322972c047efc7689da633097a5df8ebccef9995944df73c65ace381727b5e957bf05ca9fb923614ca21f8a668a019c808fee804e714d274f8988e0e0d2'],1,2,0.0,0.0
e7ea0648-fd5f-4671-8021-816fc640daf7,320,阿莫普坦,DRUG,6.25 mg/12.5 mg/25 mg的口服制剂,['52210322972c047efc7689da633097a5df8ebccef9995944df73c65ace381727b5e957bf05ca9fb923614ca21f8a668a019c808fee804e714d274f8988e0e0d2'],1,1,0.0,0.0
b4f186a1-aabc-4a21-878a-fabb4a6ce463,321,依来曲普坦,DRUG,40 mg的口服制剂,['52210322972c047efc7689da633097a5df8ebccef9995944df73c65ace381727b5e957bf05ca9fb923614ca21f8a668a019c808fee804e714d274f8988e0e0d2'],1,1,0.0,0.0
32ce50cd-073c-4c03-882b-16caf1eda457,322,舒马普坦/萘普生合剂,DRUG,10/60 mg、30/180 mg、85/500 mg的合剂,['52210322972c047efc7689da633097a5df8ebccef9995944df73c65ace381727b5e957bf05ca9fb923614ca21f8a668a019c808fee804e714d274f8988e0e0d2'],1,0,,
a6165456-a551-414b-8a0e-e4e00b068f29,323,REN,NON_DRUG_TREATMENT,神经调控装置，用于急性期治疗,['52210322972c047efc7689da633097a5df8ebccef9995944df73c65ace381727b5e957bf05ca9fb923614ca21f8a668a019c808fee804e714d274f8988e0e0d2'],1,0,,
423a5c99-36f3-416d-b624-037b57255c69,324,STMS,NON_DRUG_TREATMENT,神经调控装置，用于急性期治疗,['52210322972c047efc7689da633097a5df8ebccef9995944df73c65ace381727b5e957bf05ca9fb923614ca21f8a668a019c808fee804e714d274f8988e0e0d2'],1,0,,
5e4c49e7-ae93-48ae-9c6d-46460eceaaca,325,NVNS,NON_DRUG_TREATMENT,神经调控装置，用于急性期治疗,['52210322972c047efc7689da633097a5df8ebccef9995944df73c65ace381727b5e957bf05ca9fb923614ca21f8a668a019c808fee804e714d274f8988e0e0d2'],1,0,,
6eacaae1-773e-4b1d-a176-2e4cf3cc53ca,326,儿童及青少年病人,POPULATION,6~17岁的病人群体,['52210322972c047efc7689da633097a5df8ebccef9995944df73c65ace381727b5e957bf05ca9fb923614ca21f8a668a019c808fee804e714d274f8988e0e0d2'],1,0,,
64386233-6493-4928-bcd9-b7192fe96dde,327,老年病人,POPULATION,年龄较大的患者群体,['a7b9f4293708ad1fe7cc43e307725bc7b8f026a699a69216fb1c6d3ace1508b33ebf3ac19290f66771cc4d87a263678906390389a02d2a9564a8027672cb155a'],1,10,0.0,0.0
cb04fb3b-e7fa-4a58-86b7-51a080f4a419,328,咖啡因,DRUG,咖啡因是一种药物成分，常与对乙酰氨基酚联合使用以增强其止痛效果，两者共同组成复方制剂。,"['a7b9f4293708ad1fe7cc43e307725bc7b8f026a699a69216fb1c6d3ace1508b33ebf3ac19290f66771cc4d87a263678906390389a02d2a9564a8027672cb155a'
 '9609f731b2a1d479a0b1fa68f88c75b8c3461935601ffe88d4cfc8df0b1379cf4e596ef472e2ed824cc0fe7b6dbd0218447501e6f7c382a1a26e1db6352b7c15']",2,2,0.0,0.0
5e18a760-5668-470e-aa2f-fa70a1850b86,329,地坦类药物,DRUG_CLASS,用于偏头痛急性期治疗的药物类别,['a7b9f4293708ad1fe7cc43e307725bc7b8f026a699a69216fb1c6d3ace1508b33ebf3ac19290f66771cc4d87a263678906390389a02d2a9564a8027672cb155a'],1,1,0.0,0.0
36bd0d33-d277-4f54-b68c-24f1d5a2efbf,330,CGRP通路靶点药物,DRUG_CLASS,针对降钙素基因相关肽通路的药物类别,['a7b9f4293708ad1fe7cc43e307725bc7b8f026a699a69216fb1c6d3ace1508b33ebf3ac19290f66771cc4d87a263678906390389a02d2a9564a8027672cb155a'],1,1,0.0,0.0
d744b77c-233f-4e45-9df9-71d4c157c3e7,331,对乙酰氨基酚联合咖啡因的复方制剂,,,['a7b9f4293708ad1fe7cc43e307725bc7b8f026a699a69216fb1c6d3ace1508b33ebf3ac19290f66771cc4d87a263678906390389a02d2a9564a8027672cb155a'],1,1,0.0,0.0
924c9b67-bc15-459c-aa49-e730c485a95d,332,拉米地坦（属于地坦类）[隐含],,,['a7b9f4293708ad1fe7cc43e307725bc7b8f026a699a69216fb1c6d3ace1508b33ebf3ac19290f66771cc4d87a263678906390389a02d2a9564a8027672cb155a'],1,1,0.0,0.0
3fbdc1d0-a214-4247-823d-9f4024f6847d,333,新型药物,DRUG_CLASS,新型药物是一类针对特定机制靶点进行设计和开发的药物类别，其核心特征在于通过作用于明确的生物靶点（如蛋白质、基因或信号通路）来实现治疗目的。这类药物通常基于对疾病机制的深入理解，旨在提高疗效、减少副作用，并推动精准医疗的发展。,"['6967dda71be8ac5f6b475081cd6c74f33a67f77933bc99b25f684006712cc4876a2c6d66e3ccfe136e49063e30594477597f27f1d7b39bb475e23abf98bb8a43'
 '53fabd6061d68e4f513b61c3e6477b9cd8b31132a56304cced1927d39a54705928a4758e66e5cb83e1bee5033ada82da615495d4b0c574a901944fd41135269c']",2,1,0.0,0.0
089dd78c-bb7b-464d-9a11-7de4f9f59177,334,非药物治疗新方法,NON_DRUG_TREATMENT,针对靶点的非药物治疗新方法,['6967dda71be8ac5f6b475081cd6c74f33a67f77933bc99b25f684006712cc4876a2c6d66e3ccfe136e49063e30594477597f27f1d7b39bb475e23abf98bb8a43'],1,1,0.0,0.0
d3683f44-ac4a-4da5-9625-cc27a4579bc8,335,《中国偏头痛急性期治疗指南（第一版）》,GUIDELINE,中国偏头痛急性期治疗指南,['0b86a4c689db0891c92ce16db9aeb4a083baa3e53bdd292daf6b121d910b04d4630148908f86658eced07ddf5362ec575605b7082374336502884b7c628eb982'],1,3,0.0,0.0
f5ac0654-6e73-4a44-9f76-6dc00f0b48bd,336,第一版,GUIDELINE_EDITION,“第一版”是指南的版本号，代表该指南的初始发布版本。,"['0b86a4c689db0891c92ce16db9aeb4a083baa3e53bdd292daf6b121d910b04d4630148908f86658eced07ddf5362ec575605b7082374336502884b7c628eb982'
 '36a26b90664201763401d5fc93e42c527a57fb0a84ad1fe65907215a1479c0e56e1cfdadd40b2eb983f4eedc02e62f0a5c971a123b6b58abb17c76cc7d6f378d'
 '612bb6193eb44b324b88e46b2789875b47017b38a950f651fd11347e849a417a3bd8f8d8f6425e2f30b7166d7c97c95e5976862727f33ee6aeb55a98fd8c16b0']",3,3,0.0,0.0
c764a205-1179-4f72-9e1b-c7291c1ba2fe,337,中国偏头痛急性期治疗指南,GUIDELINE,《中国偏头痛急性期治疗指南》是一份针对偏头痛急性发作期治疗的临床指导文件，旨在为医疗专业人员提供基于当前证据和实践的标准化建议。该指南涵盖了偏头痛急性期的诊断评估、药物治疗与非药物治疗策略、患者管理以及疗效监测等内容，以帮助优化临床决策并改善患者预后。,"['36a26b90664201763401d5fc93e42c527a57fb0a84ad1fe65907215a1479c0e56e1cfdadd40b2eb983f4eedc02e62f0a5c971a123b6b58abb17c76cc7d6f378d'
 'f72233ede15c2dc81218d7f98944f4209aa7e8bb9f6126c542a9998661b0591c528ba82b118b3431299cd79041f10bc9c4b3ae009e206f21a3c91060b5431cae']",2,2,0.0,0.0
4131fa2c-601d-4b4b-b5c2-02a2787938c7,338,癫痫合并偏头痛,COMORBIDITY_SCENARIO,癫痫与偏头痛共存的临床场景,"['78fd9b204da2b6ddd7a495c820a5d60bf223efd0038c19ba4f23595bcceb7023a7ae5004f5769dd4ddf103bc094fa30996c8e57f71ed174a0b91cfc9d29aba2c'
 '00a0c1db6485e7cbac54a732052006a67c99da84f0e4ae3b0b5ef4c9c184759efc49103ab0655d3717b6119de694b25d045ac14ada547d3f5696cd69ad0fcb0b']",2,2,0.0,0.0
f9234eb6-3b70-48f2-9977-52e371d0459e,339,成人患者,POPULATION,成人患者是指已确诊或疑似偏头痛的成年人群。,"['78fd9b204da2b6ddd7a495c820a5d60bf223efd0038c19ba4f23595bcceb7023a7ae5004f5769dd4ddf103bc094fa30996c8e57f71ed174a0b91cfc9d29aba2c'
 '381147c160e708531edd5fe9dfe37f5429a16e1dd6e0e313cace6027de42a9bac0ee5197a83256ff01f43c8964450a46e6001cba4bd330d3292c346da34460dd']",2,1,0.0,0.0
2c1578d4-fc75-4d75-bff5-89df5e15e192,340,儿童患者,POPULATION,未成年人群的患者,['78fd9b204da2b6ddd7a495c820a5d60bf223efd0038c19ba4f23595bcceb7023a7ae5004f5769dd4ddf103bc094fa30996c8e57f71ed174a0b91cfc9d29aba2c'],1,0,,
db6a8433-9d86-4756-b22a-53b176010e0e,341,妊娠期女性患者,POPULATION,处于妊娠阶段的女性患者,['78fd9b204da2b6ddd7a495c820a5d60bf223efd0038c19ba4f23595bcceb7023a7ae5004f5769dd4ddf103bc094fa30996c8e57f71ed174a0b91cfc9d29aba2c'],1,0,,
24555e6b-fbdb-4080-b43b-c5b3c4643c8b,342,"A级证据等级为A级证据等级为A级证据等级为A级证据等级为A级证据等级为A级证据等级为A级证据等级为A级证据等级为A级证据等级为A级证据等级为A级证据等级为A级证据等级为A级证据等级为A级证据等级为A级证据等级为A级证据等级为A级证据等级为A级证据等级为A级证据等级为A级证据等级为A级证据等级为A级证据等级为A级证据等级为A级证据等级为A级证据等级为A级证据等级为A级证据等级为A级证据等级为A级证据等级为A级证据等级为A级证据等级为A级证据等级为A级证据等级为A级证据等级为A级证据等级为A级证据等级为A级证据等级为A级证据等级为A级证据等级为A级证据等级为A级证据等级为A级证据等级为A级证据等级为A级证据等级为A级证据等级为A级证据等级为A级证据等级为A级证据等级为A级证据等级为A级证据等级为A级证据等级为A级证据等级为A级证据等级为A级证据等级为A级证据等级为A级证据等级为A级证据等级为A级证据等级为A级证据等级为A级证据等级为A级证据等级为A级证据等级为A级证据等级为A级证据等级为A级证据等级为A级证据等级为A级证据等级为A级证据等级为A级证据等级为A级证据等级为A级证据等级为A级证据等级为A级证据等级为A级(""ENTITY""",中国偏头痛诊治指南,GUIDELINE,['78fd9b204da2b6ddd7a495c820a5d60bf223efd0038c19ba4f23595bcceb7023a7ae5004f5769dd4ddf103bc094fa30996c8e57f71ed174a0b91cfc9d29aba2c'],1,0,,
ab3db792-44e8-40f2-92f1-c9330ba80788,343,A级证据等级为A级证据等级为A级证据等级为A级证据等级为A级证据等级为A级证据等级为A级证据等级为A级证据等级为A级证据等级为A级证据等级为A级证据等级为A级证据等级为A级证据等级为A级证据等级为A级证据等级为A级证据等级为A级证据等级为A级证据等级为A级证据等级为A级证据等级为A级证据等级为A级证据等级为A级证据等级为A级证据等级为A级证据等级为A级证据等级为A级证据等级为A级证据等级为A级证据等级为A级证据等级为A级证据等级为A级证据等级为A级证据等级为A级证据等级为A级证据等级为A级证据等级为A级证据等级为A级证据等级为A级证据等级为A级证据等级为A级证据等级为A级证据等级为A级证据等级为A级证据等级为A级证据等级为A级证据等级为A级证据等级为A级证据等级为A级证据等级为A级证据等级为A级证据等级为A级证据等级为A级证据等级为A级证据等级为A级证据等级为A级证据等级为A级证据等级为A级证据等级为A级证据等级为A级证据等级为A级证据等级为A级证据等级为A级证据等级为A级证据等级为A级证据等级为A级证据等级为A级证据等级为A级证据等级为A级证据等级,,,['78fd9b204da2b6ddd7a495c820a5d60bf223efd0038c19ba4f23595bcceb7023a7ae5004f5769dd4ddf103bc094fa30996c8e57f71ed174a0b91cfc9d29aba2c'],1,1,0.0,0.0
a41db4b2-5c3a-4086-9599-87baaff36e33,344,强推荐强度：强推荐强度：强推荐强度：强推荐强度：强推荐强度：强推荐强度：强推荐强度：强推荐强度：强推荐强度：强推荐强度：强推荐强度：强推荐强度：强推荐强度：强推荐强度：强推荐强度：强推荐强度：强推荐强度：强推荐强度：强推荐强度：强推荐强度：强推荐强度：强推荐强度：强推荐强度：强推荐强度：强推荐强度：强推荐强度：强推荐强度：强推荐强度：强推荐强度：强推荐强度：强推荐强度：强推荐强度：强推荐强度：强推荐强度：强推荐强度：强推荐强度：强推荐强度：强推荐强度：强推荐强度：强推荐强度：强推荐强度：强推荐强度：强推荐强度：强推荐强度：强推荐强度：强推荐强度：强推荐强度：强推荐强度：强推荐强度：强推荐强度：强推荐强度：强推荐强度：强推荐强度：强推荐强度：强推荐强度：强推荐强度：强推荐强度：强推荐强度：强推荐强度：强推荐强度：强推荐强度：强推荐强度：强推荐强度：强推荐强度：强推荐强度：强推荐强度：强推荐强度：强推荐强度：强推荐强度：强推荐强度: 強推薦強度: 強推薦強度: 強推薦強度: 強推薦強度: 強推薦強度: 強推薦強度: 強推薦強度: 強推薦強度: 強推薦強度: 強推薦強度: 強推薦強度: 強推薦強度: 強推薦強度: 強推薦強度: 強推薦強度: 強推薦強度: 強推薦強度: 強推薦強度: 強推薦強度: 強推薦強度: 強推薦強度: 強推薦強度: 強推薦強度: 強推薦強度: 強推薦強度: 強推薦強度: 強推薦強度: 強推薦強度: 強推薦強度: 強推薦強度: 強推薦強度: 強推薦強度: 強推薦強度: 強推薦強度: 強推薦強度: 強推薦強度: 強推薦強度: 強推薦強度: 強推薦強度: 強推薦強度: 強推薦強度: 強推薦強度: 強推薦強度: 強推薦強度: 強大推奨力: 強大推奨力: 強大推奨力: 強大推奨力: 強大推奨力: 強大推奨力: 強大推奨力: 強大推奨力: 強大推奨力: 強大推奨力: 強大推奨力: 強大推奨力: 強大推奨力: 強大推奨力: 強大推奨力: 強大推奨力: 強大推奨力:,,,['78fd9b204da2b6ddd7a495c820a5d60bf223efd0038c19ba4f23595bcceb7023a7ae5004f5769dd4ddf103bc094fa30996c8e57f71ed174a0b91cfc9d29aba2c'],1,1,0.0,0.0
a3846d82-a440-4ae3-b78c-0ebff50ba184,345,中国偏头痛诊断与治疗指南,GUIDELINE,中华医学会神经病学分会头痛协作组制订的指南,['612bb6193eb44b324b88e46b2789875b47017b38a950f651fd11347e849a417a3bd8f8d8f6425e2f30b7166d7c97c95e5976862727f33ee6aeb55a98fd8c16b0'],1,1,0.0,0.0
c9a25b4e-a7ee-43af-941a-45ee768598c6,346,神经系统疾病负担中位居第二位,COMORBIDITY_SCENARIO,偏头痛在神经系统疾病负担中的位置,['612bb6193eb44b324b88e46b2789875b47017b38a950f651fd11347e849a417a3bd8f8d8f6425e2f30b7166d7c97c95e5976862727f33ee6aeb55a98fd8c16b0'],1,1,0.0,0.0
1d61e6d9-0a52-47a4-a0ef-fb021ca9daf5,347,成人偏头痛患者,POPULATION,成人偏头痛患者是指年龄在18岁及以上的、被诊断为患有偏头痛的个体群体。该实体特指在临床研究或医疗语境中作为目标人群的成年患者。,"['e7c2b8f83fb20874c05c3731ee0a04b04bb25a6439b1ede027965f3e4657c61ed87edea6d73c227df61ff33e976406b1babe57eb2f405ba8df2ec663be12efbd'
 'c7d1b4a4d6c1890a132c31e59180d731225566cf55ebabf81e05e51dc067c87990a977ce7b4870782038556add3f4a624eb29460e048396081cec193a59c7894']",2,3,0.0,0.0
712b5256-39fd-47bd-8502-bd4da75a4473,348,第1版,GUIDELINE_EDITION,第一版,['e7c2b8f83fb20874c05c3731ee0a04b04bb25a6439b1ede027965f3e4657c61ed87edea6d73c227df61ff33e976406b1babe57eb2f405ba8df2ec663be12efbd'],1,1,0.0,0.0
1985e97d-690d-4029-ae15-061ca1780490,349,"推荐强度(分4级,I级最强,IV级最弱)",RECOMMENDATION_GRADE,推荐强度分为四级，I级最强，IV级最弱,['e7c2b8f83fb20874c05c3731ee0a04b04bb25a6439b1ede027965f3e4657c61ed87edea6d73c227df61ff33e976406b1babe57eb2f405ba8df2ec663be12efbd'],1,0,,
365586ad-3e67-40b1-8078-f64d50283657,350,"证据级别(分4级,A级最高,D级最低)",EVIDENCE_LEVEL,证据级别分为四级，A级最高，D级最低,['e7c2b8f83fb20874c05c3731ee0a04b04bb25a6439b1ede027965f3e4657c61ed87edea6d73c227df61ff33e976406b1babe57eb2f405ba8df2ec663be12efbd'],1,0,,
32e58659-dbb0-43cc-bf79-c0b7235b7a1a,351,I级推荐:基于至少2项A级证据,RECOMMENDATION_GRADE,基于至少2项A级证据的推荐强度,['e7c2b8f83fb20874c05c3731ee0a04b04bb25a6439b1ede027965f3e4657c61ed87edea6d73c227df61ff33e976406b1babe57eb2f405ba8df2ec663be12efbd'],1,1,0.0,0.0
1555871e-a87e-46db-9652-e38f1f293edd,352,II级推荐:基于1项A级或2项B级证据,RECOMMENDATION_GRADE,基于1项A级或2项B级证据的推荐强度,['e7c2b8f83fb20874c05c3731ee0a04b04bb25a6439b1ede027965f3e4657c61ed87edea6d73c227df61ff33e976406b1babe57eb2f405ba8df2ec663be12efbd'],1,2,0.0,0.0
1ccebd16-3a0f-482b-a394-6dba3b26e77d,353,III级推荐:基于至少1项B级证据或2项C级证据,RECOMMENDATION_GRADE,基于至少1项B级证据或2项C级证据的推荐强度,['e7c2b8f83fb20874c05c3731ee0a04b04bb25a6439b1ede027965f3e4657c61ed87edea6d73c227df61ff33e976406b1babe57eb2f405ba8df2ec663be12efbd'],1,2,0.0,0.0
146e0343-8533-4473-8440-c1af87d47867,354,IV级推荐:证据矛盾或者不充分,RECOMMENDATION_GRADE,证据矛盾或者不充分的推荐强度,['e7c2b8f83fb20874c05c3731ee0a04b04bb25a6439b1ede027965f3e4657c61ed87edea6d73c227df61ff33e976406b1babe57eb2f405ba8df2ec663be12efbd'],1,0,,
ec44ea7b-7f67-400b-891a-b43870375bd2,355,A级证据:多项同质的随机对照试验的系统评价或多个随机对照试验或单项样本量足够的高质量随机对照试验,EVIDENCE_LEVEL,多项同质的随机对照试验的系统评价或多个随机对照试验或单项样本量足够的高质量随机对照试验,['e7c2b8f83fb20874c05c3731ee0a04b04bb25a6439b1ede027965f3e4657c61ed87edea6d73c227df61ff33e976406b1babe57eb2f405ba8df2ec663be12efbd'],1,2,0.0,0.0
7938e363-0428-4a72-8fb9-ef956e6620e5,356,B级证据:基于至少1个较高质量的随机对照试验,EVIDENCE_LEVEL,基于至少1个较高质量的随机对照试验,['e7c2b8f83fb20874c05c3731ee0a04b04bb25a6439b1ede027965f3e4657c61ed87edea6d73c227df61ff33e976406b1babe57eb2f405ba8df2ec663be12efbd'],1,2,0.0,0.0
de3017e9-77a8-44a2-903c-7632324030f0,357,C级证据:基于未随机分组但设计良好的对照试验或设计良好的队列研究或病例对照研究,EVIDENCE_LEVEL,基于未随机分组但设计良好的对照试验或设计良好的队列研究或病例对照研究,['e7c2b8f83fb20874c05c3731ee0a04b04bb25a6439b1ede027965f3e4657c61ed87edea6d73c227df61ff33e976406b1babe57eb2f405ba8df2ec663be12efbd'],1,1,0.0,0.0
58c876d6-da1a-4fb3-86ee-53b84905a3cf,358,D级证据:基于无同期对照的系列病例分析或专家意见,EVIDENCE_LEVEL,基于无同期对照的系列病例分析或专家意见,['e7c2b8f83fb20874c05c3731ee0a04b04bb25a6439b1ede027965f3e4657c61ed87edea6d73c227df61ff33e976406b1babe57eb2f405ba8df2ec663be12efbd'],1,0,,
8768664f-69c9-45a9-b89f-cdb6a39ea906,359,有典型先兆偏头痛,DISEASE,有先兆偏头痛的一个亚型,['3e5a7823f367d808b075c927a048ad6aec7571837c239a9d1fdebd622603d83e1f69c942f132152574d012035cbb0e3340e4f8d663f52d4f541fe94813aecfa5'],1,3,0.0,0.0
219fc907-93fc-448e-bfd9-ec33137b2dd5,360,典型先兆伴头痛,DISEASE,有典型先兆偏头痛的亚型，伴有头痛,['3e5a7823f367d808b075c927a048ad6aec7571837c239a9d1fdebd622603d83e1f69c942f132152574d012035cbb0e3340e4f8d663f52d4f541fe94813aecfa5'],1,1,0.0,0.0
1677bc62-4c3e-47f1-9893-f97d65c02ff7,361,典型先兆不伴头痛,DISEASE,有典型先兆偏头痛的亚型，不伴有头痛,['3e5a7823f367d808b075c927a048ad6aec7571837c239a9d1fdebd622603d83e1f69c942f132152574d012035cbb0e3340e4f8d663f52d4f541fe94813aecfa5'],1,1,0.0,0.0
aca72720-5173-4cc6-82d3-203e632c4f0a,362,脑干先兆偏头痛,DISEASE,**脑干先兆偏头痛**是一种特殊且罕见的先兆偏头痛亚型。其核心特征为先兆症状源自脑干，且至少包括两种完全可逆的脑干症状（如眩晕、构音障碍、复视、耳鸣等）。该类型曾被称为“基底动脉偏头痛”，但现已更新为更准确的命名。它属于有先兆偏头痛的一个特定分类。,"['3e5a7823f367d808b075c927a048ad6aec7571837c239a9d1fdebd622603d83e1f69c942f132152574d012035cbb0e3340e4f8d663f52d4f541fe94813aecfa5'
 'ab02a1307f63358bba10915511264b7bd499a08f4799ccbe749feea02892d3b4576b80b148aafc7d157b4e4ee34994660056fda352cb0162f7687641ca4e1399'
 '83cd69793a48e458eea070d74fb1a7edcb3f4cc252aa7bbc4dc37dc197a720cb83155cf35853fc6670ca22fb08f452b6d0e61c3c678484b41ab914efab295ef8'
 '3f782c82580d6e62e08d2748ae50d379c9ad01c81d9265f50b9abe64ef32dd96ddc92b0a6cb55092a728e73bf9bba8a93ed4b1306fab2fe207936fee806ea0a0'
 '00f6ae08bfe86a45fb0a5b9bb0c1af4689dc9a8bf3e904dafc085247d4891d45662af08314d8f37937a0c4846545bd0e0f2b558d3b42b0faee320aca0426b1c1'
 '73c7d70dcb88aae2dac470344f374992331df06bd37780db4cc43737f29dc87731c659f7ab5ae500bb18bc6f8d3a53191780dbf735f9d5235d93acbd05fececa']",6,5,0.0,0.0
2e93eb43-b70c-4e1d-9ca9-95c84112cb45,363,偏瘫型偏头痛,DISEASE,**偏瘫型偏头痛**是一种特殊类型的偏头痛，属于有先兆偏头痛的一个亚型。它是一种罕见的单基因遗传病，临床特征为在头痛发作前或伴随头痛出现可逆性的运动无力（肢体力弱），并常伴有视觉、感觉或言语/语言障碍等先兆症状之一。,"['3e5a7823f367d808b075c927a048ad6aec7571837c239a9d1fdebd622603d83e1f69c942f132152574d012035cbb0e3340e4f8d663f52d4f541fe94813aecfa5'
 '83cd69793a48e458eea070d74fb1a7edcb3f4cc252aa7bbc4dc37dc197a720cb83155cf35853fc6670ca22fb08f452b6d0e61c3c678484b41ab914efab295ef8'
 '3f782c82580d6e62e08d2748ae50d379c9ad01c81d9265f50b9abe64ef32dd96ddc92b0a6cb55092a728e73bf9bba8a93ed4b1306fab2fe207936fee806ea0a0'
 '2aa059af0406bde6deb813ec2ee74914115f3f343dd645a759a13a158dda1904a92560987f03f1e8f31d83a29de89ffb5bd5dc9c23908575889ea7ab3d1004ae'
 '00f6ae08bfe86a45fb0a5b9bb0c1af4689dc9a8bf3e904dafc085247d4891d45662af08314d8f37937a0c4846545bd0e0f2b558d3b42b0faee320aca0426b1c1']",5,5,0.0,0.0
1722e996-4344-492e-8a9a-f5a3679c0b9d,364,家族性偏瘫型偏头痛,DISEASE,偏瘫型偏头痛的遗传形式,['3e5a7823f367d808b075c927a048ad6aec7571837c239a9d1fdebd622603d83e1f69c942f132152574d012035cbb0e3340e4f8d663f52d4f541fe94813aecfa5'],1,1,0.0,0.0
ae73032d-5793-4fed-9c2e-36a943ab4ea4,365,家族性偏瘫型偏头痛1型,DISEASE,家族性偏瘫型偏头痛的一种基因亚型,['3e5a7823f367d808b075c927a048ad6aec7571837c239a9d1fdebd622603d83e1f69c942f132152574d012035cbb0e3340e4f8d663f52d4f541fe94813aecfa5'],1,0,,
c0d4767c-6c89-498a-90d2-3715a069506a,366,家族性偏瘫型偏头痛2型,DISEASE,家族性偏瘫型偏头痛的一种基因亚型,['3e5a7823f367d808b075c927a048ad6aec7571837c239a9d1fdebd622603d83e1f69c942f132152574d012035cbb0e3340e4f8d663f52d4f541fe94813aecfa5'],1,0,,
86b88a60-264a-4c50-aa10-914475799e7b,367,家族性偏瘫型偏头痛3型,DISEASE,家族性偏瘫型偏头痛的一种基因亚型,['3e5a7823f367d808b075c927a048ad6aec7571837c239a9d1fdebd622603d83e1f69c942f132152574d012035cbb0e3340e4f8d663f52d4f541fe94813aecfa5'],1,0,,
da05f387-3a3a-4d4b-ad6f-9ffd574965c4,368,"家族性偏瘫型偏头痛,其他基因位点",DISEASE,家族性偏瘫型偏头痛的其他遗传形式,['3e5a7823f367d808b075c927a048ad6aec7571837c239a9d1fdebd622603d83e1f69c942f132152574d012035cbb0e3340e4f8d663f52d4f541fe94813aecfa5'],1,0,,
a42b323f-9a61-465a-95aa-3329ac813c87,369,散发性偏瘫型偏头痛,DISEASE,非遗传性的偏瘫型偏头痛,['3e5a7823f367d808b075c927a048ad6aec7571837c239a9d1fdebd622603d83e1f69c942f132152574d012035cbb0e3340e4f8d663f52d4f541fe94813aecfa5'],1,1,0.0,0.0
93d0075b-d3ab-4f54-9584-b27bf4f7f1b6,370,视网膜型偏头痛,DISEASE,**视网膜型偏头痛**是有先兆偏头痛的一个亚型，其临床特征表现为反复发作的单眼视觉症状（如闪光、暗点或视力丧失），且这些症状须经医学检查证实。该疾病主要影响单眼视力，属于需要明确诊断的特定偏头痛分类。,"['3e5a7823f367d808b075c927a048ad6aec7571837c239a9d1fdebd622603d83e1f69c942f132152574d012035cbb0e3340e4f8d663f52d4f541fe94813aecfa5'
 '83cd69793a48e458eea070d74fb1a7edcb3f4cc252aa7bbc4dc37dc197a720cb83155cf35853fc6670ca22fb08f452b6d0e61c3c678484b41ab914efab295ef8']",2,1,0.0,0.0
9652603a-8fc6-405f-ab72-db639dd42c9d,371,不伴脑梗死的持续先兆,DISEASE,**不伴脑梗死的持续先兆**是指一种临床情况，其中患者出现持续时间超过一周的先兆症状（如视觉、感觉或言语障碍等），但通过头颅影像学检查（如CT或MRI）未发现脑梗死或其他结构性异常的客观证据。该诊断强调症状的长期持续性与缺乏脑组织缺血性损伤的影像学支持之间的分离。,"['3e5a7823f367d808b075c927a048ad6aec7571837c239a9d1fdebd622603d83e1f69c942f132152574d012035cbb0e3340e4f8d663f52d4f541fe94813aecfa5'
 'cc09d1f4596f98345b4183088ac2458e5b0aff5531c7bba220023ccd01d156715d0223bc4b4a65304138bd7c8a98640a1ce1aa94bdfc8079a57959f1e6872eab']",2,1,0.0,0.0
7a79304a-cb99-4fc0-8442-88b7341a0861,372,偏头痛先兆诱发的痫样发作,COMORBIDITY_SCENARIO,**偏头痛先兆诱发的痫样发作**是指偏头痛患者在出现先兆症状期间，或在其偏头痛发作结束后1小时内，由偏头痛先兆直接触发而发生的癫痫样发作。该情况强调了偏头痛先兆作为明确的诱发因素，其时间窗口界定为先兆期至头痛发作后一小时内。,"['3e5a7823f367d808b075c927a048ad6aec7571837c239a9d1fdebd622603d83e1f69c942f132152574d012035cbb0e3340e4f8d663f52d4f541fe94813aecfa5'
 'cc09d1f4596f98345b4183088ac2458e5b0aff5531c7bba220023ccd01d156715d0223bc4b4a65304138bd7c8a98640a1ce1aa94bdfc8079a57959f1e6872eab']",2,2,0.0,0.0
86d5a8af-b4b8-49d1-b416-63fbbabb599e,373,很可能的无先兆偏头痛,DISEASE,**很可能的无先兆偏头痛**是一种临床诊断类别，用于描述那些不完全符合典型无先兆偏头痛全部诊断标准、但高度疑似为该疾病的情况。具体而言，它指患者的头痛发作频率或持续时间尚未达到正式诊断所需的阈值，然而其发作特征、伴随症状及其他临床表现均符合无先兆偏头痛的核心标准。因此，这一术语涵盖了从“发作次数不足但符合其他诊断标准的无先兆偏头痛”到更广泛的“疑似无先兆的偏头痛类型”，本质上是基于现有证据对无先兆偏头痛的临时性或可能性诊断。,"['3e5a7823f367d808b075c927a048ad6aec7571837c239a9d1fdebd622603d83e1f69c942f132152574d012035cbb0e3340e4f8d663f52d4f541fe94813aecfa5'
 '1ccf332050600409e1dbad13f94decee6940b9ec6f239effa49e9882fee6b553bdb6971bc000ce21309afaf6181ca56fa60f8272bf2855fc6b7ab8e99cfd6e92']",2,1,0.0,0.0
6fadccd6-2c27-406f-a554-4a27532b998c,374,很可能的有先兆偏头痛,DISEASE,疑似有先兆的偏头痛类型,['3e5a7823f367d808b075c927a048ad6aec7571837c239a9d1fdebd622603d83e1f69c942f132152574d012035cbb0e3340e4f8d663f52d4f541fe94813aecfa5'],1,0,,
9cf49957-d2f4-46ab-aef0-4e9896b6ea8d,375,可能与偏头痛相关的周期综合征,COMORBIDITY_SCENARIO,**可能与偏头痛相关的周期综合征**，既往称为儿童周期综合征，是一组以周期性发作为特征的症候群。该综合征在儿童中较为多见，但成人亦可出现。其临床表现与偏头痛可能存在相关性，属于可能与偏头痛相关的周期性症状群。,"['3e5a7823f367d808b075c927a048ad6aec7571837c239a9d1fdebd622603d83e1f69c942f132152574d012035cbb0e3340e4f8d663f52d4f541fe94813aecfa5'
 '29b42c77a75f75214e91fc897164ece3a818f406fb35fdd0ebcef96c7e1569e187c10bd59b8b2ee6499e5627bd49b0f71e15b6719f460c63cd96d72840065dba']",2,4,0.0,0.0
f8d61b2d-9665-4a5c-9345-7f7f618f51d8,376,反复胃肠功能障碍,DISEASE,可能与偏头痛相关的周期性胃肠道症状,['3e5a7823f367d808b075c927a048ad6aec7571837c239a9d1fdebd622603d83e1f69c942f132152574d012035cbb0e3340e4f8d663f52d4f541fe94813aecfa5'],1,3,0.0,0.0
e968d912-fb75-4470-b550-bbb81ec94d9d,377,周期性呕吐综合征,DISEASE,反复发作的剧烈呕吐和恶心，可能与偏头痛相关,['3e5a7823f367d808b075c927a048ad6aec7571837c239a9d1fdebd622603d83e1f69c942f132152574d012035cbb0e3340e4f8d663f52d4f541fe94813aecfa5'],1,1,0.0,0.0
da21d5fe-aabe-414b-af0f-ccc23b19f038,378,腹型偏头痛,DISEASE,腹型偏头痛是一种以反复发作性、周期性中重度腹痛为主要表现的临床综合征。其疼痛通常位于腹中线、脐周或呈难以明确定位的弥漫性腹痛。该综合征被认为与偏头痛存在相关性，属于一种特殊类型的周期性综合征。,"['3e5a7823f367d808b075c927a048ad6aec7571837c239a9d1fdebd622603d83e1f69c942f132152574d012035cbb0e3340e4f8d663f52d4f541fe94813aecfa5'
 '29b42c77a75f75214e91fc897164ece3a818f406fb35fdd0ebcef96c7e1569e187c10bd59b8b2ee6499e5627bd49b0f71e15b6719f460c63cd96d72840065dba']",2,2,0.0,0.0
05dc41fc-81a0-4d0c-a4e1-e96119e12a84,379,良性阵发性眩晕,DISEASE,反复发作的短暂眩晕，可能与偏头痛相关,['3e5a7823f367d808b075c927a048ad6aec7571837c239a9d1fdebd622603d83e1f69c942f132152574d012035cbb0e3340e4f8d663f52d4f541fe94813aecfa5'],1,2,0.0,0.0
7eead9fd-a45f-46f7-ba45-a2b55448661d,380,良性阵发性斜颈,DISEASE,婴儿期反复发作的头颈倾斜，可能与偏头痛相关,['3e5a7823f367d808b075c927a048ad6aec7571837c239a9d1fdebd622603d83e1f69c942f132152574d012035cbb0e3340e4f8d663f52d4f541fe94813aecfa5'],1,1,0.0,0.0
74e3f8b9-a129-4081-b154-a2d220feed37,381,国际头痛分类 第三版,GUIDELINE,国际头痛协会发布的头痛疾病分类标准,['3e5a7823f367d808b075c927a048ad6aec7571837c239a9d1fdebd622603d83e1f69c942f132152574d012035cbb0e3340e4f8d663f52d4f541fe94813aecfa5'],1,1,0.0,0.0
e36a7037-92dc-4ba2-9475-fb7bd7c5f40e,382,ICHD‑3,GUIDELINE_EDITION,国际头痛分类第三版的缩写,['3e5a7823f367d808b075c927a048ad6aec7571837c239a9d1fdebd622603d83e1f69c942f132152574d012035cbb0e3340e4f8d663f52d4f541fe94813aecfa5'],1,1,0.0,0.0
9f3d55ea-b463-4bc2-92b6-b4f9ee1b1035,383,头痛问诊,GUIDELINE_RECOMMENDATION,"
对偏头痛的诊断至关重要的问诊内容)<|COMPLETE|>",['ab1aa3b942c12408a6b8a3ba6ef766a283fe1bae7713795f40592c20bcb95c8935df716b4bd34a5c45fa1ebf618efdb1e0afdcc7ef24c6cf6120d60e5f2e0568'],1,1,0.0,0.0
766f8b41-d883-4d34-b46e-ee1ce2c77236,384,发作性头痛,DISEASE,根据发作频率区分的头痛类型,['d9f6bea0a5ab1dc7bde9ebf7669fabe84fffb7deee4bb8bb67b0c35551979d2339d12c15802d5bd80ef750d064c46db2b29d58f4084b4ada538ca1df416ac78c'],1,1,0.0,0.0
f6166f18-e613-4966-a98d-77c5b3195d08,385,慢性头痛,DISEASE,根据发作频率区分的头痛类型,['d9f6bea0a5ab1dc7bde9ebf7669fabe84fffb7deee4bb8bb67b0c35551979d2339d12c15802d5bd80ef750d064c46db2b29d58f4084b4ada538ca1df416ac78c'],1,1,0.0,0.0
3b987b31-d111-4ddf-8f70-033e76c0437e,386,持续性头痛,DISEASE,根据发作频率区分的头痛类型,['d9f6bea0a5ab1dc7bde9ebf7669fabe84fffb7deee4bb8bb67b0c35551979d2339d12c15802d5bd80ef750d064c46db2b29d58f4084b4ada538ca1df416ac78c'],1,0,,
e9c083f2-e9e0-4880-8efd-9c66596e7e50,387,头痛,DISEASE,头痛是一种患者主诉的头部疼痛症状，通常表现为持续时间数小时或更长的发作性疼痛。,"['7db5c32600733a398f19d5db7f758b35acb7ab27e42f39ba32bfc9c1b0d1b83bc400edfe9a350aa204aac4bd8d6a6f5bab5df53f184f82303c7ae03e8d543735'
 'b5e21a4c85cea498ca4f2a93e76fa864cef4ce70ed6bc58abd9cc3e64700f8ee2407f3466070b4da225fbe4c13e1ec3f844eec7a45437d91581426bfeabe8f71'
 'a6748c5bef22b0a1946c77f4e75613e2adf89dc648556abd7f1b05625d12e81ff2be63174a924b425c0185b2092dc42ff6187d856c8b3a212b9dd5b724ffd8c2']",3,5,0.0,0.0
9caa21b1-1371-4062-a7e0-acf69405c179,388,发热,,,['7db5c32600733a398f19d5db7f758b35acb7ab27e42f39ba32bfc9c1b0d1b83bc400edfe9a350aa204aac4bd8d6a6f5bab5df53f184f82303c7ae03e8d543735'],1,1,0.0,0.0
4cf29948-05c3-4036-9d67-28e276d6bb3e,389,神经系统症状或体征,DISEASE,涉及神经系统的异常表现,['7db5c32600733a398f19d5db7f758b35acb7ab27e42f39ba32bfc9c1b0d1b83bc400edfe9a350aa204aac4bd8d6a6f5bab5df53f184f82303c7ae03e8d543735'],1,0,,
8a45900b-2386-4a61-b37c-a2c0a8c0fd4e,390,剧烈头痛,DISEASE,突然发作的严重头部疼痛,['7db5c32600733a398f19d5db7f758b35acb7ab27e42f39ba32bfc9c1b0d1b83bc400edfe9a350aa204aac4bd8d6a6f5bab5df53f184f82303c7ae03e8d543735'],1,1,0.0,0.0
357f2c7f-4a21-4491-a5c7-4c8353547fe2,391,非典型先兆头痛,DISEASE,持续时间超过一定标准的非典型性头痛,['7db5c32600733a398f19d5db7f758b35acb7ab27e42f39ba32bfc9c1b0d1b83bc400edfe9a350aa204aac4bd8d6a6f5bab5df53f184f82303c7ae03e8d543735'],1,1,0.0,0.0
8bb77c6d-a330-44f3-a3e2-3c6be712b4a4,392,新发头痛,DISEASE,新出现的头部疼痛,['7db5c32600733a398f19d5db7f758b35acb7ab27e42f39ba32bfc9c1b0d1b83bc400edfe9a350aa204aac4bd8d6a6f5bab5df53f184f82303c7ae03e8d543735'],1,1,0.0,0.0
cc71d36c-ce92-4edf-8aee-2df9b8103a3f,393,创伤后头痛,DISEASE,头部受伤后出现的头痛,['7db5c32600733a398f19d5db7f758b35acb7ab27e42f39ba32bfc9c1b0d1b83bc400edfe9a350aa204aac4bd8d6a6f5bab5df53f184f82303c7ae03e8d543735'],1,1,0.0,0.0
40b71532-c337-4c61-a20f-75bd30660f73,394,预警征象,,,['7db5c32600733a398f19d5db7f758b35acb7ab27e42f39ba32bfc9c1b0d1b83bc400edfe9a350aa204aac4bd8d6a6f5bab5df53f184f82303c7ae03e8d543735'],1,4,0.0,0.0
1bad882a-f99d-402a-89dd-54862c47c42f,395,原发性头痛,,,['9daf9a40f3978b6617c838da6bca869b94a8d202732ffb806d60818b751dad18a64af66c51716e1c9da30eeac0fdf7c9d3aed891a129d070eaeb744bc4fecbbb'],1,2,0.0,0.0
6fbc8125-0d15-45ba-b17a-748a619d68d0,396,紧张型头痛,DISEASE,**紧张型头痛**是一种常见的原发性头痛，常被称为“普通头痛”。它通常表现为轻至中度的双侧颅周压迫性、紧缩性或紧箍样疼痛，性质多为钝痛。在临床诊断中，紧张型头痛是需要与偏头痛进行鉴别的主要原发性头痛类型之一。,"['1ccf332050600409e1dbad13f94decee6940b9ec6f239effa49e9882fee6b553bdb6971bc000ce21309afaf6181ca56fa60f8272bf2855fc6b7ab8e99cfd6e92'
 '8a5a6e187c668bb2f8331df659df42e1806867580ac766ba79bd9efeba8f788a99d6677d88162b703da1dfef9d27fc7aee00093a794541110dbfebcba1a298b0'
 'f944982c19751a636cf523ae9ce5e3ee3c531fbead528a83438f2fac78559a2c3d2b3ad69e202489723ad8579e9bd563ac72000f93c3817ed57ca782e5b2509e'
 '4e10a447ddaf2c74684d2a22401890d0f1eed1fd11ac887c4f65b340f4348db607f77e46c4ba8d22a4abe8dd27f016378deada950d2c72edfa41699ac96ba87b'
 'c979a3a204d93c2e785f5f2dc98fd008a078b1b7ef9112abbc41cbb096d54f0232e5e102855f16c5b2d52d24d2ef44f907fadf5cf6d0cab6792f1d984a5a1561'
 '2aa059af0406bde6deb813ec2ee74914115f3f343dd645a759a13a158dda1904a92560987f03f1e8f31d83a29de89ffb5bd5dc9c23908575889ea7ab3d1004ae'
 '8af246d5d04738aa8c9599b12c878506030941cc6a5621f9adbbb8d98c1fb4880084e5c5284116edaf802611d683dee4a814ada069156187b3d41d3af28bf19c'
 'a273030661a96ecbdcd506391fdd65a62dff5c58ebe9dc9d5a5d988a5ec21a61597b93aaa369fea575f760a5f95940c98aea36bf399c204dba5c8264e826cf7d']",8,2,0.0,0.0
c44d8218-87be-4e52-b2c8-6193f264762b,397,丛集性头痛,DISEASE,丛集性头痛是一种严格单侧、固定偏侧的原发性头痛，其疼痛部位通常位于眶周、眶上和/或颞部。疼痛性质多样，常表现为剧烈、锐利或钻痛样的剧痛。发作时伴有痛侧自主神经症状（如流泪、结膜充血、鼻塞等）和/或躁动不安感。该疾病是需要与偏头痛进行鉴别的主要原发性头痛之一。,"['1ccf332050600409e1dbad13f94decee6940b9ec6f239effa49e9882fee6b553bdb6971bc000ce21309afaf6181ca56fa60f8272bf2855fc6b7ab8e99cfd6e92'
 '8a5a6e187c668bb2f8331df659df42e1806867580ac766ba79bd9efeba8f788a99d6677d88162b703da1dfef9d27fc7aee00093a794541110dbfebcba1a298b0'
 '9a5bce7c4b2093cdafaa92a7bc6374c323df0722adba465e9ab0083793d222455f7c4e1e318d2c8f8ba06374eabc88bc19cbe28552a4b45f5013dd3c5e4869ce'
 '8af246d5d04738aa8c9599b12c878506030941cc6a5621f9adbbb8d98c1fb4880084e5c5284116edaf802611d683dee4a814ada069156187b3d41d3af28bf19c'
 'a273030661a96ecbdcd506391fdd65a62dff5c58ebe9dc9d5a5d988a5ec21a61597b93aaa369fea575f760a5f95940c98aea36bf399c204dba5c8264e826cf7d']",5,3,0.0,0.0
18c014a1-aaa3-4128-9e6a-be08e9c0ec51,398,急性止痛药,DRUG_CLASS,用于缓解急性疼痛的药物类别,['0e212d8c2c842ee5de12af1433ca1bc447466457d87d7873dc236531a59f56c27f20411f5b1eb47a8f697027a165c03b43f5f71976348f46b3caf662514fc44e'],1,7,0.0,0.0
6582f6d7-2d31-41fe-8d6d-bb3b52cd2dc4,399,复方止痛药,DRUG_CLASS,含有多种成分的止痛药物类别,['0e212d8c2c842ee5de12af1433ca1bc447466457d87d7873dc236531a59f56c27f20411f5b1eb47a8f697027a165c03b43f5f71976348f46b3caf662514fc44e'],1,1,0.0,0.0
9abed781-6455-43ee-981a-55f373ade880,400,麦角胺,DRUG_CLASS,用于治疗偏头痛的药物类别,['0e212d8c2c842ee5de12af1433ca1bc447466457d87d7873dc236531a59f56c27f20411f5b1eb47a8f697027a165c03b43f5f71976348f46b3caf662514fc44e'],1,1,0.0,0.0
d58ecbb9-0633-4328-93e2-cb997c65f72f,401,急性止痛药过度使用,,,['0e212d8c2c842ee5de12af1433ca1bc447466457d87d7873dc236531a59f56c27f20411f5b1eb47a8f697027a165c03b43f5f71976348f46b3caf662514fc44e'],1,1,0.0,0.0
548fdb91-a671-471a-bb99-1e45d1384931,402,"药物过度使用性头痛的诊断标准（每月用药天数）涉及...药物类别？请注意，原文中描述的是诊断标准的一部分，即当服用这些药物达到一定天数时诊断为MOH。因此，关系应反映“当服用...时诊断为...”的逻辑。然而，严格来说，这是诊断标准的一部分，而非直接的实体间属性关系。根据规则，我们只提取明确相关的实体对。原文中“服用...则诊断为”建立了药物类别与共病场景之间的关联。我们可以将其理解为“诊断依赖于/涉及”的关系。但为了更精确地遵循示例和规则（关系描述简洁），我们可以表述为“其诊断涉及”或“过量使用导致”。考虑到原文“导致的”一词，以及MOH的定义是“由...导致的”，最直接的关系是“急性止痛药过度使用”这个行为或概念导致了MOH。但“急性止痛药过度使用”本身不是一个已识别的实体，它是对行为的描述。已识别的实体是“急性止痛药”（类）和具体的药物类别。因此，更合适的关系是建立具体药物类别与MOH场景之间的联系，表明这些药物的过度使用是MOH的诊断条件。所以，对于每个提到的具体药物类别（对乙酰氨基酚、NSAIDS等），它们与MOH的关系可以描述为“其过度使用可导致”。但原文中是将它们作为诊断标准的一部分列出的。为了保持一致性并避免过度解释，我们可以为每个提到的具体药物类别与MOH建立关系，描述为“其过度使用是诊断条件之一”。然而，这可能会引入一些冗余。另一种方法是识别“急性止痛药过度使用”作为一个实体？但实体类型列表中没有完全匹配的。或者，我们可以将“急性止痛药”这个类别与MOH建立强关系，因为文本明确指出它是导致MOH的重要因素。然后，其他具体类别通过“属于”关系链接到“急性止痛药”。这样更简洁。我已经在输出中采用了这种方式：建立了“急性止痛药”与“药物过度使用性头痛”之间的关系（“是...的原因/导致因素”）。同时，所有具体药物类别（对乙酰氨基酚、NSAIDS等）都通过“属于”关系链接到“急性止痛药”。这捕捉了核心逻辑链：具体药物属于急性止痛药大类，而该大类的过度使用导致MOH。因此，不再需要为每个具体药物与MOH单独建立关系，除非原文有特别强调。原文在诊断标准中列出了具体类别，但这可以被视为对“急性止痛药”的举例说明。所以，目前的输出是合理的。如果要求更细粒度，可以为每个具体类别与MOH建立关系，但描述会变得重复。根据示例的简洁性，当前方案更优。我将保持现有输出不变。<|COMPLETE|></反思>鉴于上述反思，我认为现有的输出已经合理地捕捉了文本中的主要实体和关系。核心逻辑链（具体药物类别 -> 属于 -> 急性止痛药大类 -> 过度使用导致 -> MOH）已经建立。文本后半部分关于诊断标准的具体天数（≥15天/月等）是量化标准，不属于需要提取的实体或关系（它们是症状/检查/标准的细节，根据规则不应提取）。因此，最终输出如下：(""ENTITY""",,,['0e212d8c2c842ee5de12af1433ca1bc447466457d87d7873dc236531a59f56c27f20411f5b1eb47a8f697027a165c03b43f5f71976348f46b3caf662514fc44e'],1,1,0.0,0.0
3fd6d349-47cf-46c8-8521-4060e655bf92,403,患者教育,NON_DRUG_TREATMENT,偏头痛全程管理的基础,['8931f5c2719f51b2f9670b2d6459ef249a615ff1844aa72e17aae8f17efb1694bedb22ad4ac573f8d6ae43d180cff0ee4892d3597d879483f09e8da03c6bc511'],1,1,0.0,0.0
7cd243f9-a35e-4f44-a071-dfccdb964aee,404,记录头痛日记,NON_DRUG_TREATMENT,**记录头痛日记**是一种管理偏头痛的重要方法，主要用于记录头痛发作的具体情况。其核心功能在于帮助患者识别和追踪可能导致偏头痛发作的触发因素，并评估所接受治疗或药物的疗效。通过系统性地记录与分析，它是优化偏头痛管理策略的关键工具。,"['8931f5c2719f51b2f9670b2d6459ef249a615ff1844aa72e17aae8f17efb1694bedb22ad4ac573f8d6ae43d180cff0ee4892d3597d879483f09e8da03c6bc511'
 'b7e036cfc0af89cf534a04c0ac3f2fbc6e874136c11185ada17d5096022d926e9e2a09a1ed4b0e1ea393f799d3d6d782ee1649ce5ddcc0bd974e684c92a1a789']",2,2,0.0,0.0
70982d2a-7b7d-4418-ad70-6f8ae6d3b0b2,405,健康的生活方式,NON_DRUG_TREATMENT,规律的运动与作息、限制红酒摄入、避免各种诱因,['8931f5c2719f51b2f9670b2d6459ef249a615ff1844aa72e17aae8f17efb1694bedb22ad4ac573f8d6ae43d180cff0ee4892d3597d879483f09e8da03c6bc511'],1,1,0.0,0.0
23d959ed-9864-42a7-b323-610412a418cd,406,急性止痛药物,DRUG_CLASS,用于头痛发作初期服用的药物,['8931f5c2719f51b2f9670b2d6459ef249a615ff1844aa72e17aae8f17efb1694bedb22ad4ac573f8d6ae43d180cff0ee4892d3597d879483f09e8da03c6bc511'],1,3,0.0,0.0
4e21c725-89c3-4f05-acf0-a7ef7f7ee218,407,MOH,DISEASE,药物过度使用性头痛,['8931f5c2719f51b2f9670b2d6459ef249a615ff1844aa72e17aae8f17efb1694bedb22ad4ac573f8d6ae43d180cff0ee4892d3597d879483f09e8da03c6bc511'],1,1,0.0,0.0
439f5712-6504-4a85-8506-aba3d4f1f28d,408,急性发作期药物治疗,TREATMENT_PHASE,**急性发作期药物治疗**是指针对疾病（如偏头痛）在急性期或中、重度急性发作时进行的药物治疗阶段。这一阶段是整体药物治疗过程中的一个关键组成部分，旨在快速缓解症状、控制病情进展。,"['3094b23ee2b02a1ebf0e6f0494741e8b4c098d1401dd6d444c7e611df529f1098214f283638978a30c131cae8f3cbeaaf9679c1e01b075e601c671cf42b1e25c'
 'a4d0b08467ce73e94c8ae21cbf1d5c9de2b28eb2b11f0d9600ba696f7deecf4bbb8dcc953f2c41adbc6ecd52451ed70a2ae271b631839da06fe4efc61527bdad'
 'a7497051b835b0296caa8c43a2182e056a4d630488acdf638ab6cd1d926fb9ebe0e50b22dece2d0fb4bfabf4f04ef42edc8be89a0203491675e0fc4b52a1b78f']",3,1,0.0,0.0
400b7f31-13c8-438e-a58d-6a47292d02c1,409,急性发作期治疗,TREATMENT_PHASE,**急性发作期治疗**是指针对疾病（如偏头痛等）在急性发作阶段所实施的药物治疗阶段。该阶段旨在迅速缓解症状、控制病情恶化，并帮助患者度过疾病的高峰期。,"['8a5a6e187c668bb2f8331df659df42e1806867580ac766ba79bd9efeba8f788a99d6677d88162b703da1dfef9d27fc7aee00093a794541110dbfebcba1a298b0'
 '9609f731b2a1d479a0b1fa68f88c75b8c3461935601ffe88d4cfc8df0b1379cf4e596ef472e2ed824cc0fe7b6dbd0218447501e6f7c382a1a26e1db6352b7c15'
 'b1ee9fca7026d9a451701ab580130239412496d9c903653e2dffdb84d5e68840671b7da965cc3cea481a2b77c5e406d3237826861317b0a52491a46758b864ff'
 'e4bdaf3274859fefc17e03819e07cdfc1499b7c702c170402f77909a62e84fff67860e324f4de8c7d3be920148c0a9e004b2a837b69790702ade5d2b83674266']",4,12,0.0,0.0
b8257202-bec4-42d3-ac82-326aeca9929f,410,阶梯治疗,THERAPY,从非特异性药物开始，逐步升级至特异性药物的治疗策略,['8a5a6e187c668bb2f8331df659df42e1806867580ac766ba79bd9efeba8f788a99d6677d88162b703da1dfef9d27fc7aee00093a794541110dbfebcba1a298b0'],1,1,0.0,0.0
081c3332-96e7-47cf-a498-ba41f758c31b,411,分层治疗,THERAPY,根据头痛严重程度和患者反应选择不同级别药物的治疗策略,['8a5a6e187c668bb2f8331df659df42e1806867580ac766ba79bd9efeba8f788a99d6677d88162b703da1dfef9d27fc7aee00093a794541110dbfebcba1a298b0'],1,0,,
c509df1a-423a-4663-b945-98f74cb899f9,412,CGRP受体拮抗剂,DRUG_CLASS,**CGRP受体拮抗剂**是一类小分子药物，其作用靶点为降钙素基因相关肽（CGRP）受体。这类药物通过特异性拮抗CGRP受体，阻断CGRP的生物学效应，从而用于预防或治疗与CGRP通路相关的疾病，如偏头痛。在药理学分类上，它们属于CGRP受体拮抗剂类药物。,"['8a5a6e187c668bb2f8331df659df42e1806867580ac766ba79bd9efeba8f788a99d6677d88162b703da1dfef9d27fc7aee00093a794541110dbfebcba1a298b0'
 '824fa1d939d9f4365de203d19b45200969da44ea4f970f3976bff33840fbce6c3f6e083beb7a818d8a4931e3d62deee198ab5524f4accc431cbc98bf553962a7'
 'b702dc97591d4fd99e393160ffd9d400dae11ce24461a052ca46b18e565efb9d5c4899a4d3910ff3805503f5ec2f7cfb4c0d882b0fb4ad65273b9abe5b9d8ab3'
 'bfad7cb80612a979706bc5c077780f25ccccf3bf53dd263029107f1a6f54e815903ad1a1f128aadb0c9fbaf3e877cac08d057af5995c321f9ec6c6d8df22f726']",4,2,0.0,0.0
013777bd-8b65-4fbc-9d35-695f82ddb207,413,5-HT1F受体激动剂 DITANS,DRUG_CLASS,高选择性的5-羟色胺1F受体激动剂类药物,['8a5a6e187c668bb2f8331df659df42e1806867580ac766ba79bd9efeba8f788a99d6677d88162b703da1dfef9d27fc7aee00093a794541110dbfebcba1a298b0'],1,1,0.0,0.0
db431f00-3463-4a09-b3ac-c2d51ff05d49,414,安乃近,DRUG,一种应避免使用的止痛药,['8a5a6e187c668bb2f8331df659df42e1806867580ac766ba79bd9efeba8f788a99d6677d88162b703da1dfef9d27fc7aee00093a794541110dbfebcba1a298b0'],1,0,,
1073bc7a-7287-4d4a-9bd4-1bdbdb95640f,415,巴比妥类成分的止痛药,DRUG_CLASS,含有巴比妥类成分的止痛药物类别,['8a5a6e187c668bb2f8331df659df42e1806867580ac766ba79bd9efeba8f788a99d6677d88162b703da1dfef9d27fc7aee00093a794541110dbfebcba1a298b0'],1,0,,
eab518f2-9d6f-4402-a841-7ac724e6ebdb,416,阿片类成分的止痛药,DRUG_CLASS,含有阿片类成分的止痛药物类别,['8a5a6e187c668bb2f8331df659df42e1806867580ac766ba79bd9efeba8f788a99d6677d88162b703da1dfef9d27fc7aee00093a794541110dbfebcba1a298b0'],1,0,,
24c3eccd-fc54-4f50-9879-08888a31cbbb,417,麦角类药物,DRUG_CLASS,用于缓解患者所认为的偏头痛发作的药物类别,['8a5a6e187c668bb2f8331df659df42e1806867580ac766ba79bd9efeba8f788a99d6677d88162b703da1dfef9d27fc7aee00093a794541110dbfebcba1a298b0'],1,0,,
5f6d292b-5e48-4f44-af2a-f9c9ea03201b,418,非特异性药物治疗,THERAPY,通过抑制环氧化酶减少前列腺素合成而起到镇痛作用的药物,['9609f731b2a1d479a0b1fa68f88c75b8c3461935601ffe88d4cfc8df0b1379cf4e596ef472e2ed824cc0fe7b6dbd0218447501e6f7c382a1a26e1db6352b7c15'],1,2,0.0,0.0
e442f67d-c473-4e46-9f12-8c958fa25084,419,解热镇痛药,DRUG_CLASS,通过抑制环氧化酶减少前列腺素合成而起到镇痛作用的药物,['9609f731b2a1d479a0b1fa68f88c75b8c3461935601ffe88d4cfc8df0b1379cf4e596ef472e2ed824cc0fe7b6dbd0218447501e6f7c382a1a26e1db6352b7c15'],1,7,0.0,0.0
e746d3fa-1265-48f6-bcf0-3fcea2253376,420,吲哚美辛,DRUG,吲哚美辛是一种非甾体抗炎药，属于非特异性治疗药物，可有效缓解偏头痛急性发作期的症状，具有解热、镇痛和抗炎的作用。,"['9609f731b2a1d479a0b1fa68f88c75b8c3461935601ffe88d4cfc8df0b1379cf4e596ef472e2ed824cc0fe7b6dbd0218447501e6f7c382a1a26e1db6352b7c15'
 'a4d0b08467ce73e94c8ae21cbf1d5c9de2b28eb2b11f0d9600ba696f7deecf4bbb8dcc953f2c41adbc6ecd52451ed70a2ae271b631839da06fe4efc61527bdad']",2,2,0.0,0.0
da06a63d-e036-46f8-be81-cf3309fd8fa6,421,对乙酰氨基酚与咖啡因复方制剂,DRUG,对乙酰氨基酚与咖啡因复方制剂是一种非特异性治疗药物，属于复方止痛药，其成分为对乙酰氨基酚与咖啡因合用。,"['9609f731b2a1d479a0b1fa68f88c75b8c3461935601ffe88d4cfc8df0b1379cf4e596ef472e2ed824cc0fe7b6dbd0218447501e6f7c382a1a26e1db6352b7c15'
 'a4d0b08467ce73e94c8ae21cbf1d5c9de2b28eb2b11f0d9600ba696f7deecf4bbb8dcc953f2c41adbc6ecd52451ed70a2ae271b631839da06fe4efc61527bdad']",2,3,0.0,0.0
6c53b83d-274a-4634-914a-3427aa40ffd5,422,ΩI级推荐,RECOMMENDATION_GRADE,ΩI级推荐,['9609f731b2a1d479a0b1fa68f88c75b8c3461935601ffe88d4cfc8df0b1379cf4e596ef472e2ed824cc0fe7b6dbd0218447501e6f7c382a1a26e1db6352b7c15'],1,0,,
7581c677-da32-426c-bdd3-58934d6317b8,423,A级证据,EVIDENCE_LEVEL,**A级证据**是医学和科学研究中用于评估研究结论可靠性的最高等级证据，通常代表高质量证据。该等级在证据分级体系中处于最高位置，表明其来源于设计严谨、偏倚风险低的随机对照试验（RCT）或高质量的Meta分析，因此具有最强的说服力和指导实践的价值。简而言之，“A级证据”即指“高质量证据等级”，是临床决策和实践指南最优先依据的证据级别。,"['9609f731b2a1d479a0b1fa68f88c75b8c3461935601ffe88d4cfc8df0b1379cf4e596ef472e2ed824cc0fe7b6dbd0218447501e6f7c382a1a26e1db6352b7c15'
 'a4d0b08467ce73e94c8ae21cbf1d5c9de2b28eb2b11f0d9600ba696f7deecf4bbb8dcc953f2c41adbc6ecd52451ed70a2ae271b631839da06fe4efc61527bdad'
 '1c2d42cf24d5ef41eadbc348176fc20e538136d601d7796de053c8d108164282bc91e627d6fb591fd2b3c6605eec37ee0ee6a4acb7ae2873d039be0a367cabe9'
 '0652c8adae3332fa149aee4f026b39c62e7a17eb485b6a9171cfa2a1170cb9d5b4facc0b94b7e628e1be7e4b64b0226a483130d776edc7f2d1c5587a8aea09bf'
 'f314d43b0a481cdfcb76b0052bb89c14cd5ccb4415cfbb161aed4a4ee2ddf6d350327a4063125f41fb51588cfdde6a22f75faec6eef9db845ed2cd4fb880cc15'
 '27669660dd2ef05fcd56fd9631f4b9b50b8b6797e69e1e92b945a1dad58714790f64a4bcac88c34640d5aaed32120d47e43547f248dd610ee6a0f16f02c0c9aa'
 '824fa1d939d9f4365de203d19b45200969da44ea4f970f3976bff33840fbce6c3f6e083beb7a818d8a4931e3d62deee198ab5524f4accc431cbc98bf553962a7'
 '1d122b3bada9b702ba09aa102394d4359ead374a3c12e3bdc2a3dd991f3b8ddd94a81ade0f079f91bfb5c84ba3e384469b85a8db5d907c53216a4bd7168b5d3f'
 '238dd9495214c1f5dabc20718c46f30b60e954190220bd99189450cd340b3ae336482beca52b26e8653e82062dffe95c5d2a0e85373cc3f8dcef7e787492ee35']",9,8,0.0,0.0
c8e290c2-773a-4d9a-a3ab-65555f84fc8a,424,级证据,EVIDENCE_LEVEL,“级证据”是医学和科学研究中用于评估证据质量等级的一个术语，它通常指在证据分级体系中（如GRADE系统或其他临床指南中的分类）所划分的特定证据级别，用以表示研究结论的可靠性和推荐强度。该术语与“证据质量等级”概念紧密相关，共同服务于对现有科学证据的系统性评价和分类。,"['9609f731b2a1d479a0b1fa68f88c75b8c3461935601ffe88d4cfc8df0b1379cf4e596ef472e2ed824cc0fe7b6dbd0218447501e6f7c382a1a26e1db6352b7c15'
 'cf6560c767b9165c044e09371c8f7ee8b1b362c41d3972f1359a4a04bdf6c98613429167ddc37d13b276146275fe8dbef99bf59168f48c665d44b1108e8b33b2'
 'ccbf411f1a66481699252f8cb9e85d8df150e97c43a6b3c3f919ffbc45859680e8bf5b6f2d63ef233da57cdc721b8950ef6a39a756dc89bd366ef297bf01c26a'
 'ff40d9d77831c63126abcff57c0dc9b00a0481a114fd14b41eb87b1817126e86e2d78f953b428ca1a255ba69368d9aad3a9cfb384173b77490f104c4d8e6c2c0']",4,3,0.0,0.0
333d8555-e4da-4b52-a294-7e7129ccd31c,425,I级推荐,RECOMMENDATION_GRADE,**I级推荐**（也称为强推荐）是临床实践指南中的一种建议等级，表示该建议基于高质量证据且获益明确大于风险，因此应被广泛采纳和实施。,"['a4d0b08467ce73e94c8ae21cbf1d5c9de2b28eb2b11f0d9600ba696f7deecf4bbb8dcc953f2c41adbc6ecd52451ed70a2ae271b631839da06fe4efc61527bdad'
 '27669660dd2ef05fcd56fd9631f4b9b50b8b6797e69e1e92b945a1dad58714790f64a4bcac88c34640d5aaed32120d47e43547f248dd610ee6a0f16f02c0c9aa'
 '1d122b3bada9b702ba09aa102394d4359ead374a3c12e3bdc2a3dd991f3b8ddd94a81ade0f079f91bfb5c84ba3e384469b85a8db5d907c53216a4bd7168b5d3f']",3,2,0.0,0.0
3efe2d3a-2157-45e2-ae76-81ce36620af4,426,舒马曲普坦,DRUG,舒马曲普坦是一种曲普坦类药物，用于治疗偏头痛等疾病。其推荐剂量为每次25至100毫克。,"['a4d0b08467ce73e94c8ae21cbf1d5c9de2b28eb2b11f0d9600ba696f7deecf4bbb8dcc953f2c41adbc6ecd52451ed70a2ae271b631839da06fe4efc61527bdad'
 'ab02a1307f63358bba10915511264b7bd499a08f4799ccbe749feea02892d3b4576b80b148aafc7d157b4e4ee34994660056fda352cb0162f7687641ca4e1399'
 'ac816b54ac70f1e2697a0fc2cc646c6a9319c8b2da14228b3ac6b76a0dd992ee5c7cee7e7986e8ab08a9d457617b74a833be81924604ec8d1c29d35b02f46926']",3,5,0.0,0.0
3420f000-8c13-4958-a14f-c140f5f425aa,427,CGRP受体拮抗剂GEPANTS,DRUG_CLASS,通过阻断CGRP与其受体结合降低三叉神经血管系统活性的药物,['a4d0b08467ce73e94c8ae21cbf1d5c9de2b28eb2b11f0d9600ba696f7deecf4bbb8dcc953f2c41adbc6ecd52451ed70a2ae271b631839da06fe4efc61527bdad'],1,1,0.0,0.0
ceff41ad-21ee-4ce7-a426-8307c8e4fb64,428,利扎曲普坦推荐意见,,,['a4d0b08467ce73e94c8ae21cbf1d5c9de2b28eb2b11f0d9600ba696f7deecf4bbb8dcc953f2c41adbc6ecd52451ed70a2ae271b631839da06fe4efc61527bdad'],1,2,0.0,0.0
f0fa8190-af85-4772-843a-db49d9a14b13,429,佐米曲普坦推荐意见,,,['a4d0b08467ce73e94c8ae21cbf1d5c9de2b28eb2b11f0d9600ba696f7deecf4bbb8dcc953f2c41adbc6ecd52451ed70a2ae271b631839da06fe4efc61527bdad'],1,2,0.0,0.0
c306e9bf-97d7-406e-b477-6ff4478bf843,430,"(一)急性发作期药物治疗<TREATMENT_PHASE><TREATMENT_PHASE><TREATMENT_PHASE><TREATMENT_PHASE><TREATMENT_PHASE><TREATMENT_PHASE><TREATMENT_PHASE><TREATMENT_PHASE><TREATMENT_PHASE><TREATMENT_PHASE><TREATMENT_PHASE><TREATMENT_PHASE><TREATMENT_PHASE><TREATMENT_PHASE><TREATMENT_PHASE><TREATMENT_PHASE><TREATMENT_PHASE><TREATMENT_PHASE><TREATMENT_PHASE><TREATMENT_PHASE><TREATMENT_PHASE><TREATMENT_PHASE><TREATMENT_PHASE><TREATMENT_PHASE><TREATMENT_PHASE><TREATMENT_PHASE><TREATMENT_PHASE><TREATMENT_PHASE><TREATMENT_PHASE><TREATMENT_PHASE><TREATMENT_PHASE><TREATMENT_PHASE><TREATMENT_PHASE><TREATMENT_PHASE><TREATMENT_PHASE><TREATMENT_PHASE><TREATMENT_PHASE><TREATMENT_PHASE><TREATMENT_PHASE><TREATMENT_PHASE><TREATMENT_PHASE><TREATMENT_PHASE><TREATMENT_PHASE><TREATMENT_PHASE><TREATMENT_PHASE><TREATMENT_PHASE><TREATMENT_PHASE><TREATMENT_PHASE><TREATMENT_PHASE><TREATMENT_PHASE>```(""ENTITY""",偏头痛,DISEASE,['a4d0b08467ce73e94c8ae21cbf1d5c9de2b28eb2b11f0d9600ba696f7deecf4bbb8dcc953f2c41adbc6ecd52451ed70a2ae271b631839da06fe4efc61527bdad'],1,0,,
d74fcdc9-bea4-4735-b832-5e42f2cbbac4,431,RIMEGEPANT,DRUG,**Rimegepant** 是一种小分子拮抗剂，特异性作用于降钙素基因相关肽（CGRP）受体。它被批准用于偏头痛急性期的治疗。,"['1c2d42cf24d5ef41eadbc348176fc20e538136d601d7796de053c8d108164282bc91e627d6fb591fd2b3c6605eec37ee0ee6a4acb7ae2873d039be0a367cabe9'
 '824fa1d939d9f4365de203d19b45200969da44ea4f970f3976bff33840fbce6c3f6e083beb7a818d8a4931e3d62deee198ab5524f4accc431cbc98bf553962a7']",2,4,0.0,0.0
19be0f06-6417-4782-a33d-16a02f012ca5,432,LASMIDITAN,DRUG,**LASMIDITAN** 是一种高选择性的5-羟色胺1F（5-HT1F）受体激动剂，用于成人急性偏头痛发作期的治疗。推荐剂量为每次50至100毫克。,"['1c2d42cf24d5ef41eadbc348176fc20e538136d601d7796de053c8d108164282bc91e627d6fb591fd2b3c6605eec37ee0ee6a4acb7ae2873d039be0a367cabe9'
 'ab02a1307f63358bba10915511264b7bd499a08f4799ccbe749feea02892d3b4576b80b148aafc7d157b4e4ee34994660056fda352cb0162f7687641ca4e1399']",2,7,0.0,0.0
a3b45273-b4ec-4a77-8778-7cfa94218cda,433,选择性5-HT1F受体激动剂,DRUG_CLASS,选择性的5-HT1F受体激动剂类药物,['1c2d42cf24d5ef41eadbc348176fc20e538136d601d7796de053c8d108164282bc91e627d6fb591fd2b3c6605eec37ee0ee6a4acb7ae2873d039be0a367cabe9'],1,2,0.0,0.0
35a08ef2-e023-4847-a778-e30882cb6f3f,434,巴比妥类镇静药,DRUG_CLASS,镇静剂类药物,['1c2d42cf24d5ef41eadbc348176fc20e538136d601d7796de053c8d108164282bc91e627d6fb591fd2b3c6605eec37ee0ee6a4acb7ae2873d039be0a367cabe9'],1,2,0.0,0.0
3b6929ca-c0ca-487a-a0f1-dd2f76a75551,435,阿片类镇痛药物,DRUG_CLASS,可待因、曲马多、吗啡等镇痛药物,['1c2d42cf24d5ef41eadbc348176fc20e538136d601d7796de053c8d108164282bc91e627d6fb591fd2b3c6605eec37ee0ee6a4acb7ae2873d039be0a367cabe9'],1,1,0.0,0.0
cdf48a29-a8b7-4f6c-8aa2-b9375c62cdea,436,Ⅱ级推荐,RECOMMENDATION_GRADE,**Ⅱ级推荐**是一个中等强度的推荐等级，表示在相关评估体系中具有中等的推荐优先级。,"['1c2d42cf24d5ef41eadbc348176fc20e538136d601d7796de053c8d108164282bc91e627d6fb591fd2b3c6605eec37ee0ee6a4acb7ae2873d039be0a367cabe9'
 'f314d43b0a481cdfcb76b0052bb89c14cd5ccb4415cfbb161aed4a4ee2ddf6d350327a4063125f41fb51588cfdde6a22f75faec6eef9db845ed2cd4fb880cc15'
 '27669660dd2ef05fcd56fd9631f4b9b50b8b6797e69e1e92b945a1dad58714790f64a4bcac88c34640d5aaed32120d47e43547f248dd610ee6a0f16f02c0c9aa'
 '824fa1d939d9f4365de203d19b45200969da44ea4f970f3976bff33840fbce6c3f6e083beb7a818d8a4931e3d62deee198ab5524f4accc431cbc98bf553962a7'
 '1d122b3bada9b702ba09aa102394d4359ead374a3c12e3bdc2a3dd991f3b8ddd94a81ade0f079f91bfb5c84ba3e384469b85a8db5d907c53216a4bd7168b5d3f']",5,1,0.0,0.0
f8e4a9a9-1581-4e51-a863-5c407fd06fc3,437,偏头痛急性发作期症状,DISEASE,偏头痛急性发作期的相关症状,['1c2d42cf24d5ef41eadbc348176fc20e538136d601d7796de053c8d108164282bc91e627d6fb591fd2b3c6605eec37ee0ee6a4acb7ae2873d039be0a367cabe9'],1,0,,
8c8591e0-19f2-42a2-9d0a-f9c08363efd0,438,恶心呕吐,COMORBIDITY_SCENARIO,与偏头痛发作相关的恶心和呕吐症状,['1c2d42cf24d5ef41eadbc348176fc20e538136d601d7796de053c8d108164282bc91e627d6fb591fd2b3c6605eec37ee0ee6a4acb7ae2873d039be0a367cabe9'],1,1,0.0,0.0
32715d6a-94e6-40d3-b77f-911c19cd6ca3,439,恶心、呕吐症状,COMORBIDITY_SCENARIO,与偏头痛发作相关的恶心和呕吐症状,['1c2d42cf24d5ef41eadbc348176fc20e538136d601d7796de053c8d108164282bc91e627d6fb591fd2b3c6605eec37ee0ee6a4acb7ae2873d039be0a367cabe9'],1,1,0.0,0.0
00010f9c-7775-4158-8de5-afd1034c5374,440,特异性治疗药物,THERAPY,用于偏头痛急性发作期的特异性治疗药物,['1c2d42cf24d5ef41eadbc348176fc20e538136d601d7796de053c8d108164282bc91e627d6fb591fd2b3c6605eec37ee0ee6a4acb7ae2873d039be0a367cabe9'],1,0,,
bffa6943-645f-4df8-ac8b-a68f399e5818,441,止吐和胃动力药,DRUG_CLASS,甲氧氯普胺、多潘立酮等药物类别,['1c2d42cf24d5ef41eadbc348176fc20e538136d601d7796de053c8d108164282bc91e627d6fb591fd2b3c6605eec37ee0ee6a4acb7ae2873d039be0a367cabe9'],1,2,0.0,0.0
5c7e7ed3-9e31-42b4-aad0-1893b67333a5,442,镇静剂,DRUG_CLASS,巴比妥类镇静药所属的药物类别,['1c2d42cf24d5ef41eadbc348176fc20e538136d601d7796de053c8d108164282bc91e627d6fb591fd2b3c6605eec37ee0ee6a4acb7ae2873d039be0a367cabe9'],1,1,0.0,0.0
07972482-b180-4c1e-a9bf-b7f26bd6fb52,443,口服剂型,NON_DRUG_TREATMENT,lasmiditan的口服给药形式,['1c2d42cf24d5ef41eadbc348176fc20e538136d601d7796de053c8d108164282bc91e627d6fb591fd2b3c6605eec37ee0ee6a4acb7ae2873d039be0a367cabe9'],1,1,0.0,0.0
5284da9b-d843-4ea8-a376-b59d70874592,444,肌内注射或静脉注射,NON_DRUG_TREATMENT,甲氧氯普胺的给药方式,['1c2d42cf24d5ef41eadbc348176fc20e538136d601d7796de053c8d108164282bc91e627d6fb591fd2b3c6605eec37ee0ee6a4acb7ae2873d039be0a367cabe9'],1,1,0.0,0.0
db56d01f-0fbf-4928-b002-229e721c6941,445,偏头痛急性发作期,,,['1c2d42cf24d5ef41eadbc348176fc20e538136d601d7796de053c8d108164282bc91e627d6fb591fd2b3c6605eec37ee0ee6a4acb7ae2873d039be0a367cabe9'],1,2,0.0,0.0
3fdd055e-381d-4db4-9c6c-53df2b4f6955,446,RIMEGEPANTS,DRUG,降钙素基因相关肽受体拮抗剂，推荐剂量75mg/次,['ab02a1307f63358bba10915511264b7bd499a08f4799ccbe749feea02892d3b4576b80b148aafc7d157b4e4ee34994660056fda352cb0162f7687641ca4e1399'],1,4,0.0,0.0
cc74ceda-b279-43a1-917d-243e2fbeb7c9,447,UBROGEPANTS,DRUG,降钙素基因相关肽受体拮抗剂，推荐剂量50~100mg/次,['ab02a1307f63358bba10915511264b7bd499a08f4799ccbe749feea02892d3b4576b80b148aafc7d157b4e4ee34994660056fda352cb0162f7687641ca4e1399'],1,4,0.0,0.0
db2ce4f7-c47a-432a-bbf3-cd22f2646d0d,448,高选择性的5-羟色胺1F受体激动剂,DRUG_CLASS,用于偏头痛急性发作期特异性治疗的药物类别,['ab02a1307f63358bba10915511264b7bd499a08f4799ccbe749feea02892d3b4576b80b148aafc7d157b4e4ee34994660056fda352cb0162f7687641ca4e1399'],1,1,0.0,0.0
298dd1bb-9a86-4cdb-bfce-f95c3e99475b,449,I,RECOMMENDATION_GRADE,强推荐,['ab02a1307f63358bba10915511264b7bd499a08f4799ccbe749feea02892d3b4576b80b148aafc7d157b4e4ee34994660056fda352cb0162f7687641ca4e1399'],1,3,0.0,0.0
8a1bdc27-7197-440f-9ee2-9ffd3e191aa8,450,II,RECOMMENDATION_GRADE,中等强度推荐,['ab02a1307f63358bba10915511264b7bd499a08f4799ccbe749feea02892d3b4576b80b148aafc7d157b4e4ee34994660056fda352cb0162f7687641ca4e1399'],1,3,0.0,0.0
e563c352-ab8f-43cd-8345-7031732b982a,451,A,EVIDENCE_LEVEL,高质量证据,['ab02a1307f63358bba10915511264b7bd499a08f4799ccbe749feea02892d3b4576b80b148aafc7d157b4e4ee34994660056fda352cb0162f7687641ca4e1399'],1,6,0.0,0.0
0f73a62a-de50-45a1-a015-4184a2936bb6,452,比索洛尔,DRUG,比索洛尔是一种选择性β1受体阻滞剂，属于β-受体阻断剂（或称β受体阻滞剂）类药物。它通过选择性地阻断心脏等部位的β1肾上腺素受体，从而降低心率、心肌收缩力和血压，主要用于治疗高血压、心绞痛和心力衰竭等心血管疾病。,"['0652c8adae3332fa149aee4f026b39c62e7a17eb485b6a9171cfa2a1170cb9d5b4facc0b94b7e628e1be7e4b64b0226a483130d776edc7f2d1c5587a8aea09bf'
 '27669660dd2ef05fcd56fd9631f4b9b50b8b6797e69e1e92b945a1dad58714790f64a4bcac88c34640d5aaed32120d47e43547f248dd610ee6a0f16f02c0c9aa'
 'f4b073c881c4fcb05727ee79708bd9cfbb6d3e83237cf1b85e3187dcab07280875c52e63328b7611bc065541e3dd44f41cde68660eeacbdab3bdbfebb4ff5fa2']",3,1,0.0,0.0
e8575459-8de7-4ce8-8234-c5797c5439c3,453,醋丁洛尔,DRUG,具内在拟交感活性的β受体阻滞剂,['0652c8adae3332fa149aee4f026b39c62e7a17eb485b6a9171cfa2a1170cb9d5b4facc0b94b7e628e1be7e4b64b0226a483130d776edc7f2d1c5587a8aea09bf'],1,1,0.0,0.0
8bc42f10-529c-42a3-ad8f-5373eaf10c60,454,阿普洛尔,DRUG,具内在拟交感活性的β受体阻滞剂,['0652c8adae3332fa149aee4f026b39c62e7a17eb485b6a9171cfa2a1170cb9d5b4facc0b94b7e628e1be7e4b64b0226a483130d776edc7f2d1c5587a8aea09bf'],1,0,,
86e6057d-af06-44a3-9d8b-56b1e73e5d29,455,吲哚洛尔,DRUG,具内在拟交感活性的β受体阻滞剂,['0652c8adae3332fa149aee4f026b39c62e7a17eb485b6a9171cfa2a1170cb9d5b4facc0b94b7e628e1be7e4b64b0226a483130d776edc7f2d1c5587a8aea09bf'],1,0,,
d2826f51-fab6-48ad-b1b9-7c76e44bf6fd,456,丙戊酸镁,DRUG,抗癫痫药物,['0652c8adae3332fa149aee4f026b39c62e7a17eb485b6a9171cfa2a1170cb9d5b4facc0b94b7e628e1be7e4b64b0226a483130d776edc7f2d1c5587a8aea09bf'],1,0,,
d3a99111-f675-4bb5-a8f5-3c4de6ef216a,457,抗癫痫药,DRUG_CLASS,**抗癫痫药**是一类用于治疗癫痫发作的药物，同时也常用于预防偏头痛。该类别的代表性药物包括丙戊酸钠（或丙戊酸盐）、托吡酯等。因此，抗癫痫药既涵盖控制癫痫的用途，也扩展至偏头痛的预防性治疗。,"['0652c8adae3332fa149aee4f026b39c62e7a17eb485b6a9171cfa2a1170cb9d5b4facc0b94b7e628e1be7e4b64b0226a483130d776edc7f2d1c5587a8aea09bf'
 '27669660dd2ef05fcd56fd9631f4b9b50b8b6797e69e1e92b945a1dad58714790f64a4bcac88c34640d5aaed32120d47e43547f248dd610ee6a0f16f02c0c9aa'
 'caa24a7186ba46d267f4c153375d46218d52154d378553ff6c732c0f3c8c6453ce1501e3e04e8f0f7bd9265300b413e652f3adce375c8ee1ba81dfab387fa675'
 'ab880573e023cb66c0c136752d5e7ffccf0d4932be602d2e2448ad1fc7dce1cfb7fb5662f82d464e25e609ddd708ccdd5f4804c4c1a77efd91ebfe395094477b']",4,2,0.0,0.0
cfc72114-eca4-448f-84c2-390f16ff0a29,458,育龄女性,POPULATION,具有生育能力的女性人群,['0652c8adae3332fa149aee4f026b39c62e7a17eb485b6a9171cfa2a1170cb9d5b4facc0b94b7e628e1be7e4b64b0226a483130d776edc7f2d1c5587a8aea09bf'],1,0,,
877f5f66-064b-425d-9e26-d0b7441c5a09,459,妊娠期女性,POPULATION,怀孕期间的女性人群,['0652c8adae3332fa149aee4f026b39c62e7a17eb485b6a9171cfa2a1170cb9d5b4facc0b94b7e628e1be7e4b64b0226a483130d776edc7f2d1c5587a8aea09bf'],1,0,,
fcd999d5-cda3-48b3-94c2-ee4ca18a1956,460,Ⅰ级推荐,RECOMMENDATION_GRADE,**Ⅰ级推荐**是指根据临床实践指南或相关证据评估体系，在特定医疗决策或干预措施中被评定为最高级别的推荐等级。该级别通常代表“强推荐”，表明现有高质量证据明确支持该措施的利益大于风险，应在临床实践中予以优先采用。,"['0652c8adae3332fa149aee4f026b39c62e7a17eb485b6a9171cfa2a1170cb9d5b4facc0b94b7e628e1be7e4b64b0226a483130d776edc7f2d1c5587a8aea09bf'
 'f314d43b0a481cdfcb76b0052bb89c14cd5ccb4415cfbb161aed4a4ee2ddf6d350327a4063125f41fb51588cfdde6a22f75faec6eef9db845ed2cd4fb880cc15'
 '824fa1d939d9f4365de203d19b45200969da44ea4f970f3976bff33840fbce6c3f6e083beb7a818d8a4931e3d62deee198ab5524f4accc431cbc98bf553962a7']",3,0,,
4d234477-1e3a-49e8-b67f-81f8461506b9,461,丙戊酸盐,DRUG,丙戊酸盐是一种抗癫痫药物，属于抗癫痫药类别，主要用于治疗癫痫及相关神经系统疾病。,"['f314d43b0a481cdfcb76b0052bb89c14cd5ccb4415cfbb161aed4a4ee2ddf6d350327a4063125f41fb51588cfdde6a22f75faec6eef9db845ed2cd4fb880cc15'
 '27669660dd2ef05fcd56fd9631f4b9b50b8b6797e69e1e92b945a1dad58714790f64a4bcac88c34640d5aaed32120d47e43547f248dd610ee6a0f16f02c0c9aa']",2,0,,
fd532f91-580a-401c-b6bb-2dffd3df3207,462,文拉法辛,DRUG,文拉法辛是一种SNRI类抗抑郁药物，即5-羟色胺和去甲肾上腺素再摄取抑制剂。它主要用于治疗抑郁症和焦虑症，常规每日剂量范围为37.5~150mg。此外，文拉法辛也被应用于预防前庭性偏头痛。,"['f314d43b0a481cdfcb76b0052bb89c14cd5ccb4415cfbb161aed4a4ee2ddf6d350327a4063125f41fb51588cfdde6a22f75faec6eef9db845ed2cd4fb880cc15'
 '27669660dd2ef05fcd56fd9631f4b9b50b8b6797e69e1e92b945a1dad58714790f64a4bcac88c34640d5aaed32120d47e43547f248dd610ee6a0f16f02c0c9aa'
 '1d122b3bada9b702ba09aa102394d4359ead374a3c12e3bdc2a3dd991f3b8ddd94a81ade0f079f91bfb5c84ba3e384469b85a8db5d907c53216a4bd7168b5d3f'
 'caa24a7186ba46d267f4c153375d46218d52154d378553ff6c732c0f3c8c6453ce1501e3e04e8f0f7bd9265300b413e652f3adce375c8ee1ba81dfab387fa675'
 'ab880573e023cb66c0c136752d5e7ffccf0d4932be602d2e2448ad1fc7dce1cfb7fb5662f82d464e25e609ddd708ccdd5f4804c4c1a77efd91ebfe395094477b'
 'f2d956b3558601f0e70fdc3346118b9293d283043264f63f9cbcfff22c35753ec9c3813f6ce97ba179ab425243bf20419f3faea8377896065191a30feb4031f9'
 'f4b073c881c4fcb05727ee79708bd9cfbb6d3e83237cf1b85e3187dcab07280875c52e63328b7611bc065541e3dd44f41cde68660eeacbdab3bdbfebb4ff5fa2'
 '79037074f25246054dfe6498136b54c0df01452fd049cd956a4f9a9e4c77532c26008d4cf6308be9c579313d6ce60601c5cc6ca776fffcfd68434de296336aac'
 '11c0634698f1b7347875b12616c1909792c7694abc899d40d7ebd5ec439a4120d2889190c49c920ac1b66001092494c184732c2cee4eaef6cb0dcc857ebab8b8'
 '8f5751520c653eceb98d31d48f585edba62ef8e1a15de3b3d6838ecbe973a22911b26e5cf43c0492256626194ac47c09313525fab95f5bb1e1e024fa5a13370d'
 'b702dc97591d4fd99e393160ffd9d400dae11ce24461a052ca46b18e565efb9d5c4899a4d3910ff3805503f5ec2f7cfb4c0d882b0fb4ad65273b9abe5b9d8ab3'
 '0054d8619570bb6c0efca76fc0b5d60b2020d45053f0043184d6db81d8b4175c11d3bf6bd1b762bf62da191305d36d6c9842c8a074e437af7b77352179be84b7']",12,9,0.0,0.0
21d15f43-9cd1-4442-9a7b-e38c8b380bcc,463,赖诺普利,DRUG,赖诺普利是一种血管紧张素转换酶抑制剂类药物，属于ACEI/ARB类药物类别。它通过抑制血管紧张素转换酶发挥作用，是临床上用于治疗高血压、心力衰竭等心血管疾病的常用药物之一。,"['f314d43b0a481cdfcb76b0052bb89c14cd5ccb4415cfbb161aed4a4ee2ddf6d350327a4063125f41fb51588cfdde6a22f75faec6eef9db845ed2cd4fb880cc15'
 '27669660dd2ef05fcd56fd9631f4b9b50b8b6797e69e1e92b945a1dad58714790f64a4bcac88c34640d5aaed32120d47e43547f248dd610ee6a0f16f02c0c9aa'
 'ab880573e023cb66c0c136752d5e7ffccf0d4932be602d2e2448ad1fc7dce1cfb7fb5662f82d464e25e609ddd708ccdd5f4804c4c1a77efd91ebfe395094477b'
 'f2d956b3558601f0e70fdc3346118b9293d283043264f63f9cbcfff22c35753ec9c3813f6ce97ba179ab425243bf20419f3faea8377896065191a30feb4031f9'
 'f4b073c881c4fcb05727ee79708bd9cfbb6d3e83237cf1b85e3187dcab07280875c52e63328b7611bc065541e3dd44f41cde68660eeacbdab3bdbfebb4ff5fa2']",5,5,0.0,0.0
70fc8486-dc74-4a3a-abe5-91b77db649e6,464,预防性药物治疗,TREATMENT_PHASE,预防性药物治疗是一种用于预防疾病（如偏头痛）发作的治疗阶段，旨在通过长期或定期用药来减少发作频率、减轻严重程度或降低疾病发生的风险。,"['f314d43b0a481cdfcb76b0052bb89c14cd5ccb4415cfbb161aed4a4ee2ddf6d350327a4063125f41fb51588cfdde6a22f75faec6eef9db845ed2cd4fb880cc15'
 'b702dc97591d4fd99e393160ffd9d400dae11ce24461a052ca46b18e565efb9d5c4899a4d3910ff3805503f5ec2f7cfb4c0d882b0fb4ad65273b9abe5b9d8ab3']",2,3,0.0,0.0
9cf6c72b-438e-4403-a92a-a6b12f7874b2,465,B级证据,EVIDENCE_LEVEL,**B级证据**是指中等质量的证据等级，通常用于表示在临床研究或医学指南中具有中等可靠性的支持数据。这类证据可能基于非随机对照试验、队列研究或病例对照研究等设计，其结论的确定性虽高于低质量证据，但仍存在一定的局限性或偏倚风险。在证据分级体系中，B级证据常作为制定实践建议的中等强度依据。,"['f314d43b0a481cdfcb76b0052bb89c14cd5ccb4415cfbb161aed4a4ee2ddf6d350327a4063125f41fb51588cfdde6a22f75faec6eef9db845ed2cd4fb880cc15'
 '27669660dd2ef05fcd56fd9631f4b9b50b8b6797e69e1e92b945a1dad58714790f64a4bcac88c34640d5aaed32120d47e43547f248dd610ee6a0f16f02c0c9aa'
 '824fa1d939d9f4365de203d19b45200969da44ea4f970f3976bff33840fbce6c3f6e083beb7a818d8a4931e3d62deee198ab5524f4accc431cbc98bf553962a7'
 'e4bdaf3274859fefc17e03819e07cdfc1499b7c702c170402f77909a62e84fff67860e324f4de8c7d3be920148c0a9e004b2a837b69790702ade5d2b83674266']",4,2,0.0,0.0
fd1294e8-142a-40aa-9830-d12a270f8a07,466,Ⅲ级推荐,RECOMMENDATION_GRADE,**Ⅲ级推荐**是一个用于评估或指导体系中的等级分类，通常表示“弱推荐”级别。该等级在相关标准或指南中对应着较低的推荐强度，适用于证据有限或益处与风险相当的情况。因此，“Ⅲ级推荐”与“弱推荐”及“弱推荐等级”含义一致，均指代同一弱推荐层级。,"['f314d43b0a481cdfcb76b0052bb89c14cd5ccb4415cfbb161aed4a4ee2ddf6d350327a4063125f41fb51588cfdde6a22f75faec6eef9db845ed2cd4fb880cc15'
 '27669660dd2ef05fcd56fd9631f4b9b50b8b6797e69e1e92b945a1dad58714790f64a4bcac88c34640d5aaed32120d47e43547f248dd610ee6a0f16f02c0c9aa'
 '824fa1d939d9f4365de203d19b45200969da44ea4f970f3976bff33840fbce6c3f6e083beb7a818d8a4931e3d62deee198ab5524f4accc431cbc98bf553962a7'
 '1d122b3bada9b702ba09aa102394d4359ead374a3c12e3bdc2a3dd991f3b8ddd94a81ade0f079f91bfb5c84ba3e384469b85a8db5d907c53216a4bd7168b5d3f']",4,4,0.0,0.0
eec36c44-9460-435c-b8b0-96c5f8c6c1e0,467,C级证据,EVIDENCE_LEVEL,C级证据是医学或科学领域中用于评估研究质量的一种证据等级，通常被归类为低质量证据。这一等级表明相关研究存在方法学上的局限性、样本量较小或结果的一致性较低，因此在临床决策或指南制定中需谨慎参考。,"['f314d43b0a481cdfcb76b0052bb89c14cd5ccb4415cfbb161aed4a4ee2ddf6d350327a4063125f41fb51588cfdde6a22f75faec6eef9db845ed2cd4fb880cc15'
 '27669660dd2ef05fcd56fd9631f4b9b50b8b6797e69e1e92b945a1dad58714790f64a4bcac88c34640d5aaed32120d47e43547f248dd610ee6a0f16f02c0c9aa'
 '1d122b3bada9b702ba09aa102394d4359ead374a3c12e3bdc2a3dd991f3b8ddd94a81ade0f079f91bfb5c84ba3e384469b85a8db5d907c53216a4bd7168b5d3f']",3,6,0.0,0.0
1528595f-918d-4ce9-8701-4149deeb92d4,468,镁剂（口服）,,,['f314d43b0a481cdfcb76b0052bb89c14cd5ccb4415cfbb161aed4a4ee2ddf6d350327a4063125f41fb51588cfdde6a22f75faec6eef9db845ed2cd4fb880cc15'],1,1,0.0,0.0
68f9ef79-438b-4539-9925-bba1490d0b04,469,偏头痛/发作性偏头痛,,,['f314d43b0a481cdfcb76b0052bb89c14cd5ccb4415cfbb161aed4a4ee2ddf6d350327a4063125f41fb51588cfdde6a22f75faec6eef9db845ed2cd4fb880cc15'],1,1,0.0,0.0
7ad64e84-caaf-400a-a47d-cd154bf42ce2,470,抗抑郁药,DRUG_CLASS,抗抑郁药是一类主要用于治疗抑郁障碍的药物，其常见种类包括阿米替林、文拉法辛（SNRIs 类）以及 SSRIs（选择性5-羟色胺再摄取抑制剂）等。此外，部分抗抑郁药（如阿米替林）也具有预防偏头痛的用途。,"['f314d43b0a481cdfcb76b0052bb89c14cd5ccb4415cfbb161aed4a4ee2ddf6d350327a4063125f41fb51588cfdde6a22f75faec6eef9db845ed2cd4fb880cc15'
 '27669660dd2ef05fcd56fd9631f4b9b50b8b6797e69e1e92b945a1dad58714790f64a4bcac88c34640d5aaed32120d47e43547f248dd610ee6a0f16f02c0c9aa'
 'caa24a7186ba46d267f4c153375d46218d52154d378553ff6c732c0f3c8c6453ce1501e3e04e8f0f7bd9265300b413e652f3adce375c8ee1ba81dfab387fa675'
 'ab880573e023cb66c0c136752d5e7ffccf0d4932be602d2e2448ad1fc7dce1cfb7fb5662f82d464e25e609ddd708ccdd5f4804c4c1a77efd91ebfe395094477b'
 'ce245f775d35ff93a0b71a0da8c38a9daf1441422fdbfc3b5693c0258a3a739d2f29f767a98cf04d1296d0fdc62d345c27fba81c543d719ce7dd4624b66b865d'
 'f4b073c881c4fcb05727ee79708bd9cfbb6d3e83237cf1b85e3187dcab07280875c52e63328b7611bc065541e3dd44f41cde68660eeacbdab3bdbfebb4ff5fa2']",6,2,0.0,0.0
0cf0060a-5c69-46f4-9926-01e20ade354f,471,血管紧张素转换酶抑制剂/血管紧张素Ⅱ受体拮抗剂,DRUG_CLASS,包括坎地沙坦、赖诺普利等药物,['f314d43b0a481cdfcb76b0052bb89c14cd5ccb4415cfbb161aed4a4ee2ddf6d350327a4063125f41fb51588cfdde6a22f75faec6eef9db845ed2cd4fb880cc15'],1,2,0.0,0.0
ce593958-40cc-4a64-adeb-b894e53c8515,472,钙离子拮抗剂,,,['f314d43b0a481cdfcb76b0052bb89c14cd5ccb4415cfbb161aed4a4ee2ddf6d350327a4063125f41fb51588cfdde6a22f75faec6eef9db845ed2cd4fb880cc15'],1,1,0.0,0.0
c2c08e1c-1b57-4087-b8bc-b95c01738e97,473,核黄素,DRUG,核黄素，也称为维生素B2，是一种水溶性维生素，属于B族维生素。它在人体内作为辅酶参与多种能量代谢和氧化还原反应，对维持皮肤、眼睛和神经系统的健康具有重要作用。此外，核黄素在临床上也被用于预防偏头痛，尤其对于某些特定类型的偏头痛患者，补充核黄素可能有助于减少发作频率。,"['27669660dd2ef05fcd56fd9631f4b9b50b8b6797e69e1e92b945a1dad58714790f64a4bcac88c34640d5aaed32120d47e43547f248dd610ee6a0f16f02c0c9aa'
 'f2d956b3558601f0e70fdc3346118b9293d283043264f63f9cbcfff22c35753ec9c3813f6ce97ba179ab425243bf20419f3faea8377896065191a30feb4031f9']",2,4,0.0,0.0
4b74457b-80c7-4a47-8242-3db71e2ed1dc,474,辅酶Q10,DRUG,辅酶Q10是一种辅酶，也是一种营养补充剂。它被用作预防偏头痛的药物。,"['27669660dd2ef05fcd56fd9631f4b9b50b8b6797e69e1e92b945a1dad58714790f64a4bcac88c34640d5aaed32120d47e43547f248dd610ee6a0f16f02c0c9aa'
 'f2d956b3558601f0e70fdc3346118b9293d283043264f63f9cbcfff22c35753ec9c3813f6ce97ba179ab425243bf20419f3faea8377896065191a30feb4031f9'
 'ce245f775d35ff93a0b71a0da8c38a9daf1441422fdbfc3b5693c0258a3a739d2f29f767a98cf04d1296d0fdc62d345c27fba81c543d719ce7dd4624b66b865d']",3,3,0.0,0.0
f358c2cb-a95d-44ba-a619-52e284a1d7a5,475,EPTINEZUMAB,DRUG,EPTINEZUMAB是一种CGRP单克隆抗体类药物，属于靶向降钙素基因相关肽（CGRP）的单克隆抗体药物类别。,"['27669660dd2ef05fcd56fd9631f4b9b50b8b6797e69e1e92b945a1dad58714790f64a4bcac88c34640d5aaed32120d47e43547f248dd610ee6a0f16f02c0c9aa'
 '1d122b3bada9b702ba09aa102394d4359ead374a3c12e3bdc2a3dd991f3b8ddd94a81ade0f079f91bfb5c84ba3e384469b85a8db5d907c53216a4bd7168b5d3f']",2,2,0.0,0.0
058b5264-4fa7-42c6-893c-7c98274cb38e,476,II级推荐,RECOMMENDATION_GRADE,II级推荐,"['27669660dd2ef05fcd56fd9631f4b9b50b8b6797e69e1e92b945a1dad58714790f64a4bcac88c34640d5aaed32120d47e43547f248dd610ee6a0f16f02c0c9aa'
 'e4bdaf3274859fefc17e03819e07cdfc1499b7c702c170402f77909a62e84fff67860e324f4de8c7d3be920148c0a9e004b2a837b69790702ade5d2b83674266']",2,0,,
648d8919-f200-43d9-8087-f828a8b369de,477,III级推荐,RECOMMENDATION_GRADE,III级推荐,"['27669660dd2ef05fcd56fd9631f4b9b50b8b6797e69e1e92b945a1dad58714790f64a4bcac88c34640d5aaed32120d47e43547f248dd610ee6a0f16f02c0c9aa'
 'e4bdaf3274859fefc17e03819e07cdfc1499b7c702c170402f77909a62e84fff67860e324f4de8c7d3be920148c0a9e004b2a837b69790702ade5d2b83674266']",2,0,,
e616dfa5-4371-46c2-acbb-44a046ad3749,478,"I级推荐<｜PLACE▁HOLDER▁NO▁5｜><｜PLACE▁HOLDER▁NO▁5｜><｜PLACE▁HOLDER▁NO▁5｜><｜PLACE▁HOLDER▁NO▁5｜><｜PLACE▁HOLDER▁NO▁5｜><｜PLACE▁HOLDER▁NO▁5｜><｜PLACE▁HOLDER▁NO▁5｜><｜PLACE▁HOLDER▁NO▁5｜><｜PLACE▁HOLDER▁NO▁5｜><｜PLACE▁HOLDER▁NO▁5｜><｜PLACE▁HOLDER▁NO▁5｜><｜PLACE▁HOLDER▁NO▁5｜><｜PLACE▁HOLDER▁NO▁5｜><｜PLACE▁HOLDER▁NO▁5｜><｜PLACE▁HOLDER▁NO▁5｜><｜PLACE▁HOLDER▁NO▁5｜><｜PLACE▁HOLDER▁NO▁5｜><｜PLACE▁HOLDER▁NO▁5｜><｜PLACE▁HOLDER▁NO▁5｜><｜PLACE▁HOLDER▁NO▁5｜><｜PLACE▁HOLDER▁NO▁5｜><｜PLACE▁HOLDER▁NO▁5｜><｜PLACE▁HOLDER▁NO▁5｜><｜PLACE▁HOLDER▁NO▁5｜><｜PLACE▁HOLDER▁NO▁5｜><｜PLACE▁HOLDER▁NO(""ENTITY""",Β-受体阻断剂,DRUG_CLASS,['27669660dd2ef05fcd56fd9631f4b9b50b8b6797e69e1e92b945a1dad58714790f64a4bcac88c34640d5aaed32120d47e43547f248dd610ee6a0f16f02c0c9aa'],1,0,,
6b624f35-4316-46a1-99cf-4cdce38689a4,479,ACEI/ARB,DRUG_CLASS,血管紧张素转化酶抑制剂/血管紧张素II受体拮抗剂,['27669660dd2ef05fcd56fd9631f4b9b50b8b6797e69e1e92b945a1dad58714790f64a4bcac88c34640d5aaed32120d47e43547f248dd610ee6a0f16f02c0c9aa'],1,0,,
dcb6917f-a93d-45cf-8cb0-337ce4865ad1,480,FREMANEZUMAB,DRUG,一种能与CGRP配体结合的人源化单克隆抗体,['824fa1d939d9f4365de203d19b45200969da44ea4f970f3976bff33840fbce6c3f6e083beb7a818d8a4931e3d62deee198ab5524f4accc431cbc98bf553962a7'],1,1,0.0,0.0
1bc74a87-d11f-4539-bc25-023325bbd397,481,GALCANEZUMAB,DRUG,一种结合CGRP配体的人源化单克隆抗体,['824fa1d939d9f4365de203d19b45200969da44ea4f970f3976bff33840fbce6c3f6e083beb7a818d8a4931e3d62deee198ab5524f4accc431cbc98bf553962a7'],1,1,0.0,0.0
2aacd743-c84a-422c-a589-07fa930e8922,482,ERENUMAB,"DRUG<(""ENTITY""","药物过度使用性头痛
靶向CGRP受体的全人源单克隆抗体",['824fa1d939d9f4365de203d19b45200969da44ea4f970f3976bff33840fbce6c3f6e083beb7a818d8a4931e3d62deee198ab5524f4accc431cbc98bf553962a7'],1,4,0.0,0.0
624529d9-3c3f-4a39-a576-f0b25bd75400,483,ATOGEPANT,DRUG,CGRP受体的小分子拮抗剂,['824fa1d939d9f4365de203d19b45200969da44ea4f970f3976bff33840fbce6c3f6e083beb7a818d8a4931e3d62deee198ab5524f4accc431cbc98bf553962a7'],1,1,0.0,0.0
e91cd220-52b5-4161-a028-c2b7a2f78e38,484,A型肉毒毒素,DRUG,A型肉毒毒素是一种由肉毒杆菌释放的嗜神经毒素，属于神经毒素类药物。在临床应用中，它被用作治疗慢性偏头痛的神经毒素制剂，尤其适用于预防慢性偏头痛，通常以肌内注射方式给药，每3个月注射一次。此外，它也被用于治疗前庭性偏头痛。该药物在分类上属于其他类药物。,"['824fa1d939d9f4365de203d19b45200969da44ea4f970f3976bff33840fbce6c3f6e083beb7a818d8a4931e3d62deee198ab5524f4accc431cbc98bf553962a7'
 '1d122b3bada9b702ba09aa102394d4359ead374a3c12e3bdc2a3dd991f3b8ddd94a81ade0f079f91bfb5c84ba3e384469b85a8db5d907c53216a4bd7168b5d3f'
 'caa24a7186ba46d267f4c153375d46218d52154d378553ff6c732c0f3c8c6453ce1501e3e04e8f0f7bd9265300b413e652f3adce375c8ee1ba81dfab387fa675'
 'ab880573e023cb66c0c136752d5e7ffccf0d4932be602d2e2448ad1fc7dce1cfb7fb5662f82d464e25e609ddd708ccdd5f4804c4c1a77efd91ebfe395094477b'
 'ce245f775d35ff93a0b71a0da8c38a9daf1441422fdbfc3b5693c0258a3a739d2f29f767a98cf04d1296d0fdc62d345c27fba81c543d719ce7dd4624b66b865d'
 '0054d8619570bb6c0efca76fc0b5d60b2020d45053f0043184d6db81d8b4175c11d3bf6bd1b762bf62da191305d36d6c9842c8a074e437af7b77352179be84b7']",6,1,0.0,0.0
89a1218c-2856-4ec5-a436-4ea1be4ac8d7,485,CGRP受体单克隆抗体,DRUG_CLASS,靶向CGRP受体的单克隆抗体类药物,['824fa1d939d9f4365de203d19b45200969da44ea4f970f3976bff33840fbce6c3f6e083beb7a818d8a4931e3d62deee198ab5524f4accc431cbc98bf553962a7'],1,0,,
ae7f87af-d32c-401b-8815-cee92a622240,486,皮下注射,NON_DRUG_TREATMENT,通过皮下注射给药的治疗方式,['824fa1d939d9f4365de203d19b45200969da44ea4f970f3976bff33840fbce6c3f6e083beb7a818d8a4931e3d62deee198ab5524f4accc431cbc98bf553962a7'],1,0,,
7217729e-8c4c-4e8d-862b-9d088ae13d36,487,丙戊酸盐（丙戊酸钠/丙戊酸镁）,,,['824fa1d939d9f4365de203d19b45200969da44ea4f970f3976bff33840fbce6c3f6e083beb7a818d8a4931e3d62deee198ab5524f4accc431cbc98bf553962a7'],1,1,0.0,0.0
cc4480e9-1185-407c-b55f-46e5a4ca832b,488,替扎尼定,DRUG,中枢性α2肾上腺素受体激动剂类药物,['1d122b3bada9b702ba09aa102394d4359ead374a3c12e3bdc2a3dd991f3b8ddd94a81ade0f079f91bfb5c84ba3e384469b85a8db5d907c53216a4bd7168b5d3f'],1,0,,
77670464-8b85-4ed0-b385-55f48eb96266,489,CM预防性治疗新型药物,GUIDELINE_RECOMMENDATION,关于慢性偏头痛预防性治疗新型药物的推荐条目,['1d122b3bada9b702ba09aa102394d4359ead374a3c12e3bdc2a3dd991f3b8ddd94a81ade0f079f91bfb5c84ba3e384469b85a8db5d907c53216a4bd7168b5d3f'],1,0,,
8cfb8f68-a949-4139-8c13-d3e1ff0a46a8,490,CM,DISEASE,慢性偏头痛的缩写,['238dd9495214c1f5dabc20718c46f30b60e954190220bd99189450cd340b3ae336482beca52b26e8653e82062dffe95c5d2a0e85373cc3f8dcef7e787492ee35'],1,1,0.0,0.0
dd7f45c5-8d46-4c22-b754-fc3601eade29,491,受体单克隆抗体,DRUG_CLASS,单克隆抗体类药物,['238dd9495214c1f5dabc20718c46f30b60e954190220bd99189450cd340b3ae336482beca52b26e8653e82062dffe95c5d2a0e85373cc3f8dcef7e787492ee35'],1,1,0.0,0.0
e4692399-7eb4-4f42-9219-58fec44538d7,492,级推荐， 级证据,GUIDELINE_RECOMMENDATION,"关于皮下注射剂量的推荐意见
关于使用天舒胶囊的推荐意见",['238dd9495214c1f5dabc20718c46f30b60e954190220bd99189450cd340b3ae336482beca52b26e8653e82062dffe95c5d2a0e85373cc3f8dcef7e787492ee35'],1,1,0.0,0.0
76ad7c36-db5b-44b1-b261-e9673b2d1389,493,Ⅱ级推荐，A级证据,GUIDELINE_RECOMMENDATION,关于皮下注射剂量的推荐意见,['238dd9495214c1f5dabc20718c46f30b60e954190220bd99189450cd340b3ae336482beca52b26e8653e82062dffe95c5d2a0e85373cc3f8dcef7e787492ee35'],1,1,0.0,0.0
c90c2514-399d-486c-b9c5-4dfbc02eef36,494,"预防性治疗<TREATMENT_PHASE><TREATMENT_PHASE><TREATMENT_PHASE><TREATMENT_PHASE><TREATMENT_PHASE><TREATMENT_PHASE><TREATMENT_PHASE><TREATMENT_PHASE><TREATMENT_PHASE><TREATMENT_PHASE><TREATMENT_PHASE><TREATMENT_PHASE><TREATMENT_PHASE><TREATMENT_PHASE><TREATMENT_PHASE><TREATMENT_PHASE><TREATMENT_PHASE><TREATMENT_PHASE><TREATMENT_PHASE><TREATMENT_PHASE><TREATMENT_PHASE><TREATMENT_PHASE><TREATMENT_PHASE><TREATMENT_PHASE><TREATMENT_PHASE><TREATMENT_PHASE><TREATMENT_PHASE><TREATMENT_PHASE><TREATMENT_PHASE><TREATMENT_PHASE><TREATMENT_PHASE><TREATMENT_PHASE><TREATMENT_PHASE><TREATMENT_PHASE><TREATMENT_PHASE><TREATMENT_PHASE><TREATMENT_PHASE><TREATMENT_PHASE><TREATMENT_PHASE><TREATMENT_PHASE><TREATMENT_PHASE><TREATMENT_PHASE><TREATMENT_PHASE><TREATMENT_PHASE><TREATMENT_PHASE><TREATMENT_PHASE><TREATMENT_PHASE><TREATMENT_PHASE><TREATMENT_PHASE><TREATMENT_PHASE><TREATMENT_PHASE><TREATMENT_PHASE><TREATMENT_PHASE><TREATMENT_PHASE><TREATMENT_PHASE><TREATMENT_PHASE><TREATMENT_PHASE><TREATMENT_PHASE><TREATMENT_PHASE>TREATMENT PHASETREATMENT PHASETREATMENT PHASETREATMENT PHASETREATMENT PHASETREATMENT PHASETREATMENT PHASETREATMENT PHASETREATMENT PHASETREATMENT PHASETREATMENT PHASETREATMENT PHASETREATMENT PHASETREATMENT PHASETREATMENT PHASETREATMENT PHASETREATMENT PHASETREATMENT PHASETREATMENT PHASETREATMENT PHASETREATMENT PHASETREATMENT PHASETREATMENT PHASETREATMENT PHASETREATMENT PHASETREATMENT PHASETREATMENT PHASETREATMENT PHASETREATMENT PHASETREATMENT PHASETREATMENT PHASETREATMENT PHASETREATMENT PHASETREATMENT PHASETREATMENT PHASETREATMENT PHASETREATMENT PHASETREATMENT PHASETREATMENT PHASETREATMENT PHASETREATMENT PHASETREATMENT PHASETREATMENT PHASETREATMENT PHASETREATMENT PHASETREATMENT PHASETREATMENT PHASETREATMENT PHASETREATMENT PHASETREATMENT PHASETREATMENT PHASETREATMENT PHASETREATMENT PHASETREATMENT PHASETREATMENT PHASE(""ENTITY""",偏头痛,DISEASE,['238dd9495214c1f5dabc20718c46f30b60e954190220bd99189450cd340b3ae336482beca52b26e8653e82062dffe95c5d2a0e85373cc3f8dcef7e787492ee35'],1,0,,
fcf4aaa9-b870-4324-b06d-f1f5acfceb91,495,远隔电神经调控,NON_DRUG_TREATMENT,远隔电神经调控是一种神经调控技术，也是一种通过电刺激实现神经功能调节的方法。,"['88308954a8d2d7586ca8cc75b1b11f9449934357376dc59c92ced6f46cf1845fa46e9148292d5c59387ef0e4995324fa9a855891a896a148c086de27d054fc7a'
 'e4bdaf3274859fefc17e03819e07cdfc1499b7c702c170402f77909a62e84fff67860e324f4de8c7d3be920148c0a9e004b2a837b69790702ade5d2b83674266']",2,5,0.0,0.0
0762af96-9360-4fa3-a857-d4cb1d13fe40,496,初级运动皮质区高频重复经颅磁刺激,NON_DRUG_TREATMENT,初级运动皮质区高频重复经颅磁刺激是一种神经调控技术或方法，通过在高频条件下对大脑初级运动皮质区进行重复的经颅磁刺激，以调节相关神经回路的兴奋性和功能。,"['88308954a8d2d7586ca8cc75b1b11f9449934357376dc59c92ced6f46cf1845fa46e9148292d5c59387ef0e4995324fa9a855891a896a148c086de27d054fc7a'
 'e4bdaf3274859fefc17e03819e07cdfc1499b7c702c170402f77909a62e84fff67860e324f4de8c7d3be920148c0a9e004b2a837b69790702ade5d2b83674266']",2,3,0.0,0.0
945c63bd-be4b-4cc1-9147-01ed60bbe86b,497,眶上神经电刺激,NON_DRUG_TREATMENT,眶上神经电刺激是一种神经调控技术或方法，通过电流刺激眶上神经区域来调节神经活动，常用于治疗头痛、偏头痛等神经系统相关疾病。,"['88308954a8d2d7586ca8cc75b1b11f9449934357376dc59c92ced6f46cf1845fa46e9148292d5c59387ef0e4995324fa9a855891a896a148c086de27d054fc7a'
 'e4bdaf3274859fefc17e03819e07cdfc1499b7c702c170402f77909a62e84fff67860e324f4de8c7d3be920148c0a9e004b2a837b69790702ade5d2b83674266']",2,4,0.0,0.0
611637b2-1a99-4213-80e3-44e6a867179d,498,经皮神经电刺激,NON_DRUG_TREATMENT,经皮神经电刺激是一种神经调控技术，也是一种通过电流作用于外周神经以调节神经功能的非侵入性治疗方法。,"['88308954a8d2d7586ca8cc75b1b11f9449934357376dc59c92ced6f46cf1845fa46e9148292d5c59387ef0e4995324fa9a855891a896a148c086de27d054fc7a'
 'e4bdaf3274859fefc17e03819e07cdfc1499b7c702c170402f77909a62e84fff67860e324f4de8c7d3be920148c0a9e004b2a837b69790702ade5d2b83674266']",2,4,0.0,0.0
05ff00c2-9a18-4c18-b4f6-2203e7d10b2e,499,药物不耐受或疗效不佳的患者,POPULATION,对药物不耐受或治疗效果不佳的偏头痛患者群体,['88308954a8d2d7586ca8cc75b1b11f9449934357376dc59c92ced6f46cf1845fa46e9148292d5c59387ef0e4995324fa9a855891a896a148c086de27d054fc7a'],1,5,0.0,0.0
b3e93546-76ab-4e44-ad7a-aac2e9a6b094,500,月经性偏头痛,DISEASE,**月经性偏头痛**是一种与月经周期相关的特殊偏头痛类型。它通常没有先兆，发作时间较长，且疼痛程度较一般偏头痛更为剧烈。根据发作与月经期的关系，可进一步分为单纯型、月经相关型和非月经型等亚类。,"['b1ee9fca7026d9a451701ab580130239412496d9c903653e2dffdb84d5e68840671b7da965cc3cea481a2b77c5e406d3237826861317b0a52491a46758b864ff'
 '9f81bb0dfa68383ef965a49ec91f6381dd3ee979affcba00e97739485898f4879f056536be963c4b75267f7db88acc08239fdabffc0c8e50fe78058d83d6a55b'
 'd5d200ef93d93866b561dd8cb03e74a5748e8ae0aaab5cbd52d2ab857fd174e745f411979e64d9bfd7d0aee4e5fdafde72f1564a9a8224b23a51382462516ff6'
 'f72233ede15c2dc81218d7f98944f4209aa7e8bb9f6126c542a9998661b0591c528ba82b118b3431299cd79041f10bc9c4b3ae009e206f21a3c91060b5431cae'
 'e39433eef3f59bb2bbddbab5bdebd461a1380645820dfc011d01cc24749184bd0555fd7e8aed1306a32718535e5ec92c234dee2031f4b07f8a3e1357dc93c88f']",5,13,0.0,0.0
30bcee41-10a3-459b-8a16-b812fb7ae27f,501,神经调控治疗,NON_DRUG_TREATMENT,神经调控治疗是一种超越传统界限的常用非药物治疗方法，通常作为药物不耐受或疗效不佳时的尝试性治疗方案。,"['b1ee9fca7026d9a451701ab580130239412496d9c903653e2dffdb84d5e68840671b7da965cc3cea481a2b77c5e406d3237826861317b0a52491a46758b864ff'
 '23fb6bb01b39562a2f5493105ef2668bd91bc439253ab79da46be14980613e5e77186648ab6cdc7fb1a630b35f030ed5d1c263991d555d9ca25230eb0ef80a7b'
 '0e3088f94fd74dd0bf54ce4fe7dfb492db7a4fa8eeed4a699f6992bc1606d3f05b5845dea1e8d94b3b6a8c011887384eb0757bbf3764f608225b6b1ce8e9ffc0']",3,4,0.0,0.0
610aa711-e5eb-4070-87ea-d957c5dbddbb,502,生物反馈治疗,NON_DRUG_TREATMENT,生物反馈治疗是一种超越传统界限的治疗方法，它通过仪器实时监测并反馈个体的生理信号（如心率、肌电、皮温等），帮助患者学习有意识地调节这些生理过程，从而达到治疗或改善身心健康的目的。,"['b1ee9fca7026d9a451701ab580130239412496d9c903653e2dffdb84d5e68840671b7da965cc3cea481a2b77c5e406d3237826861317b0a52491a46758b864ff'
 '571033fb76c267906f15ebc5bb424e0f22da46345f9e8d60796f1d2d96929a6859c3df74ee25d5709bc2e5f464a592d92b8f77bf57b9a0d0c1e941963385ad77']",2,3,0.0,0.0
c5f6587e-8a5d-42ad-866f-d19d9bd5a965,503,夫罗曲普坦,DRUG,用于偏头痛的急性发作期治疗及月经性偏头痛的短期预防,['b1ee9fca7026d9a451701ab580130239412496d9c903653e2dffdb84d5e68840671b7da965cc3cea481a2b77c5e406d3237826861317b0a52491a46758b864ff'],1,3,0.0,0.0
a6b9c741-3fba-4306-b69e-fca1673301f8,504,GEPANTS 药物,DRUG_CLASS,部分药物可用于此治疗方法,['b1ee9fca7026d9a451701ab580130239412496d9c903653e2dffdb84d5e68840671b7da965cc3cea481a2b77c5e406d3237826861317b0a52491a46758b864ff'],1,2,0.0,0.0
c2b3c508-5ed6-4bec-86aa-453d83323d50,505,急性发作与预防双重疗效治疗方法,,,['b1ee9fca7026d9a451701ab580130239412496d9c903653e2dffdb84d5e68840671b7da965cc3cea481a2b77c5e406d3237826861317b0a52491a46758b864ff'],1,4,0.0,0.0
65d934f8-c31b-4493-af8b-78aebe90c5ec,506,运动,NON_DRUG_TREATMENT,常用的非药物治疗方法之一,['23fb6bb01b39562a2f5493105ef2668bd91bc439253ab79da46be14980613e5e77186648ab6cdc7fb1a630b35f030ed5d1c263991d555d9ca25230eb0ef80a7b'],1,1,0.0,0.0
c4566bb0-2531-4c11-900e-f9b64a859ca5,507,饮食调节,NON_DRUG_TREATMENT,常用的非药物治疗方法之一,['23fb6bb01b39562a2f5493105ef2668bd91bc439253ab79da46be14980613e5e77186648ab6cdc7fb1a630b35f030ed5d1c263991d555d9ca25230eb0ef80a7b'],1,1,0.0,0.0
e850e845-e1d1-4404-8149-ee4ecf9e640d,508,行为疗法,NON_DRUG_TREATMENT,行为疗法是一种常用的非药物治疗方法，其具体形式包括放松训练、生物反馈和认知行为疗法等。,"['23fb6bb01b39562a2f5493105ef2668bd91bc439253ab79da46be14980613e5e77186648ab6cdc7fb1a630b35f030ed5d1c263991d555d9ca25230eb0ef80a7b'
 'ff40d9d77831c63126abcff57c0dc9b00a0481a114fd14b41eb87b1817126e86e2d78f953b428ca1a255ba69368d9aad3a9cfb384173b77490f104c4d8e6c2c0']",2,2,0.0,0.0
536d6d9d-9693-4a17-8d42-4c7f4a9f5966,509,正念疗法,NON_DRUG_TREATMENT,常用的非药物治疗方法之一,['23fb6bb01b39562a2f5493105ef2668bd91bc439253ab79da46be14980613e5e77186648ab6cdc7fb1a630b35f030ed5d1c263991d555d9ca25230eb0ef80a7b'],1,1,0.0,0.0
be03db3f-d8c3-46f5-826d-bb50ab23ccfe,510,"II级推荐,A级推荐",GUIDELINE_RECOMMENDATION,关于远隔电神经调控用于急性发作期治疗的推荐意见和证据等级,['e4bdaf3274859fefc17e03819e07cdfc1499b7c702c170402f77909a62e84fff67860e324f4de8c7d3be920148c0a9e004b2a837b69790702ade5d2b83674266'],1,0,,
0c0f1c86-c3de-4618-b8da-4c93ab8a0769,511,"II级推荐,B级证据",GUIDELINE_RECOMMENDATION,关于单脉冲经颅磁刺激用于急性发作期治疗的推荐意见和证据等级,['e4bdaf3274859fefc17e03819e07cdfc1499b7c702c170402f77909a62e84fff67860e324f4de8c7d3be920148c0a9e004b2a837b69790702ade5d2b83674266'],1,0,,
c1b79b44-8122-4a39-bf0b-ea33865ca6e3,512,"III级推荐,B级证据",GUIDELINE_RECOMMENDATION,关于眶上神经电刺激用于预防性治疗的推荐意见和证据等级,['e4bdaf3274859fefc17e03819e07cdfc1499b7c702c170402f77909a62e84fff67860e324f4de8c7d3be920148c0a9e004b2a837b69790702ade5d2b83674266'],1,0,,
23abdcdc-614e-44b2-b110-881b6142c030,513,A级推荐,RECOMMENDATION_GRADE,A级推荐,['e4bdaf3274859fefc17e03819e07cdfc1499b7c702c170402f77909a62e84fff67860e324f4de8c7d3be920148c0a9e004b2a837b69790702ade5d2b83674266'],1,0,,
4548c37b-bf0b-4087-adea-65057bf2b50d,514,"II级推荐,B级证据 (预防)",GUIDELINE_RECOMMENDATION,关于眶上神经电刺激用于急性发作期治疗的推荐意见和证据等级,['e4bdaf3274859fefc17e03819e07cdfc1499b7c702c170402f77909a62e84fff67860e324f4de8c7d3be920148c0a9e004b2a837b69790702ade5d2b83674266'],1,0,,
b7f22f7a-fee8-4444-bba4-f297d2d97b52,515,"III级推荐,B级证据 (预防)",GUIDELINE_RECOMMENDATION,关于眶上神经电刺激用于预防性治疗的推荐意见和证据等级,['e4bdaf3274859fefc17e03819e07cdfc1499b7c702c170402f77909a62e84fff67860e324f4de8c7d3be920148c0a9e004b2a837b69790702ade5d2b83674266'],1,0,,
c94a06eb-e548-4572-9a1d-8bb8347f8917,516,"II级推荐,B级证据 (运动皮质)",GUIDELINE_RECOMMENDATION,关于初级运动皮质区高频重复经颅磁刺激用于预防性治疗的推荐意见和证据等级,['e4bdaf3274859fefc17e03819e07cdfc1499b7c702c170402f77909a62e84fff67860e324f4de8c7d3be920148c0a9e004b2a837b69790702ade5d2b83674266'],1,0,,
561737d0-fd6e-4efc-a706-884ad5ac27b2,517,"III级推荐,B级证据 (经皮)",GUIDELINE_RECOMMENDATION,关于经皮神经电刺激用于预防性治疗的推荐意见和证据等级,['e4bdaf3274859fefc17e03819e07cdfc1499b7c702c170402f77909a62e84fff67860e324f4de8c7d3be920148c0a9e004b2a837b69790702ade5d2b83674266'],1,0,,
e4cb597a-c7ee-4438-9f3d-3a005865f82b,518,有氧运动,NON_DRUG_TREATMENT,一种运动形式，可减少偏头痛发作天数并提高生活质量,['cf6560c767b9165c044e09371c8f7ee8b1b362c41d3972f1359a4a04bdf6c98613429167ddc37d13b276146275fe8dbef99bf59168f48c665d44b1108e8b33b2'],1,2,0.0,0.0
9b6e30ef-3db1-434f-86a4-196fd6c79b16,519,瑜伽,NON_DRUG_TREATMENT,瑜伽是一种运动方式，可作为偏头痛预防的辅助治疗，有助于减轻偏头痛的频率和强度。,"['cf6560c767b9165c044e09371c8f7ee8b1b362c41d3972f1359a4a04bdf6c98613429167ddc37d13b276146275fe8dbef99bf59168f48c665d44b1108e8b33b2'
 'b7e036cfc0af89cf534a04c0ac3f2fbc6e874136c11185ada17d5096022d926e9e2a09a1ed4b0e1ea393f799d3d6d782ee1649ce5ddcc0bd974e684c92a1a789']",2,1,0.0,0.0
88c5c67f-2e8f-404d-8c2a-bb258721caf6,520,预防,TREATMENT_PHASE,预防偏头痛发作的治疗阶段,['cf6560c767b9165c044e09371c8f7ee8b1b362c41d3972f1359a4a04bdf6c98613429167ddc37d13b276146275fe8dbef99bf59168f48c665d44b1108e8b33b2'],1,0,,
5099e95d-5423-484e-ae86-cda8318029a6,521,偏头痛患者,POPULATION,患有偏头痛的人群,['cf6560c767b9165c044e09371c8f7ee8b1b362c41d3972f1359a4a04bdf6c98613429167ddc37d13b276146275fe8dbef99bf59168f48c665d44b1108e8b33b2'],1,2,0.0,0.0
c188f575-9676-43e9-bc1b-8e0220f9f2a9,522,建议偏头痛患者每周进行有氧运动,GUIDELINE_RECOMMENDATION,推荐意见：建议偏头痛患者每周进行有氧运动,['cf6560c767b9165c044e09371c8f7ee8b1b362c41d3972f1359a4a04bdf6c98613429167ddc37d13b276146275fe8dbef99bf59168f48c665d44b1108e8b33b2'],1,4,0.0,0.0
2ec1851e-043d-4b41-a23b-2eab6c1590c9,523,级推荐,RECOMMENDATION_GRADE,推荐强度等级,"['cf6560c767b9165c044e09371c8f7ee8b1b362c41d3972f1359a4a04bdf6c98613429167ddc37d13b276146275fe8dbef99bf59168f48c665d44b1108e8b33b2'
 'ccbf411f1a66481699252f8cb9e85d8df150e97c43a6b3c3f919ffbc45859680e8bf5b6f2d63ef233da57cdc721b8950ef6a39a756dc89bd366ef297bf01c26a'
 'ff40d9d77831c63126abcff57c0dc9b00a0481a114fd14b41eb87b1817126e86e2d78f953b428ca1a255ba69368d9aad3a9cfb384173b77490f104c4d8e6c2c0']",3,3,0.0,0.0
52cea7c6-3651-4c13-84cb-4a213217b2ae,524,饮食干预,NON_DRUG_TREATMENT,通过调整饮食影响偏头痛发作频率及程度的干预方法,['ccbf411f1a66481699252f8cb9e85d8df150e97c43a6b3c3f919ffbc45859680e8bf5b6f2d63ef233da57cdc721b8950ef6a39a756dc89bd366ef297bf01c26a'],1,5,0.0,0.0
5c158e90-3323-41f5-977c-05c6a6a732de,525,低血糖指数饮食,NON_DRUG_TREATMENT,一种特殊类型的饮食干预,['ccbf411f1a66481699252f8cb9e85d8df150e97c43a6b3c3f919ffbc45859680e8bf5b6f2d63ef233da57cdc721b8950ef6a39a756dc89bd366ef297bf01c26a'],1,2,0.0,0.0
6f370ebc-28c3-47b9-9483-6e13112c6f7e,526,生酮饮食,NON_DRUG_TREATMENT,一种特殊类型的饮食干预,['ccbf411f1a66481699252f8cb9e85d8df150e97c43a6b3c3f919ffbc45859680e8bf5b6f2d63ef233da57cdc721b8950ef6a39a756dc89bd366ef297bf01c26a'],1,2,0.0,0.0
004382e9-1c54-4ad4-86c2-25f99f03b4c2,527,二十二碳六烯酸（DHA）饮食,NON_DRUG_TREATMENT,一种特殊类型的饮食干预,['ccbf411f1a66481699252f8cb9e85d8df150e97c43a6b3c3f919ffbc45859680e8bf5b6f2d63ef233da57cdc721b8950ef6a39a756dc89bd366ef297bf01c26a'],1,2,0.0,0.0
d823897a-d102-4442-8b09-7cb1c1735459,528,二十碳五烯酸（EPA）饮食,NON_DRUG_TREATMENT,一种特殊类型的饮食干预,['ccbf411f1a66481699252f8cb9e85d8df150e97c43a6b3c3f919ffbc45859680e8bf5b6f2d63ef233da57cdc721b8950ef6a39a756dc89bd366ef297bf01c26a'],1,2,0.0,0.0
783f8712-f67d-4966-a90c-852d6da33fda,529,规律健康饮食,GUIDELINE_RECOMMENDATION,建议偏头痛患者规律健康饮食,['ccbf411f1a66481699252f8cb9e85d8df150e97c43a6b3c3f919ffbc45859680e8bf5b6f2d63ef233da57cdc721b8950ef6a39a756dc89bd366ef297bf01c26a'],1,3,0.0,0.0
7a381b76-fbfd-42f1-a833-2c1e2af94c7c,530,正念减压疗法,NON_DRUG_TREATMENT,可减少偏头痛失能、改善生活质量的疗法,['ff40d9d77831c63126abcff57c0dc9b00a0481a114fd14b41eb87b1817126e86e2d78f953b428ca1a255ba69368d9aad3a9cfb384173b77490f104c4d8e6c2c0'],1,1,0.0,0.0
0196593f-1074-44d5-905a-74c773856591,531,辅助治疗,TREATMENT_PHASE,作为主要治疗的补充治疗阶段,['ff40d9d77831c63126abcff57c0dc9b00a0481a114fd14b41eb87b1817126e86e2d78f953b428ca1a255ba69368d9aad3a9cfb384173b77490f104c4d8e6c2c0'],1,0,,
8ed535ff-fa7d-4491-8f37-28ab1beb5c8c,532,共病焦虑抑郁患者,POPULATION,同时患有焦虑抑郁的患者群体,['ff40d9d77831c63126abcff57c0dc9b00a0481a114fd14b41eb87b1817126e86e2d78f953b428ca1a255ba69368d9aad3a9cfb384173b77490f104c4d8e6c2c0'],1,1,0.0,0.0
bea21670-a3c2-48d6-8673-c62d7aeaa345,533,卵圆孔未闭封堵,NON_DRUG_TREATMENT,针对卵圆孔未闭的介入治疗方法,['ff40d9d77831c63126abcff57c0dc9b00a0481a114fd14b41eb87b1817126e86e2d78f953b428ca1a255ba69368d9aad3a9cfb384173b77490f104c4d8e6c2c0'],1,1,0.0,0.0
e41cbe5b-bb87-4b39-baf6-faef9091bb30,534,行为疗法或正念减压疗法作为辅助治疗,,,['ff40d9d77831c63126abcff57c0dc9b00a0481a114fd14b41eb87b1817126e86e2d78f953b428ca1a255ba69368d9aad3a9cfb384173b77490f104c4d8e6c2c0'],1,3,0.0,0.0
19f6e404-7539-4495-b9df-559faea92871,535,"药物治疗的辅助治疗<TREATMENT_PHASE><|<>>用于辅助治疗阶段)<|<>>8)(""ENTITY""",,,['ff40d9d77831c63126abcff57c0dc9b00a0481a114fd14b41eb87b1817126e86e2d78f953b428ca1a255ba69368d9aad3a9cfb384173b77490f104c4d8e6c2c0'],1,1,0.0,0.0
abc6ab7a-56c6-43b5-be23-9a5d90c036fd,536,外科手术治疗,NON_DRUG_TREATMENT,"
针对偏头痛的一种外科干预方法",['838241ab5933736345582486aa6a3c6ef34a8b5a5925ec6ed7838c7f2497326ae8b621d6dde31f95ad5e05a336393553e96c0d236222b23ad140bc513bf0cfd7'],1,1,0.0,0.0
fc297dd7-8622-45d7-a1ad-882cdb335581,537,推荐使用曲普坦类药物进行急性期治疗,GUIDELINE_RECOMMENDATION,针对偏头痛急性期的药物推荐,['00a0c1db6485e7cbac54a732052006a67c99da84f0e4ae3b0b5ef4c9c184759efc49103ab0655d3717b6119de694b25d045ac14ada547d3f5696cd69ad0fcb0b'],1,6,0.0,0.0
4f2e19fd-e88b-4f5a-b1c1-ff6800e73d9b,538,证据等级为A级,EVIDENCE_LEVEL,高质量证据支持该推荐,['00a0c1db6485e7cbac54a732052006a67c99da84f0e4ae3b0b5ef4c9c184759efc49103ab0655d3717b6119de694b25d045ac14ada547d3f5696cd69ad0fcb0b'],1,1,0.0,0.0
03cfef45-1fcc-406a-b00e-4b9430639a4c,539,推荐强度：强,RECOMMENDATION_GRADE,强烈建议采纳该推荐,['00a0c1db6485e7cbac54a732052006a67c99da84f0e4ae3b0b5ef4c9c184759efc49103ab0655d3717b6119de694b25d045ac14ada547d3f5696cd69ad0fcb0b'],1,1,0.0,0.0
1fc63076-9dca-4766-ab98-75846da2623a,540,2022 版,GUIDELINE_EDITION,本指南的版本,['d19fccabb943e5d8c1308d240fc605b6240a28438a298546a35dd33f5bc6582658081ad0351a8748a5dc19573d8114ce86a48897f22c5caf58445d8459cb004f'],1,1,0.0,0.0
3c9b5a4f-bc65-4a90-b1cb-640efd2d4d84,541,2011年第一版《中国偏头痛诊治指南》,GUIDELINE_EDITION,第一版《中国偏头痛诊治指南》,['d19fccabb943e5d8c1308d240fc605b6240a28438a298546a35dd33f5bc6582658081ad0351a8748a5dc19573d8114ce86a48897f22c5caf58445d8459cb004f'],1,1,0.0,0.0
03799adc-c962-4fc4-b2f7-1dbf785e4da3,542,2016年第二版《中国偏头痛诊治指南》,GUIDELINE_EDITION,第二版《中国偏头痛诊治指南》,['d19fccabb943e5d8c1308d240fc605b6240a28438a298546a35dd33f5bc6582658081ad0351a8748a5dc19573d8114ce86a48897f22c5caf58445d8459cb004f'],1,1,0.0,0.0
4c388c65-8e37-422e-bcd3-ddc02edb754b,543,2016版,GUIDELINE_EDITION,指南的2016年版本,['33adf6669c49ae17123199758ecf1487a0e24187cf6dbde030ff357cd1e47a649457fae65658e881b9b0899b0a295f4aa42389d01e4bf17584c84704d42b1d3c'],1,1,0.0,0.0
945b09f1-ebe8-419e-87cb-606ce9556323,544,诊断及治疗,THERAPY,对疾病的识别和干预过程,['33adf6669c49ae17123199758ecf1487a0e24187cf6dbde030ff357cd1e47a649457fae65658e881b9b0899b0a295f4aa42389d01e4bf17584c84704d42b1d3c'],1,0,,
39a316a5-0cf6-401c-bb63-11711db362a8,545,规范化诊治,GUIDELINE_RECOMMENDATION,规范化诊治是指为疾病提供标准化的诊断和治疗指导，旨在提高临床医师对该疾病的认识和临床管理质量。,"['33adf6669c49ae17123199758ecf1487a0e24187cf6dbde030ff357cd1e47a649457fae65658e881b9b0899b0a295f4aa42389d01e4bf17584c84704d42b1d3c'
 '4d614813ef93f4296ee032fe8652cfed397cfe74f9d8615a9f8ea5305779c387bfe96edbcc173730f8bd2da4e6b3bf63b7ae1392891b51ee6f19231d983e1219']",2,1,0.0,0.0
dfedc6b1-e56b-46ea-a632-f5c3d9662611,546,指南制订专家组,GUIDELINE,负责编写指南的专家团队,['4a919c2eaa6622de2df650fbdb22bbca02a71a9afa49b9f801247e9714978bd7937f1df2f4f17db269de1997fb6f0f467567220ba371628962cbee4507970af5'],1,1,0.0,0.0
73128169-dc85-498a-96b4-3640b7b2710d,547,中国制订/修订临床诊疗指南的指导原则（2022版）,GUIDELINE_EDITION,2022年中华医学会发布的指南制订方法文件,['c52d4fb3c1c2a58fb99dfeeb78bfe51da638a27a4abfcef7d0cb3948c51de50d2729c8ee4cee4f8adf245630d4023485532b131e9d6003d6ee0a8955a0dd2a5c'],1,1,0.0,0.0
d02d071d-d772-4506-91c4-60ba68816908,548,国际实践指南报告标准 (RIGHT),GUIDELINE,国际实践指南报告标准,['c52d4fb3c1c2a58fb99dfeeb78bfe51da638a27a4abfcef7d0cb3948c51de50d2729c8ee4cee4f8adf245630d4023485532b131e9d6003d6ee0a8955a0dd2a5c'],1,1,0.0,0.0
e92a5cbe-208d-4e57-8c42-0bbf41458f4c,549,指南研究与评价 (AGREE II) 工具,GUIDELINE,指南研究与评价工具,['c52d4fb3c1c2a58fb99dfeeb78bfe51da638a27a4abfcef7d0cb3948c51de50d2729c8ee4cee4f8adf245630d4023485532b131e9d6003d6ee0a8955a0dd2a5c'],1,1,0.0,0.0
6d0178be-cb7e-44ae-b377-78ed0c60bdfa,550,2022年11月以前,GUIDELINE_EDITION,指南检索文献的时间范围截止至2022年11月,['c3f6d83d2ebd726a336da083ea57191d386f3dd09b4028d8f25be210bd0d0c1cc525ebefe037be08523445ec8f6458d3bcc1e0889571b471d5471a657e9d35e6'],1,1,0.0,0.0
ef88ce60-fadb-4293-80ad-f280bbd14c02,551,4级,EVIDENCE_LEVEL,将证据质量分为4级,['c3f6d83d2ebd726a336da083ea57191d386f3dd09b4028d8f25be210bd0d0c1cc525ebefe037be08523445ec8f6458d3bcc1e0889571b471d5471a657e9d35e6'],1,1,0.0,0.0
a884c45c-6b60-44dd-9f88-d9075065a05e,552,推荐强度分级,RECOMMENDATION_GRADE,**推荐强度分级**是指根据特定标准（如表1中所定义）对推荐意见的强度进行等级划分的分类体系。该分级通常包括“强”（对应级别1）和“弱”（对应级别2）等不同级别，用以明确建议的证据支持程度或临床适用性的强弱差异。,"['b6978ecd73eb039a3d5f6955b3e9166b875eefe1f277baed3f7b3270d87d5bc929a91f1edf19c20b6a2a48d4ea9ed42d5bbdb824426fdda4bbf3a8748a5125ef'
 '3b0f664f0ab6f6b621a0fbc1704ccc47b2f2142048df8c79dbaecda250a4e4d9799e7a03d91dcdd7e34ffd14252659da79f404611807085c1a133e0a3a2c4c29']",2,5,0.0,0.0
29b586e8-a59e-4058-a81c-bc306e2e0889,553,证据质量分级,,,['b6978ecd73eb039a3d5f6955b3e9166b875eefe1f277baed3f7b3270d87d5bc929a91f1edf19c20b6a2a48d4ea9ed42d5bbdb824426fdda4bbf3a8748a5125ef'],1,9,0.0,0.0
894ec75b-5b9a-42ac-9f86-8d357ec6473c,554,普通成年人群,POPULATION,"
普通成年人群体",['9aa94102f7aba158ea3d373dbed33256cdf4db0dc5ffab4f7b99e7762c42772dde40488fb6f98144b7fb43ac908c855ac1adefb19d619a368ad6190b2a5f6666'],1,1,0.0,0.0
03dabc9f-42bb-41f0-9fff-836fbad1b2f7,555,男性,POPULATION,男性是指在VM病人中少于女性的群体，属于整体男性群体的一部分。,"['9aa94102f7aba158ea3d373dbed33256cdf4db0dc5ffab4f7b99e7762c42772dde40488fb6f98144b7fb43ac908c855ac1adefb19d619a368ad6190b2a5f6666'
 '148bb5ee1d2a73e26a81fe913e4da61f1347f1bc2dd855a432013c63e266eed6d08d8d2527f8195020d488dedebf886e6ad42aeaaf088b7a0af40376a96f29b8'
 '9163fe7435849a7229155d8ca9fe8afb3d35668734997cd20886f4de306ee0454721bd14840948a902a0df8ed0b7e53a94617524c099950812ad5a62fa108249']",3,1,0.0,0.0
082d392d-41f1-451d-9b86-8b2d9ddee321,556,18~65岁人群,POPULATION,年龄在18至65岁之间的人群,['9aa94102f7aba158ea3d373dbed33256cdf4db0dc5ffab4f7b99e7762c42772dde40488fb6f98144b7fb43ac908c855ac1adefb19d619a368ad6190b2a5f6666'],1,1,0.0,0.0
fb0ca29f-77bc-4651-9df4-e5247c7bc30c,557,青少年,POPULATION,青少年群体,['9aa94102f7aba158ea3d373dbed33256cdf4db0dc5ffab4f7b99e7762c42772dde40488fb6f98144b7fb43ac908c855ac1adefb19d619a368ad6190b2a5f6666'],1,1,0.0,0.0
9c1ab6e3-ec01-4859-ba70-b2564e27c436,558,老年人,POPULATION,老年人群,['9aa94102f7aba158ea3d373dbed33256cdf4db0dc5ffab4f7b99e7762c42772dde40488fb6f98144b7fb43ac908c855ac1adefb19d619a368ad6190b2a5f6666'],1,1,0.0,0.0
c14079f6-f7de-42fe-8423-2d3b85cf1112,559,50岁以上人群,POPULATION,年龄超过50岁的人群,['9aa94102f7aba158ea3d373dbed33256cdf4db0dc5ffab4f7b99e7762c42772dde40488fb6f98144b7fb43ac908c855ac1adefb19d619a368ad6190b2a5f6666'],1,1,0.0,0.0
d2d87cd6-f006-46a0-9f4e-84783a2215c5,560,皮层扩散性抑制,NON_DRUG_TREATMENT,"
参与偏头痛先兆发生的电生理现象",['6eb2b8b1524c28bc0053cbf873e3f40259309b5b241c9683197232afd54506ef35025bdf2e5057b9d6599f2a444874e8de0ded9c45c717c0766a48884f2aee4b'],1,1,0.0,0.0
7e96821e-3b06-4dee-9489-c33b7815ea01,561,前驱期,TREATMENT_PHASE,前驱期是偏头痛发作的临床表现分期之一，指出现在头痛发作前的几小时至2天内的阶段。,"['25b18de388931f8903d37959a37f3008502eecf4bb47d5e0221a8a2b9580f0a624fb2dc29dadc578ed1b3c682a20fea6cb4dc22e498bd0aa6214ce408fa6a9a2'
 '148bb5ee1d2a73e26a81fe913e4da61f1347f1bc2dd855a432013c63e266eed6d08d8d2527f8195020d488dedebf886e6ad42aeaaf088b7a0af40376a96f29b8']",2,1,0.0,0.0
1ca1ef63-ced8-47cc-a49d-b0f24af994b4,562,先兆期,TREATMENT_PHASE,先兆期是偏头痛发作的临床表现分期之一，特指有先兆偏头痛患者在头痛发作前数分钟至1小时内所经历的一个特定阶段。,"['25b18de388931f8903d37959a37f3008502eecf4bb47d5e0221a8a2b9580f0a624fb2dc29dadc578ed1b3c682a20fea6cb4dc22e498bd0aa6214ce408fa6a9a2'
 '148bb5ee1d2a73e26a81fe913e4da61f1347f1bc2dd855a432013c63e266eed6d08d8d2527f8195020d488dedebf886e6ad42aeaaf088b7a0af40376a96f29b8']",2,2,0.0,0.0
4c01ed94-9bbb-4838-a49a-50ba1bfaa8a1,563,头痛期,TREATMENT_PHASE,头痛期是偏头痛发作的临床表现分期之一，指成人偏头痛通常持续4至72小时的阶段，其典型特征为单侧、中重度的搏动性头痛。,"['25b18de388931f8903d37959a37f3008502eecf4bb47d5e0221a8a2b9580f0a624fb2dc29dadc578ed1b3c682a20fea6cb4dc22e498bd0aa6214ce408fa6a9a2'
 '148bb5ee1d2a73e26a81fe913e4da61f1347f1bc2dd855a432013c63e266eed6d08d8d2527f8195020d488dedebf886e6ad42aeaaf088b7a0af40376a96f29b8']",2,1,0.0,0.0
5c897264-c436-4784-9cf3-39fc7b4ea2b5,564,恢复期,TREATMENT_PHASE,**恢复期**是偏头痛发作的临床表现分期之一，指在头痛症状消失后，患者从症状缓解到身体和精神状态完全恢复至基线感觉之间的阶段。该阶段通常可持续24-48小时。,"['25b18de388931f8903d37959a37f3008502eecf4bb47d5e0221a8a2b9580f0a624fb2dc29dadc578ed1b3c682a20fea6cb4dc22e498bd0aa6214ce408fa6a9a2'
 '6ec1ad07ab8fecc0b8b02363481c854b1b2c8755a4c92262c87b3e229378c526669403d98a93798f22e1b61557b4e90ed2a33dcbb7ea60da9bf7325a848a7b85'
 '148bb5ee1d2a73e26a81fe913e4da61f1347f1bc2dd855a432013c63e266eed6d08d8d2527f8195020d488dedebf886e6ad42aeaaf088b7a0af40376a96f29b8']",3,2,0.0,0.0
b965c0f0-9ddb-43a1-add7-a5a5fe6da189,565,前驱症状,COMORBIDITY_SCENARIO,"
头痛发作前数小时或数天出现的症状群",['5b63b873de549d6d344f447abc1cb558376d4c89df8f6bba2193c6cb5828e68bacf693edd8957d0daede6afd8fdc9d428cfa79a86ff7eda644f9e280c67e8dee'],1,1,0.0,0.0
1db79f12-1a98-49e7-a434-d1014d4b2855,566,先兆症状,COMORBIDITY_SCENARIO,偏头痛发作前或发作时伴随的神经症状,['13046f9064048acb39bcef50de6cf0c45d5b418de024f3e1704a61780c983d0d4838faa851858ce6c44a7a1a9bcfad91edd28813f168eab1f4c032b560f040a9'],1,6,0.0,0.0
254a579b-29d8-4d11-b485-4f1869a72115,567,视觉先兆,COMORBIDITY_SCENARIO,视觉先兆是有先兆偏头痛中最常见的先兆表现，通常表现为单侧或局部的视觉异常，例如眼前出现锯齿状线条、闪烁的灯光、暗点或水波纹样影像。,"['13046f9064048acb39bcef50de6cf0c45d5b418de024f3e1704a61780c983d0d4838faa851858ce6c44a7a1a9bcfad91edd28813f168eab1f4c032b560f040a9'
 '2b384656525832ccf7fcb18f887bf305fc02cd19bd9bfe73ae028b4951f90e37b7e146e308f4a4dc93e2357ad0ed8dc0ae39d88e9ee8e463302ad37ab1e6a1ad']",2,2,0.0,0.0
a656925e-4f69-495f-b46d-cb5c496e940c,568,感觉异常,COMORBIDITY_SCENARIO,表现为麻刺感或发木感的先兆类型,['13046f9064048acb39bcef50de6cf0c45d5b418de024f3e1704a61780c983d0d4838faa851858ce6c44a7a1a9bcfad91edd28813f168eab1f4c032b560f040a9'],1,1,0.0,0.0
e658dc88-621c-4d49-a8b7-149933ec7659,569,语言先兆,COMORBIDITY_SCENARIO,表现为语言表达困难的先兆类型,['13046f9064048acb39bcef50de6cf0c45d5b418de024f3e1704a61780c983d0d4838faa851858ce6c44a7a1a9bcfad91edd28813f168eab1f4c032b560f040a9'],1,1,0.0,0.0
de2353b2-9db4-4812-bcb5-5f5cb80786f9,570,脑干先兆,COMORBIDITY_SCENARIO,表现为复视、眩晕、耳鸣、共济失调、构音障碍的先兆类型,['13046f9064048acb39bcef50de6cf0c45d5b418de024f3e1704a61780c983d0d4838faa851858ce6c44a7a1a9bcfad91edd28813f168eab1f4c032b560f040a9'],1,1,0.0,0.0
b6ae97f6-8c02-4ea4-ada3-50dc2cd2a96c,571,视网膜先兆,COMORBIDITY_SCENARIO,表现为单眼视觉先兆症状的类型,['13046f9064048acb39bcef50de6cf0c45d5b418de024f3e1704a61780c983d0d4838faa851858ce6c44a7a1a9bcfad91edd28813f168eab1f4c032b560f040a9'],1,1,0.0,0.0
b2f87ed5-886e-49ea-8e08-60740102f5d1,572,眩晕、头晕等前庭症状,COMORBIDITY_SCENARIO,"
偏头痛病人在前驱期及头痛期常常会伴发",['6f662532be4c0657b471a6a0599a8ae2e2fd00fe3ddec932213106de821e247de0ad8656a2d6d72dfe5dcb0b590d3896c78793f6b7be0f7ae110d1bc00f0c1f9'],1,1,0.0,0.0
cc7fa090-1e9f-40f8-8f54-9657e50c1e29,573,恶心、呕吐、畏光、畏声,COMORBIDITY_SCENARIO,偏头痛发作时可伴发的多种症状,['6f662532be4c0657b471a6a0599a8ae2e2fd00fe3ddec932213106de821e247de0ad8656a2d6d72dfe5dcb0b590d3896c78793f6b7be0f7ae110d1bc00f0c1f9'],1,1,0.0,0.0
89d8236f-c157-44c6-b483-657d06bff2eb,574,眼红、流涕、流泪、烦躁不安,COMORBIDITY_SCENARIO,偏头痛病人少部分出现的症状,['6f662532be4c0657b471a6a0599a8ae2e2fd00fe3ddec932213106de821e247de0ad8656a2d6d72dfe5dcb0b590d3896c78793f6b7be0f7ae110d1bc00f0c1f9'],1,1,0.0,0.0
edc66e3e-dc28-4ac5-a5fb-f22456fc60e5,575,皮肤异常性疼痛 (ALLODYNIA),COMORBIDITY_SCENARIO,我国数据显示70.4%的偏头痛病人有此症状,['6f662532be4c0657b471a6a0599a8ae2e2fd00fe3ddec932213106de821e247de0ad8656a2d6d72dfe5dcb0b590d3896c78793f6b7be0f7ae110d1bc00f0c1f9'],1,1,0.0,0.0
6b15a320-7946-4420-9e9a-1ceaeefe77b9,576,颈痛,COMORBIDITY_SCENARIO,77%的病人在偏头痛发作时可合并,['6f662532be4c0657b471a6a0599a8ae2e2fd00fe3ddec932213106de821e247de0ad8656a2d6d72dfe5dcb0b590d3896c78793f6b7be0f7ae110d1bc00f0c1f9'],1,1,0.0,0.0
2fdb164e-50c1-43ff-ab4c-c7dbcb61169f,577,疲乏,,,['6ec1ad07ab8fecc0b8b02363481c854b1b2c8755a4c92262c87b3e229378c526669403d98a93798f22e1b61557b4e90ed2a33dcbb7ea60da9bf7325a848a7b85'],1,1,0.0,0.0
deda2e9a-1349-4962-9394-e5f9634ed1a5,578,第三版国际头痛疾病分类,GUIDELINE_EDITION,国际头痛疾病分类的第三版,['d8d9a3197934f8295d637c2c482897a99e4b3b409fad0b67cd330937748967043e87566364fe646776d66e6aa13690b27f5474d37c5dc9c1ab29a2c41ecb3b68'],1,2,0.0,0.0
318ddcad-6d8d-40cd-855c-4f8acd163f90,579,恶心和/或呕吐,,,['aed057aba2e0b48680fd5107a000a96f330cea037e1f30cf8359ed248fdb5ab53f12a6ea4132359db4c88dfdb0114262e9efd16d750fd50d140c53c36fb35915'],1,1,0.0,0.0
1511e19f-7039-4ba1-8926-3126d97784db,580,畏光和畏声,,,['aed057aba2e0b48680fd5107a000a96f330cea037e1f30cf8359ed248fdb5ab53f12a6ea4132359db4c88dfdb0114262e9efd16d750fd50d140c53c36fb35915'],1,1,0.0,0.0
dfae3fd9-cac4-4f98-8ecf-7c3c5b591b40,581,典型先兆偏头痛,DISEASE,先兆为完全可逆的视觉、感觉和/或语言症状的偏头痛亚型,['83cd69793a48e458eea070d74fb1a7edcb3f4cc252aa7bbc4dc37dc197a720cb83155cf35853fc6670ca22fb08f452b6d0e61c3c678484b41ab914efab295ef8'],1,1,0.0,0.0
7b8082c3-f4c0-4e4e-af5e-7a51cf4bbad4,582,可逆性脑血管收缩综合征,DISEASE,可引起继发性头痛的疾病,['cc09d1f4596f98345b4183088ac2458e5b0aff5531c7bba220023ccd01d156715d0223bc4b4a65304138bd7c8a98640a1ce1aa94bdfc8079a57959f1e6872eab'],1,1,0.0,0.0
f8a90ad7-5191-48b5-8586-d0028cc60046,583,蛛网膜下腔出血,DISEASE,可引起继发性头痛的疾病,['cc09d1f4596f98345b4183088ac2458e5b0aff5531c7bba220023ccd01d156715d0223bc4b4a65304138bd7c8a98640a1ce1aa94bdfc8079a57959f1e6872eab'],1,1,0.0,0.0
d1699ff4-4946-4eaa-8117-5690c10dc606,584,动脉夹层,DISEASE,可引起继发性头痛的疾病,['cc09d1f4596f98345b4183088ac2458e5b0aff5531c7bba220023ccd01d156715d0223bc4b4a65304138bd7c8a98640a1ce1aa94bdfc8079a57959f1e6872eab'],1,1,0.0,0.0
ea48d82c-0085-43b3-8e92-10d31da66617,585,偏头痛性脑梗死 (COMORBIDITY_SCENARIO),,,['cc09d1f4596f98345b4183088ac2458e5b0aff5531c7bba220023ccd01d156715d0223bc4b4a65304138bd7c8a98640a1ce1aa94bdfc8079a57959f1e6872eab'],1,2,0.0,0.0
79a2352a-139c-4a7c-861a-c7cd8940e7b7,586,偏头痛性脑梗死 (DISEASE),,,['cc09d1f4596f98345b4183088ac2458e5b0aff5531c7bba220023ccd01d156715d0223bc4b4a65304138bd7c8a98640a1ce1aa94bdfc8079a57959f1e6872eab'],1,1,0.0,0.0
762b3c95-9a8c-412a-8021-92f8f1a8a925,587,儿童复发性眩晕,COMORBIDITY_SCENARIO,**儿童复发性眩晕**是一种建议用于替代“儿童良性阵发性眩晕”的术语，也是该疾病在近期更新后的名称。这一术语更准确地反映了该病症在儿童期反复发作的特点，同时保留了其良性、非进展性的本质。,"['29b42c77a75f75214e91fc897164ece3a818f406fb35fdd0ebcef96c7e1569e187c10bd59b8b2ee6499e5627bd49b0f71e15b6719f460c63cd96d72840065dba'
 'd2c89d663393a28ba4fc900d9bda709c84b044a7633189fd57e412e0b35f4ec4f2f3903c8e701b3884414749004a1d8df8aedf5bfc922aeaa87778874a4d3072']",2,4,0.0,0.0
fc7b4882-bed6-4fd3-8c7a-8c5e2391788e,588,单纯月经性偏头痛,DISEASE,**单纯月经性偏头痛**是一种特定类型的偏头痛，其发作严格与女性的月经周期相关。根据临床定义，这种偏头痛仅发生在月经期，或者说仅在围经期（即月经来潮前后数日）出现。因此，它特指那些发作时间完全局限于月经周期内的偏头痛类型。,"['9f81bb0dfa68383ef965a49ec91f6381dd3ee979affcba00e97739485898f4879f056536be963c4b75267f7db88acc08239fdabffc0c8e50fe78058d83d6a55b'
 'e39433eef3f59bb2bbddbab5bdebd461a1380645820dfc011d01cc24749184bd0555fd7e8aed1306a32718535e5ec92c234dee2031f4b07f8a3e1357dc93c88f']",2,1,0.0,0.0
fbc7cd84-3753-46b0-9700-39bb036a4fdd,589,月经相关性偏头痛,DISEASE,月经相关性偏头痛是一种在月经期及非月经期（即围经期外的其他时间）均有发作的偏头痛类型。该病症的特征是偏头痛发作不仅限于月经期间，也会在月经周期之外的时间出现。,"['9f81bb0dfa68383ef965a49ec91f6381dd3ee979affcba00e97739485898f4879f056536be963c4b75267f7db88acc08239fdabffc0c8e50fe78058d83d6a55b'
 'e39433eef3f59bb2bbddbab5bdebd461a1380645820dfc011d01cc24749184bd0555fd7e8aed1306a32718535e5ec92c234dee2031f4b07f8a3e1357dc93c88f']",2,1,0.0,0.0
7f681f7a-7925-4600-a72b-b9de0e2344c6,590,非月经性偏头痛,DISEASE,只发生在非月经期的偏头痛,['9f81bb0dfa68383ef965a49ec91f6381dd3ee979affcba00e97739485898f4879f056536be963c4b75267f7db88acc08239fdabffc0c8e50fe78058d83d6a55b'],1,1,0.0,0.0
dc28fb86-b7a7-45fd-87c1-38a4332ca991,591,前庭性偏头痛,DISEASE,**前庭性偏头痛**是一种与偏头痛相关的发作性前庭疾病，临床上归类为一种以眩晕为主要表现的偏头痛类型。其核心特征为反复发作的中重度前庭症状（如自发性眩晕），每次发作持续5分钟至72小时，并伴随典型的偏头痛特征（如头痛、畏光、畏声等）。该疾病在诊断上常参考ICHD-3（国际头痛疾病分类第三版）附录中的标准，要求患者至少有5次符合上述特点的发作。因此，前庭性偏头痛可理解为伴有眩晕等前庭症状的偏头痛，是常见的发作性前庭综合征之一。,"['9f81bb0dfa68383ef965a49ec91f6381dd3ee979affcba00e97739485898f4879f056536be963c4b75267f7db88acc08239fdabffc0c8e50fe78058d83d6a55b'
 '4d614813ef93f4296ee032fe8652cfed397cfe74f9d8615a9f8ea5305779c387bfe96edbcc173730f8bd2da4e6b3bf63b7ae1392891b51ee6f19231d983e1219'
 '2e50d93ffa7670f1e2f5cc4d51a15bfea5e15c8edcb97cf36e45ed353239ab26f717061fa463747fce6a3f90277a83944faa68ccfe892de476968d68f3d69bd6'
 'a1b8f260f6eeeaaa02880999d0164d457ed936ec7389a73695013c589790f7c26a4bc1050a2248e8e109892bad4c036bffd7bdea4444cc3243858439e235e989'
 '9163fe7435849a7229155d8ca9fe8afb3d35668734997cd20886f4de306ee0454721bd14840948a902a0df8ed0b7e53a94617524c099950812ad5a62fa108249'
 'd2c89d663393a28ba4fc900d9bda709c84b044a7633189fd57e412e0b35f4ec4f2f3903c8e701b3884414749004a1d8df8aedf5bfc922aeaa87778874a4d3072'
 '293b2880d6c93e14bd70ee7d1fbda61199d2d53addb81e7d5a50be205cec8a6cfc998fc9ed8a155f776a1d6a7bb648804bd73d2da4f1bbea152d50effa15df60'
 'a7497051b835b0296caa8c43a2182e056a4d630488acdf638ab6cd1d926fb9ebe0e50b22dece2d0fb4bfabf4f04ef42edc8be89a0203491675e0fc4b52a1b78f'
 '0e3088f94fd74dd0bf54ce4fe7dfb492db7a4fa8eeed4a699f6992bc1606d3f05b5845dea1e8d94b3b6a8c011887384eb0757bbf3764f608225b6b1ce8e9ffc0'
 '11c0634698f1b7347875b12616c1909792c7694abc899d40d7ebd5ec439a4120d2889190c49c920ac1b66001092494c184732c2cee4eaef6cb0dcc857ebab8b8'
 '85513047f5f71067405b195c6b5f7f29fe742540d9ea4ad1fefd96fbbb7a380cabb938ac7d16efa9458979eed6df83eb7e5a690b14eabe5b860d4d101c763a99'
 'bd0ec0cfbef4630011b2b7b7293abc2721bde66c4a92105fdc82b00221ece343a230a117c596477971c3d940d46bfa998e6612166791178e7e6e53050ff5dcfc'
 '0fafd9b55eb7b58b6e2a380b575c0bec92746116b83066650a24cfb7503fcd69d88f54f0fb593b1a722d84077abfbec53717a54c0b5770687997a98ee5e08c23'
 'bfad7cb80612a979706bc5c077780f25ccccf3bf53dd263029107f1a6f54e815903ad1a1f128aadb0c9fbaf3e877cac08d057af5995c321f9ec6c6d8df22f726'
 '0054d8619570bb6c0efca76fc0b5d60b2020d45053f0043184d6db81d8b4175c11d3bf6bd1b762bf62da191305d36d6c9842c8a074e437af7b77352179be84b7']",15,45,0.0,0.0
8cfd6047-688b-4abc-b9f1-43444b8abce4,592,CGRP或其受体类药物,DRUG_CLASS,可能对丛集性头痛有效的药物类别,['9a5bce7c4b2093cdafaa92a7bc6374c323df0722adba465e9ab0083793d222455f7c4e1e318d2c8f8ba06374eabc88bc19cbe28552a4b45f5013dd3c5e4869ce'],1,1,0.0,0.0
72037f24-ef81-4192-90d2-cde23dd21363,593,未破裂颅内动脉瘤,DISEASE,头颈部血管性疾病,['bb1a3a620ad8c9b31515c381365490a46bcb0260b708dd91af194d4fe365f38f47b9db95f3e58f05d916c2f0e23cef7de3a93c8bc39b22fdad94a5369947915a'],1,1,0.0,0.0
068745fc-4762-46df-ac9a-735ee66d5a71,594,动静脉畸形,DISEASE,头颈部血管性疾病,['bb1a3a620ad8c9b31515c381365490a46bcb0260b708dd91af194d4fe365f38f47b9db95f3e58f05d916c2f0e23cef7de3a93c8bc39b22fdad94a5369947915a'],1,1,0.0,0.0
6c2dfe96-aea9-4d31-83f6-aaabdf9d5b10,595,慢性硬膜下血肿,DISEASE,头颈部血管性疾病,['bb1a3a620ad8c9b31515c381365490a46bcb0260b708dd91af194d4fe365f38f47b9db95f3e58f05d916c2f0e23cef7de3a93c8bc39b22fdad94a5369947915a'],1,1,0.0,0.0
d3bf323e-14d9-46d9-93a0-cc03cbf7474b,596,癫痫发作,COMORBIDITY_SCENARIO,部分继发性头痛病例存在的症状,['bb1a3a620ad8c9b31515c381365490a46bcb0260b708dd91af194d4fe365f38f47b9db95f3e58f05d916c2f0e23cef7de3a93c8bc39b22fdad94a5369947915a'],1,1,0.0,0.0
4980d5d7-a4b0-4d8c-a7dd-b55f111e246a,597,认知功能障碍,COMORBIDITY_SCENARIO,部分继发性头痛病例存在的症状,['bb1a3a620ad8c9b31515c381365490a46bcb0260b708dd91af194d4fe365f38f47b9db95f3e58f05d916c2f0e23cef7de3a93c8bc39b22fdad94a5369947915a'],1,1,0.0,0.0
134438a7-322b-43ce-a196-f5fc45cc0ddf,598,分级诊疗,GUIDELINE_RECOMMENDATION,偏头痛临床治疗推荐的诊疗模式,['70a2289e3d01e3539fe24bc8816199ec843e6167c86c98eab9ae712b137d41c9258075897a7e3e9b5e140cfbf8f001570f2de182562d0fd13781b8f0c716aae2'],1,1,0.0,0.0
ead5f36a-c804-410d-90a1-ad7f80275a90,599,基层或初级医疗机构的内科或全科医师,POPULATION,负责偏头痛病人治疗启动和维持的医师群体,['70a2289e3d01e3539fe24bc8816199ec843e6167c86c98eab9ae712b137d41c9258075897a7e3e9b5e140cfbf8f001570f2de182562d0fd13781b8f0c716aae2'],1,1,0.0,0.0
26ce4ca0-b019-43e1-8cdd-6458c93ec9ce,600,诊断和治疗困难的偏头痛病人,POPULATION,需要转诊至头痛门诊的特定患者群体,['70a2289e3d01e3539fe24bc8816199ec843e6167c86c98eab9ae712b137d41c9258075897a7e3e9b5e140cfbf8f001570f2de182562d0fd13781b8f0c716aae2'],1,1,0.0,0.0
05a89ffa-263b-4c54-81f3-f6d20654cc05,601,头痛门诊（中心）由头痛专科医师进一步诊治,GUIDELINE_RECOMMENDATION,对困难病例的转诊和专科诊治建议,['70a2289e3d01e3539fe24bc8816199ec843e6167c86c98eab9ae712b137d41c9258075897a7e3e9b5e140cfbf8f001570f2de182562d0fd13781b8f0c716aae2'],1,1,0.0,0.0
acc4b8b9-d043-42ab-a3b8-175792a05b83,602,偏头痛病人,,,['70a2289e3d01e3539fe24bc8816199ec843e6167c86c98eab9ae712b137d41c9258075897a7e3e9b5e140cfbf8f001570f2de182562d0fd13781b8f0c716aae2'],1,1,0.0,0.0
e2fc7f56-f260-470f-a1f7-f2dc1235bf18,603,药物治疗和非药物治疗,,,['70a2289e3d01e3539fe24bc8816199ec843e6167c86c98eab9ae712b137d41c9258075897a7e3e9b5e140cfbf8f001570f2de182562d0fd13781b8f0c716aae2'],1,1,0.0,0.0
0ca9a0ac-77de-4636-9689-dddb16e8f259,604,急性期治疗与预防性治疗,,,['70a2289e3d01e3539fe24bc8816199ec843e6167c86c98eab9ae712b137d41c9258075897a7e3e9b5e140cfbf8f001570f2de182562d0fd13781b8f0c716aae2'],1,1,0.0,0.0
6aa78213-6a6f-4d6d-a64f-676896a30265,605,新型特异性药物,DRUG_CLASS,"
基于偏头痛机制研发的药物类别",['70a2289e3d01e3539fe24bc8816199ec843e6167c86c98eab9ae712b137d41c9258075897a7e3e9b5e140cfbf8f001570f2de182562d0fd13781b8f0c716aae2'],1,1,0.0,0.0
ea05b7fd-e716-4d5d-b102-de834fd84031,606,偏头痛的治疗手段,,,['70a2289e3d01e3539fe24bc8816199ec843e6167c86c98eab9ae712b137d41c9258075897a7e3e9b5e140cfbf8f001570f2de182562d0fd13781b8f0c716aae2'],1,1,0.0,0.0
24ff9078-2512-4055-a4c1-83b37a3d0d20,607,病人教育,NON_DRUG_TREATMENT,病人教育是医疗管理中的一项基础措施，在多个临床领域中均被视为重要组成部分。在VM（可能指眩晕或前庭疾病）管理中，病人教育被列为基本措施之一，旨在帮助患者理解疾病机制与自我管理方法。同时，在偏头痛管理中，病人教育也被视为管理的基石之一，侧重于引导患者识别诱因、合理用药及调整生活方式。因此，病人教育作为跨领域的核心干预手段，通过提供疾病知识、自我照护技能和支持，促进患者参与并改善健康结局。,"['b44a4ead047386c338b7678f85cb9392b9d674b5c104be8a0592089fa80df3858cc5d9b8c8d89ff2e63f744bae5fe9466942cfd8b18c682a1e5da046033ccbd8'
 '37233ebbd9a0ab3121dd8fc0f8be180adc5ad2f3ec22fb332b5c77f01727238ab35e42dc12015ec6693199d7b5a8086b0b0be8a86a6328cc3cdafd203b47b8bc']",2,3,0.0,0.0
f7afeb90-29e5-4f8f-adf9-8b482f4438a8,608,生活方式调整,NON_DRUG_TREATMENT,生活方式调整是偏头痛管理的基础措施之一，属于非药物治疗方式。作为偏头痛管理的基石，它尤其对前庭性偏头痛具有重要影响。其主要内容包括保持规律作息、改善睡眠质量、进行规律运动、维持固定进食时间、避免已知的饮食触发因素以及有效管理压力等。这些综合干预措施旨在通过建立健康的生活习惯来减少偏头痛的发作频率与严重程度。,"['b44a4ead047386c338b7678f85cb9392b9d674b5c104be8a0592089fa80df3858cc5d9b8c8d89ff2e63f744bae5fe9466942cfd8b18c682a1e5da046033ccbd8'
 'b7e036cfc0af89cf534a04c0ac3f2fbc6e874136c11185ada17d5096022d926e9e2a09a1ed4b0e1ea393f799d3d6d782ee1649ce5ddcc0bd974e684c92a1a789'
 '37233ebbd9a0ab3121dd8fc0f8be180adc5ad2f3ec22fb332b5c77f01727238ab35e42dc12015ec6693199d7b5a8086b0b0be8a86a6328cc3cdafd203b47b8bc'
 '85513047f5f71067405b195c6b5f7f29fe742540d9ea4ad1fefd96fbbb7a380cabb938ac7d16efa9458979eed6df83eb7e5a690b14eabe5b860d4d101c763a99'
 '3ee8eb816fe9ae302cda19230b3f6dbcdd92fca75889f2dce397a3dc074855f9b4445eadb26b0d75b74acd64439770c1a963ac9a20a12379fb078588ea3288f6'
 '0054d8619570bb6c0efca76fc0b5d60b2020d45053f0043184d6db81d8b4175c11d3bf6bd1b762bf62da191305d36d6c9842c8a074e437af7b77352179be84b7']",6,8,0.0,0.0
c1b2e10b-6cb2-4a40-bcfe-863d06a02842,609,阿司匹林 + 对乙酰氨基酚 + 咖啡因,DRUG,含咖啡因的复方制剂,['66fafb979e4741dbb83cfb0ca734aaa23ede790ff25a511a005a58515b4535623120fb9baa7f15c331ad249821458a0f77372a614c234d1309dfdfc250b296dd'],1,1,0.0,0.0
bf691558-ed9c-483a-9da6-b7d1f0922747,610,阿片类药物,DRUG_CLASS,阿片类药物是一类具有依赖性的镇痛药物，同时也属于易导致药物过度使用性头痛的药物类别。,"['66fafb979e4741dbb83cfb0ca734aaa23ede790ff25a511a005a58515b4535623120fb9baa7f15c331ad249821458a0f77372a614c234d1309dfdfc250b296dd'
 '7b28720f03d13bef2702c66cb2c05b381e779fa77183aa5ec27590e416bac4b2f4f5d08c8f297dbe2195c0c8ee280baa612ae77afa79f7a6238aafdc10aef424']",2,2,0.0,0.0
1488962c-209f-4d96-a396-e129cf81440a,611,麦角胺及其衍生物,DRUG_CLASS,特异性治疗药物,['eb23a2a465336b5ec6faea7509e9d96170613d5d7809facc0263e3da0a323f991faad9182bbef36140b0c9d2dcbdac84f118f661ee526045ce28f1a77a0c11b6'],1,0,,
0d0b17a0-378c-4e7a-a35f-70f5ec6d61ba,612,双氢麦角胺,DRUG,麦角胺衍生物，口服剂型,['eb23a2a465336b5ec6faea7509e9d96170613d5d7809facc0263e3da0a323f991faad9182bbef36140b0c9d2dcbdac84f118f661ee526045ce28f1a77a0c11b6'],1,0,,
5127bd32-dc8d-474f-9fd3-81ae53bc153f,613,成人偏头痛发作急性期药物治疗推荐,GUIDELINE_RECOMMENDATION,表3中的推荐条目,['eb23a2a465336b5ec6faea7509e9d96170613d5d7809facc0263e3da0a323f991faad9182bbef36140b0c9d2dcbdac84f118f661ee526045ce28f1a77a0c11b6'],1,4,0.0,0.0
d345a8db-d0f7-4704-8f14-62f9759e017c,614,苯二氮䓬类,DRUG_CLASS,苯二氮䓬类是一类具有镇静作用的药物，通常作为经验性给予的药物类别使用。,"['7b28720f03d13bef2702c66cb2c05b381e779fa77183aa5ec27590e416bac4b2f4f5d08c8f297dbe2195c0c8ee280baa612ae77afa79f7a6238aafdc10aef424'
 'a7497051b835b0296caa8c43a2182e056a4d630488acdf638ab6cd1d926fb9ebe0e50b22dece2d0fb4bfabf4f04ef42edc8be89a0203491675e0fc4b52a1b78f']",2,0,,
ebdeb97c-8b79-4073-b5ad-2d2dd1c1907b,615,"急性期治疗<TREATMENT_PHASE><TREATMENT_PHASE><TREATMENT_PHASE><TREATMENT_PHASE><TREATMENT_PHASE><TREATMENT_PHASE><TREATMENT_PHASE><TREATMENT_PHASE><TREATMENT_PHASE><TREATMENT_PHASE><TREATMENT_PHASE><TREATMENT_PHASE><TREATMENT_PHASE><TREATMENT_PHASE><TREATMENT_PHASE><TREATMENT_PHASE><TREATMENT_PHASE><TREATMENT_PHASE><TREATMENT_PHASE><TREATMENT_PHASE><TREATMENT_PHASE><TREATMENT_PHASE><TREATMENT_PHASE><TREATMENT_PHASE><TREATMENT_PHASE><TREATMENT_PHASE><TREATMENT_PHASE><TREATMENT_PHASE><TREATMENT_PHASE><TREATMENT_PHASE><TREATMENT_PHASE><TREATMENT_PHASE><TREATMENT_PHASE><TREATMENT_PHASE><TREATMENT_PHASE><TREATMENT_PHASE><TREATMENT_PHASE><TREATMENT_PHASE><TREATMENT_PHASE><TREATMENT_PHASE><TREATMENT_PHASE><TREATMENT_PHASE><TREATMENT_PHASE><TREATMENT_PHASE><TREATMENT_PHASE><TREATMENT_PHASE><TREATMENT_PHASE><TREATMENT_PHASE><TREATMENT_PHASE><TREATMENT_PHASE><TREATMENT_PHASE><TREATMENT_PHASE><TREATMENT_PHASE><TREATMENT_PHASE><TREATMENT_PHASE><TREATMENT_PHASE><TREATMENT_PHASE><TREATMENT_PHASE><TREATMENT_PHASE><TREATMENT_PHASE><TREATMENT_PHASE><TREATMENT_PHASE>TARGET_ENTITY_TYPE_ERROR: 实体类型应为 TREATMENT_PHASE。请检查格式。重新分析文本，发现“急性期治疗”是明确的治疗阶段。修正如下：(""ENTITY""",急性期治疗,TREATMENT_PHASE,['7b28720f03d13bef2702c66cb2c05b381e779fa77183aa5ec27590e416bac4b2f4f5d08c8f297dbe2195c0c8ee280baa612ae77afa79f7a6238aafdc10aef424'],1,0,,
478a00dc-5534-42e0-8c3c-49c21a1cde55,616,"预防性治疗<TREATMENT_PHASE>TARGET_ENTITY_TYPE_ERROR: 实体类型应为 TREATMENT_PHASE。请检查格式。修正如下：(""ENTITY""",预防性治疗,TREATMENT_PHASE,['7b28720f03d13bef2702c66cb2c05b381e779fa77183aa5ec27590e416bac4b2f4f5d08c8f297dbe2195c0c8ee280baa612ae77afa79f7a6238aafdc10aef424'],1,0,,
49c3c44f-b76c-4f23-997c-77e8c5018978,617,"6岁以上儿童<POPULATION>TARGET_ENTITY_TYPE_ERROR: 实体类型应为 POPULATION。请检查格式。修正如下：(""ENTITY""",6岁以上儿童,POPULATION,['7b28720f03d13bef2702c66cb2c05b381e779fa77183aa5ec27590e416bac4b2f4f5d08c8f297dbe2195c0c8ee280baa612ae77afa79f7a6238aafdc10aef424'],1,0,,
9318d600-b9a2-46cf-9fda-145ede2b8ea7,618,"成人<POPULATION>TARGET_ENTITY_TYPE_ERROR: 实体类型应为 POPULATION。请检查格式。修正如下：(""ENTITY""",成人,POPULATION,['7b28720f03d13bef2702c66cb2c05b381e779fa77183aa5ec27590e416bac4b2f4f5d08c8f297dbe2195c0c8ee280baa612ae77afa79f7a6238aafdc10aef424'],1,0,,
b28170fc-e97d-4915-81b1-4b06cc80447c,619,"孕期女性<POPULATION>TARGET_ENTITY_TYPE_ERROR: 实体类型应为 POPULATION。请检查格式。修正如下：(""ENTITY""",孕期女性,POPULATION,['7b28720f03d13bef2702c66cb2c05b381e779fa77183aa5ec27590e416bac4b2f4f5d08c8f297dbe2195c0c8ee280baa612ae77afa79f7a6238aafdc10aef424'],1,0,,
9e53157d-fba0-4219-8d12-e5454bebec8a,620,"哺乳期女性<POPULATION>TARGET_ENTITY_TYPE_ERROR: 实体类型应为 POPULATION。请检查格式。修正如下：(""ENTITY""",哺乳期女性,POPULATION,['7b28720f03d13bef2702c66cb2c05b381e779fa77183aa5ec27590e416bac4b2f4f5d08c8f297dbe2195c0c8ee280baa612ae77afa79f7a6238aafdc10aef424'],1,0,,
a593b7e3-8367-4f98-86ac-a14a7f556935,621,缺血性冠状动脉疾病,DISEASE,心脏冠状动脉缺血性疾病,['7b28720f03d13bef2702c66cb2c05b381e779fa77183aa5ec27590e416bac4b2f4f5d08c8f297dbe2195c0c8ee280baa612ae77afa79f7a6238aafdc10aef424'],1,0,,
2b8ad0fc-7a0c-4ff3-9228-9feab92622ab,622,缺血性脑血管病,DISEASE,脑部血管缺血性疾病,['7b28720f03d13bef2702c66cb2c05b381e779fa77183aa5ec27590e416bac4b2f4f5d08c8f297dbe2195c0c8ee280baa612ae77afa79f7a6238aafdc10aef424'],1,0,,
ba04ac31-03fc-4d1f-a865-3cab6583f12b,623,缺血性外周血管病,DISEASE,外周血管缺血性疾病,['7b28720f03d13bef2702c66cb2c05b381e779fa77183aa5ec27590e416bac4b2f4f5d08c8f297dbe2195c0c8ee280baa612ae77afa79f7a6238aafdc10aef424'],1,0,,
df874528-f48a-4e74-b6f5-2e8458b80df4,624,不易控制的高血压,COMORBIDITY_SCENARIO,难以控制的高血压状况,['7b28720f03d13bef2702c66cb2c05b381e779fa77183aa5ec27590e416bac4b2f4f5d08c8f297dbe2195c0c8ee280baa612ae77afa79f7a6238aafdc10aef424'],1,0,,
81e62043-1cd1-486e-853b-0cf840abf960,625,有或无先兆偏头痛,DISEASE,可能伴有或不伴有先兆症状的偏头痛,['7b28720f03d13bef2702c66cb2c05b381e779fa77183aa5ec27590e416bac4b2f4f5d08c8f297dbe2195c0c8ee280baa612ae77afa79f7a6238aafdc10aef424'],1,0,,
6bcb0204-aee2-43b2-8932-555680077e51,626,6岁以上儿童,,,['7b28720f03d13bef2702c66cb2c05b381e779fa77183aa5ec27590e416bac4b2f4f5d08c8f297dbe2195c0c8ee280baa612ae77afa79f7a6238aafdc10aef424'],1,1,0.0,0.0
3bf4edfc-e49d-43fb-bca6-52ead6ed53c7,627,心脑血管疾病患者或有风险者,,,['7b28720f03d13bef2702c66cb2c05b381e779fa77183aa5ec27590e416bac4b2f4f5d08c8f297dbe2195c0c8ee280baa612ae77afa79f7a6238aafdc10aef424'],1,1,0.0,0.0
491fe218-8df0-4553-b4b7-be71ef2348a8,628,CGRP或其受体单克隆抗体,DRUG_CLASS,CGRP或其受体单克隆抗体是一类用于偏头痛预防性治疗的药物，主要包括注射型单克隆抗体，例如依瑞奈尤单抗、瑞玛奈珠单抗等。这类药物通过靶向降钙素基因相关肽（CGRP）或其受体来发挥治疗作用。,"['3f782c82580d6e62e08d2748ae50d379c9ad01c81d9265f50b9abe64ef32dd96ddc92b0a6cb55092a728e73bf9bba8a93ed4b1306fab2fe207936fee806ea0a0'
 'ab880573e023cb66c0c136752d5e7ffccf0d4932be602d2e2448ad1fc7dce1cfb7fb5662f82d464e25e609ddd708ccdd5f4804c4c1a77efd91ebfe395094477b'
 'f2d956b3558601f0e70fdc3346118b9293d283043264f63f9cbcfff22c35753ec9c3813f6ce97ba179ab425243bf20419f3faea8377896065191a30feb4031f9']",3,4,0.0,0.0
4aab4d03-ce66-4db6-a788-9003c27b2b31,629,硝酸甘油,DRUG,硝酸甘油是一种血管活性药物，主要作为血管扩张药使用，常用于缓解心绞痛等症状。其常见副作用之一是可能引发偏头痛样头痛。,"['3f782c82580d6e62e08d2748ae50d379c9ad01c81d9265f50b9abe64ef32dd96ddc92b0a6cb55092a728e73bf9bba8a93ed4b1306fab2fe207936fee806ea0a0'
 '83cf6962c20483778fbd6251a054ccead28d13f98bdd95ff3df5e4190d2ebe17c49c49e769e8b29f970f85ee84c91aa5569c9e390ca6d6547ad29dd36502530d']",2,2,0.0,0.0
a02ea489-50e8-4afa-b5c3-bf074f82c48e,630,偏头痛合并抑郁障碍,COMORBIDITY_SCENARIO,偏头痛与抑郁障碍共存的临床情况,['caa24a7186ba46d267f4c153375d46218d52154d378553ff6c732c0f3c8c6453ce1501e3e04e8f0f7bd9265300b413e652f3adce375c8ee1ba81dfab387fa675'],1,0,,
4857489e-21f6-44d4-b1cd-341580e48111,631,卡马西平,DRUG,抗癫痫药,['caa24a7186ba46d267f4c153375d46218d52154d378553ff6c732c0f3c8c6453ce1501e3e04e8f0f7bd9265300b413e652f3adce375c8ee1ba81dfab387fa675'],1,0,,
0ff45bae-7bc9-4f6b-b492-20eb8c27ffaa,632,加巴喷丁,DRUG,加巴喷丁是一种抗惊厥药，属于钙通道调节剂类药物。它通过调节钙通道发挥药理作用，主要用于治疗癫痫、神经性疼痛等病症。,"['caa24a7186ba46d267f4c153375d46218d52154d378553ff6c732c0f3c8c6453ce1501e3e04e8f0f7bd9265300b413e652f3adce375c8ee1ba81dfab387fa675'
 'ab880573e023cb66c0c136752d5e7ffccf0d4932be602d2e2448ad1fc7dce1cfb7fb5662f82d464e25e609ddd708ccdd5f4804c4c1a77efd91ebfe395094477b'
 'f4b073c881c4fcb05727ee79708bd9cfbb6d3e83237cf1b85e3187dcab07280875c52e63328b7611bc065541e3dd44f41cde68660eeacbdab3bdbfebb4ff5fa2']",3,1,0.0,0.0
2d2d2b0b-6f60-4a07-b1f8-27b331992b9b,633,普瑞巴林,DRUG,普瑞巴林是一种钙通道调节剂类药物，属于钙通道调节剂药物类别。,"['caa24a7186ba46d267f4c153375d46218d52154d378553ff6c732c0f3c8c6453ce1501e3e04e8f0f7bd9265300b413e652f3adce375c8ee1ba81dfab387fa675'
 'ab880573e023cb66c0c136752d5e7ffccf0d4932be602d2e2448ad1fc7dce1cfb7fb5662f82d464e25e609ddd708ccdd5f4804c4c1a77efd91ebfe395094477b']",2,0,,
e693a412-fa40-46c5-a27e-50ce50d9a2f7,634,钙通道拮抗剂,DRUG_CLASS,钙通道拮抗剂是一类药物类别，其中包括氟桂利嗪等具体药物。,"['caa24a7186ba46d267f4c153375d46218d52154d378553ff6c732c0f3c8c6453ce1501e3e04e8f0f7bd9265300b413e652f3adce375c8ee1ba81dfab387fa675'
 'ab880573e023cb66c0c136752d5e7ffccf0d4932be602d2e2448ad1fc7dce1cfb7fb5662f82d464e25e609ddd708ccdd5f4804c4c1a77efd91ebfe395094477b']",2,4,0.0,0.0
3b156613-7ad3-4a7e-bb4f-70d0c22b7546,635,钙通道调节剂,DRUG_CLASS,钙通道调节剂是一类包括加巴喷丁、普瑞巴林等药物的药物类别。,"['caa24a7186ba46d267f4c153375d46218d52154d378553ff6c732c0f3c8c6453ce1501e3e04e8f0f7bd9265300b413e652f3adce375c8ee1ba81dfab387fa675'
 'ab880573e023cb66c0c136752d5e7ffccf0d4932be602d2e2448ad1fc7dce1cfb7fb5662f82d464e25e609ddd708ccdd5f4804c4c1a77efd91ebfe395094477b']",2,0,,
7275c4aa-6507-4d64-89c6-5184dd16b2ca,636,SSRIS,DRUG_CLASS,选择性5-羟色胺再摄取抑制剂,['caa24a7186ba46d267f4c153375d46218d52154d378553ff6c732c0f3c8c6453ce1501e3e04e8f0f7bd9265300b413e652f3adce375c8ee1ba81dfab387fa675'],1,0,,
97deeb8e-fefb-47dd-a31f-feba784eee9d,637,SNRIS,DRUG_CLASS,5-羟色胺-去甲肾上腺素再摄取抑制剂,['caa24a7186ba46d267f4c153375d46218d52154d378553ff6c732c0f3c8c6453ce1501e3e04e8f0f7bd9265300b413e652f3adce375c8ee1ba81dfab387fa675'],1,0,,
452294d2-b6ac-4c16-822e-63849bea4bfb,638,维拉帕米,DRUG,钙通道拮抗剂类药物,['caa24a7186ba46d267f4c153375d46218d52154d378553ff6c732c0f3c8c6453ce1501e3e04e8f0f7bd9265300b413e652f3adce375c8ee1ba81dfab387fa675'],1,1,0.0,0.0
8655baed-ffc8-410d-96ce-fd41e93c14a0,639,尼莫地平,DRUG,尼莫地平是一种药物，属于钙通道拮抗剂类药物。,"['caa24a7186ba46d267f4c153375d46218d52154d378553ff6c732c0f3c8c6453ce1501e3e04e8f0f7bd9265300b413e652f3adce375c8ee1ba81dfab387fa675'
 '9d010be2e112d921a8ec409921bb6bf7daae44915d78a6a3a4454af9c7338b2f347bb11cc96b4320ac39dd9287ecab8c98e46701661c327517b831aff8af0e2a']",2,2,0.0,0.0
471c071a-9bf3-4c99-812a-911a92c176a8,640,硝苯地平,,,['caa24a7186ba46d267f4c153375d46218d52154d378553ff6c732c0f3c8c6453ce1501e3e04e8f0f7bd9265300b413e652f3adce375c8ee1ba81dfab387fa675'],1,1,0.0,0.0
5d558f3b-f96a-4fb0-b399-9efe6b57615c,641,阿托吉泮,DRUG,阿托吉泮是一种口服小分子吉泮类药物，属于CGRP受体拮抗剂。,"['ab880573e023cb66c0c136752d5e7ffccf0d4932be602d2e2448ad1fc7dce1cfb7fb5662f82d464e25e609ddd708ccdd5f4804c4c1a77efd91ebfe395094477b'
 'f2d956b3558601f0e70fdc3346118b9293d283043264f63f9cbcfff22c35753ec9c3813f6ce97ba179ab425243bf20419f3faea8377896065191a30feb4031f9'
 'ce245f775d35ff93a0b71a0da8c38a9daf1441422fdbfc3b5693c0258a3a739d2f29f767a98cf04d1296d0fdc62d345c27fba81c543d719ce7dd4624b66b865d']",3,2,0.0,0.0
f254997e-2e24-4ddb-ada2-d67f15fc28ae,642,依瑞奈尤单抗,DRUG,**依瑞奈尤单抗**是一种全人源的抗CGRP受体单克隆抗体药物，属于CGRP或其受体单克隆抗体类别。它通过皮下注射给药，常规使用频率为每月一次。,"['ab880573e023cb66c0c136752d5e7ffccf0d4932be602d2e2448ad1fc7dce1cfb7fb5662f82d464e25e609ddd708ccdd5f4804c4c1a77efd91ebfe395094477b'
 'f2d956b3558601f0e70fdc3346118b9293d283043264f63f9cbcfff22c35753ec9c3813f6ce97ba179ab425243bf20419f3faea8377896065191a30feb4031f9'
 'ce245f775d35ff93a0b71a0da8c38a9daf1441422fdbfc3b5693c0258a3a739d2f29f767a98cf04d1296d0fdc62d345c27fba81c543d719ce7dd4624b66b865d'
 '11c0634698f1b7347875b12616c1909792c7694abc899d40d7ebd5ec439a4120d2889190c49c920ac1b66001092494c184732c2cee4eaef6cb0dcc857ebab8b8'
 '8f5751520c653eceb98d31d48f585edba62ef8e1a15de3b3d6838ecbe973a22911b26e5cf43c0492256626194ac47c09313525fab95f5bb1e1e024fa5a13370d']",5,2,0.0,0.0
3a4d3391-a9df-4486-9ddb-956db27597a9,643,加卡奈珠单抗,DRUG,**加卡奈珠单抗**是一种靶向降钙素基因相关肽（CGRP）或其受体的单克隆抗体药物，属于抗CGRP单克隆抗体类药物。它通过皮下注射给药，常规使用频率为每月一次。该药物主要用于预防性治疗偏头痛等与CGRP通路相关的疾病。,"['ab880573e023cb66c0c136752d5e7ffccf0d4932be602d2e2448ad1fc7dce1cfb7fb5662f82d464e25e609ddd708ccdd5f4804c4c1a77efd91ebfe395094477b'
 'f2d956b3558601f0e70fdc3346118b9293d283043264f63f9cbcfff22c35753ec9c3813f6ce97ba179ab425243bf20419f3faea8377896065191a30feb4031f9'
 'ce245f775d35ff93a0b71a0da8c38a9daf1441422fdbfc3b5693c0258a3a739d2f29f767a98cf04d1296d0fdc62d345c27fba81c543d719ce7dd4624b66b865d'
 '11c0634698f1b7347875b12616c1909792c7694abc899d40d7ebd5ec439a4120d2889190c49c920ac1b66001092494c184732c2cee4eaef6cb0dcc857ebab8b8'
 '8f5751520c653eceb98d31d48f585edba62ef8e1a15de3b3d6838ecbe973a22911b26e5cf43c0492256626194ac47c09313525fab95f5bb1e1e024fa5a13370d'
 '0054d8619570bb6c0efca76fc0b5d60b2020d45053f0043184d6db81d8b4175c11d3bf6bd1b762bf62da191305d36d6c9842c8a074e437af7b77352179be84b7']",6,2,0.0,0.0
cdbb91f9-d408-48e2-9c89-d125ca8b25a7,644,Β受体阻滞剂[87],DRUG_CLASS,包括美托洛尔、普萘洛尔等药物的类别,['ab880573e023cb66c0c136752d5e7ffccf0d4932be602d2e2448ad1fc7dce1cfb7fb5662f82d464e25e609ddd708ccdd5f4804c4c1a77efd91ebfe395094477b'],1,1,0.0,0.0
1e3e4db3-9f81-417a-896e-d94870a42597,645,难治性偏头痛,DISEASE,**难治性偏头痛**是指那些对常规治疗以及多种预防性药物治疗均反应不佳或效果不显著的偏头痛类型。这类患者通常在接受过标准治疗方案后，其症状仍未能得到充分控制或缓解。,"['f2d956b3558601f0e70fdc3346118b9293d283043264f63f9cbcfff22c35753ec9c3813f6ce97ba179ab425243bf20419f3faea8377896065191a30feb4031f9'
 '4e10a447ddaf2c74684d2a22401890d0f1eed1fd11ac887c4f65b340f4348db607f77e46c4ba8d22a4abe8dd27f016378deada950d2c72edfa41699ac96ba87b']",2,0,,
6c45c2e2-c363-45d2-b918-2e8b933ccdf6,646,孕期、哺乳期用药推荐,GUIDELINE_RECOMMENDATION,针对孕期和哺乳期偏头痛病人的用药建议,['f2d956b3558601f0e70fdc3346118b9293d283043264f63f9cbcfff22c35753ec9c3813f6ce97ba179ab425243bf20419f3faea8377896065191a30feb4031f9'],1,0,,
a8ee3bb8-346f-4a30-892f-a32bcdc119e9,647,亚洲慢性偏头痛病人,POPULATION,亚洲地区的慢性偏头痛患者,['f2d956b3558601f0e70fdc3346118b9293d283043264f63f9cbcfff22c35753ec9c3813f6ce97ba179ab425243bf20419f3faea8377896065191a30feb4031f9'],1,1,0.0,0.0
68ac7742-856d-4faa-ae85-23f8b31ca4cf,648,儿童,POPULATION,儿童是指年龄在5至10岁之间的未成年人，属于儿科患者群体中的一部分。这一特殊人群通常指小于特定年龄（如12岁）的患者群体，在医疗和健康领域中常被称为患儿群体。作为适用人群之一，儿童是相关研究、政策或产品服务的重要对象。,"['f2d956b3558601f0e70fdc3346118b9293d283043264f63f9cbcfff22c35753ec9c3813f6ce97ba179ab425243bf20419f3faea8377896065191a30feb4031f9'
 'ad35013d5762ef15840617220687d42379da7e6c224e4855c141b759801bcfd09828afb47c83e266ef51862cb8425a84f9f1117657d14c607e0bcbe3020d96e4'
 '2b384656525832ccf7fcb18f887bf305fc02cd19bd9bfe73ae028b4951f90e37b7e146e308f4a4dc93e2357ad0ed8dc0ae39d88e9ee8e463302ad37ab1e6a1ad'
 '42781f631e60d5dc978768ac106545507144b9e7739c934b8c58b4e43df91be73d72050987092a86649f7624b77499e7b92b3d0040bae8376c6045c2ba6a4181'
 'a755a1d7c7d50241e949f3f67066a071d3040c44026ecbf4204c31719658d38c98068fe0a23f3f70426a030908bdcf57c15191f15e39db46ece7a311ac4175d5'
 'ac816b54ac70f1e2697a0fc2cc646c6a9319c8b2da14228b3ac6b76a0dd992ee5c7cee7e7986e8ab08a9d457617b74a833be81924604ec8d1c29d35b02f46926'
 '0fafd9b55eb7b58b6e2a380b575c0bec92746116b83066650a24cfb7503fcd69d88f54f0fb593b1a722d84077abfbec53717a54c0b5770687997a98ee5e08c23'
 '0054d8619570bb6c0efca76fc0b5d60b2020d45053f0043184d6db81d8b4175c11d3bf6bd1b762bf62da191305d36d6c9842c8a074e437af7b77352179be84b7']",8,3,0.0,0.0
74e2dae4-7e58-48e7-a8f2-1bb4db73b872,649,孕期、哺乳期偏头痛病人,POPULATION,怀孕和哺乳期的偏头痛患者,['f2d956b3558601f0e70fdc3346118b9293d283043264f63f9cbcfff22c35753ec9c3813f6ce97ba179ab425243bf20419f3faea8377896065191a30feb4031f9'],1,0,,
d08fa8e0-e4a7-4c1e-b093-21f8ae3108b3,650,合并高血压的偏头痛病人,COMORBIDITY_SCENARIO,同时患有高血压和偏头痛的患者,['f2d956b3558601f0e70fdc3346118b9293d283043264f63f9cbcfff22c35753ec9c3813f6ce97ba179ab425243bf20419f3faea8377896065191a30feb4031f9'],1,3,0.0,0.0
601ec978-ea79-4699-a7f8-714aac4973dd,651,合并焦虑抑郁的偏头痛病人,COMORBIDITY_SCENARIO,同时患有焦虑抑郁和偏头痛的患者,['f2d956b3558601f0e70fdc3346118b9293d283043264f63f9cbcfff22c35753ec9c3813f6ce97ba179ab425243bf20419f3faea8377896065191a30feb4031f9'],1,1,0.0,0.0
8d023b8d-e703-404f-a449-c9dba7e3b6b6,652,既往已尝试2~4种预防性药物治疗失败的病人,POPULATION,对多种预防性药物治疗无效的患者,['f2d956b3558601f0e70fdc3346118b9293d283043264f63f9cbcfff22c35753ec9c3813f6ce97ba179ab425243bf20419f3faea8377896065191a30feb4031f9'],1,1,0.0,0.0
e1a0fd01-14c2-41b0-b177-3854448da233,653,成人发作性偏头痛,DISEASE,"成人发作性偏头痛患者
成人患者的发作性偏头痛类型",['4e10a447ddaf2c74684d2a22401890d0f1eed1fd11ac887c4f65b340f4348db607f77e46c4ba8d22a4abe8dd27f016378deada950d2c72edfa41699ac96ba87b'],1,0,,
a9a1b9fd-d43b-4677-8e91-56d09afaf86a,654,慢性每日头痛,COMORBIDITY_SCENARIO,包括慢性偏头痛及慢性紧张型头痛,['4e10a447ddaf2c74684d2a22401890d0f1eed1fd11ac887c4f65b340f4348db607f77e46c4ba8d22a4abe8dd27f016378deada950d2c72edfa41699ac96ba87b'],1,0,,
45429502-a136-4ced-be34-4688362bc10a,655,慢性紧张型头痛,DISEASE,一种慢性头痛类型,['4e10a447ddaf2c74684d2a22401890d0f1eed1fd11ac887c4f65b340f4348db607f77e46c4ba8d22a4abe8dd27f016378deada950d2c72edfa41699ac96ba87b'],1,0,,
82347a52-5103-45ff-a860-a60909a8ccb9,656,有先兆性偏头痛,DISEASE,伴有先兆症状的偏头痛,['4e10a447ddaf2c74684d2a22401890d0f1eed1fd11ac887c4f65b340f4348db607f77e46c4ba8d22a4abe8dd27f016378deada950d2c72edfa41699ac96ba87b'],1,0,,
12d48c3e-f05f-412e-8155-7a8792cf549b,657,中医药治疗,NON_DRUG_TREATMENT,使用中成药或针灸等中医方法治疗,['4e10a447ddaf2c74684d2a22401890d0f1eed1fd11ac887c4f65b340f4348db607f77e46c4ba8d22a4abe8dd27f016378deada950d2c72edfa41699ac96ba87b'],1,0,,
81fc68c9-a31d-4115-8095-b01013232a98,658,联合用药,THERAPY,中成药联合氟桂利嗪的治疗方案,['4e10a447ddaf2c74684d2a22401890d0f1eed1fd11ac887c4f65b340f4348db607f77e46c4ba8d22a4abe8dd27f016378deada950d2c72edfa41699ac96ba87b'],1,0,,
ee2174ae-c13d-446d-b283-0466fb73394f,659,神经调控,NON_DRUG_TREATMENT,神经调控是一种非药物干预方法，主要通过电或磁场刺激神经来缓解头痛。,"['4e10a447ddaf2c74684d2a22401890d0f1eed1fd11ac887c4f65b340f4348db607f77e46c4ba8d22a4abe8dd27f016378deada950d2c72edfa41699ac96ba87b'
 '7550c181997ab8ff64b5459fa3cf8edbc6b1104394351e2f88ebd8ef645e8380153cb5f442a090028936bb1746a8218cc5368baf8600f1f910ee280c1ea68d17']",2,6,0.0,0.0
3d4b89ee-e0db-46eb-8df8-eb0896022b0b,660,三叉神经电刺激(ETNS),NON_DRUG_TREATMENT,通过电刺激三叉神经治疗偏头痛,['4e10a447ddaf2c74684d2a22401890d0f1eed1fd11ac887c4f65b340f4348db607f77e46c4ba8d22a4abe8dd27f016378deada950d2c72edfa41699ac96ba87b'],1,1,0.0,0.0
9118066f-d994-4fed-ade5-f044aa5ff5ca,661,非侵入性迷走神经刺激(NVNS),NON_DRUG_TREATMENT,通过刺激迷走神经治疗偏头痛,['4e10a447ddaf2c74684d2a22401890d0f1eed1fd11ac887c4f65b340f4348db607f77e46c4ba8d22a4abe8dd27f016378deada950d2c72edfa41699ac96ba87b'],1,1,0.0,0.0
305c6f34-3ced-46ff-bdcb-ca0e60a88275,662,经颅磁刺激(STMS),NON_DRUG_TREATMENT,使用单脉冲磁刺激脑区治疗偏头痛,['4e10a447ddaf2c74684d2a22401890d0f1eed1fd11ac887c4f65b340f4348db607f77e46c4ba8d22a4abe8dd27f016378deada950d2c72edfa41699ac96ba87b'],1,1,0.0,0.0
2b63595c-16da-494c-ba2e-542134529e80,663,远程电神经调节(REN),NON_DRUG_TREATMENT,通过电刺激上臂治疗偏头痛,['4e10a447ddaf2c74684d2a22401890d0f1eed1fd11ac887c4f65b340f4348db607f77e46c4ba8d22a4abe8dd27f016378deada950d2c72edfa41699ac96ba87b'],1,1,0.0,0.0
342636f6-0650-4f33-8ad0-8e5e0a1f6093,664,前庭神经刺激(CVS),NON_DRUG_TREATMENT,通过刺激前庭神经预防偏头痛,['4e10a447ddaf2c74684d2a22401890d0f1eed1fd11ac887c4f65b340f4348db607f77e46c4ba8d22a4abe8dd27f016378deada950d2c72edfa41699ac96ba87b'],1,0,,
70ed7674-ece0-400d-95ea-18bdb9831bcb,665,经皮乳突电刺激(PMES),NON_DRUG_TREATMENT,通过电刺激乳突部位预防偏头痛,['4e10a447ddaf2c74684d2a22401890d0f1eed1fd11ac887c4f65b340f4348db607f77e46c4ba8d22a4abe8dd27f016378deada950d2c72edfa41699ac96ba87b'],1,0,,
0316de55-46bd-4c4d-8307-2460389fa953,666,经皮眶上神经刺激(TSNS),NON_DRUG_TREATMENT,eTNS的主要手段，刺激眶上神经和滑车上神经,['4e10a447ddaf2c74684d2a22401890d0f1eed1fd11ac887c4f65b340f4348db607f77e46c4ba8d22a4abe8dd27f016378deada950d2c72edfa41699ac96ba87b'],1,0,,
feb73870-c664-4209-b0b2-e08a45586be2,667,经皮枕神经电刺激(TONS),NON_DRUG_TREATMENT,通过电刺激枕神经预防无先兆偏头痛,['4e10a447ddaf2c74684d2a22401890d0f1eed1fd11ac887c4f65b340f4348db607f77e46c4ba8d22a4abe8dd27f016378deada950d2c72edfa41699ac96ba87b'],1,0,,
caf0b36c-f207-4717-8f90-91063d902b98,668,生物行为疗法,NON_DRUG_TREATMENT,包括认知行为疗法、生物反馈和放松疗法,['4e10a447ddaf2c74684d2a22401890d0f1eed1fd11ac887c4f65b340f4348db607f77e46c4ba8d22a4abe8dd27f016378deada950d2c72edfa41699ac96ba87b'],1,0,,
388bd4e3-c693-4c18-965f-aa3c84831d03,669,放松疗法,NON_DRUG_TREATMENT,训练有意识地控制心理生理活动以改善机体功能,['4e10a447ddaf2c74684d2a22401890d0f1eed1fd11ac887c4f65b340f4348db607f77e46c4ba8d22a4abe8dd27f016378deada950d2c72edfa41699ac96ba87b'],1,0,,
f2ca414d-81b9-4e52-9c1a-a9ad8f2aed48,670,卵圆孔封堵术,NON_DRUG_TREATMENT,通过封堵卵圆孔未闭来尝试治疗偏头痛的手术,['4e10a447ddaf2c74684d2a22401890d0f1eed1fd11ac887c4f65b340f4348db607f77e46c4ba8d22a4abe8dd27f016378deada950d2c72edfa41699ac96ba87b'],1,0,,
324ffeeb-208a-4769-ba02-695a270457c7,671,卵圆孔未闭(PFO),COMORBIDITY_SCENARIO,有先兆性偏头痛病人合并卵圆孔未闭的发生率较高,['4e10a447ddaf2c74684d2a22401890d0f1eed1fd11ac887c4f65b340f4348db607f77e46c4ba8d22a4abe8dd27f016378deada950d2c72edfa41699ac96ba87b'],1,0,,
67df2520-04b3-459c-992c-566153e386b2,672,PFO相关卒中,COMORBIDITY_SCENARIO,与卵圆孔未闭相关的卒中,['4e10a447ddaf2c74684d2a22401890d0f1eed1fd11ac887c4f65b340f4348db607f77e46c4ba8d22a4abe8dd27f016378deada950d2c72edfa41699ac96ba87b'],1,0,,
ae727e62-e47a-4695-9fb8-4097c3dd2611,673,中成药,DRUG_CLASS,中药制成的药物类别,['4e10a447ddaf2c74684d2a22401890d0f1eed1fd11ac887c4f65b340f4348db607f77e46c4ba8d22a4abe8dd27f016378deada950d2c72edfa41699ac96ba87b'],1,3,0.0,0.0
f6edf5bc-6122-4221-aac1-be03fb399479,674,镇痛药物,DRUG_CLASS,用于缓解疼痛的药物类别,['4e10a447ddaf2c74684d2a22401890d0f1eed1fd11ac887c4f65b340f4348db607f77e46c4ba8d22a4abe8dd27f016378deada950d2c72edfa41699ac96ba87b'],1,0,,
c2802efc-7334-4059-a4bb-d9a0e68a387a,675,常规药物治疗,THERAPY,偏头痛的标准药物治疗方案,['4e10a447ddaf2c74684d2a22401890d0f1eed1fd11ac887c4f65b340f4348db607f77e46c4ba8d22a4abe8dd27f016378deada950d2c72edfa41699ac96ba87b'],1,1,0.0,0.0
20e545ea-4e91-48ad-8315-0056d613c28b,676,孕期女性,POPULATION,妊娠期女性,['4e10a447ddaf2c74684d2a22401890d0f1eed1fd11ac887c4f65b340f4348db607f77e46c4ba8d22a4abe8dd27f016378deada950d2c72edfa41699ac96ba87b'],1,0,,
bd532165-116e-498f-ab87-7400a2c587bb,677,规范化诊治体系,THERAPY,通过诊断、鉴别诊断及有效治疗提高临床管理质量的体系,['53fabd6061d68e4f513b61c3e6477b9cd8b31132a56304cced1927d39a54705928a4758e66e5cb83e1bee5033ada82da615495d4b0c574a901944fd41135269c'],1,1,0.0,0.0
4bc97987-3ced-484a-b2ed-8b2a4a42de11,678,临床实践指导,GUIDELINE,关于偏头痛诊治的指导,['53fabd6061d68e4f513b61c3e6477b9cd8b31132a56304cced1927d39a54705928a4758e66e5cb83e1bee5033ada82da615495d4b0c574a901944fd41135269c'],1,0,,
eecfdc3b-88d6-4b22-ba09-0825be6cc3e3,679,国际标准循证指南,GUIDELINE,按照其方法和规范完成的指南,['53fabd6061d68e4f513b61c3e6477b9cd8b31132a56304cced1927d39a54705928a4758e66e5cb83e1bee5033ada82da615495d4b0c574a901944fd41135269c'],1,0,,
8bcd6534-bd6f-4f68-b951-27396b9f96f9,680,本版指南,GUIDELINE_EDITION,当前版本的指南,['53fabd6061d68e4f513b61c3e6477b9cd8b31132a56304cced1927d39a54705928a4758e66e5cb83e1bee5033ada82da615495d4b0c574a901944fd41135269c'],1,1,0.0,0.0
4f8bfa58-fa7e-4a12-ba8d-0da80dec76c8,681,下一版,GUIDELINE_EDITION,未来将继续完善的指南版本,['53fabd6061d68e4f513b61c3e6477b9cd8b31132a56304cced1927d39a54705928a4758e66e5cb83e1bee5033ada82da615495d4b0c574a901944fd41135269c'],1,1,0.0,0.0
d0acb291-5ca1-4c8b-8b88-229172464051,682,卵圆孔未闭,COMORBIDITY_SCENARIO,卵圆孔未闭是一种常见的先天性心脏结构异常，它作为偏头痛的一种特殊情况，与偏头痛存在关联。,"['d5d200ef93d93866b561dd8cb03e74a5748e8ae0aaab5cbd52d2ab857fd174e745f411979e64d9bfd7d0aee4e5fdafde72f1564a9a8224b23a51382462516ff6'
 '96c1d632d42d78b15760ba4e1da4df401b53c363449c8289a6c5a8655253b6e3367dc93e0498869705de3a1078f9431e54990c712a7219ef6884c8a8885a035c']",2,4,0.0,0.0
e7914035-4e45-4eea-bd61-fc12ead633a0,683,急性发作处理,TREATMENT_PHASE,针对偏头痛急性发作的治疗阶段,['d5d200ef93d93866b561dd8cb03e74a5748e8ae0aaab5cbd52d2ab857fd174e745f411979e64d9bfd7d0aee4e5fdafde72f1564a9a8224b23a51382462516ff6'],1,1,0.0,0.0
9ad44886-2f91-4932-bc3c-135edafd0f8b,684,预防性治疗方案,TREATMENT_PHASE,旨在减少偏头痛发作频率和严重度的治疗阶段,['d5d200ef93d93866b561dd8cb03e74a5748e8ae0aaab5cbd52d2ab857fd174e745f411979e64d9bfd7d0aee4e5fdafde72f1564a9a8224b23a51382462516ff6'],1,1,0.0,0.0
2d7195bb-3b37-4f46-8d3d-329b972a09c8,685,生活方式管理建议,NON_DRUG_TREATMENT,非药物的生活方式调整建议,['d5d200ef93d93866b561dd8cb03e74a5748e8ae0aaab5cbd52d2ab857fd174e745f411979e64d9bfd7d0aee4e5fdafde72f1564a9a8224b23a51382462516ff6'],1,1,0.0,0.0
fc5d538a-f36e-49d3-af9b-875374d57f4f,686,中国偏头痛诊治指南（患者版）,GUIDELINE,指导患者及其照护者进行科学管理的指南,['d5d200ef93d93866b561dd8cb03e74a5748e8ae0aaab5cbd52d2ab857fd174e745f411979e64d9bfd7d0aee4e5fdafde72f1564a9a8224b23a51382462516ff6'],1,9,0.0,0.0
a94914b4-e645-4bba-ba52-aec949735173,687,诊断,TREATMENT_PHASE,诊断是指确定疾病的过程，通常涵盖从初步识别到最终确认的各个阶段。这一过程包括收集病史、进行体格检查、使用辅助检验或影像学手段，并依据临床指南等标准综合分析信息，以明确疾病的类型、性质及严重程度。,"['d5d200ef93d93866b561dd8cb03e74a5748e8ae0aaab5cbd52d2ab857fd174e745f411979e64d9bfd7d0aee4e5fdafde72f1564a9a8224b23a51382462516ff6'
 'a1b8f260f6eeeaaa02880999d0164d457ed936ec7389a73695013c589790f7c26a4bc1050a2248e8e109892bad4c036bffd7bdea4444cc3243858439e235e989']",2,2,0.0,0.0
1f186de6-5994-45dc-9588-d7d4712cafe4,688,基本认知,GUIDELINE_RECOMMENDATION,指南围绕的核心问题之一，关于疾病的基本知识,['d5d200ef93d93866b561dd8cb03e74a5748e8ae0aaab5cbd52d2ab857fd174e745f411979e64d9bfd7d0aee4e5fdafde72f1564a9a8224b23a51382462516ff6'],1,0,,
a4335263-11b7-4d8b-a3cd-433618568da2,689,个性化治疗方案,THERAPY,医患共同制订的个体化治疗计划,['d5d200ef93d93866b561dd8cb03e74a5748e8ae0aaab5cbd52d2ab857fd174e745f411979e64d9bfd7d0aee4e5fdafde72f1564a9a8224b23a51382462516ff6'],1,0,,
5416006b-d192-41d2-b3de-db370ee596a0,690,中国偏头痛诊治指南（2022 版）,GUIDELINE_EDITION,《中国偏头痛诊治指南（2022 版）》是于2022年发布的中国偏头痛临床诊断与治疗指导性文件，为2022年更新的官方指南版本。该指南系统阐述了偏头痛的流行病学、发病机制、诊断标准、鉴别诊断、急性期治疗及预防性治疗策略，旨在规范并提升中国临床医师对偏头痛的诊疗水平。,"['f72233ede15c2dc81218d7f98944f4209aa7e8bb9f6126c542a9998661b0591c528ba82b118b3431299cd79041f10bc9c4b3ae009e206f21a3c91060b5431cae'
 'bfad7cb80612a979706bc5c077780f25ccccf3bf53dd263029107f1a6f54e815903ad1a1f128aadb0c9fbaf3e877cac08d057af5995c321f9ec6c6d8df22f726']",2,1,0.0,0.0
b0dc68e4-5ac1-4ac6-9e09-dffb2b04c744,691,中国药物过度使用性头痛诊治指南（第一版）,GUIDELINE_EDITION,第一版的中国药物过度使用性头痛诊治指南,['f72233ede15c2dc81218d7f98944f4209aa7e8bb9f6126c542a9998661b0591c528ba82b118b3431299cd79041f10bc9c4b3ae009e206f21a3c91060b5431cae'],1,2,0.0,0.0
0e38d715-07d4-4139-a116-41b7cee3d30c,692,月经性偏头痛诊断和治疗中国专家共识（2025 版）,GUIDELINE_EDITION,2025年版的月经性偏头痛诊断和治疗中国专家共识,['f72233ede15c2dc81218d7f98944f4209aa7e8bb9f6126c542a9998661b0591c528ba82b118b3431299cd79041f10bc9c4b3ae009e206f21a3c91060b5431cae'],1,2,0.0,0.0
631f2f54-2522-4c01-bc3a-1074a9bcc833,693,中国药物过度使用性头痛诊治指南,GUIDELINE,关于药物过度使用性头痛诊治的指南,['f72233ede15c2dc81218d7f98944f4209aa7e8bb9f6126c542a9998661b0591c528ba82b118b3431299cd79041f10bc9c4b3ae009e206f21a3c91060b5431cae'],1,1,0.0,0.0
4e64d414-bce4-43ed-8ea5-3da276928f91,694,月经性偏头痛诊断和治疗中国专家共识,GUIDELINE,关于月经性偏头痛诊断和治疗的专家共识,['f72233ede15c2dc81218d7f98944f4209aa7e8bb9f6126c542a9998661b0591c528ba82b118b3431299cd79041f10bc9c4b3ae009e206f21a3c91060b5431cae'],1,1,0.0,0.0
0da6a23e-5660-4819-9d13-9756fdcc51c8,695,偏头痛患者的家属及照护者,POPULATION,偏头痛患者的家属及照护者,['381147c160e708531edd5fe9dfe37f5429a16e1dd6e0e313cace6027de42a9bac0ee5197a83256ff01f43c8964450a46e6001cba4bd330d3292c346da34460dd'],1,1,0.0,0.0
89429e49-8cff-4b22-b24b-9e95a1ee03bc,696,健康管理者及健康教育从业者,POPULATION,健康管理者及健康教育从业者,['381147c160e708531edd5fe9dfe37f5429a16e1dd6e0e313cace6027de42a9bac0ee5197a83256ff01f43c8964450a46e6001cba4bd330d3292c346da34460dd'],1,1,0.0,0.0
5a342ca6-ae74-48c6-8a44-56a1e0be741d,697,头痛相关领域的医护人员,POPULATION,头痛相关领域的医护人员,['381147c160e708531edd5fe9dfe37f5429a16e1dd6e0e313cace6027de42a9bac0ee5197a83256ff01f43c8964450a46e6001cba4bd330d3292c346da34460dd'],1,1,0.0,0.0
71232442-b935-4d3e-9ea1-b561b553b27f,698,患者,POPULATION,患者是指南所关注并旨在为其提供全流程科学指导的人群，具体包括需要就医和准备病史资料的个人。,"['b1d4faedf560c52d85be2a2602b480cfe19179a3538441c8e84f5b4c2fdff082a3bbe1a22e3e1ff1f9837c1dfd6a21dcf70d931b5b49fc0c6e36afc5305e6434'
 'e46eeb2680b79e516b9870bd93fa65eb50a69dcbfbd682f8bb828d016a324780c9c265003b55b9cb07448c5efa8cec73db9c6f2731ad970ba367c73234d0121d'
 'e5186bb6d352a27917ac8367b8fb3678ef25aaa7f613b8bb0aefd254e410395d49875a159c5a4455a5a92f145688b7d02107af25020f5a8a10ae594a37c49c85']",3,3,0.0,0.0
4b72067b-2403-45b4-9481-39aa1081dafd,699,治疗药物推荐,GUIDELINE_RECOMMENDATION,指南中关于治疗药物的推荐部分,['12cc92b244fb719c597c724312e29eb64d5223e12466d22aa755d560a5c41b122565191de5abcdc210334538dc6974ba156f00f50a162499a1643a487900c50d'],1,1,0.0,0.0
f4ed6bc9-4a52-44a0-809c-e6844bf288fd,700,国际实践指南注册平台,,,['b92b2af553e1b0fd9d9e7d6af986865eddcd8a9a0f2721897a47f2b0e08b5769340a6de26aec0532682a8eee09efb9f657ee2a70e3ee9bd3fa42fb553702f27a'],1,1,0.0,0.0
4318568b-ffad-4602-adf3-efb276e0a543,701,多基因遗传性疾病,COMORBIDITY_SCENARIO?,"由多个基因共同影响的疾病类型)  // Note: This is not a standard entity type. The text describes ""绝大多数偏头痛属于多基因遗传性疾病"", which is a characteristic of the disease, not a comorbidity scenario. It should not be extracted.",['2aa059af0406bde6deb813ec2ee74914115f3f343dd645a759a13a158dda1904a92560987f03f1e8f31d83a29de89ffb5bd5dc9c23908575889ea7ab3d1004ae'],1,0,,
6c5c4b5d-f43d-4e33-8942-fd1868267515,702,单基因遗传病,COMORBIDITY_SCENARIO?,"由单一基因决定的遗传病)  // Note: Same as above. This is a disease classification, not a comorbidity scenario.<|COMPLETE|>",['2aa059af0406bde6deb813ec2ee74914115f3f343dd645a759a13a158dda1904a92560987f03f1e8f31d83a29de89ffb5bd5dc9c23908575889ea7ab3d1004ae'],1,0,,
feefc672-655c-4aff-b2ee-c64cb61d94c6,703,睡眠异常,COMORBIDITY_SCENARIO,睡眠不足或过多可能诱发偏头痛发作,['83cf6962c20483778fbd6251a054ccead28d13f98bdd95ff3df5e4190d2ebe17c49c49e769e8b29f970f85ee84c91aa5569c9e390ca6d6547ad29dd36502530d'],1,1,0.0,0.0
c3f3e0a2-b439-418c-8e3a-dfe05188e92e,704,劳累,COMORBIDITY_SCENARIO,身体劳累可能诱发偏头痛发作,['83cf6962c20483778fbd6251a054ccead28d13f98bdd95ff3df5e4190d2ebe17c49c49e769e8b29f970f85ee84c91aa5569c9e390ca6d6547ad29dd36502530d'],1,1,0.0,0.0
7d777bb2-0c76-4ac1-8785-7129d390adca,705,月经周期变化,COMORBIDITY_SCENARIO,月经周期变化可能诱发偏头痛发作,['83cf6962c20483778fbd6251a054ccead28d13f98bdd95ff3df5e4190d2ebe17c49c49e769e8b29f970f85ee84c91aa5569c9e390ca6d6547ad29dd36502530d'],1,1,0.0,0.0
3acafcc5-ef29-4bf3-b0bf-08c344c8b974,706,情绪波动和心理压力,COMORBIDITY_SCENARIO,情绪波动和心理压力可能诱发偏头痛发作,['83cf6962c20483778fbd6251a054ccead28d13f98bdd95ff3df5e4190d2ebe17c49c49e769e8b29f970f85ee84c91aa5569c9e390ca6d6547ad29dd36502530d'],1,1,0.0,0.0
4f1c0085-a439-48cf-bf54-fc60e20072de,707,天气变化,COMORBIDITY_SCENARIO,高温、寒冷、潮湿、气压变化等天气变化可能诱发偏头痛发作,['83cf6962c20483778fbd6251a054ccead28d13f98bdd95ff3df5e4190d2ebe17c49c49e769e8b29f970f85ee84c91aa5569c9e390ca6d6547ad29dd36502530d'],1,1,0.0,0.0
b1e81cc1-f898-4d8f-81e5-5e616c823016,708,噪音,COMORBIDITY_SCENARIO,噪音可能诱发偏头痛发作,['83cf6962c20483778fbd6251a054ccead28d13f98bdd95ff3df5e4190d2ebe17c49c49e769e8b29f970f85ee84c91aa5569c9e390ca6d6547ad29dd36502530d'],1,1,0.0,0.0
bffe8fae-74bb-4f73-a514-82260e8fdf3a,709,强光、闪光,COMORBIDITY_SCENARIO,强光或闪光可能诱发偏头痛发作,['83cf6962c20483778fbd6251a054ccead28d13f98bdd95ff3df5e4190d2ebe17c49c49e769e8b29f970f85ee84c91aa5569c9e390ca6d6547ad29dd36502530d'],1,1,0.0,0.0
2c812533-1cac-4757-86ec-a4fa90725e7e,710,刺激性气味,COMORBIDITY_SCENARIO,刺激性气味可能诱发偏头痛发作,['83cf6962c20483778fbd6251a054ccead28d13f98bdd95ff3df5e4190d2ebe17c49c49e769e8b29f970f85ee84c91aa5569c9e390ca6d6547ad29dd36502530d'],1,1,0.0,0.0
d14c01b3-4038-4981-bc73-a3bc16d1650b,711,高海拔环境,COMORBIDITY_SCENARIO,高海拔环境可能诱发偏头痛发作,['83cf6962c20483778fbd6251a054ccead28d13f98bdd95ff3df5e4190d2ebe17c49c49e769e8b29f970f85ee84c91aa5569c9e390ca6d6547ad29dd36502530d'],1,1,0.0,0.0
66d4fce7-68da-448b-afbe-f5b410881b51,712,西洛他唑,DRUG,可能引发偏头痛样头痛的血管活性药物,['83cf6962c20483778fbd6251a054ccead28d13f98bdd95ff3df5e4190d2ebe17c49c49e769e8b29f970f85ee84c91aa5569c9e390ca6d6547ad29dd36502530d'],1,1,0.0,0.0
8af4de3f-2a72-400a-9ce8-0552e05b4e4f,713,血管活性药物,DRUG_CLASS,可能引发偏头痛样头痛的药物类别,['83cf6962c20483778fbd6251a054ccead28d13f98bdd95ff3df5e4190d2ebe17c49c49e769e8b29f970f85ee84c91aa5569c9e390ca6d6547ad29dd36502530d'],1,2,0.0,0.0
3704a4b0-c397-4015-90a1-2abab80369df,714,妊娠期或产后出现的头痛,POPULATION,妊娠期或产后人群出现的特定类型头痛,['83cf6962c20483778fbd6251a054ccead28d13f98bdd95ff3df5e4190d2ebe17c49c49e769e8b29f970f85ee84c91aa5569c9e390ca6d6547ad29dd36502530d'],1,0,,
b7de3528-4187-4590-8766-991c08cdeccd,715,遗传风险人群,POPULATION,父母一方有偏头痛，子女患病风险约为40%的人群,['83cf6962c20483778fbd6251a054ccead28d13f98bdd95ff3df5e4190d2ebe17c49c49e769e8b29f970f85ee84c91aa5569c9e390ca6d6547ad29dd36502530d'],1,0,,
93063cf4-9878-46e0-b89f-19f983c715fb,716,饮食诱因场景,COMORBIDITY_SCENARIO,柑橘类水果、味精、高脂肪食物等特定食物和成分可能诱发偏头痛,['83cf6962c20483778fbd6251a054ccead28d13f98bdd95ff3df5e4190d2ebe17c49c49e769e8b29f970f85ee84c91aa5569c9e390ca6d6547ad29dd36502530d'],1,0,,
8aa7d0c6-42b1-401d-8ded-643435f13cfa,717,咖啡因戒断场景,COMORBIDITY_SCENARIO,咖啡因戒断可能诱发偏头痛,['83cf6962c20483778fbd6251a054ccead28d13f98bdd95ff3df5e4190d2ebe17c49c49e769e8b29f970f85ee84c91aa5569c9e390ca6d6547ad29dd36502530d'],1,0,,
b00f31ac-da4f-45a9-9625-8c6a5d5cdd6b,718,长时间禁食或漏餐场景,COMORBIDITY_SCENARIO,长时间禁食或漏餐可能诱发偏头痛,['83cf6962c20483778fbd6251a054ccead28d13f98bdd95ff3df5e4190d2ebe17c49c49e769e8b29f970f85ee84c91aa5569c9e390ca6d6547ad29dd36502530d'],1,0,,
e027b1d0-e3e1-4b30-a7a7-f758fe298fb7,719,酪胺相关食品场景,COMORBIDITY_SCENARIO,成熟奶酪、腌制品等含有酪胺的食品可能诱发偏头痛,['83cf6962c20483778fbd6251a054ccead28d13f98bdd95ff3df5e4190d2ebe17c49c49e769e8b29f970f85ee84c91aa5569c9e390ca6d6547ad29dd36502530d'],1,0,,
515c98ea-4425-4aab-87e8-192b43a48525,720,亚硝酸盐和亚硫酸盐相关食品场景,COMORBIDITY_SCENARIO,腌制品、熏制品等含有亚硝酸盐和亚硫酸盐的食品可能诱发偏头痛,['83cf6962c20483778fbd6251a054ccead28d13f98bdd95ff3df5e4190d2ebe17c49c49e769e8b29f970f85ee84c91aa5569c9e390ca6d6547ad29dd36502530d'],1,0,,
45634f2b-61bb-4499-bcc2-e16d456622be,721,抑郁,COMORBIDITY_SCENARIO,抑郁是一种精神心理状况，可能由长期控制不佳的偏头痛等慢性疾病引发或加剧。它表现为持续的情绪低落、兴趣减退等一系列心理症状，影响个体的认知、情感及日常功能。,"['2653331ae1a0ba2677f7f7fede8c932f4b673f0e7e38b666bf8abe90cb1a55923a96232e869023bd456e3c3629127c57fc4c106fb80ebee74e25f5e088d36f51'
 '62a47466ff3c57929d09f449a143d719d9e0c4c33a2338743752150ae1e4c2957880bdc8f4c0677380e65e1a18195cf13f183e5aaab54e3c84a17c22537c9d03']",2,6,0.0,0.0
5d9d0d25-0832-4ae4-8ef1-f7b48ddba1df,722,睡眠障碍,COMORBIDITY_SCENARIO,睡眠障碍是一种常见的临床问题，在特定患者群体中表现出不同的关联特征。在VM（前庭性偏头痛）病人中，约30%会伴有睡眠障碍，这是其常见的共病情况之一。在儿童偏头痛患者中，睡眠障碍与偏头痛呈现双向关联，两者相互影响。此外，若偏头痛长期控制不佳，睡眠障碍也可能作为其导致的躯体症状之一出现。从整体上看，睡眠障碍也与患者的精神心理状况密切相关。,"['2653331ae1a0ba2677f7f7fede8c932f4b673f0e7e38b666bf8abe90cb1a55923a96232e869023bd456e3c3629127c57fc4c106fb80ebee74e25f5e088d36f51'
 'a755a1d7c7d50241e949f3f67066a071d3040c44026ecbf4204c31719658d38c98068fe0a23f3f70426a030908bdcf57c15191f15e39db46ece7a311ac4175d5'
 '5794824afca3edfdf4cee62d1ecb6d0720c6d45791a7ab1a2838edd9839fc106ecfec6159260a762cf29b034e2cc5d953936494e21b58063d478d8ca0d62ab5d'
 '62a47466ff3c57929d09f449a143d719d9e0c4c33a2338743752150ae1e4c2957880bdc8f4c0677380e65e1a18195cf13f183e5aaab54e3c84a17c22537c9d03']",4,5,0.0,0.0
f3eb32df-f80a-40c2-96af-f4905808eb17,723,无症状的脑白质病变,DISEASE,偏头痛患者在头颅磁共振检查中更容易发现的病变,['2653331ae1a0ba2677f7f7fede8c932f4b673f0e7e38b666bf8abe90cb1a55923a96232e869023bd456e3c3629127c57fc4c106fb80ebee74e25f5e088d36f51'],1,2,0.0,0.0
738eb7c6-01a4-4be8-9d9d-ce776e1d05f5,724,偏头痛患者（泛指）,,,['2653331ae1a0ba2677f7f7fede8c932f4b673f0e7e38b666bf8abe90cb1a55923a96232e869023bd456e3c3629127c57fc4c106fb80ebee74e25f5e088d36f51'],1,1,0.0,0.0
3f35d186-2ef8-4ccc-991b-fb60b0b68e3a,725,中等强度的有氧运动,NON_DRUG_TREATMENT,有助于减轻偏头痛频率和强度的运动方式,['b7e036cfc0af89cf534a04c0ac3f2fbc6e874136c11185ada17d5096022d926e9e2a09a1ed4b0e1ea393f799d3d6d782ee1649ce5ddcc0bd974e684c92a1a789'],1,1,0.0,0.0
f346902a-dee6-4c31-82da-0df2e2e5d439,726,冥想,NON_DRUG_TREATMENT,心理和行为干预，用于缓解压力和改善偏头痛,['b7e036cfc0af89cf534a04c0ac3f2fbc6e874136c11185ada17d5096022d926e9e2a09a1ed4b0e1ea393f799d3d6d782ee1649ce5ddcc0bd974e684c92a1a789'],1,1,0.0,0.0
98eaadbe-1576-453a-8240-cc09d8de394d,727,偏头痛的日常管理与自我帮助,GUIDELINE_RECOMMENDATION,关于偏头痛日常管理与自我帮助的指南推荐内容,['b7e036cfc0af89cf534a04c0ac3f2fbc6e874136c11185ada17d5096022d926e9e2a09a1ed4b0e1ea393f799d3d6d782ee1649ce5ddcc0bd974e684c92a1a789'],1,3,0.0,0.0
c77afdf4-4824-4763-94c2-c1786b8a5ed5,728,非药物的镇痛方法,NON_DRUG_TREATMENT,消除诱因、休息、头部按摩、冰帽热敷、穴位点按、针灸、神经阻滞和神经调控等方法,['363b6f4fe840a82e2f2626f490dcb8da3de821cda42ac4f70ba0da92fba6668706d3e8bf6ad7f088fd38c3486b672b17640aefe778000d68b857659286405ea0'],1,2,0.0,0.0
af9b8a0d-41ea-4ebf-ac48-0f3c83d33e60,729,偏头痛发作时,TREATMENT_PHASE,偏头痛急性发作的阶段,['363b6f4fe840a82e2f2626f490dcb8da3de821cda42ac4f70ba0da92fba6668706d3e8bf6ad7f088fd38c3486b672b17640aefe778000d68b857659286405ea0'],1,1,0.0,0.0
495fc0d7-99db-4d45-8d4e-a3ddf3af6a64,730,特异性药物,DRUG_CLASS,特异性药物是一类专门针对偏头痛发病机制研发的镇痛药物，主要包括曲普坦类药物和CGRP受体拮抗剂。,"['363b6f4fe840a82e2f2626f490dcb8da3de821cda42ac4f70ba0da92fba6668706d3e8bf6ad7f088fd38c3486b672b17640aefe778000d68b857659286405ea0'
 '00f6ae08bfe86a45fb0a5b9bb0c1af4689dc9a8bf3e904dafc085247d4891d45662af08314d8f37937a0c4846545bd0e0f2b558d3b42b0faee320aca0426b1c1']",2,7,0.0,0.0
16e4f1c7-2d67-4915-9f50-6e850cd5590a,731,利扎曲普坦（口服）,DRUG,曲普坦类药物，适用于中重度头痛,['363b6f4fe840a82e2f2626f490dcb8da3de821cda42ac4f70ba0da92fba6668706d3e8bf6ad7f088fd38c3486b672b17640aefe778000d68b857659286405ea0'],1,1,0.0,0.0
46daa996-b846-4691-ad40-514d58beb302,732,佐米曲普坦（口服、口腔崩解片、鼻喷剂）,DRUG,曲普坦类药物，对于有先兆偏头痛患者，不建议在先兆期使用,['363b6f4fe840a82e2f2626f490dcb8da3de821cda42ac4f70ba0da92fba6668706d3e8bf6ad7f088fd38c3486b672b17640aefe778000d68b857659286405ea0'],1,1,0.0,0.0
768df263-ee92-4d77-b4fb-7bb4b1ef636b,733,舒马普坦（口服）,DRUG,曲普坦类药物，如呕吐明显，可用佐米曲普坦鼻喷剂替代,['363b6f4fe840a82e2f2626f490dcb8da3de821cda42ac4f70ba0da92fba6668706d3e8bf6ad7f088fd38c3486b672b17640aefe778000d68b857659286405ea0'],1,1,0.0,0.0
47f38979-4778-474e-b4e9-aadaecfd60be,734,瑞美吉泮（口腔崩解片）,DRUG,CGRP受体拮抗剂，无依赖/过度使用风险,['363b6f4fe840a82e2f2626f490dcb8da3de821cda42ac4f70ba0da92fba6668706d3e8bf6ad7f088fd38c3486b672b17640aefe778000d68b857659286405ea0'],1,1,0.0,0.0
0f70279f-773a-4497-aaa6-2b0dc542b908,735,偏头痛先兆期延长,DISEASE,特殊类型的偏头痛,['00f6ae08bfe86a45fb0a5b9bb0c1af4689dc9a8bf3e904dafc085247d4891d45662af08314d8f37937a0c4846545bd0e0f2b558d3b42b0faee320aca0426b1c1'],1,2,0.0,0.0
e9fe0c78-2557-4f34-9099-5646a0100122,736,复方镇痛药,DRUG_CLASS,一类镇痛药物,['00f6ae08bfe86a45fb0a5b9bb0c1af4689dc9a8bf3e904dafc085247d4891d45662af08314d8f37937a0c4846545bd0e0f2b558d3b42b0faee320aca0426b1c1'],1,1,0.0,0.0
c07bad11-ceea-4fcc-8802-422e4bd12d14,737,急性镇痛药,TREATMENT_PHASE,仅在疼痛时使用的镇痛药物,['00f6ae08bfe86a45fb0a5b9bb0c1af4689dc9a8bf3e904dafc085247d4891d45662af08314d8f37937a0c4846545bd0e0f2b558d3b42b0faee320aca0426b1c1'],1,2,0.0,0.0
fca0831b-0909-4c40-b802-553f8fa9c1b5,738,镇痛药,,,['00f6ae08bfe86a45fb0a5b9bb0c1af4689dc9a8bf3e904dafc085247d4891d45662af08314d8f37937a0c4846545bd0e0f2b558d3b42b0faee320aca0426b1c1'],1,1,0.0,0.0
e36ec160-f227-4556-8290-48352bc4390c,739,传统预防治疗药物,DRUG_CLASS,用于预防偏头痛的传统药物类别,['ce245f775d35ff93a0b71a0da8c38a9daf1441422fdbfc3b5693c0258a3a739d2f29f767a98cf04d1296d0fdc62d345c27fba81c543d719ce7dd4624b66b865d'],1,0,,
32c369f2-8672-46da-a872-71274288b7d1,740,抗惊厥药,DRUG_CLASS,一类用于预防偏头痛的药物,['ce245f775d35ff93a0b71a0da8c38a9daf1441422fdbfc3b5693c0258a3a739d2f29f767a98cf04d1296d0fdc62d345c27fba81c543d719ce7dd4624b66b865d'],1,0,,
f8001f1c-8620-4fbf-82cd-85e94af54bb2,741,降血压药,DRUG_CLASS,一类用于预防偏头痛的药物,['ce245f775d35ff93a0b71a0da8c38a9daf1441422fdbfc3b5693c0258a3a739d2f29f767a98cf04d1296d0fdc62d345c27fba81c543d719ce7dd4624b66b865d'],1,0,,
e0690bb3-26da-45d7-a8c6-2d4ff50bddde,742,肉毒素,DRUG_CLASS,用于预防偏头痛的药物类别,['ce245f775d35ff93a0b71a0da8c38a9daf1441422fdbfc3b5693c0258a3a739d2f29f767a98cf04d1296d0fdc62d345c27fba81c543d719ce7dd4624b66b865d'],1,0,,
124a7201-42b5-413c-afe9-8f521aa6772a,743,CGRP靶向药物,DRUG_CLASS,专门针对CGRP的偏头痛治疗药物,['ce245f775d35ff93a0b71a0da8c38a9daf1441422fdbfc3b5693c0258a3a739d2f29f767a98cf04d1296d0fdc62d345c27fba81c543d719ce7dd4624b66b865d'],1,0,,
1bf903fe-b13b-4783-b4f8-0ef58a18d439,744,单克隆抗体,DRUG_CLASS,CGRP靶向药物的一类，通过注射给药,['ce245f775d35ff93a0b71a0da8c38a9daf1441422fdbfc3b5693c0258a3a739d2f29f767a98cf04d1296d0fdc62d345c27fba81c543d719ce7dd4624b66b865d'],1,0,,
86cdea0a-acbf-4fb9-854e-d3e58cee8156,745,小分子CGRP受体拮抗剂,DRUG_CLASS,CGRP靶向药物的一类，为口服药物,['ce245f775d35ff93a0b71a0da8c38a9daf1441422fdbfc3b5693c0258a3a739d2f29f767a98cf04d1296d0fdc62d345c27fba81c543d719ce7dd4624b66b865d'],1,0,,
5e7ec8de-14ae-45ad-abce-6f0222cdd276,746,营养补充剂,DRUG_CLASS,包括辅酶Q10、核黄素和镁等，用于偏头痛预防,['ce245f775d35ff93a0b71a0da8c38a9daf1441422fdbfc3b5693c0258a3a739d2f29f767a98cf04d1296d0fdc62d345c27fba81c543d719ce7dd4624b66b865d'],1,0,,
59fa2bc8-5ccd-4817-8637-f6e62c57a3bd,747,核黄素（维生素B2）,DRUG,营养补充剂，用于偏头痛预防,['ce245f775d35ff93a0b71a0da8c38a9daf1441422fdbfc3b5693c0258a3a739d2f29f767a98cf04d1296d0fdc62d345c27fba81c543d719ce7dd4624b66b865d'],1,0,,
a9c9e451-3bca-4ddb-aeb9-0a989d552f79,748,镁,DRUG,营养补充剂，用于偏头痛预防,['ce245f775d35ff93a0b71a0da8c38a9daf1441422fdbfc3b5693c0258a3a739d2f29f767a98cf04d1296d0fdc62d345c27fba81c543d719ce7dd4624b66b865d'],1,0,,
e17357b3-03dc-468a-90bb-50f313e71d8f,749,"非药物治疗方法联合应用<TREATMENT_PHASE><TREATMENT_PHASE><TREATMENT_PHASE><TREATMENT_PHASE><TREATMENT_PHASE><TREATMENT_PHASE><TREATMENT_PHASE><TREATMENT_PHASE><TREATMENT_PHASE><TREATMENT_PHASE><TREATMENT_PHASE><TREATMENT_PHASE><TREATMENT_PHASE><TREATMENT_PHASE><TREATMENT_PHASE><TREATMENT_PHASE><TREATMENT_PHASE><TREATMENT_PHASE><TREATMENT_PHASE><TREATMENT_PHASE><TREATMENT_PHASE><TREATMENT_PHASE><TREATMENT_PHASE><TREATMENT_PHASE><TREATMENT_PHASE><TREATMENT_PHASE><TREATMENT_PHASE><TREATMENT_PHASE><TREATMENT_PHASE><TREATMENT_PHASE><TREATMENT_PHASE><TREATMENT_PHASE><TREATMENT_PHASE><TREATMENT_PHASE><TREATMENT_PHASE><TREATMENT_PHASE><TREATMENT_PHASE><TREATMENT_PHASE><TREATMENT_PHASE><TREATMENT_PHASE><TREATMENT_PHASE><TREATMENT_PHASE><TREATMENT_PHASE><TREATMENT_PHASE><TREATMENT_PHASE><TREATMENT_PHASE><TREATMENT_PHASE><TREATMENT_PHASE><TREATMENT_PHASE><TREATMENT_PHASE><TREATMENT_PHASE><TREATMENT_PHASE><TREATMENT_PHASE><NON_DRUG_TREATMENT>**注意：** 上述实体 `非药物治疗方法联合应用` 的类型标记有误。根据原文“这些方法可以单独使用，也可以与药物治疗联合应用”，这描述的是治疗方式的应用模式，而非一个具体的非药物治疗实体。因此，此实体不应被提取。正确的处理是识别具体的非药物治疗实体。以下是更正后的非药物治疗实体：(""ENTITY""","三叉神经电刺激<NON_DRUG_TREATMENT>**注意：** 上述实体 `三叉神经电刺激` 的类型标记不完整。应更正如下：(""ENTITY""","三叉神经电刺激<NON_DRUG_TREATMENT>**注意：** 格式错误。应使用标准分隔符 `<｜>`。以下是所有实体的正确格式化列表：(""entity""<｜>偏头痛<｜>DISEASE<｜>一种神经血管性疾病，表现为反复发作的头痛",['ce245f775d35ff93a0b71a0da8c38a9daf1441422fdbfc3b5693c0258a3a739d2f29f767a98cf04d1296d0fdc62d345c27fba81c543d719ce7dd4624b66b865d'],1,0,,
5f4447ce-6308-4f27-868d-d03aa826eb14,750,先兆偏头痛,DISEASE,先兆偏头痛是一种伴有可逆性神经系统症状（称为先兆）的偏头痛类型。其典型特征是在头痛发作前或发作期间出现一系列可逆的视觉、感觉或语言等神经系统症状，这些先兆症状通常持续数分钟至一小时左右。这是偏头痛的一种明确亚型，区别于无先兆的偏头痛。,"['96c1d632d42d78b15760ba4e1da4df401b53c363449c8289a6c5a8655253b6e3367dc93e0498869705de3a1078f9431e54990c712a7219ef6884c8a8885a035c'
 '55a10d2794ee69c451012e44ecfbbb5a8f608d0b5357030d506f20708b3c0ce2bc2e52fdced5a132300f441ba8ef197e7e5f7b55642edbc68b35acd72963c75c'
 '73c7d70dcb88aae2dac470344f374992331df06bd37780db4cc43737f29dc87731c659f7ab5ae500bb18bc6f8d3a53191780dbf735f9d5235d93acbd05fececa']",3,3,0.0,0.0
49447b96-f34d-4c8b-b5f0-67fb2d2a687f,751,口服预防药物,DRUG_CLASS,用于预防偏头痛的口服药物,['96c1d632d42d78b15760ba4e1da4df401b53c363449c8289a6c5a8655253b6e3367dc93e0498869705de3a1078f9431e54990c712a7219ef6884c8a8885a035c'],1,2,0.0,0.0
d262aeb9-b731-4120-9a04-1171d194d8b4,752,注射类药物,DRUG_CLASS,用于预防偏头痛的注射剂型药物,['96c1d632d42d78b15760ba4e1da4df401b53c363449c8289a6c5a8655253b6e3367dc93e0498869705de3a1078f9431e54990c712a7219ef6884c8a8885a035c'],1,2,0.0,0.0
4b715d4b-aa90-4594-93e8-cbcda6a191af,753,PFO封堵术,NON_DRUG_TREATMENT,一种针对卵圆孔未闭的手术治疗方法,['96c1d632d42d78b15760ba4e1da4df401b53c363449c8289a6c5a8655253b6e3367dc93e0498869705de3a1078f9431e54990c712a7219ef6884c8a8885a035c'],1,2,0.0,0.0
3d89cad9-e294-4680-9d0b-0ad09e28ce65,754,一线药物,DRUG_CLASS,经指南推荐首先选择的药物类别,['96c1d632d42d78b15760ba4e1da4df401b53c363449c8289a6c5a8655253b6e3367dc93e0498869705de3a1078f9431e54990c712a7219ef6884c8a8885a035c'],1,3,0.0,0.0
328bfdfa-a105-49ad-b834-31ba9109d422,755,痛经,COMORBIDITY_SCENARIO,合并痛经的患者,['e39433eef3f59bb2bbddbab5bdebd461a1380645820dfc011d01cc24749184bd0555fd7e8aed1306a32718535e5ec92c234dee2031f4b07f8a3e1357dc93c88f'],1,1,0.0,0.0
16d66934-2f34-47c2-a976-dc5f2fc31119,756,急性镇痛治疗,TREATMENT_PHASE,月经性偏头痛的急性镇痛方法,['e39433eef3f59bb2bbddbab5bdebd461a1380645820dfc011d01cc24749184bd0555fd7e8aed1306a32718535e5ec92c234dee2031f4b07f8a3e1357dc93c88f'],1,1,0.0,0.0
cdccccdf-64c9-4add-b3ea-05df9140c861,757,围经期短程预防治疗,TREATMENT_PHASE,在围经期采用短程预防治疗,['e39433eef3f59bb2bbddbab5bdebd461a1380645820dfc011d01cc24749184bd0555fd7e8aed1306a32718535e5ec92c234dee2031f4b07f8a3e1357dc93c88f'],1,1,0.0,0.0
76dc1358-42a1-48ff-9c05-d2aea6cbf68b,758,规律长期预防治疗,TREATMENT_PHASE,常规的偏头痛预防原则进行规律的长期预防,['e39433eef3f59bb2bbddbab5bdebd461a1380645820dfc011d01cc24749184bd0555fd7e8aed1306a32718535e5ec92c234dee2031f4b07f8a3e1357dc93c88f'],1,1,0.0,0.0
f51a431a-39ec-47bd-8b50-c0bcc4ab8f85,759,CGRP 受体拮抗剂,DRUG_CLASS,CGRP 受体拮抗剂是一类用于治疗偏头痛的药物，具有急性镇痛和预防治疗的双重适应证。这类药物包括瑞美吉泮等具体品种。,"['e39433eef3f59bb2bbddbab5bdebd461a1380645820dfc011d01cc24749184bd0555fd7e8aed1306a32718535e5ec92c234dee2031f4b07f8a3e1357dc93c88f'
 '11c0634698f1b7347875b12616c1909792c7694abc899d40d7ebd5ec439a4120d2889190c49c920ac1b66001092494c184732c2cee4eaef6cb0dcc857ebab8b8']",2,2,0.0,0.0
4d513558-0c54-478d-b9cb-f1cc0be151bf,760,月经相关性偏头痛（或频繁发作的偏头痛）,,,['e39433eef3f59bb2bbddbab5bdebd461a1380645820dfc011d01cc24749184bd0555fd7e8aed1306a32718535e5ec92c234dee2031f4b07f8a3e1357dc93c88f'],1,1,0.0,0.0
fe442815-00a6-4755-b782-359219b53b5c,761,痛经（场景）,,,['e39433eef3f59bb2bbddbab5bdebd461a1380645820dfc011d01cc24749184bd0555fd7e8aed1306a32718535e5ec92c234dee2031f4b07f8a3e1357dc93c88f'],1,1,0.0,0.0
09ce15cb-75b4-4d3e-a092-dcb5fd130e30,762,中国头痛防控基地及体系建设,GUIDELINE,旨在改善头痛诊疗服务的项目,['e46eeb2680b79e516b9870bd93fa65eb50a69dcbfbd682f8bb828d016a324780c9c265003b55b9cb07448c5efa8cec73db9c6f2731ad970ba367c73234d0121d'],1,2,0.0,0.0
cbbd71dc-b390-473b-8454-c24407cdc9e9,763,2022,GUIDELINE_EDITION,项目启动年份,['e46eeb2680b79e516b9870bd93fa65eb50a69dcbfbd682f8bb828d016a324780c9c265003b55b9cb07448c5efa8cec73db9c6f2731ad970ba367c73234d0121d'],1,1,0.0,0.0
6c58efd3-7023-4b35-ab47-4c798a231d12,764,头痛中心和头痛门诊,NON_DRUG_TREATMENT,提供高水平头痛诊疗服务的医疗机构网络,['e46eeb2680b79e516b9870bd93fa65eb50a69dcbfbd682f8bb828d016a324780c9c265003b55b9cb07448c5efa8cec73db9c6f2731ad970ba367c73234d0121d'],1,1,0.0,0.0
3bb8f887-c2e4-4c1f-8dc8-8e37bda23e8d,765,照护者,POPULATION,指南旨在为其提供全流程科学指导的人群,['e5186bb6d352a27917ac8367b8fb3678ef25aaa7f613b8bb0aefd254e410395d49875a159c5a4455a5a92f145688b7d02107af25020f5a8a10ae594a37c49c85'],1,2,0.0,0.0
888a8b05-79dc-479c-b918-af589e0ee022,766,后续版本,GUIDELINE_EDITION,指南未来改进完善的版本,['e5186bb6d352a27917ac8367b8fb3678ef25aaa7f613b8bb0aefd254e410395d49875a159c5a4455a5a92f145688b7d02107af25020f5a8a10ae594a37c49c85'],1,1,0.0,0.0
60e256e2-2bfc-48d6-921e-72de0b62f21b,767,偏头痛管理指南,,,['e5186bb6d352a27917ac8367b8fb3678ef25aaa7f613b8bb0aefd254e410395d49875a159c5a4455a5a92f145688b7d02107af25020f5a8a10ae594a37c49c85'],1,4,0.0,0.0
feb1caeb-3404-4349-9971-8685e023b889,768,《中国偏头痛诊治指南（患者版）》,GUIDELINE,中国偏头痛诊治指南的患者版本,['66209208e2347a494df585b3043c733e732556f0fb1c59d136397a89b7e5072224d9acd0be409bc30047755f31cd366f0c432821c50e393acbfd3e15b53fb4de'],1,2,0.0,0.0
b3ef6a6c-5800-4400-be00-5b76d4d50b49,769,编写委员会名单,,,['66209208e2347a494df585b3043c733e732556f0fb1c59d136397a89b7e5072224d9acd0be409bc30047755f31cd366f0c432821c50e393acbfd3e15b53fb4de'],1,1,0.0,0.0
f4932f30-fa71-4ff6-9c84-ad040e1362b9,770,偏头痛与抑郁障碍共病,COMORBIDITY_SCENARIO,**偏头痛与抑郁障碍共病**是指一种临床情况，其中患者同时符合偏头痛和抑郁障碍的诊断标准。这种情况表现为偏头痛与抑郁障碍共同存在、相互影响或同时发生的临床场景。,"['e0d5d87e7e971868201858622b8be0e2105145d6c199eb9ac6979f01aba230c254d1161d9aa9a77676409060d3632db4de8128424e3f3c19ba8a51e305581c97'
 'b3ca485866dc26056066465b2eabd5c67623d4092c30bd65a877bafe69c41234102c63cabd95cdbbaa5c9996c0e94da9595ad2ec9edbcdf80af8a7ac9391ef8f'
 'bca8fa5027c8e1746de107e238f45011e36372dca01c37e40539a58e715f29845d3eb6826b13ae576427b31f2f21c95d7b4987fa0ba1c5e78828dd10ac555cff'
 '486f8a3445f82739b48b2d88f0689cd9f83a8b402cd4cab663aaa55848e2ffd3c3d0af270adba939808175ad5cb986a9ba12636a5baf02444314158e3a272e28'
 '785de8b67ededd4d6c44df527b789753430167dcd3b171c7f6b26154153a00255dae617c61f33eab08a492c1e0e24e70b6d64ad299b4968f99e81ad2301fce5e'
 'ea1083f6adf5fd73507f9c8f7bba9e0766d0dde517044024c9d1564182c5f406f00571f058d93f84dffd8824b4adf826df6e32c60cd4cbeded8dd0790b9d83a0'
 'bf3b18b221f08d6f38387de8ff6e0db5ffb3d41823100511752e2c9a16f3295eca95c3b48e0fba0afde87f986530e3bac3e9455bdbc47fba26852e335f056bc4'
 'a273030661a96ecbdcd506391fdd65a62dff5c58ebe9dc9d5a5d988a5ec21a61597b93aaa369fea575f760a5f95940c98aea36bf399c204dba5c8264e826cf7d'
 'f4b073c881c4fcb05727ee79708bd9cfbb6d3e83237cf1b85e3187dcab07280875c52e63328b7611bc065541e3dd44f41cde68660eeacbdab3bdbfebb4ff5fa2'
 '571033fb76c267906f15ebc5bb424e0f22da46345f9e8d60796f1d2d96929a6859c3df74ee25d5709bc2e5f464a592d92b8f77bf57b9a0d0c1e941963385ad77'
 'b0f4d24f6f62309a037dca8b4e0d4157f7e25c6212d4557e1032bbbb74f0891f1e7cc1c5ec2f561f3edcd394c5b050a01fd9c13a3e028f7d204116ce3bc48e9c']",11,12,0.0,0.0
3a9fb096-71ea-439a-9820-4b34c716ec50,771,抑郁障碍,DISEASE,抑郁障碍是一种依据DSM-5诊断标准的精神障碍，属于精神疾病或精神科疾病的范畴。它以情绪低落为核心和主要特征，常伴有兴趣或乐趣丧失的症状。该疾病具有发作性、慢性化以及易复发的特点，是一种严重的致残性疾病。全球患病率约为4.4%。抑郁障碍涵盖多种类型，其中最常见且最具代表性的是重性抑郁障碍。由于其慢性与复发性，抑郁障碍通常需要全程综合治疗。,"['e0d5d87e7e971868201858622b8be0e2105145d6c199eb9ac6979f01aba230c254d1161d9aa9a77676409060d3632db4de8128424e3f3c19ba8a51e305581c97'
 'b3ca485866dc26056066465b2eabd5c67623d4092c30bd65a877bafe69c41234102c63cabd95cdbbaa5c9996c0e94da9595ad2ec9edbcdf80af8a7ac9391ef8f'
 '55a10d2794ee69c451012e44ecfbbb5a8f608d0b5357030d506f20708b3c0ce2bc2e52fdced5a132300f441ba8ef197e7e5f7b55642edbc68b35acd72963c75c'
 'bca8fa5027c8e1746de107e238f45011e36372dca01c37e40539a58e715f29845d3eb6826b13ae576427b31f2f21c95d7b4987fa0ba1c5e78828dd10ac555cff'
 '486f8a3445f82739b48b2d88f0689cd9f83a8b402cd4cab663aaa55848e2ffd3c3d0af270adba939808175ad5cb986a9ba12636a5baf02444314158e3a272e28'
 '088f82ffaee5685f7330690f9ba754ac2b0833a2a86c352c8ed1168f836fdb9beeaf74ccd6bba5b719d18621ee6736e2316e82552594004c36faa302bd473491'
 '785de8b67ededd4d6c44df527b789753430167dcd3b171c7f6b26154153a00255dae617c61f33eab08a492c1e0e24e70b6d64ad299b4968f99e81ad2301fce5e'
 'ea1083f6adf5fd73507f9c8f7bba9e0766d0dde517044024c9d1564182c5f406f00571f058d93f84dffd8824b4adf826df6e32c60cd4cbeded8dd0790b9d83a0'
 '4539c484e5bf2d61749b4d64c10d034e623dd3ef4e3c28a227462428e6862fde175c62c0bdbea123d78990880838c55f2a3fb1f48f7172a9e35b73ec0541a88e'
 '940718a57f149467eeba3a2b796e9b3ba59e2fd07e8732249d3549c2e2c4f6dc2d0f638e328ee0e924716273f36322f64fbb63366848282d06b384a976104773'
 'e4178ef0c95bb109cf19aafdc7354a4596585a2218f0d33d296309dc8856d5f3e6b102f406f3858c3e827b883383448b6ddfbd58d654a4affd0875f3f615769a'
 '709b994d79a73f2f05b03728f1c8605c9f43606ad22eb28853072dbf452454159c5a26147224a8f886a8590098f8dbc222e7d77dea991a15274167a37700bad1'
 'cedeff15161c228ccc9c0559c6e432a076020c6240e0542a3adf08006d8664ee70bcd0f302b4bde6bedd09c0da5254a5152eb1cf0c3418c71b20e872faebd6f3'
 'bf3b18b221f08d6f38387de8ff6e0db5ffb3d41823100511752e2c9a16f3295eca95c3b48e0fba0afde87f986530e3bac3e9455bdbc47fba26852e335f056bc4'
 'a273030661a96ecbdcd506391fdd65a62dff5c58ebe9dc9d5a5d988a5ec21a61597b93aaa369fea575f760a5f95940c98aea36bf399c204dba5c8264e826cf7d'
 'f4b073c881c4fcb05727ee79708bd9cfbb6d3e83237cf1b85e3187dcab07280875c52e63328b7611bc065541e3dd44f41cde68660eeacbdab3bdbfebb4ff5fa2'
 '79037074f25246054dfe6498136b54c0df01452fd049cd956a4f9a9e4c77532c26008d4cf6308be9c579313d6ce60601c5cc6ca776fffcfd68434de296336aac'
 '571033fb76c267906f15ebc5bb424e0f22da46345f9e8d60796f1d2d96929a6859c3df74ee25d5709bc2e5f464a592d92b8f77bf57b9a0d0c1e941963385ad77'
 '1d24860ada04c4d10776ec0b26e4fcd3c2332bfc32a9b292cc63daac2aa9e1d819abac5d20f50632f81bbac4af009c22934385848594ceb0631fd65e79533bf6'
 'cc7552a4470f83daa567f8735ddbe0b9b9143874dd8993828517b1a5270d0e39dd91dc7919dc1d958c9ed051b71fae43e379d61fed680859f0078e2e96ebdd60'
 '2e6a9b2cc0b460f3e432f61ccab7042ff2866448172315609e8d442cbec9074f57761ee897c8e6a7c5dd8403fd86c9f8fb0eac1474a1a8599beaa069239edfb5'
 '0650d0c8c3f5e03cf26806a290edc43d1f0f07659dd60f808dc21f25e3e5cc2529288c75b03249a611ddf21e2525dd307db2b8b54818427b0be5e9aa902a4431'
 'b51298e658d618d4d43d1f3e1ee421cc67ecdeb2bee874c30a1b7f5e5ae15f6bfa2ea9889d68a48470c07748bcfdef63249b689ed46be1af70f08d4eb3d67968'
 '7df96ba999fd86c3f53a2801c1d437c090490d2e6f73ff64a161b03b42a251bca1d0eb837378e411e197af8a32124387943fe543cc06c13bcfc4c61300806918'
 'b0f4d24f6f62309a037dca8b4e0d4157f7e25c6212d4557e1032bbbb74f0891f1e7cc1c5ec2f561f3edcd394c5b050a01fd9c13a3e028f7d204116ce3bc48e9c']",25,32,0.0,0.0
943b55dd-e426-4bcb-bef9-7c75d248a417,772,偏头痛与抑郁障碍共病诊治中国专家共识,,,['e0d5d87e7e971868201858622b8be0e2105145d6c199eb9ac6979f01aba230c254d1161d9aa9a77676409060d3632db4de8128424e3f3c19ba8a51e305581c97'],1,1,0.0,0.0
26011183-cf1f-4247-aa8e-b318c6e3260d,773,筛查诊断路径,GUIDELINE_RECOMMENDATION,首次制定的用于识别和诊断共病的路径,['b3ca485866dc26056066465b2eabd5c67623d4092c30bd65a877bafe69c41234102c63cabd95cdbbaa5c9996c0e94da9595ad2ec9edbcdf80af8a7ac9391ef8f'],1,1,0.0,0.0
f31e4c51-2e2f-48b4-8466-c14597dcf075,774,偏头痛与抑郁障碍关系密切,COMORBIDITY_SCENARIO,偏头痛和抑郁障碍存在双向相关，互为危险因素,['55a10d2794ee69c451012e44ecfbbb5a8f608d0b5357030d506f20708b3c0ce2bc2e52fdced5a132300f441ba8ef197e7e5f7b55642edbc68b35acd72963c75c'],1,2,0.0,0.0
b2b82dcf-cf38-449d-af31-7822570bf272,775,情感障碍,DISEASE,包括抑郁等情绪障碍,['0de3c81ea080361763a263dbd5e9dd2dc059c9c9636b275d80daa9a533b6e7f0b6976102a24bff16afaeeb92af067b86386abf213cdbeeff7fce6f423d4ff6f1'],1,1,0.0,0.0
155c094e-d12c-437f-be39-a32cb976de80,776,偏头痛与情感障碍共病,COMORBIDITY_SCENARIO,偏头痛与情感障碍同时存在的情况,['0de3c81ea080361763a263dbd5e9dd2dc059c9c9636b275d80daa9a533b6e7f0b6976102a24bff16afaeeb92af067b86386abf213cdbeeff7fce6f423d4ff6f1'],1,2,0.0,0.0
714e16e1-a03c-4079-9843-6b9f00a51ada,777,去甲文拉法辛,DRUG,选择性5-羟色胺及去甲肾上腺素再摄取抑制剂,['0de3c81ea080361763a263dbd5e9dd2dc059c9c9636b275d80daa9a533b6e7f0b6976102a24bff16afaeeb92af067b86386abf213cdbeeff7fce6f423d4ff6f1'],1,2,0.0,0.0
e14d7fc9-1a54-4ea1-b606-5fde07ba6ce2,778,SNRI,DRUG_CLASS,选择性5-羟色胺及去甲肾上腺素再摄取抑制剂类药物,['0de3c81ea080361763a263dbd5e9dd2dc059c9c9636b275d80daa9a533b6e7f0b6976102a24bff16afaeeb92af067b86386abf213cdbeeff7fce6f423d4ff6f1'],1,2,0.0,0.0
d1e57fb7-1134-42d1-918a-173fd2a3ecde,779,抑郁相关疼痛,DISEASE,"
与抑郁相关的疼痛症状",['0de3c81ea080361763a263dbd5e9dd2dc059c9c9636b275d80daa9a533b6e7f0b6976102a24bff16afaeeb92af067b86386abf213cdbeeff7fce6f423d4ff6f1'],1,1,0.0,0.0
161b5639-e30c-4197-b803-302021a475cd,780,双相情感障碍,DISEASE,既有躁狂或轻躁狂发作又有抑郁发作的情感障碍,['088f82ffaee5685f7330690f9ba754ac2b0833a2a86c352c8ed1168f836fdb9beeaf74ccd6bba5b719d18621ee6736e2316e82552594004c36faa302bd473491'],1,2,0.0,0.0
4bb2b862-78f0-4f1e-a3bc-add658c87bd5,781,选择性5-HT再摄取抑制剂,DRUG_CLASS,SSRI类药物，用于治疗抑郁障碍,['088f82ffaee5685f7330690f9ba754ac2b0833a2a86c352c8ed1168f836fdb9beeaf74ccd6bba5b719d18621ee6736e2316e82552594004c36faa302bd473491'],1,1,0.0,0.0
030054f1-5a98-417e-9d45-86fdb30665c2,782,丙戊酸,DRUG,丙戊酸是一种抗惊厥药，其主要作用机制是通过增加γ-氨基丁酸（GABA）能系统的效率来发挥治疗效果。,"['088f82ffaee5685f7330690f9ba754ac2b0833a2a86c352c8ed1168f836fdb9beeaf74ccd6bba5b719d18621ee6736e2316e82552594004c36faa302bd473491'
 'f4b073c881c4fcb05727ee79708bd9cfbb6d3e83237cf1b85e3187dcab07280875c52e63328b7611bc065541e3dd44f41cde68660eeacbdab3bdbfebb4ff5fa2']",2,3,0.0,0.0
3ea4e624-afaf-449c-93c2-d46b45a94c6c,783,5-羟色胺,COMORBIDITY_SCENARIO,神经递质异常与偏头痛和抑郁障碍共病相关,['088f82ffaee5685f7330690f9ba754ac2b0833a2a86c352c8ed1168f836fdb9beeaf74ccd6bba5b719d18621ee6736e2316e82552594004c36faa302bd473491'],1,2,0.0,0.0
9d917f78-95f0-4186-adfd-41804059ff34,784,去甲肾上腺素,COMORBIDITY_SCENARIO,NE系统异常可能是偏头痛与抑郁障碍共病的机制之一,['088f82ffaee5685f7330690f9ba754ac2b0833a2a86c352c8ed1168f836fdb9beeaf74ccd6bba5b719d18621ee6736e2316e82552594004c36faa302bd473491'],1,1,0.0,0.0
6d23bdd2-19cd-4bce-8178-810920126250,785,多巴胺,COMORBIDITY_SCENARIO,多巴胺能系统紊乱与偏头痛前驱症状及抑郁相关,['088f82ffaee5685f7330690f9ba754ac2b0833a2a86c352c8ed1168f836fdb9beeaf74ccd6bba5b719d18621ee6736e2316e82552594004c36faa302bd473491'],1,1,0.0,0.0
177028ee-8535-476e-8a5e-dc9c3df28682,786,Γ-氨基丁酸,COMORBIDITY_SCENARIO,GABA水平低下与偏头痛和抑郁障碍共病相关,['088f82ffaee5685f7330690f9ba754ac2b0833a2a86c352c8ed1168f836fdb9beeaf74ccd6bba5b719d18621ee6736e2316e82552594004c36faa302bd473491'],1,1,0.0,0.0
a1a98b5f-7245-45e6-bc2d-fbd4fffcfe4b,787,偏头痛和抑郁障碍共病,,,['088f82ffaee5685f7330690f9ba754ac2b0833a2a86c352c8ed1168f836fdb9beeaf74ccd6bba5b719d18621ee6736e2316e82552594004c36faa302bd473491'],1,7,0.0,0.0
f876774e-8109-4973-ab87-780a0cf26034,788,抑郁及偏头痛共病,COMORBIDITY_SCENARIO,偏头痛与抑郁障碍共同发生的情况,['1ffe2d0bab187b0df1646a43533f007cf04968951108797f8a2079c7447cfe2c500113a87e98099ae88711680e4cdef578cde98d34f527406a6338fa908e5f3c'],1,2,0.0,0.0
74dd9b32-c3ea-4d0e-8dd0-76932b737583,789,MTHFR C677T 变异,,,['1ffe2d0bab187b0df1646a43533f007cf04968951108797f8a2079c7447cfe2c500113a87e98099ae88711680e4cdef578cde98d34f527406a6338fa908e5f3c'],1,1,0.0,0.0
09f840fb-577c-466d-988a-7bdae2b6580d,790,病人健康问卷-9(PHQ-9),NON_DRUG_TREATMENT,用于筛查抑郁障碍的病人自评工具,['4539c484e5bf2d61749b4d64c10d034e623dd3ef4e3c28a227462428e6862fde175c62c0bdbea123d78990880838c55f2a3fb1f48f7172a9e35b73ec0541a88e'],1,1,0.0,0.0
27ddfe54-c949-4ae8-907c-f6a495d105c8,791,PHQ-15,NON_DRUG_TREATMENT,用于筛查躯体化障碍和评估躯体症状严重度的工具,['4539c484e5bf2d61749b4d64c10d034e623dd3ef4e3c28a227462428e6862fde175c62c0bdbea123d78990880838c55f2a3fb1f48f7172a9e35b73ec0541a88e'],1,1,0.0,0.0
da1dae88-7c95-4c19-815f-167d7dc03a41,792,贝克抑郁自评量表 (BDI),NON_DRUG_TREATMENT,可用于抑郁筛查的自评量表,['4539c484e5bf2d61749b4d64c10d034e623dd3ef4e3c28a227462428e6862fde175c62c0bdbea123d78990880838c55f2a3fb1f48f7172a9e35b73ec0541a88e'],1,1,0.0,0.0
b0ee3359-33be-4018-8f17-731335da3eac,793,汉密尔顿抑郁量表 (HAMD),NON_DRUG_TREATMENT,可用于抑郁筛查的他评量表,['4539c484e5bf2d61749b4d64c10d034e623dd3ef4e3c28a227462428e6862fde175c62c0bdbea123d78990880838c55f2a3fb1f48f7172a9e35b73ec0541a88e'],1,1,0.0,0.0
6f8076d2-ef30-4962-aa5b-341d358353e0,794,抑郁障碍共病偏头痛,COMORBIDITY_SCENARIO,抑郁障碍与偏头痛同时存在的情况,['940718a57f149467eeba3a2b796e9b3ba59e2fd07e8732249d3549c2e2c4f6dc2d0f638e328ee0e924716273f36322f64fbb63366848282d06b384a976104773'],1,7,0.0,0.0
b56837c2-8110-4603-8932-798e0cc2f26e,795,PHQ-9量表,NON_DRUG_TREATMENT,用于筛查抑郁障碍的量表工具,['940718a57f149467eeba3a2b796e9b3ba59e2fd07e8732249d3549c2e2c4f6dc2d0f638e328ee0e924716273f36322f64fbb63366848282d06b384a976104773'],1,4,0.0,0.0
c0ffde70-d31b-435e-a133-981868cbfb3f,796,头痛病史,NON_DRUG_TREATMENT,判断是否共病的标准之一,['940718a57f149467eeba3a2b796e9b3ba59e2fd07e8732249d3549c2e2c4f6dc2d0f638e328ee0e924716273f36322f64fbb63366848282d06b384a976104773'],1,0,,
d470f047-b6e4-4c8b-8460-c57c88c5297b,797,头痛预警信号,NON_DRUG_TREATMENT,判断是否共病的标准之一,['940718a57f149467eeba3a2b796e9b3ba59e2fd07e8732249d3549c2e2c4f6dc2d0f638e328ee0e924716273f36322f64fbb63366848282d06b384a976104773'],1,0,,
b95d9bf4-cd78-4317-8420-eab36e46df6b,798,头痛特征,NON_DRUG_TREATMENT,判断是否共病的标准之一,['940718a57f149467eeba3a2b796e9b3ba59e2fd07e8732249d3549c2e2c4f6dc2d0f638e328ee0e924716273f36322f64fbb63366848282d06b384a976104773'],1,0,,
a33bda18-dc64-4420-a376-6a6db0be6b37,799,偏头痛规范治疗效果不佳的病人,POPULATION,对常规治疗反应不良的患者群体,['940718a57f149467eeba3a2b796e9b3ba59e2fd07e8732249d3549c2e2c4f6dc2d0f638e328ee0e924716273f36322f64fbb63366848282d06b384a976104773'],1,2,0.0,0.0
45111250-308d-471a-831b-842547fe01df,800,转诊至头痛亚专科门诊的病人,POPULATION,需要专科评估的患者群体,['940718a57f149467eeba3a2b796e9b3ba59e2fd07e8732249d3549c2e2c4f6dc2d0f638e328ee0e924716273f36322f64fbb63366848282d06b384a976104773'],1,2,0.0,0.0
48c0ec9b-483e-4570-b5d4-9c6ba9e193cd,801,抑郁障碍共病偏病偏头痛,,,['940718a57f149467eeba3a2b796e9b3ba59e2fd07e8732249d3549c2e2c4f6dc2d0f638e328ee0e924716273f36322f64fbb63366848282d06b384a976104773'],1,1,0.0,0.0
4f0ae0c6-cf35-4f99-bdc4-30e11faeb73a,802,慢性偏头痛病人、偏头痛规范治疗效果不佳的病人、转诊至头痛亚专科门诊的病人,,,['940718a57f149467eeba3a2b796e9b3ba59e2fd07e8732249d3549c2e2c4f6dc2d0f638e328ee0e924716273f36322f64fbb63366848282d06b384a976104773'],1,1,0.0,0.0
1015a069-4582-4511-9da2-50dc53776525,803,头痛病史、头痛预警信号及头痛特征,,,['940718a57f149467eeba3a2b796e9b3ba59e2fd07e8732249d3549c2e2c4f6dc2d0f638e328ee0e924716273f36322f64fbb63366848282d06b384a976104773'],1,1,0.0,0.0
a85d6512-a52d-4d74-a7ac-2ed343e057d9,804,重性抑郁障碍,DISEASE,即通常所说的抑郁症,['709b994d79a73f2f05b03728f1c8605c9f43606ad22eb28853072dbf452454159c5a26147224a8f886a8590098f8dbc222e7d77dea991a15274167a37700bad1'],1,1,0.0,0.0
3694925e-7749-4c81-9f81-faa681b58caf,805,阈下抑郁,DISEASE,"抑郁症状存在但数量或严重程度不足以被诊断为抑郁障碍)<|COMPLETE|>(""entity""
抑郁症状存在但数量或严重程度不足以被诊断为抑郁障碍",['709b994d79a73f2f05b03728f1c8605c9f43606ad22eb28853072dbf452454159c5a26147224a8f886a8590098f8dbc222e7d77dea991a15274167a37700bad1'],1,1,0.0,0.0
cab1877d-980e-49d0-bfe5-a76bcb67bf9f,806,ICD,GUIDELINE,国际权威的分类诊断系统,['709b994d79a73f2f05b03728f1c8605c9f43606ad22eb28853072dbf452454159c5a26147224a8f886a8590098f8dbc222e7d77dea991a15274167a37700bad1'],1,0,,
0dec5013-b9a0-42f4-ac3a-778fa558c140,807,DSM,GUIDELINE,国际权威的分类诊断系统,['709b994d79a73f2f05b03728f1c8605c9f43606ad22eb28853072dbf452454159c5a26147224a8f886a8590098f8dbc222e7d77dea991a15274167a37700bad1'],1,0,,
881755d2-bb6b-479f-be31-79c337627010,808,偏头痛病人的抑郁障碍筛查诊断路径,COMORBIDITY_SCENARIO,针对偏头痛患者进行抑郁障碍筛查的诊断流程,['cedeff15161c228ccc9c0559c6e432a076020c6240e0542a3adf08006d8664ee70bcd0f302b4bde6bedd09c0da5254a5152eb1cf0c3418c71b20e872faebd6f3'],1,3,0.0,0.0
b6b2dc10-7be0-4304-9edc-4a56d8d63899,809,抑郁障碍病人的偏头痛筛查诊断路径,COMORBIDITY_SCENARIO,针对抑郁障碍患者进行偏头痛筛查的诊断流程,['cedeff15161c228ccc9c0559c6e432a076020c6240e0542a3adf08006d8664ee70bcd0f302b4bde6bedd09c0da5254a5152eb1cf0c3418c71b20e872faebd6f3'],1,3,0.0,0.0
61bbc4b9-9a76-4a6e-b723-6ddc8c37aa2a,810,临床医师,POPULATION,从事临床工作的医生群体,['cedeff15161c228ccc9c0559c6e432a076020c6240e0542a3adf08006d8664ee70bcd0f302b4bde6bedd09c0da5254a5152eb1cf0c3418c71b20e872faebd6f3'],1,0,,
5c0a2943-8278-4ad0-83c1-e01f3d2c0bc6,811,本共识,GUIDELINE_RECOMMENDATION,提供的两个筛查诊断路径供参考,['cedeff15161c228ccc9c0559c6e432a076020c6240e0542a3adf08006d8664ee70bcd0f302b4bde6bedd09c0da5254a5152eb1cf0c3418c71b20e872faebd6f3'],1,2,0.0,0.0
d167da65-5389-460f-9a73-7ee00303984a,812,SSRI/SNRI类,DRUG_CLASS,选择性5-羟色胺再摄取抑制剂/去甲肾上腺素再摄取抑制剂,['f4b073c881c4fcb05727ee79708bd9cfbb6d3e83237cf1b85e3187dcab07280875c52e63328b7611bc065541e3dd44f41cde68660eeacbdab3bdbfebb4ff5fa2'],1,0,,
4a539c58-9191-4e8a-bc42-13684abb79a0,813,非甾体类抗炎药 (NSAIDS),DRUG_CLASS,具有抗炎、镇痛、解热作用的药物类别,['f4b073c881c4fcb05727ee79708bd9cfbb6d3e83237cf1b85e3187dcab07280875c52e63328b7611bc065541e3dd44f41cde68660eeacbdab3bdbfebb4ff5fa2'],1,1,0.0,0.0
98d1f4a2-609f-40c2-bb96-29b7150b658a,814,非特异性钙离子拮抗剂,DRUG_CLASS,阻断钙离子通道的药物类别,['f4b073c881c4fcb05727ee79708bd9cfbb6d3e83237cf1b85e3187dcab07280875c52e63328b7611bc065541e3dd44f41cde68660eeacbdab3bdbfebb4ff5fa2'],1,1,0.0,0.0
21756f35-d91e-48b6-a85a-15530ba225fd,815,抗惊厥药物,DRUG_CLASS,用于预防癫痫发作的药物类别,['f4b073c881c4fcb05727ee79708bd9cfbb6d3e83237cf1b85e3187dcab07280875c52e63328b7611bc065541e3dd44f41cde68660eeacbdab3bdbfebb4ff5fa2'],1,3,0.0,0.0
0281e489-4716-48fb-941d-cf01bb3575b8,816,A级推荐等级,RECOMMENDATION_GRADE,强烈推荐，疗效确切，且疗效安全性平衡,['f4b073c881c4fcb05727ee79708bd9cfbb6d3e83237cf1b85e3187dcab07280875c52e63328b7611bc065541e3dd44f41cde68660eeacbdab3bdbfebb4ff5fa2'],1,1,0.0,0.0
6accad6f-5e59-476c-9cc7-e1a4c84b82de,817,B级推荐等级,RECOMMENDATION_GRADE,建议，有疗效/疗效安全性平衡欠佳,['f4b073c881c4fcb05727ee79708bd9cfbb6d3e83237cf1b85e3187dcab07280875c52e63328b7611bc065541e3dd44f41cde68660eeacbdab3bdbfebb4ff5fa2'],1,1,0.0,0.0
0336811f-232d-4241-bf6a-b9eb74cd2d97,818,"抑郁障碍<｜FIM▁END｜>>包含疾病之一为抑郁障碍<｜FIM▁END｜><｜FIM▁END｜><｜FIM▁END｜><｜FIM▁END｜><｜FIM▁END｜><｜FIM▁END｜><｜FIM▁END｜><｜FIM▁END｜><｜FIM▁END｜><｜FIM▁END｜><｜FIM▁END｜><｜FIM▁END｜><｜FIM▁END｜><｜FIM▁END｜><｜FIM▁END｜><｜FIM▁END｜><｜FIM▁END｜><｜FIM▁END｜><｜FIM▁END｜><｜FIM▁END｜><｜FIM▁END｜><｜FIM▁END｜><｜FIM▁END｜><｜FIM▁END｜><｜FIM▁END｜><｜FIM▁END｜><｜FIM▁END｜><｜FIM▁END｜><｜FIM▁END｜><｜FIM▁END｜><｜FIM▁END｜><｜FIM▁END｜><｜FIM▁END｜><｜FIM▁END｜><｜FIM▁END｜><｜FIM▁END｜><｜FIM▁END｜><｜FIM▁END｜><｜FIM▁END｜><｜FIM▁END｜><｜FIM▁END｜><｜FIM▁END｜><(""ENTITY""",,,['f4b073c881c4fcb05727ee79708bd9cfbb6d3e83237cf1b85e3187dcab07280875c52e63328b7611bc065541e3dd44f41cde68660eeacbdab3bdbfebb4ff5fa2'],1,1,0.0,0.0
a424fb8b-735a-4cc9-99c5-f4e811d9eb43,819,偏头痛预防性治疗药物,GUIDELINE_RECOMMENDATION,用于偏头痛预防性治疗的药物推荐,['f4b073c881c4fcb05727ee79708bd9cfbb6d3e83237cf1b85e3187dcab07280875c52e63328b7611bc065541e3dd44f41cde68660eeacbdab3bdbfebb4ff5fa2'],1,0,,
131ec5ee-0439-4037-90c8-1687ecc3bdbf,820,其他药物,,,['f4b073c881c4fcb05727ee79708bd9cfbb6d3e83237cf1b85e3187dcab07280875c52e63328b7611bc065541e3dd44f41cde68660eeacbdab3bdbfebb4ff5fa2'],1,2,0.0,0.0
54d37071-fa8c-4a6f-9879-a038bdfe3a2b,821,偏头痛急性期治疗药物,,,['f4b073c881c4fcb05727ee79708bd9cfbb6d3e83237cf1b85e3187dcab07280875c52e63328b7611bc065541e3dd44f41cde68660eeacbdab3bdbfebb4ff5fa2'],1,3,0.0,0.0
35c8eca1-ed59-4939-8b29-dc2e19161a9c,822,文拉法辛（抑郁障碍指南）,,,['f4b073c881c4fcb05727ee79708bd9cfbb6d3e83237cf1b85e3187dcab07280875c52e63328b7611bc065541e3dd44f41cde68660eeacbdab3bdbfebb4ff5fa2'],1,1,0.0,0.0
4ae4a178-aeca-4339-9825-779c0c0a0d5a,823,文拉法辛（偏头痛指南）,,,['f4b073c881c4fcb05727ee79708bd9cfbb6d3e83237cf1b85e3187dcab07280875c52e63328b7611bc065541e3dd44f41cde68660eeacbdab3bdbfebb4ff5fa2'],1,1,0.0,0.0
f28ad453-af00-48d4-afbf-a1c446257c81,824,偏头痛合并抑郁,COMORBIDITY_SCENARIO,偏头痛与抑郁障碍共存的临床场景,['79037074f25246054dfe6498136b54c0df01452fd049cd956a4f9a9e4c77532c26008d4cf6308be9c579313d6ce60601c5cc6ca776fffcfd68434de296336aac'],1,0,,
610932c4-1e05-4f50-80ba-3a89f784099d,825,丙戊酸/双丙戊酸钠/丙戊酸钠,DRUG,抗惊厥药,['79037074f25246054dfe6498136b54c0df01452fd049cd956a4f9a9e4c77532c26008d4cf6308be9c579313d6ce60601c5cc6ca776fffcfd68434de296336aac'],1,0,,
40b3cc05-c9dc-4d8f-a3c5-c04ee3c49f8f,826,SSRI类,DRUG_CLASS,选择性5-羟色胺再摄取抑制剂类药物,['79037074f25246054dfe6498136b54c0df01452fd049cd956a4f9a9e4c77532c26008d4cf6308be9c579313d6ce60601c5cc6ca776fffcfd68434de296336aac'],1,0,,
0f72547c-86d5-4d7f-a9c8-670ba9272522,827,SNRI类,DRUG_CLASS,5-羟色胺和去甲肾上腺素再摄取抑制剂类药物,['79037074f25246054dfe6498136b54c0df01452fd049cd956a4f9a9e4c77532c26008d4cf6308be9c579313d6ce60601c5cc6ca776fffcfd68434de296336aac'],1,0,,
761a74fe-134f-47f2-be03-2e4ff6bbf190,828,NASSA类,DRUG_CLASS,去甲肾上腺素能和特异性5-羟色胺能抗抑郁药,['79037074f25246054dfe6498136b54c0df01452fd049cd956a4f9a9e4c77532c26008d4cf6308be9c579313d6ce60601c5cc6ca776fffcfd68434de296336aac'],1,0,,
0fe9e96f-158b-4225-b085-01ea92ab99af,829,三环类,DRUG_CLASS,三环类抗抑郁药物,['79037074f25246054dfe6498136b54c0df01452fd049cd956a4f9a9e4c77532c26008d4cf6308be9c579313d6ce60601c5cc6ca776fffcfd68434de296336aac'],1,1,0.0,0.0
ac7fecbf-a24f-4387-9b94-46cca5fbead4,830,MAOIS,DRUG_CLASS,单胺氧化酶抑制剂类药物,['79037074f25246054dfe6498136b54c0df01452fd049cd956a4f9a9e4c77532c26008d4cf6308be9c579313d6ce60601c5cc6ca776fffcfd68434de296336aac'],1,0,,
0c609140-df95-4684-99f6-0f85ba4b2ec2,831,A级推荐药物,GUIDELINE_RECOMMENDATION,指南中最高级别的推荐药物类别,['79037074f25246054dfe6498136b54c0df01452fd049cd956a4f9a9e4c77532c26008d4cf6308be9c579313d6ce60601c5cc6ca776fffcfd68434de296336aac'],1,0,,
65b3b028-b24c-46a7-a207-91df71a5c4de,832,急性期（8～12周）,TREATMENT_PHASE,抑郁障碍治疗的初始阶段,['79037074f25246054dfe6498136b54c0df01452fd049cd956a4f9a9e4c77532c26008d4cf6308be9c579313d6ce60601c5cc6ca776fffcfd68434de296336aac'],1,0,,
99e9f549-213a-4202-b7b3-0f77cf62219d,833,巩固期（4～9个月）,TREATMENT_PHASE,抑郁障碍治疗的巩固阶段,['79037074f25246054dfe6498136b54c0df01452fd049cd956a4f9a9e4c77532c26008d4cf6308be9c579313d6ce60601c5cc6ca776fffcfd68434de296336aac'],1,0,,
2d1ed9af-c5ca-45ca-8fa8-fbf7b52924ca,834,维持期（2～3年）,TREATMENT_PHASE,抑郁障碍治疗的长期维持阶段,['79037074f25246054dfe6498136b54c0df01452fd049cd956a4f9a9e4c77532c26008d4cf6308be9c579313d6ce60601c5cc6ca776fffcfd68434de296336aac'],1,0,,
82037508-fe83-4445-a000-edadc7df1be6,835,"A级推荐药物<-GUIDELINE_RECOMMENDATION<-GUIDELINE_RECOMMENDATION<-GUIDELINE_RECOMMENDATION<-GUIDELINE_RECOMMENDATION<-GUIDELINE_RECOMMENDATION<-GUIDELINE_RECOMMENDATION<-GUIDELINE_RECOMMENDATION<-GUIDELINE_RECOMMENDATION<-GUIDELINE_RECOMMENDATION<-GUIDELINE_RECOMMENDATION<-GUIDELINE_RECOMMENDATION<-GUIDELINE_RECOMMENDATION<-GUIDELINE_RECOMMENDATION<-GUIDELINE_RECOMMENDATION<-GUIDELINE_RECOMMENDATION<-GUIDELINE_RECOMMENDATION<-GUIDELINE_RECOMMENDATION<-GUIDELINE_RECOMMENDATION<-GUIDELINE_RECOMMENDATION<-GUIDELINE_RECOMMENDATION<-GUIDELINE_RECOMMENDATION<-GUIDELINE_RECOMMENDATION<-GUIDELINE_RECOMMENDATION<-GUIDELINE_RECOMMENDATION<-GUIDELINE_RECOMMENDATION<-GUIDELINE_RECOMMENDATION<-GUIDELINE_RECOMMENDATION<-GUIDELINE_RECOMMENDATION<-GUIDELINE_RECOMMENDATION<-GUIDELINE_RECOMMENDATION<-GUIDELINE_RECOMMENDATION<-GUIDELINE_RECOMMENDATION<-GUIDELINE_RECOMMENDATION<-GUIDELINE_RECOMMENDATION<-GUIDELINE_RECOMMENDATION<-GUIDELINE_RECOMMENDATION<-GUIDELINE_RECOMMENDATION<-GUIDELINE_RECOMMENDATION<-GUIDELINE_RECOMMENDATION<-GUIDELINE_RECOMMENDATION<-GUIDELINE_RECOMMENDATION<-GUIDELINE_RECOMMENDATION<-GUIDELINE_RECOMMENDATION<-GUIDELINE_RECOMMENDATION<-GUIDELINE_RECOMMENDATION<-GUIDELINE_RECOMMENDATION<-GUIDELINE_RECOMMENDATION<-GUIDELINE_RECOMMENDATION<-GUIDELINE_RECOMMENDATION<-GUIDELINE_RECOMMENDATION<-GUIDELINE_RECOMMENDATION<-GUIDELINE_RECOMMENDATION<-GUIDELINE_RECOMMENDATION<-GUIDELINE_RECOMMENDATION<-GUIDELINE_RECOMMENDATION<-GUIDELINE_RECOMMENDATION<-GUIDELINE_RECOMMENDATION<-GUIDELINE_RECOMMENDATION<-GUIDELINE_RECOMMENDATION<-GUIDELINE_RECOMMENDATION<-GUIDELINE_RECOMMENDATION<-GUIDELINE_RECOMMENDATION(""ENTITY""",,,['79037074f25246054dfe6498136b54c0df01452fd049cd956a4f9a9e4c77532c26008d4cf6308be9c579313d6ce60601c5cc6ca776fffcfd68434de296336aac'],1,1,0.0,0.0
763f532c-40d0-4ca3-9ab6-c083d4127b96,836,心理治疗,NON_DRUG_TREATMENT,心理治疗是一种通过心理学方法或心理手段来治疗疾病、缓解心理困扰及促进个体心理健康的过程。它基于心理学理论和技术，旨在帮助个体应对情绪、行为或认知方面的困难，以改善其整体心理状态和生活质量。,"['571033fb76c267906f15ebc5bb424e0f22da46345f9e8d60796f1d2d96929a6859c3df74ee25d5709bc2e5f464a592d92b8f77bf57b9a0d0c1e941963385ad77'
 '1d24860ada04c4d10776ec0b26e4fcd3c2332bfc32a9b292cc63daac2aa9e1d819abac5d20f50632f81bbac4af009c22934385848594ceb0631fd65e79533bf6']",2,2,0.0,0.0
1ab2e327-8266-405b-9652-4a0e94d68adf,837,神经调控技术,NON_DRUG_TREATMENT,神经调控技术是一种通过调节神经系统功能来实现治疗目的的医疗技术。它主要针对神经系统的活动进行干预，以改善或恢复其正常功能，广泛应用于多种神经系统疾病的治疗与管理中。,"['571033fb76c267906f15ebc5bb424e0f22da46345f9e8d60796f1d2d96929a6859c3df74ee25d5709bc2e5f464a592d92b8f77bf57b9a0d0c1e941963385ad77'
 '1d24860ada04c4d10776ec0b26e4fcd3c2332bfc32a9b292cc63daac2aa9e1d819abac5d20f50632f81bbac4af009c22934385848594ceb0631fd65e79533bf6']",2,3,0.0,0.0
026e4596-df8b-40a7-bc65-f72cc541754f,838,重复TMS,NON_DRUG_TREATMENT,重复经颅磁刺激技术,['571033fb76c267906f15ebc5bb424e0f22da46345f9e8d60796f1d2d96929a6859c3df74ee25d5709bc2e5f464a592d92b8f77bf57b9a0d0c1e941963385ad77'],1,1,0.0,0.0
8526c9ca-1e84-4952-9cd8-9ec0e6200fd0,839,单脉冲TMS,NON_DRUG_TREATMENT,单脉冲经颅磁刺激技术,['571033fb76c267906f15ebc5bb424e0f22da46345f9e8d60796f1d2d96929a6859c3df74ee25d5709bc2e5f464a592d92b8f77bf57b9a0d0c1e941963385ad77'],1,4,0.0,0.0
9ab94aa3-3dd8-4acb-b248-6ec2ee86c6d5,840,经颅直流电刺激,NON_DRUG_TREATMENT,使用微弱直流电刺激大脑的技术,['571033fb76c267906f15ebc5bb424e0f22da46345f9e8d60796f1d2d96929a6859c3df74ee25d5709bc2e5f464a592d92b8f77bf57b9a0d0c1e941963385ad77'],1,2,0.0,0.0
c8fb2a7c-7258-40fd-8357-6be67fba6d69,841,经皮电刺激神经疗法,NON_DRUG_TREATMENT,非侵入性神经刺激技术,['571033fb76c267906f15ebc5bb424e0f22da46345f9e8d60796f1d2d96929a6859c3df74ee25d5709bc2e5f464a592d92b8f77bf57b9a0d0c1e941963385ad77'],1,1,0.0,0.0
fd0400f6-8bc0-4ff6-8c38-a6cb0d178bff,842,电针治疗,NON_DRUG_TREATMENT,结合电刺激的针灸治疗方法,['571033fb76c267906f15ebc5bb424e0f22da46345f9e8d60796f1d2d96929a6859c3df74ee25d5709bc2e5f464a592d92b8f77bf57b9a0d0c1e941963385ad77'],1,2,0.0,0.0
c49614fb-55a7-474f-9c23-93b0df7f35c1,843,妊娠、哺乳、老年、青少年等特殊人群,POPULATION,药物不耐受或有禁忌证的特殊人群,['571033fb76c267906f15ebc5bb424e0f22da46345f9e8d60796f1d2d96929a6859c3df74ee25d5709bc2e5f464a592d92b8f77bf57b9a0d0c1e941963385ad77'],1,0,,
9664ff4b-629f-44d3-81cb-63b2ab261a5b,844,难治性抑郁合并偏头痛,COMORBIDITY_SCENARIO,难治性抑郁与偏头痛同时存在的情况,['571033fb76c267906f15ebc5bb424e0f22da46345f9e8d60796f1d2d96929a6859c3df74ee25d5709bc2e5f464a592d92b8f77bf57b9a0d0c1e941963385ad77'],1,1,0.0,0.0
0753ab04-016b-4fa7-9228-05284e7530f9,845,重性抑郁发作,DISEASE,严重的抑郁障碍发作,['571033fb76c267906f15ebc5bb424e0f22da46345f9e8d60796f1d2d96929a6859c3df74ee25d5709bc2e5f464a592d92b8f77bf57b9a0d0c1e941963385ad77'],1,1,0.0,0.0
587bd51b-a6fc-4356-9a97-749bd63c24fd,846,原发性头痛伴发抑郁,,,['571033fb76c267906f15ebc5bb424e0f22da46345f9e8d60796f1d2d96929a6859c3df74ee25d5709bc2e5f464a592d92b8f77bf57b9a0d0c1e941963385ad77'],1,1,0.0,0.0
27451d97-e9c6-4c48-be89-8110deeb2a03,847,高危个体,POPULATION,具有多种风险因素促发疾病的高危人群,['cc7552a4470f83daa567f8735ddbe0b9b9143874dd8993828517b1a5270d0e39dd91dc7919dc1d958c9ed051b71fae43e379d61fed680859f0078e2e96ebdd60'],1,2,0.0,0.0
6394ca1e-ea25-4af0-b53a-1af7f7524b8a,848,已明确诊断的病人,POPULATION,已确诊为偏头痛或抑郁障碍的患者,['cc7552a4470f83daa567f8735ddbe0b9b9143874dd8993828517b1a5270d0e39dd91dc7919dc1d958c9ed051b71fae43e379d61fed680859f0078e2e96ebdd60'],1,2,0.0,0.0
690b67ba-4ddd-4421-9c79-397c19c31094,849,长期管理,TREATMENT_PHASE,**长期管理**是指针对慢性疾病等需要持续关注的健康问题，制定并实施贯穿全病程的持续性策略。它强调对病情的长期监测、干预与调整，以实现稳定的疾病控制与患者生活质量的维护。,"['cc7552a4470f83daa567f8735ddbe0b9b9143874dd8993828517b1a5270d0e39dd91dc7919dc1d958c9ed051b71fae43e379d61fed680859f0078e2e96ebdd60'
 '7df96ba999fd86c3f53a2801c1d437c090490d2e6f73ff64a161b03b42a251bca1d0eb837378e411e197af8a32124387943fe543cc06c13bcfc4c61300806918']",2,2,0.0,0.0
4214e139-777d-4e0e-bbbd-da449d0d69a8,850,全病程管理,TREATMENT_PHASE,全病程管理是一种覆盖疾病发生、进展及波动全过程的管理策略，强调对疾病进行长期、持续性的综合干预与监测。,"['cc7552a4470f83daa567f8735ddbe0b9b9143874dd8993828517b1a5270d0e39dd91dc7919dc1d958c9ed051b71fae43e379d61fed680859f0078e2e96ebdd60'
 '7df96ba999fd86c3f53a2801c1d437c090490d2e6f73ff64a161b03b42a251bca1d0eb837378e411e197af8a32124387943fe543cc06c13bcfc4c61300806918']",2,2,0.0,0.0
33ec2023-dedd-4172-bc20-36c12da20a81,851,健康教育,NON_DRUG_TREATMENT,健康教育是一种常见的健康管理策略，属于非药物治疗方法，旨在帮助病人适应全程治疗并确立科学的疾病防治观念。,"['2e6a9b2cc0b460f3e432f61ccab7042ff2866448172315609e8d442cbec9074f57761ee897c8e6a7c5dd8403fd86c9f8fb0eac1474a1a8599beaa069239edfb5'
 '7df96ba999fd86c3f53a2801c1d437c090490d2e6f73ff64a161b03b42a251bca1d0eb837378e411e197af8a32124387943fe543cc06c13bcfc4c61300806918']",2,2,0.0,0.0
3862c615-2614-4807-99c5-a2e06383baaa,852,偏头痛和抑郁障碍的共病,COMORBIDITY_SCENARIO,偏头痛与抑郁障碍同时存在的情况,['0650d0c8c3f5e03cf26806a290edc43d1f0f07659dd60f808dc21f25e3e5cc2529288c75b03249a611ddf21e2525dd307db2b8b54818427b0be5e9aa902a4431'],1,7,0.0,0.0
e3a5d4f4-be8a-4ae2-a495-c9db25e6110c,853,行为指导,NON_DRUG_TREATMENT,通过指导帮助选择健康生活方式,['0650d0c8c3f5e03cf26806a290edc43d1f0f07659dd60f808dc21f25e3e5cc2529288c75b03249a611ddf21e2525dd307db2b8b54818427b0be5e9aa902a4431'],1,1,0.0,0.0
2f181ce8-2cc2-4c00-aeb2-7b5b4f5c227f,854,自我认知调整,NON_DRUG_TREATMENT,矫正偏差的认知模式,['0650d0c8c3f5e03cf26806a290edc43d1f0f07659dd60f808dc21f25e3e5cc2529288c75b03249a611ddf21e2525dd307db2b8b54818427b0be5e9aa902a4431'],1,1,0.0,0.0
bc982d36-8bdf-46ec-80e7-a0952da1e7bf,855,专业的心理咨询,NON_DRUG_TREATMENT,由专业人士提供的心理干预,['0650d0c8c3f5e03cf26806a290edc43d1f0f07659dd60f808dc21f25e3e5cc2529288c75b03249a611ddf21e2525dd307db2b8b54818427b0be5e9aa902a4431'],1,1,0.0,0.0
82d1bc66-2124-4b73-ae85-e3827601b929,856,积极的社会支持,NON_DRUG_TREATMENT,重建积极的社会支持系统,['0650d0c8c3f5e03cf26806a290edc43d1f0f07659dd60f808dc21f25e3e5cc2529288c75b03249a611ddf21e2525dd307db2b8b54818427b0be5e9aa902a4431'],1,1,0.0,0.0
982ee36f-1c63-4655-bdfd-f9493e92df8e,857,个体化的运动方案,NON_DRUG_TREATMENT,坚持个体化的运动计划,['0650d0c8c3f5e03cf26806a290edc43d1f0f07659dd60f808dc21f25e3e5cc2529288c75b03249a611ddf21e2525dd307db2b8b54818427b0be5e9aa902a4431'],1,1,0.0,0.0
1035e0f0-f86b-4813-8d8f-bfb9cb8a83d7,858,危险因素管理,TREATMENT_PHASE,针对疾病危险因素进行干预和管理的阶段,['0650d0c8c3f5e03cf26806a290edc43d1f0f07659dd60f808dc21f25e3e5cc2529288c75b03249a611ddf21e2525dd307db2b8b54818427b0be5e9aa902a4431'],1,2,0.0,0.0
ef384364-8bbc-43e1-b9b8-73ec91462613,859,偏头痛和抑郁障碍,COMORBIDITY_SCENARIO,偏头痛与抑郁障碍共存的场景,['b51298e658d618d4d43d1f3e1ee421cc67ecdeb2bee874c30a1b7f5e5ae15f6bfa2ea9889d68a48470c07748bcfdef63249b689ed46be1af70f08d4eb3d67968'],1,8,0.0,0.0
38dd59d7-17c6-4175-8851-304220f55d26,860,全程综合治疗,THERAPY,对疾病进行全程、多方面的治疗策略,['b51298e658d618d4d43d1f3e1ee421cc67ecdeb2bee874c30a1b7f5e5ae15f6bfa2ea9889d68a48470c07748bcfdef63249b689ed46be1af70f08d4eb3d67968'],1,1,0.0,0.0
7f07473c-6929-41f2-97cc-792895996bd7,861,基于评估的治疗策略,THERAPY,根据定期随访评估结果制定的治疗策略,['b51298e658d618d4d43d1f3e1ee421cc67ecdeb2bee874c30a1b7f5e5ae15f6bfa2ea9889d68a48470c07748bcfdef63249b689ed46be1af70f08d4eb3d67968'],1,1,0.0,0.0
956178a3-16cb-4252-b69e-b4f53652ab59,862,学习应对策略,NON_DRUG_TREATMENT,帮助病人学习以避免诱发因素影响疾病复发的策略,['b51298e658d618d4d43d1f3e1ee421cc67ecdeb2bee874c30a1b7f5e5ae15f6bfa2ea9889d68a48470c07748bcfdef63249b689ed46be1af70f08d4eb3d67968'],1,1,0.0,0.0
99aedb0b-0348-4669-942c-274ea402ef0e,863,记头痛日记、情绪日记等,NON_DRUG_TREATMENT,教育并鼓励病人记录头痛和情绪的日记,['b51298e658d618d4d43d1f3e1ee421cc67ecdeb2bee874c30a1b7f5e5ae15f6bfa2ea9889d68a48470c07748bcfdef63249b689ed46be1af70f08d4eb3d67968'],1,1,0.0,0.0
8e5b018c-3f7e-43c6-88d9-7c4c24d5d95c,864,发展个人的兴趣爱好,NON_DRUG_TREATMENT,使精神活动指向积极快乐的事情和环境,['b51298e658d618d4d43d1f3e1ee421cc67ecdeb2bee874c30a1b7f5e5ae15f6bfa2ea9889d68a48470c07748bcfdef63249b689ed46be1af70f08d4eb3d67968'],1,1,0.0,0.0
e3b1317c-a355-4924-b5c2-bb83bf26c5da,865,增强人际交往,NON_DRUG_TREATMENT,帮助病人保持有效社会功能的干预,['b51298e658d618d4d43d1f3e1ee421cc67ecdeb2bee874c30a1b7f5e5ae15f6bfa2ea9889d68a48470c07748bcfdef63249b689ed46be1af70f08d4eb3d67968'],1,1,0.0,0.0
de5b8b0b-db4d-4a65-8851-db76e2e59e70,866,定期随访,NON_DRUG_TREATMENT,定期对病人进行随访以实施治疗策略,['b51298e658d618d4d43d1f3e1ee421cc67ecdeb2bee874c30a1b7f5e5ae15f6bfa2ea9889d68a48470c07748bcfdef63249b689ed46be1af70f08d4eb3d67968'],1,0,,
3ec22bd9-e34d-403b-88ab-b35e4f8620fa,867,康复期管理,TREATMENT_PHASE,病人的康复期管理,['7df96ba999fd86c3f53a2801c1d437c090490d2e6f73ff64a161b03b42a251bca1d0eb837378e411e197af8a32124387943fe543cc06c13bcfc4c61300806918'],1,2,0.0,0.0
6426a627-465e-46e0-9877-7addefcbda8a,868,偏头痛与抑郁障碍共病场景,COMORBIDITY_SCENARIO,"
偏头痛与抑郁障碍均属于慢性疾病的共病情况",['7df96ba999fd86c3f53a2801c1d437c090490d2e6f73ff64a161b03b42a251bca1d0eb837378e411e197af8a32124387943fe543cc06c13bcfc4c61300806918'],1,2,0.0,0.0
eca35bd3-6c28-40c1-a35a-99d02357d0f7,869,"降低疾病的发生和复发风险及改善治疗预后策略组合方案 <-- 注意：此实体名称过长，不符合简洁要求。根据原文“以降低疾病的发生和复发风险和改善治疗预后”，这更像是一个目标描述，而非一个具体的疗法、药物或指南推荐等实体类型。因此，不应提取为实体。我将重新审视并只提取符合类型的实体。)经过重新审视，文本中已识别的实体类型包括：- DISEASE: 偏头痛, 抑郁障碍- NON_DRUG_TREATMENT: 健康教育, 危险因素管理- TREATMENT_PHASE: 康复期管理, 长期管理, 全病程管理- COMORBIDITY_SCENARIO: 偏头痛与抑郁障碍共病场景其他指定类型（THERAPY, DRUG, DRUG_CLASS, POPULATION, GUIDELINE, GUIDELINE_EDITION, GUIDELINE_RECOMMENDATION, EVIDENCE_LEVEL, RECOMMENDATION_GRADE）在给定文本中没有出现。因此，最终输出如下：(""ENTITY""",偏头痛,DISEASE,['7df96ba999fd86c3f53a2801c1d437c090490d2e6f73ff64a161b03b42a251bca1d0eb837378e411e197af8a32124387943fe543cc06c13bcfc4c61300806918'],1,0,,
3e7ad9fd-47c4-4353-863b-a25f40c2b493,870,儿童偏头痛,DISEASE,**儿童偏头痛**是指发生于儿童或青少年患者中的偏头痛，属于儿科总体偏头痛的范畴。该病症在儿童群体中较为常见，其临床特点包括头痛常为双侧性（尤其在年龄较小的患儿中较多见），发作持续时间一般为2至72小时。,"['2349dda18953f9563fab3df55c4f436871ea226bb67bf0d3db308cab9151359bd08494997e5c2cdd741a28df0ed37c44b0b770267fe1a32a2753ee6544b7daa0'
 'ad35013d5762ef15840617220687d42379da7e6c224e4855c141b759801bcfd09828afb47c83e266ef51862cb8425a84f9f1117657d14c607e0bcbe3020d96e4'
 '2b384656525832ccf7fcb18f887bf305fc02cd19bd9bfe73ae028b4951f90e37b7e146e308f4a4dc93e2357ad0ed8dc0ae39d88e9ee8e463302ad37ab1e6a1ad'
 '42781f631e60d5dc978768ac106545507144b9e7739c934b8c58b4e43df91be73d72050987092a86649f7624b77499e7b92b3d0040bae8376c6045c2ba6a4181'
 'a755a1d7c7d50241e949f3f67066a071d3040c44026ecbf4204c31719658d38c98068fe0a23f3f70426a030908bdcf57c15191f15e39db46ece7a311ac4175d5'
 '97f704f729baa12c0e2b11bd17d01198b85340ee2d9fc65ac747ebaab61fa6bc63aed99a2ae144e4b0686faa762d4ff03b31c2b12f0ec3c2bf1cda251e23d289'
 '9d010be2e112d921a8ec409921bb6bf7daae44915d78a6a3a4454af9c7338b2f347bb11cc96b4320ac39dd9287ecab8c98e46701661c327517b831aff8af0e2a'
 'c7d1b4a4d6c1890a132c31e59180d731225566cf55ebabf81e05e51dc067c87990a977ce7b4870782038556add3f4a624eb29460e048396081cec193a59c7894']",8,27,0.0,0.0
ae2440d3-69a4-41cb-955c-00e540ed08fe,871,诊断和治疗新进展,GUIDELINE_RECOMMENDATION,"指南中关于儿童偏头痛的推荐内容)<|COMPLETE|>(""entity""
指南中关于儿童偏头痛的推荐内容",['2349dda18953f9563fab3df55c4f436871ea226bb67bf0d3db308cab9151359bd08494997e5c2cdd741a28df0ed37c44b0b770267fe1a32a2753ee6544b7daa0'],1,0,,
75d88f51-ea3c-404e-a361-6c9576cacd59,872,儿童偏头痛诊断和治疗新进展,GUIDELINE,关于儿童偏头痛的指南)<|COMPLETE|>,['2349dda18953f9563fab3df55c4f436871ea226bb67bf0d3db308cab9151359bd08494997e5c2cdd741a28df0ed37c44b0b770267fe1a32a2753ee6544b7daa0'],1,0,,
8f2a60b8-4951-45f3-82a8-f4908aa941b0,873,急性治疗,TREATMENT_PHASE,儿童偏头痛的急性治疗,['ad35013d5762ef15840617220687d42379da7e6c224e4855c141b759801bcfd09828afb47c83e266ef51862cb8425a84f9f1117657d14c607e0bcbe3020d96e4'],1,2,0.0,0.0
fd83dc74-8dc3-4289-b036-1044e204832a,874,美国儿童青少年偏头痛的紧急治疗指南,GUIDELINE,美国儿童青少年偏头痛的紧急治疗指南,['ad35013d5762ef15840617220687d42379da7e6c224e4855c141b759801bcfd09828afb47c83e266ef51862cb8425a84f9f1117657d14c607e0bcbe3020d96e4'],1,2,0.0,0.0
bf85aaf3-c7ff-4495-ba7b-2e2c5998a92a,875,美国预防儿童偏头痛药物治疗指南,GUIDELINE,美国预防儿童偏头痛药物治疗指南,['ad35013d5762ef15840617220687d42379da7e6c224e4855c141b759801bcfd09828afb47c83e266ef51862cb8425a84f9f1117657d14c607e0bcbe3020d96e4'],1,2,0.0,0.0
8654bdd7-bf11-40c0-b7ad-f2c102c1619d,876,中国偏头痛诊治指南( 版),GUIDELINE_EDITION,中国偏头痛诊治指南( 版),['ad35013d5762ef15840617220687d42379da7e6c224e4855c141b759801bcfd09828afb47c83e266ef51862cb8425a84f9f1117657d14c607e0bcbe3020d96e4'],1,1,0.0,0.0
48e11257-0add-4dba-af5c-dd8bc20a1563,877,其他最新治疗方法,THERAPY,儿童偏头痛的其他最新治疗方法,['ad35013d5762ef15840617220687d42379da7e6c224e4855c141b759801bcfd09828afb47c83e266ef51862cb8425a84f9f1117657d14c607e0bcbe3020d96e4'],1,1,0.0,0.0
95d2f906-c4b0-4cbb-9f6e-843dbc5a5438,878,感觉先兆,COMORBIDITY_SCENARIO,有先兆偏头痛的先兆症状，常描述为身体某一部位的麻木感,['2b384656525832ccf7fcb18f887bf305fc02cd19bd9bfe73ae028b4951f90e37b7e146e308f4a4dc93e2357ad0ed8dc0ae39d88e9ee8e463302ad37ab1e6a1ad'],1,1,0.0,0.0
001efd51-8655-4a46-9117-f0b6de41c99c,879,语言障碍,COMORBIDITY_SCENARIO,有先兆偏头痛临床少见的先兆症状，通常表现为失语,['2b384656525832ccf7fcb18f887bf305fc02cd19bd9bfe73ae028b4951f90e37b7e146e308f4a4dc93e2357ad0ed8dc0ae39d88e9ee8e463302ad37ab1e6a1ad'],1,1,0.0,0.0
5324fc85-7081-4174-bdc5-d77fd44757e6,880,三叉神经血管学说,GUIDELINE_RECOMMENDATION,"
解释偏头痛发生机制的假说之一",['fb7370cd12edb63a270ed9c8382de34cfaec86c522dbf0efdf38274477f30c5d574515fc1c2488f84399f206e7414bb0563617bb165d3b6edc4015e80fbfa6eb'],1,1,0.0,0.0
3519be6c-45c0-427c-93a2-5d326e05751f,881,皮质扩散抑制,NON_DRUG_TREATMENT,由皮质神经元和神经胶质细胞中缓慢传播的去极化波引发的病理生理改变,['fb7370cd12edb63a270ed9c8382de34cfaec86c522dbf0efdf38274477f30c5d574515fc1c2488f84399f206e7414bb0563617bb165d3b6edc4015e80fbfa6eb'],1,1,0.0,0.0
80f7ff0a-09b0-46d6-a802-a0bcdc67654d,882,家族性偏瘫性偏头痛,DISEASE,一种罕见的单基因常染色体显性偏头痛亚型,['d84ba703d52a3d914db63991dd7036c3c2cda83c42cefb960e71eeaf2cf5e44b71830be54e88750763636d831cc2e64ba077b2488230c2b9a006fac35bf1bd7e'],1,1,0.0,0.0
2cc32c75-4ac1-4c3e-be54-cb6c4b8b071f,883,常染色体显性遗传性脑动脉病伴皮质下梗死和白质脑病,DISEASE,与偏头痛相关的单基因遗传病,['d84ba703d52a3d914db63991dd7036c3c2cda83c42cefb960e71eeaf2cf5e44b71830be54e88750763636d831cc2e64ba077b2488230c2b9a006fac35bf1bd7e'],1,1,0.0,0.0
8b0b89e6-0513-4e1e-8de8-8921f331d244,884,视网膜血管病伴白质脑病,DISEASE,与偏头痛相关的单基因遗传病,['d84ba703d52a3d914db63991dd7036c3c2cda83c42cefb960e71eeaf2cf5e44b71830be54e88750763636d831cc2e64ba077b2488230c2b9a006fac35bf1bd7e'],1,1,0.0,0.0
2c065420-fa9a-48be-b526-01d0cc1c97d2,885,家族性睡眠后期综合征,DISEASE,与偏头痛相关的单基因遗传病,['d84ba703d52a3d914db63991dd7036c3c2cda83c42cefb960e71eeaf2cf5e44b71830be54e88750763636d831cc2e64ba077b2488230c2b9a006fac35bf1bd7e'],1,1,0.0,0.0
6d96b062-8cad-4b0f-be08-1e7a956f8f03,886,行为认知疗法,NON_DRUG_TREATMENT,行为认知疗法是一种结合了行为干预与认知调整的非药物治疗方法，旨在通过改变个体的思维模式和行为习惯来改善心理状态或应对特定问题。,"['a755a1d7c7d50241e949f3f67066a071d3040c44026ecbf4204c31719658d38c98068fe0a23f3f70426a030908bdcf57c15191f15e39db46ece7a311ac4175d5'
 '9d010be2e112d921a8ec409921bb6bf7daae44915d78a6a3a4454af9c7338b2f347bb11cc96b4320ac39dd9287ecab8c98e46701661c327517b831aff8af0e2a']",2,3,0.0,0.0
ffb85a9d-8556-45c3-abdf-d254805b1153,887,心理诱因,COMORBIDITY_SCENARIO,包括压力、焦虑和抑郁等,['a755a1d7c7d50241e949f3f67066a071d3040c44026ecbf4204c31719658d38c98068fe0a23f3f70426a030908bdcf57c15191f15e39db46ece7a311ac4175d5'],1,1,0.0,0.0
84713de0-8741-45ee-9573-7bce2d390b55,888,生理诱因,COMORBIDITY_SCENARIO,包括发烧、疲劳、睡眠不足等,['a755a1d7c7d50241e949f3f67066a071d3040c44026ecbf4204c31719658d38c98068fe0a23f3f70426a030908bdcf57c15191f15e39db46ece7a311ac4175d5'],1,1,0.0,0.0
979885a9-e03c-402e-bddc-4c8f91e5e2ad,889,环境诱因,COMORBIDITY_SCENARIO,包括荧光灯、强光、气压变化等,['a755a1d7c7d50241e949f3f67066a071d3040c44026ecbf4204c31719658d38c98068fe0a23f3f70426a030908bdcf57c15191f15e39db46ece7a311ac4175d5'],1,1,0.0,0.0
af9a1b5a-ac47-4d9e-bdc6-ae8212c03123,890,充足的睡眠,,,['a755a1d7c7d50241e949f3f67066a071d3040c44026ecbf4204c31719658d38c98068fe0a23f3f70426a030908bdcf57c15191f15e39db46ece7a311ac4175d5'],1,1,0.0,0.0
c5977058-6d9d-4d97-bd16-1a8f1d7a5c33,891,健康的饮食,,,['a755a1d7c7d50241e949f3f67066a071d3040c44026ecbf4204c31719658d38c98068fe0a23f3f70426a030908bdcf57c15191f15e39db46ece7a311ac4175d5'],1,1,0.0,0.0
3222d7d8-8994-417d-aebb-e6ad00f347d7,892,适当的体育活动,,,['a755a1d7c7d50241e949f3f67066a071d3040c44026ecbf4204c31719658d38c98068fe0a23f3f70426a030908bdcf57c15191f15e39db46ece7a311ac4175d5'],1,1,0.0,0.0
665a698f-e705-4b5b-9107-233c8e0bc8bf,893,合理的时间规划,,,['a755a1d7c7d50241e949f3f67066a071d3040c44026ecbf4204c31719658d38c98068fe0a23f3f70426a030908bdcf57c15191f15e39db46ece7a311ac4175d5'],1,1,0.0,0.0
34056f7a-6358-4b14-9dc0-08cb84512906,894,避免诱发因素刺激,,,['a755a1d7c7d50241e949f3f67066a071d3040c44026ecbf4204c31719658d38c98068fe0a23f3f70426a030908bdcf57c15191f15e39db46ece7a311ac4175d5'],1,1,0.0,0.0
1fa096d3-43c8-429e-b66b-83a0ada8f63f,895,卧床休息,NON_DRUG_TREATMENT,在黑暗安静环境中休息以减轻症状,['97f704f729baa12c0e2b11bd17d01198b85340ee2d9fc65ac747ebaab61fa6bc63aed99a2ae144e4b0686faa762d4ff03b31c2b12f0ec3c2bf1cda251e23d289'],1,1,0.0,0.0
9513102d-cadb-40f4-9775-2c2f3996e0bc,896,曲坦类药物,DRUG_CLASS,曲坦类药物是一类5-HT1受体激动剂，主要用于急性期治疗，例如偏头痛的发作缓解。,"['97f704f729baa12c0e2b11bd17d01198b85340ee2d9fc65ac747ebaab61fa6bc63aed99a2ae144e4b0686faa762d4ff03b31c2b12f0ec3c2bf1cda251e23d289'
 '0e3088f94fd74dd0bf54ce4fe7dfb492db7a4fa8eeed4a699f6992bc1606d3f05b5845dea1e8d94b3b6a8c011887384eb0757bbf3764f608225b6b1ce8e9ffc0']",2,7,0.0,0.0
108448c2-6ecd-4841-b703-aea528c1636d,897,利扎曲坦,DRUG,利扎曲坦是一种曲坦类药物，主要用于治疗偏头痛。其单次推荐剂量为5~10mg。根据药品说明书，该药物也可用于6-17岁儿童的偏头痛治疗。,"['97f704f729baa12c0e2b11bd17d01198b85340ee2d9fc65ac747ebaab61fa6bc63aed99a2ae144e4b0686faa762d4ff03b31c2b12f0ec3c2bf1cda251e23d289'
 '0e3088f94fd74dd0bf54ce4fe7dfb492db7a4fa8eeed4a699f6992bc1606d3f05b5845dea1e8d94b3b6a8c011887384eb0757bbf3764f608225b6b1ce8e9ffc0']",2,3,0.0,0.0
26924fd4-c784-434c-8e91-19492d4832ed,898,抗CGRP单克隆抗体,DRUG_CLASS,抗CGRP单克隆抗体是一类靶向降钙素基因相关肽（CGRP）的单克隆抗体类药物，已被证明对成人偏头痛的治疗具有显著疗效。,"['97f704f729baa12c0e2b11bd17d01198b85340ee2d9fc65ac747ebaab61fa6bc63aed99a2ae144e4b0686faa762d4ff03b31c2b12f0ec3c2bf1cda251e23d289'
 '0054d8619570bb6c0efca76fc0b5d60b2020d45053f0043184d6db81d8b4175c11d3bf6bd1b762bf62da191305d36d6c9842c8a074e437af7b77352179be84b7']",2,0,,
217836bb-ad8b-4385-83b0-2abd2d9a5f27,899,"儿童偏头痛<｜FIM▁END｜>>用于治疗（急性期）<<｜FIM▁END｜><｜FIM▁END｜><｜FIM▁END｜><｜FIM▁END｜><｜FIM▁END｜><｜FIM▁END｜><｜FIM▁END｜><｜FIM▁END｜><｜FIM▁END｜><｜FIM▁END｜><｜FIM▁END｜><｜FIM▁END｜><｜FIM▁END｜><｜FIM▁END｜><｜FIM▁END｜><｜FIM▁END｜><｜FIM▁END｜><｜FIM▁END｜><｜FIM▁END｜><｜FIM▁END｜><｜FIM▁END｜><｜FIM▁END｜><｜FIM▁END｜><｜FIM▁END｜><｜FIM▁END｜><｜FIM▁END｜><｜FIM▁END｜><｜FIM▁END｜><｜FIM▁END｜><｜FIM▁END｜><｜FIM▁END｜><｜FIM▁END｜><｜FIM▁END｜><｜FIM▁END｜><｜FIM▁END｜><｜FIM▁END｜><｜FIM▁END｜><｜FIM▁END｜><｜FIM▁END｜><｜FIM▁END｜><｜FIM▁END｜><｜FIM▁END｜><｜FIM▁END｜><(""ENTITY""",,,['97f704f729baa12c0e2b11bd17d01198b85340ee2d9fc65ac747ebaab61fa6bc63aed99a2ae144e4b0686faa762d4ff03b31c2b12f0ec3c2bf1cda251e23d289'],1,1,0.0,0.0
bfaeed7b-1ad5-4f53-ac0f-54a747291a9d,900,预防儿童偏头痛的药物治疗指南,GUIDELINE,美国神经病学会和美国头痛学会共同发布的指南,['9d010be2e112d921a8ec409921bb6bf7daae44915d78a6a3a4454af9c7338b2f347bb11cc96b4320ac39dd9287ecab8c98e46701661c327517b831aff8af0e2a'],1,2,0.0,0.0
dd76875b-5767-4fdb-9065-77ed9078ce44,901,C级,EVIDENCE_LEVEL,证据分级中的C级,['9d010be2e112d921a8ec409921bb6bf7daae44915d78a6a3a4454af9c7338b2f347bb11cc96b4320ac39dd9287ecab8c98e46701661c327517b831aff8af0e2a'],1,1,0.0,0.0
e7ee84aa-1734-4dc5-a908-3a3bc2f7e749,902,阿米替林联合行为认知疗法,THERAPY,"
阿米替林与行为认知疗法联合使用的治疗方案",['9d010be2e112d921a8ec409921bb6bf7daae44915d78a6a3a4454af9c7338b2f347bb11cc96b4320ac39dd9287ecab8c98e46701661c327517b831aff8af0e2a'],1,4,0.0,0.0
313c7612-8ffd-4910-a2cf-9717e2653230,903,儿童偏头痛患者,POPULATION,儿童患者群体,['c7d1b4a4d6c1890a132c31e59180d731225566cf55ebabf81e05e51dc067c87990a977ce7b4870782038556add3f4a624eb29460e048396081cec193a59c7894'],1,2,0.0,0.0
5b7a6b6c-822a-4402-8bad-be79234d1098,904,外周神经阻滞疗法,NON_DRUG_TREATMENT,针对成人偏头痛患者的非药物治疗方法,['c7d1b4a4d6c1890a132c31e59180d731225566cf55ebabf81e05e51dc067c87990a977ce7b4870782038556add3f4a624eb29460e048396081cec193a59c7894'],1,2,0.0,0.0
91aa038e-0e99-45d9-9325-0f1322ee54a5,905,肉毒毒素治疗,NON_DRUG_TREATMENT,用于治疗慢性偏头痛的非药物疗法,['c7d1b4a4d6c1890a132c31e59180d731225566cf55ebabf81e05e51dc067c87990a977ce7b4870782038556add3f4a624eb29460e048396081cec193a59c7894'],1,1,0.0,0.0
60a96662-5914-4e88-960d-fa567bbecc97,906,三叉神经电刺激器,NON_DRUG_TREATMENT,可用于治疗偏头痛的电装置,['c7d1b4a4d6c1890a132c31e59180d731225566cf55ebabf81e05e51dc067c87990a977ce7b4870782038556add3f4a624eb29460e048396081cec193a59c7894'],1,1,0.0,0.0
67df9ada-c846-47f3-9bdc-b61b01b147ed,907,无创迷走神经刺激器,NON_DRUG_TREATMENT,可用于治疗偏头痛的电装置,['c7d1b4a4d6c1890a132c31e59180d731225566cf55ebabf81e05e51dc067c87990a977ce7b4870782038556add3f4a624eb29460e048396081cec193a59c7894'],1,1,0.0,0.0
e9d6bcc9-5f3d-4915-a806-51230b24e5af,908,单脉冲经颅磁模拟器远程神经电调节装置,NON_DRUG_TREATMENT,可用于治疗偏头痛的电装置,['c7d1b4a4d6c1890a132c31e59180d731225566cf55ebabf81e05e51dc067c87990a977ce7b4870782038556add3f4a624eb29460e048396081cec193a59c7894'],1,1,0.0,0.0
04bf9c63-46f8-4829-9cd5-6173f2e567e1,909,新型治疗方法（如电装置）,,,['c7d1b4a4d6c1890a132c31e59180d731225566cf55ebabf81e05e51dc067c87990a977ce7b4870782038556add3f4a624eb29460e048396081cec193a59c7894'],1,1,0.0,0.0
b3c80565-bc4f-40fb-8ed1-f431aa9bac3d,910,中国前庭性偏头痛诊治指南 (2026),GUIDELINE,"针对前庭性偏头痛的临床实践指南)<|COMPLETE|>(""entity""
针对前庭性偏头痛的临床实践指南",['4d614813ef93f4296ee032fe8652cfed397cfe74f9d8615a9f8ea5305779c387bfe96edbcc173730f8bd2da4e6b3bf63b7ae1392891b51ee6f19231d983e1219'],1,0,,
8b9722cf-be15-4732-8270-c64cc47a309b,911,良性阵发性位置性眩晕,DISEASE,良性阵发性位置性眩晕是一种常见的发作性前庭疾病，其典型特征是由特定头位变化诱发的短暂性眩晕。,"['2e50d93ffa7670f1e2f5cc4d51a15bfea5e15c8edcb97cf36e45ed353239ab26f717061fa463747fce6a3f90277a83944faa68ccfe892de476968d68f3d69bd6'
 'bfad7cb80612a979706bc5c077780f25ccccf3bf53dd263029107f1a6f54e815903ad1a1f128aadb0c9fbaf3e877cac08d057af5995c321f9ec6c6d8df22f726']",2,2,0.0,0.0
21ed60f3-8b44-4d22-92c6-0bbcff7d1a1d,912,偏头痛相关性眩晕/头晕,COMORBIDITY_SCENARIO,前庭性偏头痛的曾用名,['2e50d93ffa7670f1e2f5cc4d51a15bfea5e15c8edcb97cf36e45ed353239ab26f717061fa463747fce6a3f90277a83944faa68ccfe892de476968d68f3d69bd6'],1,1,0.0,0.0
96501eca-4ed5-4cb4-92e2-9ff312dd8da9,913,偏头痛相关性前庭功能障碍,COMORBIDITY_SCENARIO,前庭性偏头痛的曾用名,['2e50d93ffa7670f1e2f5cc4d51a15bfea5e15c8edcb97cf36e45ed353239ab26f717061fa463747fce6a3f90277a83944faa68ccfe892de476968d68f3d69bd6'],1,1,0.0,0.0
5ff87cc8-8311-4247-80f1-1aaf998e5223,914,偏头痛性眩晕,COMORBIDITY_SCENARIO,前庭性偏头痛的曾用名,['2e50d93ffa7670f1e2f5cc4d51a15bfea5e15c8edcb97cf36e45ed353239ab26f717061fa463747fce6a3f90277a83944faa68ccfe892de476968d68f3d69bd6'],1,2,0.0,0.0
c194dd5a-b843-4c21-a98e-acd783c4ec34,915,标准化诊断和治疗,THERAPY,规范化的诊疗流程,['2e50d93ffa7670f1e2f5cc4d51a15bfea5e15c8edcb97cf36e45ed353239ab26f717061fa463747fce6a3f90277a83944faa68ccfe892de476968d68f3d69bd6'],1,2,0.0,0.0
0d278240-2970-4367-924e-e7db8868b92c,916,临床实践指南,GUIDELINE,关于疾病诊断和治疗的指导文件,['2e50d93ffa7670f1e2f5cc4d51a15bfea5e15c8edcb97cf36e45ed353239ab26f717061fa463747fce6a3f90277a83944faa68ccfe892de476968d68f3d69bd6'],1,2,0.0,0.0
87648fc9-702c-4278-bd59-1de3eeb900ca,917,《前庭性偏头痛诊治专家共识 (2018)》,GUIDELINE_EDITION,2018年发布的专家共识,['2e50d93ffa7670f1e2f5cc4d51a15bfea5e15c8edcb97cf36e45ed353239ab26f717061fa463747fce6a3f90277a83944faa68ccfe892de476968d68f3d69bd6'],1,1,0.0,0.0
6355fec1-05e3-4d87-8246-f76233f597c3,918,《中国前庭性偏头痛诊治指南 (2026)》,GUIDELINE_EDITION,2026年发布的诊治指南,['2e50d93ffa7670f1e2f5cc4d51a15bfea5e15c8edcb97cf36e45ed353239ab26f717061fa463747fce6a3f90277a83944faa68ccfe892de476968d68f3d69bd6'],1,4,0.0,0.0
8bf31f1e-6f6d-4997-bdfe-6eca11ea7e34,919,VM,DISEASE,"**前庭性偏头痛（Vestibular Migraine, VM）**是一种以反复发作的自发性或诱发性眩晕或头晕为核心症状的疾病，通常伴有头痛。患者的纯音测听检查一般无特异性改变。","['f2d376a4f06b956d9f2ce60627c0dd7df152a69a4b111393d04f1823371ed14f7e8230a6e3949854553b24e24cf83b7bec46a3c1f60767ab174fa660b5348bfb'
 '47066b15663ea34cc43585a09130258396ec4e892d39c73eeec6b99d49c76b257e519b1b8d2b9e7a5dc034f22f83032b2fb861961d7324c7a8ded0d8c166340b'
 '63286bc2c1827c7921ad240ed2a41b972e49fefb633e048635024a3802f323e24911c04ed0ca4f7bd9ee2873b350efcbd2af2890685ee588e8bfeff4201e7f65'
 'a56bee9377eba6d7474dd83c4f8af5ab2fa8e598cd9c957d8b5a3a2396659d085e44fd79906608cf9e8c0a0ff39a36438eece3b930779ebcbc9d16f0610285c3'
 '5794824afca3edfdf4cee62d1ecb6d0720c6d45791a7ab1a2838edd9839fc106ecfec6159260a762cf29b034e2cc5d953936494e21b58063d478d8ca0d62ab5d'
 'e4056f055bbaf959e57db1fc7c82b514dc7800f1a9498c7e59bfe3138701f0cc01cb037f95c158a5670aef2d14fbc7d1e0c99943b6379c01e3dd5ee4964a943e'
 'd61f5232094823d26583f1168c439560f870442eec73950bcf0d8ec15aed82952568ba5f98068487e2b1abee0d996f34019e0193ff56ecdee1c3614e88f32335'
 'e5dc0d2cc9921693b6b316f706d7c59cc332658169975c9d597d6d80f931d4d14f7db07444fa3a9c31471b9c4711157eeb16b7946beaba60ca84179147cf711d'
 'c1f0b268d16bd9a2122aa50d1141b86c295b96e1432d5c5920df95248db6ded2d51fe9f952e98299ce31b8342be73e89c2afe113d207461dde9522a70a69d0fd'
 '50d1c7e638ca19a922d126dec12c28b309c85b6a085003d8343bf3fef2c2a95b525ec6b505256f162cd371172105cf09ce70fd9e682737b0928665a3ce4fefba'
 '2a0528c8f8b52425c8c872881f9412e49c101f4982214219a4852e9c1521d4f974fee7f34f2461035e022fd1df0e1c58b401f62b0f21f74b407c6ebe0f154b09'
 '84bb36ef3d6b6232eefe28bd2f35c5e76f82efd0e33392a3f6165314d4ca42fcbc7024fe7d85fd609cfe3a1079b8a552b5e898ae68e387458608b1f798f2a723'
 '954bc1dabb9bc3c5ef5fb2f5e2db276af0a7af750bb5bdbe01e55f968f26259007c607a0cfa9b4420e6a21ae10c9e1d3050046692df3ef4db285d81fdbbd647a'
 '7b0b3aa232852d08c5aae4ccbbf14de6ed625a6c5c6823a63374cccb0f39820f8b5deb79232a036b2667ebb83607b0a1692ed4489d44c7482652493abef9e5c9'
 'b7c0c77b69c85f2ee8a5a970b872191009c317829a2677878f23b533131b17134c3eebe9906cad71163f8025abd5218b734cc9d7f389f2507e73ab2893d744b5'
 'a578bb266eac8d475af4234e82a3d5822a74c7a1eac09c058832af07f532741e5303dd74c29ad9d64b013551a85430b1ae83740e258f3b562bfd005164de4799'
 '37233ebbd9a0ab3121dd8fc0f8be180adc5ad2f3ec22fb332b5c77f01727238ab35e42dc12015ec6693199d7b5a8086b0b0be8a86a6328cc3cdafd203b47b8bc'
 'b5e21a4c85cea498ca4f2a93e76fa864cef4ce70ed6bc58abd9cc3e64700f8ee2407f3466070b4da225fbe4c13e1ec3f844eec7a45437d91581426bfeabe8f71'
 'c2031564b2d99daca2b5e349850ba0ba86764393067e0bc3c11ae4ef38757e18e509b367c36da2449af5b154da283005bbf3932e84d351c1c6a1f23eeeef7a73'
 '62a47466ff3c57929d09f449a143d719d9e0c4c33a2338743752150ae1e4c2957880bdc8f4c0677380e65e1a18195cf13f183e5aaab54e3c84a17c22537c9d03'
 '8f5751520c653eceb98d31d48f585edba62ef8e1a15de3b3d6838ecbe973a22911b26e5cf43c0492256626194ac47c09313525fab95f5bb1e1e024fa5a13370d'
 'b702dc97591d4fd99e393160ffd9d400dae11ce24461a052ca46b18e565efb9d5c4899a4d3910ff3805503f5ec2f7cfb4c0d882b0fb4ad65273b9abe5b9d8ab3'
 'f119edc2c8b95b9f7596cb0cdb8eaa905d73bda1a2507e58603533a2bf7f41e027f1ccf9a1b71934b45700f81b40456ad64e6144bb887d9b0748f4805b584c18']",23,82,0.0,0.0
11381816-5fd0-4c5d-9347-1b23ecbafa06,920,神经内科、耳鼻喉科、疼痛科及普通内科从事眩晕、头痛诊疗的专业人员,POPULATION,本指南供参考的专业人员,['f2d376a4f06b956d9f2ce60627c0dd7df152a69a4b111393d04f1823371ed14f7e8230a6e3949854553b24e24cf83b7bec46a3c1f60767ab174fa660b5348bfb'],1,1,0.0,0.0
c90b9e90-02a0-4f4c-b8bf-9241e0bf4f7b,921,本指南推荐意见的应用目标人群为VM病人,,,['f2d376a4f06b956d9f2ce60627c0dd7df152a69a4b111393d04f1823371ed14f7e8230a6e3949854553b24e24cf83b7bec46a3c1f60767ab174fa660b5348bfb'],1,1,0.0,0.0
b3b12294-e2b2-4e9c-9ac9-b3a23a1229f1,922,VM病人,POPULATION,本指南推荐意见的应用目标人群,['f2d376a4f06b956d9f2ce60627c0dd7df152a69a4b111393d04f1823371ed14f7e8230a6e3949854553b24e24cf83b7bec46a3c1f60767ab174fa660b5348bfb'],1,2,0.0,0.0
f6e56c1d-8ef6-4d0d-b0d4-3fb6dda5fc93,923,发病机制,COMORBIDITY_SCENARIO,疾病发生发展的机理,['a1b8f260f6eeeaaa02880999d0164d457ed936ec7389a73695013c589790f7c26a4bc1050a2248e8e109892bad4c036bffd7bdea4444cc3243858439e235e989'],1,1,0.0,0.0
2ebe5428-5b7d-42a9-8fb1-b1bb6c296e1b,924,流行病学,COMORBIDITY_SCENARIO,疾病在人群中的分布与影响因素,['a1b8f260f6eeeaaa02880999d0164d457ed936ec7389a73695013c589790f7c26a4bc1050a2248e8e109892bad4c036bffd7bdea4444cc3243858439e235e989'],1,1,0.0,0.0
d9060dd8-7ddb-4b68-b0c4-8931d9621556,925,临床表现,COMORBIDITY_SCENARIO,疾病在患者身上表现出的症状和体征,['a1b8f260f6eeeaaa02880999d0164d457ed936ec7389a73695013c589790f7c26a4bc1050a2248e8e109892bad4c036bffd7bdea4444cc3243858439e235e989'],1,1,0.0,0.0
3cbca204-6f88-413f-a84a-c353b64f3cb1,926,前庭功能检查,NON_DRUG_TREATMENT,**前庭功能检查**是一种用于评估前庭系统功能的医学检查方法，旨在通过一系列测试来检测和诊断前庭系统的状态与异常。,"['a1b8f260f6eeeaaa02880999d0164d457ed936ec7389a73695013c589790f7c26a4bc1050a2248e8e109892bad4c036bffd7bdea4444cc3243858439e235e989'
 'c1f0b268d16bd9a2122aa50d1141b86c295b96e1432d5c5920df95248db6ded2d51fe9f952e98299ce31b8342be73e89c2afe113d207461dde9522a70a69d0fd']",2,2,0.0,0.0
e35acf7d-ca61-4d3b-8ae4-1532b92a2557,927,纯音测听,NON_DRUG_TREATMENT,评估听力的检查方法,['a1b8f260f6eeeaaa02880999d0164d457ed936ec7389a73695013c589790f7c26a4bc1050a2248e8e109892bad4c036bffd7bdea4444cc3243858439e235e989'],1,1,0.0,0.0
8c687316-ced1-427d-b282-9b10d8bedb9c,928,神经影像,NON_DRUG_TREATMENT,用于神经系统成像的检查方法,['a1b8f260f6eeeaaa02880999d0164d457ed936ec7389a73695013c589790f7c26a4bc1050a2248e8e109892bad4c036bffd7bdea4444cc3243858439e235e989'],1,1,0.0,0.0
e5f16f5f-ce62-451a-89b8-da2eb1e18082,929,鉴别诊断,TREATMENT_PHASE,**鉴别诊断**是指临床医学中区分相似疾病的过程，通常通过辅助检查等手段排除其他可能性，以明确具体病因或疾病类型。这一阶段是诊断流程中的重要环节，旨在提高诊断的准确性和针对性。,"['a1b8f260f6eeeaaa02880999d0164d457ed936ec7389a73695013c589790f7c26a4bc1050a2248e8e109892bad4c036bffd7bdea4444cc3243858439e235e989'
 '50d1c7e638ca19a922d126dec12c28b309c85b6a085003d8343bf3fef2c2a95b525ec6b505256f162cd371172105cf09ce70fd9e682737b0928665a3ce4fefba']",2,2,0.0,0.0
25a82856-54c8-487d-9fc9-fd0925615f2c,930,处理,TREATMENT_PHASE,对疾病进行干预和管理,['a1b8f260f6eeeaaa02880999d0164d457ed936ec7389a73695013c589790f7c26a4bc1050a2248e8e109892bad4c036bffd7bdea4444cc3243858439e235e989'],1,1,0.0,0.0
ae65d987-2f23-45a1-9b43-6af33406a01d,931,治疗,TREATMENT_PHASE,针对疾病的医疗干预措施,['a1b8f260f6eeeaaa02880999d0164d457ed936ec7389a73695013c589790f7c26a4bc1050a2248e8e109892bad4c036bffd7bdea4444cc3243858439e235e989'],1,1,0.0,0.0
12d5c37d-ca71-4c3d-88a6-ef1894870ea5,932,指南的推荐意见,,,['6d208a36bd885480fa5e8815c6d630af747763f9451c7d58cadf8ae4a69136a79bde5ac0e92a52cbe057a7690a2436ba69dc9ecf4f6fac9162bc6ab5517b2a58'],1,3,0.0,0.0
8e9fc354-499a-468c-bd1d-5a14cdbb3479,933,证据质量分为4级,,,['6d208a36bd885480fa5e8815c6d630af747763f9451c7d58cadf8ae4a69136a79bde5ac0e92a52cbe057a7690a2436ba69dc9ecf4f6fac9162bc6ab5517b2a58'],1,1,0.0,0.0
7b4f12e1-1335-4841-9420-391b953afd0f,934,中(B),EVIDENCE_LEVEL,对观察值有中等把握：观察值有可能接近真实值，但也有可能差别很大,['3b0f664f0ab6f6b621a0fbc1704ccc47b2f2142048df8c79dbaecda250a4e4d9799e7a03d91dcdd7e34ffd14252659da79f404611807085c1a133e0a3a2c4c29'],1,1,0.0,0.0
919e19cd-1366-4d6a-a987-5e57ceca5177,935,低(C),EVIDENCE_LEVEL,对观察值的把握有限：观察值可能与真实值有很大差别,['3b0f664f0ab6f6b621a0fbc1704ccc47b2f2142048df8c79dbaecda250a4e4d9799e7a03d91dcdd7e34ffd14252659da79f404611807085c1a133e0a3a2c4c29'],1,1,0.0,0.0
cfcb98d2-3660-4da5-a469-18b413f0e0be,936,极低(D),EVIDENCE_LEVEL,对观察值几乎没有把握：观察值与真实值可能有极大差别,['3b0f664f0ab6f6b621a0fbc1704ccc47b2f2142048df8c79dbaecda250a4e4d9799e7a03d91dcdd7e34ffd14252659da79f404611807085c1a133e0a3a2c4c29'],1,1,0.0,0.0
ca37f6b4-eb05-4830-8923-27e883ff0fc4,937,强(1),RECOMMENDATION_GRADE,明确显示干预措施利大于弊或弊大于利,['3b0f664f0ab6f6b621a0fbc1704ccc47b2f2142048df8c79dbaecda250a4e4d9799e7a03d91dcdd7e34ffd14252659da79f404611807085c1a133e0a3a2c4c29'],1,1,0.0,0.0
30976b11-c36c-40b9-a5d0-efb2c15e7578,938,弱(2),RECOMMENDATION_GRADE,利弊不确定或无论质量高低的证据均显示利弊相当,['3b0f664f0ab6f6b621a0fbc1704ccc47b2f2142048df8c79dbaecda250a4e4d9799e7a03d91dcdd7e34ffd14252659da79f404611807085c1a133e0a3a2c4c29'],1,1,0.0,0.0
e847c9dc-add3-4010-8f54-fa663723d3d3,939,高(A),,,['3b0f664f0ab6f6b621a0fbc1704ccc47b2f2142048df8c79dbaecda250a4e4d9799e7a03d91dcdd7e34ffd14252659da79f404611807085c1a133e0a3a2c4c29'],1,1,0.0,0.0
4eec85d3-569f-4a18-b40d-704627e2ad91,940,围绝经期女性,POPULATION,进入围绝经期的女性病人,['9163fe7435849a7229155d8ca9fe8afb3d35668734997cd20886f4de306ee0454721bd14840948a902a0df8ed0b7e53a94617524c099950812ad5a62fa108249'],1,1,0.0,0.0
50f3d792-ed30-42d8-b676-66858721f4a3,941,前庭症状,DISEASE,"
自发性的发作性眩晕，包括内在性和外在性眩晕",['47066b15663ea34cc43585a09130258396ec4e892d39c73eeec6b99d49c76b257e519b1b8d2b9e7a5dc034f22f83032b2fb861961d7324c7a8ded0d8c166340b'],1,1,0.0,0.0
1965c27c-4c51-42f0-ab0f-cbd8326e0157,942,单纯偏头痛,DISEASE,**单纯偏头痛**是一种不伴随前庭症状（如眩晕、平衡障碍等）的偏头痛类型，属于偏头痛的常见亚型之一。,"['63286bc2c1827c7921ad240ed2a41b972e49fefb633e048635024a3802f323e24911c04ed0ca4f7bd9ee2873b350efcbd2af2890685ee588e8bfeff4201e7f65'
 'a56bee9377eba6d7474dd83c4f8af5ab2fa8e598cd9c957d8b5a3a2396659d085e44fd79906608cf9e8c0a0ff39a36438eece3b930779ebcbc9d16f0610285c3'
 '5794824afca3edfdf4cee62d1ecb6d0720c6d45791a7ab1a2838edd9839fc106ecfec6159260a762cf29b034e2cc5d953936494e21b58063d478d8ca0d62ab5d']",3,1,0.0,0.0
b17ab35b-cb90-4ced-bc82-71e97d3b68d7,943,睡眠剥夺,COMORBIDITY_SCENARIO,可促发VM的诱发因素,['a56bee9377eba6d7474dd83c4f8af5ab2fa8e598cd9c957d8b5a3a2396659d085e44fd79906608cf9e8c0a0ff39a36438eece3b930779ebcbc9d16f0610285c3'],1,1,0.0,0.0
b14cee00-43b1-4b75-a4dd-97ab1e4243f2,944,饥饿,COMORBIDITY_SCENARIO,可促发VM的诱发因素,['a56bee9377eba6d7474dd83c4f8af5ab2fa8e598cd9c957d8b5a3a2396659d085e44fd79906608cf9e8c0a0ff39a36438eece3b930779ebcbc9d16f0610285c3'],1,1,0.0,0.0
05725ab2-11c5-43e1-b704-707a0def6e5d,945,精神压力,COMORBIDITY_SCENARIO,可促发VM的诱发因素,['a56bee9377eba6d7474dd83c4f8af5ab2fa8e598cd9c957d8b5a3a2396659d085e44fd79906608cf9e8c0a0ff39a36438eece3b930779ebcbc9d16f0610285c3'],1,1,0.0,0.0
30dd8a3b-ce1c-4ffb-ba91-4af7652fe656,946,月经,COMORBIDITY_SCENARIO,可促发VM的诱发因素,['a56bee9377eba6d7474dd83c4f8af5ab2fa8e598cd9c957d8b5a3a2396659d085e44fd79906608cf9e8c0a0ff39a36438eece3b930779ebcbc9d16f0610285c3'],1,1,0.0,0.0
b78ea202-fe0c-4d85-8d5a-926bd86c0d2c,947,视觉刺激,COMORBIDITY_SCENARIO,可促发VM的诱发因素,['a56bee9377eba6d7474dd83c4f8af5ab2fa8e598cd9c957d8b5a3a2396659d085e44fd79906608cf9e8c0a0ff39a36438eece3b930779ebcbc9d16f0610285c3'],1,1,0.0,0.0
ab05108d-27ad-42ae-a18b-a9145932f2fb,948,特殊气味,COMORBIDITY_SCENARIO,可促发VM的诱发因素,['a56bee9377eba6d7474dd83c4f8af5ab2fa8e598cd9c957d8b5a3a2396659d085e44fd79906608cf9e8c0a0ff39a36438eece3b930779ebcbc9d16f0610285c3'],1,1,0.0,0.0
9a66766d-3387-4d4c-a84a-9e583cc11c29,949,噪声,COMORBIDITY_SCENARIO,可促发VM的诱发因素,['a56bee9377eba6d7474dd83c4f8af5ab2fa8e598cd9c957d8b5a3a2396659d085e44fd79906608cf9e8c0a0ff39a36438eece3b930779ebcbc9d16f0610285c3'],1,1,0.0,0.0
375802ea-ad28-419e-ae28-2fadc9bbd738,950,季节性天气变化,COMORBIDITY_SCENARIO,可促发VM的诱发因素,['a56bee9377eba6d7474dd83c4f8af5ab2fa8e598cd9c957d8b5a3a2396659d085e44fd79906608cf9e8c0a0ff39a36438eece3b930779ebcbc9d16f0610285c3'],1,1,0.0,0.0
944a7a8a-6aa6-48c0-8cc5-c5b9b5f8f3f1,951,寒冷,COMORBIDITY_SCENARIO,可促发VM的诱发因素,['a56bee9377eba6d7474dd83c4f8af5ab2fa8e598cd9c957d8b5a3a2396659d085e44fd79906608cf9e8c0a0ff39a36438eece3b930779ebcbc9d16f0610285c3'],1,1,0.0,0.0
904ccfe5-40cb-4e1f-8073-88ebc1f57312,952,吹风,COMORBIDITY_SCENARIO,可促发VM的诱发因素,['a56bee9377eba6d7474dd83c4f8af5ab2fa8e598cd9c957d8b5a3a2396659d085e44fd79906608cf9e8c0a0ff39a36438eece3b930779ebcbc9d16f0610285c3'],1,0,,
7204bcd9-b3a2-4130-9bd8-87c2362cd7a0,953,酒精,COMORBIDITY_SCENARIO,可促发VM的特殊食物诱因,['a56bee9377eba6d7474dd83c4f8af5ab2fa8e598cd9c957d8b5a3a2396659d085e44fd79906608cf9e8c0a0ff39a36438eece3b930779ebcbc9d16f0610285c3'],1,0,,
0e8c27dd-2895-4796-9882-21ea23a16eda,954,奶酪,COMORBIDITY_SCENARIO,可促发VM的特殊食物诱因,['a56bee9377eba6d7474dd83c4f8af5ab2fa8e598cd9c957d8b5a3a2396659d085e44fd79906608cf9e8c0a0ff39a36438eece3b930779ebcbc9d16f0610285c3'],1,0,,
ba935035-24c4-4423-8956-9406e3b86a40,955,油腻高盐食物,COMORBIDITY_SCENARIO,可促发VM的特殊食物诱因,['a56bee9377eba6d7474dd83c4f8af5ab2fa8e598cd9c957d8b5a3a2396659d085e44fd79906608cf9e8c0a0ff39a36438eece3b930779ebcbc9d16f0610285c3'],1,0,,
9936f94a-c092-4d72-96fe-4d03fe8a79a1,956,巧克力,COMORBIDITY_SCENARIO,可促发VM的特殊食物诱因,['a56bee9377eba6d7474dd83c4f8af5ab2fa8e598cd9c957d8b5a3a2396659d085e44fd79906608cf9e8c0a0ff39a36438eece3b930779ebcbc9d16f0610285c3'],1,0,,
e6daa501-6553-4f46-8614-1ff1628b9d25,957,过度头动,COMORBIDITY_SCENARIO,VM的诱因之一,['a56bee9377eba6d7474dd83c4f8af5ab2fa8e598cd9c957d8b5a3a2396659d085e44fd79906608cf9e8c0a0ff39a36438eece3b930779ebcbc9d16f0610285c3'],1,0,,
478352c5-9330-452b-84d8-6a72d31acef5,958,乘坐飞机,COMORBIDITY_SCENARIO,VM的诱因之一,['a56bee9377eba6d7474dd83c4f8af5ab2fa8e598cd9c957d8b5a3a2396659d085e44fd79906608cf9e8c0a0ff39a36438eece3b930779ebcbc9d16f0610285c3'],1,0,,
52853bc1-b2d2-423d-b174-02b648ab4d33,959,精神心理障碍,COMORBIDITY_SCENARIO,与VM存在双向交互作用的共病,['5794824afca3edfdf4cee62d1ecb6d0720c6d45791a7ab1a2838edd9839fc106ecfec6159260a762cf29b034e2cc5d953936494e21b58063d478d8ca0d62ab5d'],1,1,0.0,0.0
69dc119f-2abc-4cc9-acca-d6760957b673,960,晕动病,COMORBIDITY_SCENARIO,"VM病人发生率显著高于单纯偏头痛病人的共病
VM病人发生率显著增高的共病",['5794824afca3edfdf4cee62d1ecb6d0720c6d45791a7ab1a2838edd9839fc106ecfec6159260a762cf29b034e2cc5d953936494e21b58063d478d8ca0d62ab5d'],1,2,0.0,0.0
0b40f570-d498-4de3-852f-5c4a966911e8,961,持续性姿势感知性头晕,DISEASE,"可由VM诱发的疾病，表现为持续头晕
可由VM诱发的疾病",['5794824afca3edfdf4cee62d1ecb6d0720c6d45791a7ab1a2838edd9839fc106ecfec6159260a762cf29b034e2cc5d953936494e21b58063d478d8ca0d62ab5d'],1,1,0.0,0.0
f504252a-ba40-438c-bea0-0618ba1e2e84,962,梅尼埃病,DISEASE,梅尼埃病是一种以内耳膜迷路积水为主要病理特征的内耳疾病。其典型临床表现为发作性眩晕、耳鸣、耳胀满感和波动性听力下降。此外，该病与偏头痛存在关联，偏头痛患者罹患此病的风险显著增高。,"['5794824afca3edfdf4cee62d1ecb6d0720c6d45791a7ab1a2838edd9839fc106ecfec6159260a762cf29b034e2cc5d953936494e21b58063d478d8ca0d62ab5d'
 '293b2880d6c93e14bd70ee7d1fbda61199d2d53addb81e7d5a50be205cec8a6cfc998fc9ed8a155f776a1d6a7bb648804bd73d2da4f1bbea152d50effa15df60'
 'bfad7cb80612a979706bc5c077780f25ccccf3bf53dd263029107f1a6f54e815903ad1a1f128aadb0c9fbaf3e877cac08d057af5995c321f9ec6c6d8df22f726']",3,1,0.0,0.0
be59b7e9-23cb-4fdc-98e3-26292806b736,963,BPPV,DISEASE,**BPPV（良性阵发性位置性眩晕，俗称“耳石症”）**是一种前庭疾病，其典型特征为头部位置变动时诱发的短暂阵发性眩晕。临床研究表明，偏头痛患者罹患此病的风险显著高于普通人群。,"['5794824afca3edfdf4cee62d1ecb6d0720c6d45791a7ab1a2838edd9839fc106ecfec6159260a762cf29b034e2cc5d953936494e21b58063d478d8ca0d62ab5d'
 '954bc1dabb9bc3c5ef5fb2f5e2db276af0a7af750bb5bdbe01e55f968f26259007c607a0cfa9b4420e6a21ae10c9e1d3050046692df3ef4db285d81fdbbd647a']",2,4,0.0,0.0
6ea95ad2-6792-46cd-b2e2-5503d73232f8,964,推荐意见 1,GUIDELINE_RECOMMENDATION,"关于VM病史采集关键信息的推荐条目
关于VM病史采集关键信息的推荐",['5794824afca3edfdf4cee62d1ecb6d0720c6d45791a7ab1a2838edd9839fc106ecfec6159260a762cf29b034e2cc5d953936494e21b58063d478d8ca0d62ab5d'],1,0,,
a681e8af-9733-480f-8f6a-9678e6426e06,965,偏头痛病人（泛指）,,,['5794824afca3edfdf4cee62d1ecb6d0720c6d45791a7ab1a2838edd9839fc106ecfec6159260a762cf29b034e2cc5d953936494e21b58063d478d8ca0d62ab5d'],1,1,0.0,0.0
ca8be6e2-f097-45e2-b76a-f7d76a388549,966,自发性眼震,COMORBIDITY_SCENARIO,VM发作期出现的体征,['e4056f055bbaf959e57db1fc7c82b514dc7800f1a9498c7e59bfe3138701f0cc01cb037f95c158a5670aef2d14fbc7d1e0c99943b6379c01e3dd5ee4964a943e'],1,1,0.0,0.0
2c5bd976-4c2d-47ae-87cd-5ea252480a1a,967,位置性眼震,COMORBIDITY_SCENARIO,VM发作期或间期出现的体征,['e4056f055bbaf959e57db1fc7c82b514dc7800f1a9498c7e59bfe3138701f0cc01cb037f95c158a5670aef2d14fbc7d1e0c99943b6379c01e3dd5ee4964a943e'],1,1,0.0,0.0
98ec52ca-784e-42f4-9529-5d481d4c7cee,968,中枢性位置性眼震,COMORBIDITY_SCENARIO,VM最常见的异常眼动,['e4056f055bbaf959e57db1fc7c82b514dc7800f1a9498c7e59bfe3138701f0cc01cb037f95c158a5670aef2d14fbc7d1e0c99943b6379c01e3dd5ee4964a943e'],1,1,0.0,0.0
5efeba12-c9a8-4fa7-9609-fdd0de223be6,969,扫视性跟踪异常,COMORBIDITY_SCENARIO,VM发作间期的异常体征,['e4056f055bbaf959e57db1fc7c82b514dc7800f1a9498c7e59bfe3138701f0cc01cb037f95c158a5670aef2d14fbc7d1e0c99943b6379c01e3dd5ee4964a943e'],1,1,0.0,0.0
b8787c75-957e-45d2-b13a-bfef8b0c51ff,970,神经-耳科学检查,NON_DRUG_TREATMENT,用于鉴别其他外周性和中枢性前庭疾病的检查方法,['d61f5232094823d26583f1168c439560f870442eec73950bcf0d8ec15aed82952568ba5f98068487e2b1abee0d996f34019e0193ff56ecdee1c3614e88f32335'],1,1,0.0,0.0
044c953e-02d9-4bfa-af73-a383f6fc23d9,971,影像学检查,NON_DRUG_TREATMENT,用于鉴别其他外周性和中枢性前庭疾病的检查方法,['d61f5232094823d26583f1168c439560f870442eec73950bcf0d8ec15aed82952568ba5f98068487e2b1abee0d996f34019e0193ff56ecdee1c3614e88f32335'],1,1,0.0,0.0
e1ded11d-5946-461b-a467-939b81a9868c,972,年龄相关的对称性高频听力下降,COMORBIDITY_SCENARIO,约22.7%的VM病人存在的听力改变,['e5dc0d2cc9921693b6b316f706d7c59cc332658169975c9d597d6d80f931d4d14f7db07444fa3a9c31471b9c4711157eeb16b7946beaba60ca84179147cf711d'],1,1,0.0,0.0
93b20095-c3af-4a68-95e8-90bf293bf0e1,973,双耳不对称性改变,COMORBIDITY_SCENARIO,15.8%的VM病人存在的高频或全频不对称性听力下降,['e5dc0d2cc9921693b6b316f706d7c59cc332658169975c9d597d6d80f931d4d14f7db07444fa3a9c31471b9c4711157eeb16b7946beaba60ca84179147cf711d'],1,1,0.0,0.0
36553b78-5490-48f9-a20a-2ea121a565b3,974,轻微低频听力下降伴下降型听力曲线,COMORBIDITY_SCENARIO,3%~18%的VM病人存在的听力改变,['e5dc0d2cc9921693b6b316f706d7c59cc332658169975c9d597d6d80f931d4d14f7db07444fa3a9c31471b9c4711157eeb16b7946beaba60ca84179147cf711d'],1,1,0.0,0.0
b799d1f9-e0b7-4ffd-9462-dec291fc6198,975,急性发作,TREATMENT_PHASE,**急性发作**是指疾病或症状突然出现并迅速发展的过程，通常被视为需要紧急干预的治疗阶段。这一术语常用于描述病情在短时间内显著恶化或显现的情况，强调其突发性和临床紧急性。,"['c1f0b268d16bd9a2122aa50d1141b86c295b96e1432d5c5920df95248db6ded2d51fe9f952e98299ce31b8342be73e89c2afe113d207461dde9522a70a69d0fd'
 'ac816b54ac70f1e2697a0fc2cc646c6a9319c8b2da14228b3ac6b76a0dd992ee5c7cee7e7986e8ab08a9d457617b74a833be81924604ec8d1c29d35b02f46926']",2,4,0.0,0.0
fbf00893-e9c4-49ed-b902-95698a605c93,976,发作间期,TREATMENT_PHASE,VM的发作间歇期,['c1f0b268d16bd9a2122aa50d1141b86c295b96e1432d5c5920df95248db6ded2d51fe9f952e98299ce31b8342be73e89c2afe113d207461dde9522a70a69d0fd'],1,1,0.0,0.0
0c137c1d-2b27-4c64-a1c8-d9b69b972181,977,中枢性前庭疾病,DISEASE,其他类型的中枢性前庭疾病,['50d1c7e638ca19a922d126dec12c28b309c85b6a085003d8343bf3fef2c2a95b525ec6b505256f162cd371172105cf09ce70fd9e682737b0928665a3ce4fefba'],1,1,0.0,0.0
29d5471d-fa64-438d-b505-29633fa17c54,978,头颅 CT/MRI 检查,NON_DRUG_TREATMENT,用于鉴别诊断的神经影像学检查,['50d1c7e638ca19a922d126dec12c28b309c85b6a085003d8343bf3fef2c2a95b525ec6b505256f162cd371172105cf09ce70fd9e682737b0928665a3ce4fefba'],1,2,0.0,0.0
5dcae0e7-626d-4bec-adf7-bdfb34bd620f,979,颞骨 CT 和内耳 MRI,NON_DRUG_TREATMENT,用于排除中耳、内耳及蜗后病变的检查,['50d1c7e638ca19a922d126dec12c28b309c85b6a085003d8343bf3fef2c2a95b525ec6b505256f162cd371172105cf09ce70fd9e682737b0928665a3ce4fefba'],1,1,0.0,0.0
8d2c1b9f-30df-4d87-9535-603bc476bcc6,980,辅助检查,NON_DRUG_TREATMENT,用于鉴别诊断的检查方法,['50d1c7e638ca19a922d126dec12c28b309c85b6a085003d8343bf3fef2c2a95b525ec6b505256f162cd371172105cf09ce70fd9e682737b0928665a3ce4fefba'],1,1,0.0,0.0
a7a4ecee-6075-4de3-8f88-32305afa1973,981,听力及前庭功能异常,COMORBIDITY_SCENARIO,少数VM病人伴有的轻微听力和前庭功能异常,['50d1c7e638ca19a922d126dec12c28b309c85b6a085003d8343bf3fef2c2a95b525ec6b505256f162cd371172105cf09ce70fd9e682737b0928665a3ce4fefba'],1,1,0.0,0.0
0af458c1-546d-4521-aa4d-0c10d332f516,982,推荐意见 3,GUIDELINE_RECOMMENDATION,VM诊断以临床表现为主，辅助检查主要用于鉴别诊断,['50d1c7e638ca19a922d126dec12c28b309c85b6a085003d8343bf3fef2c2a95b525ec6b505256f162cd371172105cf09ce70fd9e682737b0928665a3ce4fefba'],1,2,0.0,0.0
60d3b10f-7970-48db-a636-6cd9bf89a2f5,983,中耳、内耳以及蜗后病变,DISEASE,"
需要排除的其他耳部疾病",['50d1c7e638ca19a922d126dec12c28b309c85b6a085003d8343bf3fef2c2a95b525ec6b505256f162cd371172105cf09ce70fd9e682737b0928665a3ce4fefba'],1,1,0.0,0.0
7ad106ec-d6ac-47c1-be40-932a75c7bf7f,984,慢性前庭性偏头痛,DISEASE,慢性前庭性偏头痛是一种临床现象，目前尚未被正式确立为独立的疾病分类，但未来有望成为独立的诊断类别。该病症的诊断标准要求患者在前庭症状（如眩晕、头晕或不稳感）达到中重度程度的基础上，每月发作至少15天，且持续超过3个月，同时满足慢性偏头痛和前庭性偏头痛（VM）的诊断标准。,"['d2c89d663393a28ba4fc900d9bda709c84b044a7633189fd57e412e0b35f4ec4f2f3903c8e701b3884414749004a1d8df8aedf5bfc922aeaa87778874a4d3072'
 '293b2880d6c93e14bd70ee7d1fbda61199d2d53addb81e7d5a50be205cec8a6cfc998fc9ed8a155f776a1d6a7bb648804bd73d2da4f1bbea152d50effa15df60']",2,4,0.0,0.0
f1d1aa52-eeb9-4661-ab6e-f06fc7621c4c,985,儿童前庭性偏头痛,DISEASE,儿童前庭性偏头痛是一种主要影响18岁以下儿童的神经系统疾病，属于偏头痛相关的眩晕综合征的亚型。该病症以反复发作的前庭症状（如眩晕、头晕或不平衡感）为特征，通常与偏头痛病史或相关症状相关联。诊断需符合年龄小于18岁的特定标准，并与其他前庭疾病相鉴别。,"['d2c89d663393a28ba4fc900d9bda709c84b044a7633189fd57e412e0b35f4ec4f2f3903c8e701b3884414749004a1d8df8aedf5bfc922aeaa87778874a4d3072'
 '293b2880d6c93e14bd70ee7d1fbda61199d2d53addb81e7d5a50be205cec8a6cfc998fc9ed8a155f776a1d6a7bb648804bd73d2da4f1bbea152d50effa15df60']",2,5,0.0,0.0
7f3599a5-6780-47ea-a097-c4355120ec3c,986,很可能的前庭性偏头痛,GUIDELINE_RECOMMENDATION,"成人VM及p-VM的诊断框架依据2012年及2022年诊断标准
成人VM的诊断框架之一",['d2c89d663393a28ba4fc900d9bda709c84b044a7633189fd57e412e0b35f4ec4f2f3903c8e701b3884414749004a1d8df8aedf5bfc922aeaa87778874a4d3072'],1,2,0.0,0.0
fb7d00fe-f996-4606-905f-af8a16c7cc67,987,"国际头痛分类标准 (INTERNATIONAL CLASSIFICATION OF HEADACHEDISORDERS-3 BETA, ICHD-3Β)",GUIDELINE,首次纳入VM诊断标准的分类标准,['d2c89d663393a28ba4fc900d9bda709c84b044a7633189fd57e412e0b35f4ec4f2f3903c8e701b3884414749004a1d8df8aedf5bfc922aeaa87778874a4d3072'],1,1,0.0,0.0
815578bf-9135-4274-a246-ef72dbb994a8,988,前庭性偏头痛诊治专家共识(2018),GUIDELINE,同步采纳VM及p-VM标准，推动国内规范化诊疗的中国共识,['d2c89d663393a28ba4fc900d9bda709c84b044a7633189fd57e412e0b35f4ec4f2f3903c8e701b3884414749004a1d8df8aedf5bfc922aeaa87778874a4d3072'],1,1,0.0,0.0
007501a2-d76d-4f7b-b5b6-0faf9464203d,989,2018年版,GUIDELINE_EDITION,前庭性偏头痛诊治专家共识的版本,['d2c89d663393a28ba4fc900d9bda709c84b044a7633189fd57e412e0b35f4ec4f2f3903c8e701b3884414749004a1d8df8aedf5bfc922aeaa87778874a4d3072'],1,1,0.0,0.0
8c35091a-656d-4bd1-8002-3fea53c4f970,990,2012年诊断标准,GUIDELINE_RECOMMENDATION,Bárány学会联合IHS发布的VM和很可能的VM诊断标准,['d2c89d663393a28ba4fc900d9bda709c84b044a7633189fd57e412e0b35f4ec4f2f3903c8e701b3884414749004a1d8df8aedf5bfc922aeaa87778874a4d3072'],1,1,0.0,0.0
e551c54c-620c-40b3-a778-c90b81fd8b39,991,2022年诊断标准,GUIDELINE_RECOMMENDATION,Bárány学会联合IHS更新的VM诊断标准文件,['d2c89d663393a28ba4fc900d9bda709c84b044a7633189fd57e412e0b35f4ec4f2f3903c8e701b3884414749004a1d8df8aedf5bfc922aeaa87778874a4d3072'],1,1,0.0,0.0
ad918381-19e6-4405-a0fe-887d36b998f1,992,2021年分类体系,GUIDELINE_RECOMMENDATION,针对儿童患儿的周期性眩晕综合征亚型分类体系,['d2c89d663393a28ba4fc900d9bda709c84b044a7633189fd57e412e0b35f4ec4f2f3903c8e701b3884414749004a1d8df8aedf5bfc922aeaa87778874a4d3072'],1,1,0.0,0.0
731633ea-53b9-4029-b1b9-55108e24ac33,993,很可能的前庭性偏头痛 (推荐),,,['d2c89d663393a28ba4fc900d9bda709c84b044a7633189fd57e412e0b35f4ec4f2f3903c8e701b3884414749004a1d8df8aedf5bfc922aeaa87778874a4d3072'],1,2,0.0,0.0
1d40cf8e-ed7e-4411-9849-7f3aea198f4d,994,很可能的儿童前庭性偏头痛,DISEASE,至少3次中重度前庭症状发作的儿童，仅存在VM诊断标准中的B或C中的一项,['293b2880d6c93e14bd70ee7d1fbda61199d2d53addb81e7d5a50be205cec8a6cfc998fc9ed8a155f776a1d6a7bb648804bd73d2da4f1bbea152d50effa15df60'],1,1,0.0,0.0
6a42679b-02f5-47e6-8dac-3c576358b26c,995,很可能的慢性前庭性偏头痛,DISEASE,中重度前庭症状每月存在15天以上超过3个月，不满足慢性偏头痛但满足VM特征症状标准,['293b2880d6c93e14bd70ee7d1fbda61199d2d53addb81e7d5a50be205cec8a6cfc998fc9ed8a155f776a1d6a7bb648804bd73d2da4f1bbea152d50effa15df60'],1,2,0.0,0.0
89065fa7-3b95-429a-bd6d-db6c88f02b6b,996,MD,DISEASE,梅尼埃病,"['2a0528c8f8b52425c8c872881f9412e49c101f4982214219a4852e9c1521d4f974fee7f34f2461035e022fd1df0e1c58b401f62b0f21f74b407c6ebe0f154b09'
 '84bb36ef3d6b6232eefe28bd2f35c5e76f82efd0e33392a3f6165314d4ca42fcbc7024fe7d85fd609cfe3a1079b8a552b5e898ae68e387458608b1f798f2a723']",2,3,0.0,0.0
76b98fc1-2173-4e5d-a38a-82822c1b604d,997,MD/VM叠加综合征,COMORBIDITY_SCENARIO,同一病人两种不同类型的眩晕发作分别符合MD和VM的诊断标准,['2a0528c8f8b52425c8c872881f9412e49c101f4982214219a4852e9c1521d4f974fee7f34f2461035e022fd1df0e1c58b401f62b0f21f74b407c6ebe0f154b09'],1,2,0.0,0.0
42f6de3e-9df6-4616-87f8-1ce0d6e5989f,998,波动性听力下降,DISEASE,VM可能出现的症状，表现为听力波动,['2a0528c8f8b52425c8c872881f9412e49c101f4982214219a4852e9c1521d4f974fee7f34f2461035e022fd1df0e1c58b401f62b0f21f74b407c6ebe0f154b09'],1,1,0.0,0.0
c21f5146-5f36-48eb-991b-fcd9c9644fc0,999,耳鸣,DISEASE,VM可能出现的症状,['2a0528c8f8b52425c8c872881f9412e49c101f4982214219a4852e9c1521d4f974fee7f34f2461035e022fd1df0e1c58b401f62b0f21f74b407c6ebe0f154b09'],1,1,0.0,0.0
11bed0f3-05f6-441f-b689-d85228f8ef64,1000,耳闷,DISEASE,VM可能出现的症状,['2a0528c8f8b52425c8c872881f9412e49c101f4982214219a4852e9c1521d4f974fee7f34f2461035e022fd1df0e1c58b401f62b0f21f74b407c6ebe0f154b09'],1,1,0.0,0.0
7e7091d0-0da1-403b-a05c-a2e24585313b,1001,眩晕,COMORBIDITY_SCENARIO,脑干先兆偏头痛患者中常见的脑干先兆症状,['73c7d70dcb88aae2dac470344f374992331df06bd37780db4cc43737f29dc87731c659f7ab5ae500bb18bc6f8d3a53191780dbf735f9d5235d93acbd05fececa'],1,2,0.0,0.0
be56a53f-3da1-41a1-ba8f-b994ba445e40,1002,良性复发性前庭病,DISEASE,病因未明的成人复发性眩晕，持续数分钟至数小时,['84bb36ef3d6b6232eefe28bd2f35c5e76f82efd0e33392a3f6165314d4ca42fcbc7024fe7d85fd609cfe3a1079b8a552b5e898ae68e387458608b1f798f2a723'],1,1,0.0,0.0
a1082c9d-12b6-4d60-88db-0d54585334a0,1003,良性复发性眩晕,DISEASE,BRV，指病因未明的成人复发性眩晕,['84bb36ef3d6b6232eefe28bd2f35c5e76f82efd0e33392a3f6165314d4ca42fcbc7024fe7d85fd609cfe3a1079b8a552b5e898ae68e387458608b1f798f2a723'],1,4,0.0,0.0
f8465c8f-5409-4f04-b626-f238aa8427df,1004,偏头痛预防药物治疗,THERAPY,可有效治疗良性复发性眩晕的预防性药物疗法,['84bb36ef3d6b6232eefe28bd2f35c5e76f82efd0e33392a3f6165314d4ca42fcbc7024fe7d85fd609cfe3a1079b8a552b5e898ae68e387458608b1f798f2a723'],1,1,0.0,0.0
2c91c0d9-5969-453c-9c67-8111a43e156b,1005,中年女性,POPULATION,最常见于中年女性人群,['84bb36ef3d6b6232eefe28bd2f35c5e76f82efd0e33392a3f6165314d4ca42fcbc7024fe7d85fd609cfe3a1079b8a552b5e898ae68e387458608b1f798f2a723'],1,0,,
5c6679b3-1cdb-4472-9916-e64f3733bb65,1006,VM与BPPV共病,COMORBIDITY_SCENARIO,前庭性偏头痛可与良性阵发性位置性眩晕共病,['954bc1dabb9bc3c5ef5fb2f5e2db276af0a7af750bb5bdbe01e55f968f26259007c607a0cfa9b4420e6a21ae10c9e1d3050046692df3ef4db285d81fdbbd647a'],1,2,0.0,0.0
af321d78-d7be-41d4-919e-e4a855ddaa03,1007,耳石症,DISEASE,BPPV的俗称,['954bc1dabb9bc3c5ef5fb2f5e2db276af0a7af750bb5bdbe01e55f968f26259007c607a0cfa9b4420e6a21ae10c9e1d3050046692df3ef4db285d81fdbbd647a'],1,1,0.0,0.0
5dace1db-1308-4039-8da9-a81d3d406be6,1008,VM病人容易合并晕动病,COMORBIDITY_SCENARIO,VM病人容易合并晕动病的场景,['7b0b3aa232852d08c5aae4ccbbf14de6ed625a6c5c6823a63374cccb0f39820f8b5deb79232a036b2667ebb83607b0a1692ed4489d44c7482652493abef9e5c9'],1,2,0.0,0.0
898f5cb3-8b6a-4404-b817-74b507ff0bd6,1009,发作性共济失调2型,DISEASE,遗传性共济失调中最常见的类型，表现为发作性共济失调、构音障碍和眩晕,['7c1c6ab54fa2468278efd58804efb780a7771f38d6de97889309541bec29bfe9c0bb199354148c2cd1238b54911393b4a7dbe2ef7cd64c227bc21fcbc91172df'],1,2,0.0,0.0
a0188e0e-8ed3-444b-98d5-3d38b289cf62,1010,EA2伴偏头痛,COMORBIDITY_SCENARIO,发作性共济失调2型与偏头痛共存的临床场景,['7c1c6ab54fa2468278efd58804efb780a7771f38d6de97889309541bec29bfe9c0bb199354148c2cd1238b54911393b4a7dbe2ef7cd64c227bc21fcbc91172df'],1,2,0.0,0.0
d349914d-0f51-4ed7-80fd-65302ae7da85,1011,PPPD,DISEASE,持续性姿势感知性头晕,['b7c0c77b69c85f2ee8a5a970b872191009c317829a2677878f23b533131b17134c3eebe9906cad71163f8025abd5218b734cc9d7f389f2507e73ab2893d744b5'],1,2,0.0,0.0
c07c5853-c7a1-4527-b218-8bea033432e3,1012,CVM,DISEASE,慢性前庭性偏头痛,"['b7c0c77b69c85f2ee8a5a970b872191009c317829a2677878f23b533131b17134c3eebe9906cad71163f8025abd5218b734cc9d7f389f2507e73ab2893d744b5'
 '7550c181997ab8ff64b5459fa3cf8edbc6b1104394351e2f88ebd8ef645e8380153cb5f442a090028936bb1746a8218cc5368baf8600f1f910ee280c1ea68d17']",2,5,0.0,0.0
0a15f68a-f1e5-4c9c-93b6-6ecc89d73a5c,1013,VM与多种发作性前庭疾病进行鉴别诊断,GUIDELINE_RECOMMENDATION,推荐意见5：VM需与多种发作性前庭疾病进行鉴别诊断,['b7c0c77b69c85f2ee8a5a970b872191009c317829a2677878f23b533131b17134c3eebe9906cad71163f8025abd5218b734cc9d7f389f2507e73ab2893d744b5'],1,2,0.0,0.0
d3c1b4a1-b28f-4d05-9684-69c8940aedd5,1014,VM病人出现慢性头晕时，需重点鉴别其属于与PPPD共病状态，还是进展为CVM,GUIDELINE_RECOMMENDATION,推荐意见5：当VM病人出现慢性头晕症状时，需重点鉴别,['b7c0c77b69c85f2ee8a5a970b872191009c317829a2677878f23b533131b17134c3eebe9906cad71163f8025abd5218b734cc9d7f389f2507e73ab2893d744b5'],1,4,0.0,0.0
c529990b-1395-4fde-abbe-d0a5a031c1fa,1015,进展为CVM,COMORBIDITY_SCENARIO,VM病人出现慢性头晕时，需重点鉴别其是否进展为CVM,['b7c0c77b69c85f2ee8a5a970b872191009c317829a2677878f23b533131b17134c3eebe9906cad71163f8025abd5218b734cc9d7f389f2507e73ab2893d744b5'],1,1,0.0,0.0
55ac11ae-5722-4b17-8242-d0257da5783e,1016,VM与PPPD共病状态,,,['b7c0c77b69c85f2ee8a5a970b872191009c317829a2677878f23b533131b17134c3eebe9906cad71163f8025abd5218b734cc9d7f389f2507e73ab2893d744b5'],1,1,0.0,0.0
5662f94a-65d4-42de-853a-d2731f3b145c,1017,急性眩晕,DISEASE,急性发作的眩晕症状,['a578bb266eac8d475af4234e82a3d5822a74c7a1eac09c058832af07f532741e5303dd74c29ad9d64b013551a85430b1ae83740e258f3b562bfd005164de4799'],1,1,0.0,0.0
32d81a00-7bd5-423e-9add-3e2c858c8c3f,1018,缓解急性症状,TREATMENT_PHASE,治疗目标之一，缓解急性期症状,['a578bb266eac8d475af4234e82a3d5822a74c7a1eac09c058832af07f532741e5303dd74c29ad9d64b013551a85430b1ae83740e258f3b562bfd005164de4799'],1,1,0.0,0.0
582f8dfd-11e1-4350-a4d6-5967c35acbed,1019,偏头痛治疗有效的方案,THERAPY,适用于VM的治疗方案,['a578bb266eac8d475af4234e82a3d5822a74c7a1eac09c058832af07f532741e5303dd74c29ad9d64b013551a85430b1ae83740e258f3b562bfd005164de4799'],1,1,0.0,0.0
cad15711-ce75-43dc-b6b9-a882cf5f1527,1020,多学科协作诊疗模式,NON_DRUG_TREATMENT,整合多个科室资源的综合管理模式,['a578bb266eac8d475af4234e82a3d5822a74c7a1eac09c058832af07f532741e5303dd74c29ad9d64b013551a85430b1ae83740e258f3b562bfd005164de4799'],1,1,0.0,0.0
ec35836b-291e-40a2-9035-f5aa027d0f30,1021,规律作息,NON_DRUG_TREATMENT,对VM的预防起重要作用,['37233ebbd9a0ab3121dd8fc0f8be180adc5ad2f3ec22fb332b5c77f01727238ab35e42dc12015ec6693199d7b5a8086b0b0be8a86a6328cc3cdafd203b47b8bc'],1,1,0.0,0.0
17dade78-fc02-473c-b1cd-00d19e9cce65,1022,适度锻炼,NON_DRUG_TREATMENT,对VM的预防起重要作用,['37233ebbd9a0ab3121dd8fc0f8be180adc5ad2f3ec22fb332b5c77f01727238ab35e42dc12015ec6693199d7b5a8086b0b0be8a86a6328cc3cdafd203b47b8bc'],1,1,0.0,0.0
db1b5d1e-02d2-4769-bf23-4511fe950991,1023,合理膳食,NON_DRUG_TREATMENT,对VM的预防起重要作用,['37233ebbd9a0ab3121dd8fc0f8be180adc5ad2f3ec22fb332b5c77f01727238ab35e42dc12015ec6693199d7b5a8086b0b0be8a86a6328cc3cdafd203b47b8bc'],1,1,0.0,0.0
2119ab92-abac-4eec-9fd1-dab42035cdd0,1024,避免过度前庭刺激,NON_DRUG_TREATMENT,对VM的预防起重要作用,['37233ebbd9a0ab3121dd8fc0f8be180adc5ad2f3ec22fb332b5c77f01727238ab35e42dc12015ec6693199d7b5a8086b0b0be8a86a6328cc3cdafd203b47b8bc'],1,1,0.0,0.0
96fd2ffd-890a-4497-b945-96d77f4c5cf4,1025,合理的压力管理,NON_DRUG_TREATMENT,对VM的预防起重要作用,['37233ebbd9a0ab3121dd8fc0f8be180adc5ad2f3ec22fb332b5c77f01727238ab35e42dc12015ec6693199d7b5a8086b0b0be8a86a6328cc3cdafd203b47b8bc'],1,1,0.0,0.0
ce3301a6-372f-4826-9256-5f84bc0f0ee3,1026,寻找并避免促发因素,NON_DRUG_TREATMENT,对VM的预防起重要作用,['37233ebbd9a0ab3121dd8fc0f8be180adc5ad2f3ec22fb332b5c77f01727238ab35e42dc12015ec6693199d7b5a8086b0b0be8a86a6328cc3cdafd203b47b8bc'],1,1,0.0,0.0
6759fe38-b611-4de6-b468-ef0eedcfbc1c,1027,急性期镇痛药物,DRUG_CLASS,用于急性期镇痛的药物,['37233ebbd9a0ab3121dd8fc0f8be180adc5ad2f3ec22fb332b5c77f01727238ab35e42dc12015ec6693199d7b5a8086b0b0be8a86a6328cc3cdafd203b47b8bc'],1,2,0.0,0.0
47ee5581-77f0-490e-a24f-812c4f84e8e7,1028,眩晕/头晕,DISEASE,眩晕/头晕是一种症状，表现为持续时间数小时或更长的发作性眩晕或头晕感。,"['a6748c5bef22b0a1946c77f4e75613e2adf89dc648556abd7f1b05625d12e81ff2be63174a924b425c0185b2092dc42ff6187d856c8b3a212b9dd5b724ffd8c2'
 '62a47466ff3c57929d09f449a143d719d9e0c4c33a2338743752150ae1e4c2957880bdc8f4c0677380e65e1a18195cf13f183e5aaab54e3c84a17c22537c9d03']",2,6,0.0,0.0
dc1f9ca6-cd9e-4f65-b844-dca9c5dfbf1a,1029,恶心,COMORBIDITY_SCENARIO,恶心是一种常见的伴随症状，通常指患者主观感受到的胃部不适或想要呕吐的感觉。在临床评估中，它常被列为最困扰患者的伴随症状之一，可能由多种疾病、药物副作用、心理因素或其他生理状况引起，并可能影响患者的日常生活和整体健康状况。,"['a6748c5bef22b0a1946c77f4e75613e2adf89dc648556abd7f1b05625d12e81ff2be63174a924b425c0185b2092dc42ff6187d856c8b3a212b9dd5b724ffd8c2'
 '62a47466ff3c57929d09f449a143d719d9e0c4c33a2338743752150ae1e4c2957880bdc8f4c0677380e65e1a18195cf13f183e5aaab54e3c84a17c22537c9d03']",2,4,0.0,0.0
961dfd76-6045-4246-a56f-5a8522852cf0,1030,呕吐,COMORBIDITY_SCENARIO,呕吐是一种常见的伴随症状，通常指胃内容物经口排出。在临床评估中，它常与其他症状同时出现，而其中某些伴随症状可能被患者视为最困扰或最突出的问题。,"['a6748c5bef22b0a1946c77f4e75613e2adf89dc648556abd7f1b05625d12e81ff2be63174a924b425c0185b2092dc42ff6187d856c8b3a212b9dd5b724ffd8c2'
 '62a47466ff3c57929d09f449a143d719d9e0c4c33a2338743752150ae1e4c2957880bdc8f4c0677380e65e1a18195cf13f183e5aaab54e3c84a17c22537c9d03']",2,4,0.0,0.0
43c3025a-2450-4582-8d32-0a5f9fe12a6c,1031,畏光畏声,COMORBIDITY_SCENARIO,畏光畏声是患者所经历的一种伴随症状，同时也是其最困扰的伴随症状。,"['a6748c5bef22b0a1946c77f4e75613e2adf89dc648556abd7f1b05625d12e81ff2be63174a924b425c0185b2092dc42ff6187d856c8b3a212b9dd5b724ffd8c2'
 '62a47466ff3c57929d09f449a143d719d9e0c4c33a2338743752150ae1e4c2957880bdc8f4c0677380e65e1a18195cf13f183e5aaab54e3c84a17c22537c9d03']",2,4,0.0,0.0
2f699a65-61a8-433c-90a1-4a71e760bec5,1032,含咖啡因的复合制剂,DRUG_CLASS,用于急性期治疗的药物类别,['a7497051b835b0296caa8c43a2182e056a4d630488acdf638ab6cd1d926fb9ebe0e50b22dece2d0fb4bfabf4f04ef42edc8be89a0203491675e0fc4b52a1b78f'],1,1,0.0,0.0
c3d7e5a5-33ba-4894-8711-0a3c4f6d9944,1033,降钙素基因相关肽受体小分子拮抗剂吉泮类,DRUG_CLASS,CGRP受体拮抗剂类药物,['a7497051b835b0296caa8c43a2182e056a4d630488acdf638ab6cd1d926fb9ebe0e50b22dece2d0fb4bfabf4f04ef42edc8be89a0203491675e0fc4b52a1b78f'],1,0,,
1acc2dda-d337-41bb-bc12-956c49ef5a2c,1034,前庭抑制剂,DRUG_CLASS,**前庭抑制剂**是一类用于对症处理眩晕的药物，尤其适用于严重眩晕的临床管理。,"['a7497051b835b0296caa8c43a2182e056a4d630488acdf638ab6cd1d926fb9ebe0e50b22dece2d0fb4bfabf4f04ef42edc8be89a0203491675e0fc4b52a1b78f'
 '0e3088f94fd74dd0bf54ce4fe7dfb492db7a4fa8eeed4a699f6992bc1606d3f05b5845dea1e8d94b3b6a8c011887384eb0757bbf3764f608225b6b1ce8e9ffc0']",2,0,,
72db9e31-eae3-4794-b159-1914780df211,1035,止吐药,DRUG_CLASS,用于处理呕吐的药物类别,['a7497051b835b0296caa8c43a2182e056a4d630488acdf638ab6cd1d926fb9ebe0e50b22dece2d0fb4bfabf4f04ef42edc8be89a0203491675e0fc4b52a1b78f'],1,0,,
7a5455d9-a989-4366-8aa8-8cbb9c9a6fd6,1036,苯海拉明,DRUG,经验性给予的前庭抑制剂或止吐药,['a7497051b835b0296caa8c43a2182e056a4d630488acdf638ab6cd1d926fb9ebe0e50b22dece2d0fb4bfabf4f04ef42edc8be89a0203491675e0fc4b52a1b78f'],1,0,,
289df5d1-92fb-440b-93d8-54fd72abe17d,1037,山莨菪碱,DRUG,经验性给予的前庭抑制剂或止吐药,['a7497051b835b0296caa8c43a2182e056a4d630488acdf638ab6cd1d926fb9ebe0e50b22dece2d0fb4bfabf4f04ef42edc8be89a0203491675e0fc4b52a1b78f'],1,0,,
f3eda16a-fcbc-4176-a941-5a19db2bb840,1038,瑞美吉泮口崩片,DRUG,瑞美吉泮口崩片是一种CGRP受体小分子拮抗剂，主要用于成人偏头痛的急性期治疗。,"['a7497051b835b0296caa8c43a2182e056a4d630488acdf638ab6cd1d926fb9ebe0e50b22dece2d0fb4bfabf4f04ef42edc8be89a0203491675e0fc4b52a1b78f'
 'bfad7cb80612a979706bc5c077780f25ccccf3bf53dd263029107f1a6f54e815903ad1a1f128aadb0c9fbaf3e877cac08d057af5995c321f9ec6c6d8df22f726']",2,2,0.0,0.0
a44012cb-15b1-4540-b654-cd5b360135f5,1039,体外三叉神经刺激,NON_DRUG_TREATMENT,一种用于急性治疗的神经调控技术,['0e3088f94fd74dd0bf54ce4fe7dfb492db7a4fa8eeed4a699f6992bc1606d3f05b5845dea1e8d94b3b6a8c011887384eb0757bbf3764f608225b6b1ce8e9ffc0'],1,1,0.0,0.0
71c5bbf7-62f8-4ce9-93df-bc17ba8917d5,1040,止吐药物,DRUG_CLASS,用于对症处理呕吐的药物,['0e3088f94fd74dd0bf54ce4fe7dfb492db7a4fa8eeed4a699f6992bc1606d3f05b5845dea1e8d94b3b6a8c011887384eb0757bbf3764f608225b6b1ce8e9ffc0'],1,0,,
b7bed9d0-f744-4e98-ab64-f7f72cac94d5,1041,B,EVIDENCE_LEVEL,证据级别B,['0e3088f94fd74dd0bf54ce4fe7dfb492db7a4fa8eeed4a699f6992bc1606d3f05b5845dea1e8d94b3b6a8c011887384eb0757bbf3764f608225b6b1ce8e9ffc0'],1,1,0.0,0.0
73ffebef-755d-486e-92a7-5c4f1ab93061,1042,D,EVIDENCE_LEVEL,证据级别D,['0e3088f94fd74dd0bf54ce4fe7dfb492db7a4fa8eeed4a699f6992bc1606d3f05b5845dea1e8d94b3b6a8c011887384eb0757bbf3764f608225b6b1ce8e9ffc0'],1,3,0.0,0.0
f0789456-1348-4e72-8e56-9fe323cb4db2,1043,2D,RECOMMENDATION_GRADE,实体“2D”的推荐强度为2D级，其推荐级别被明确标识为2D。,"['0e3088f94fd74dd0bf54ce4fe7dfb492db7a4fa8eeed4a699f6992bc1606d3f05b5845dea1e8d94b3b6a8c011887384eb0757bbf3764f608225b6b1ce8e9ffc0'
 '3ee8eb816fe9ae302cda19230b3f6dbcdd92fca75889f2dce397a3dc074855f9b4445eadb26b0d75b74acd64439770c1a963ac9a20a12379fb078588ea3288f6']",2,5,0.0,0.0
f0274e53-3064-49b9-9077-3bc7db287c07,1044,VM急性期治疗策略参考偏头痛策略 (2D),GUIDELINE_RECOMMENDATION,VM急性期治疗的循证医学证据尚不充分，通常参考偏头痛急性期治疗策略，如曲坦类药物、吉泮类药物、NSAIDs等 (2D),['0e3088f94fd74dd0bf54ce4fe7dfb492db7a4fa8eeed4a699f6992bc1606d3f05b5845dea1e8d94b3b6a8c011887384eb0757bbf3764f608225b6b1ce8e9ffc0'],1,3,0.0,0.0
0dbe80a2-4a0b-44cd-a305-55195921a37f,1045,VM急性期可经验性给予前庭抑制剂、止吐药物对症处理 (2D),GUIDELINE_RECOMMENDATION,对眩晕和呕吐严重的病人，可经验性给予前庭抑制剂、止吐药物对症处理 (2D),['0e3088f94fd74dd0bf54ce4fe7dfb492db7a4fa8eeed4a699f6992bc1606d3f05b5845dea1e8d94b3b6a8c011887384eb0757bbf3764f608225b6b1ce8e9ffc0'],1,0,,
a1a38738-235c-40db-9350-3c7c2e2711d4,1046,VM急性期药物不耐受或疗效不佳时可尝试行神经调控治疗 (2D),GUIDELINE_RECOMMENDATION,药物不耐受或疗效不佳的，可尝试行神经调控治疗 (2D),['0e3088f94fd74dd0bf54ce4fe7dfb492db7a4fa8eeed4a699f6992bc1606d3f05b5845dea1e8d94b3b6a8c011887384eb0757bbf3764f608225b6b1ce8e9ffc0'],1,0,,
db69394c-fa38-4044-ad53-b6345c8a5c80,1047,偏头痛先兆,COMORBIDITY_SCENARIO,伴随症状,['62a47466ff3c57929d09f449a143d719d9e0c4c33a2338743752150ae1e4c2957880bdc8f4c0677380e65e1a18195cf13f183e5aaab54e3c84a17c22537c9d03'],1,2,0.0,0.0
aea0d27b-b2ad-4061-a742-97e1137ba3e9,1048,规律预防治疗,TREATMENT_PHASE,至少持续8周的预防性治疗阶段,['62a47466ff3c57929d09f449a143d719d9e0c4c33a2338743752150ae1e4c2957880bdc8f4c0677380e65e1a18195cf13f183e5aaab54e3c84a17c22537c9d03'],1,1,0.0,0.0
c6b79593-ce98-4d8c-8731-d06c4087ee92,1049,"焦虑抑郁睡眠障碍三者间存在关联，但原文未明确其直接关系，故不提取。根据规则，仅提取明确相关的关系。|<||><||><||><||>)(""ENTITY""",,,['62a47466ff3c57929d09f449a143d719d9e0c4c33a2338743752150ae1e4c2957880bdc8f4c0677380e65e1a18195cf13f183e5aaab54e3c84a17c22537c9d03'],1,1,0.0,0.0
1300690e-c554-4c03-a9cb-788778f914fc,1050,VM-PATHI,NON_DRUG_TREATMENT,用于评估VM病人整体负担的量表工具,['62a47466ff3c57929d09f449a143d719d9e0c4c33a2338743752150ae1e4c2957880bdc8f4c0677380e65e1a18195cf13f183e5aaab54e3c84a17c22537c9d03'],1,1,0.0,0.0
bd6404ad-3a12-4692-95dc-608ebb7b19e8,1051,DHI,NON_DRUG_TREATMENT,用于评价头晕对日常生活影响的量表,['62a47466ff3c57929d09f449a143d719d9e0c4c33a2338743752150ae1e4c2957880bdc8f4c0677380e65e1a18195cf13f183e5aaab54e3c84a17c22537c9d03'],1,1,0.0,0.0
acb80d6e-7c9d-471d-9adf-b49fab511b13,1052,MIDAS,NON_DRUG_TREATMENT,用于评估偏头痛失能的量表,['62a47466ff3c57929d09f449a143d719d9e0c4c33a2338743752150ae1e4c2957880bdc8f4c0677380e65e1a18195cf13f183e5aaab54e3c84a17c22537c9d03'],1,1,0.0,0.0
34b64f0e-d5c6-45dd-af94-7b86731a7856,1053,GAD-7,NON_DRUG_TREATMENT,用于评估广泛性焦虑障碍的量表,['62a47466ff3c57929d09f449a143d719d9e0c4c33a2338743752150ae1e4c2957880bdc8f4c0677380e65e1a18195cf13f183e5aaab54e3c84a17c22537c9d03'],1,1,0.0,0.0
367a7ab0-84bb-4b7c-b1db-c9ca0fd09ef4,1054,HAMA,NON_DRUG_TREATMENT,汉密尔顿焦虑量表,['62a47466ff3c57929d09f449a143d719d9e0c4c33a2338743752150ae1e4c2957880bdc8f4c0677380e65e1a18195cf13f183e5aaab54e3c84a17c22537c9d03'],1,1,0.0,0.0
e9b5b307-5b7b-428c-b06f-db91c6364fde,1055,PHQ-9,NON_DRUG_TREATMENT,用于评估抑郁症状的病人健康问卷,['62a47466ff3c57929d09f449a143d719d9e0c4c33a2338743752150ae1e4c2957880bdc8f4c0677380e65e1a18195cf13f183e5aaab54e3c84a17c22537c9d03'],1,1,0.0,0.0
3cbae642-a6b1-4a8d-9baa-a01a380627e8,1056,HAMD,NON_DRUG_TREATMENT,汉密尔顿抑郁量表,['62a47466ff3c57929d09f449a143d719d9e0c4c33a2338743752150ae1e4c2957880bdc8f4c0677380e65e1a18195cf13f183e5aaab54e3c84a17c22537c9d03'],1,1,0.0,0.0
7a7af49e-5ae4-4cd0-a7ca-1dff077e2df3,1057,PSQI,NON_DRUG_TREATMENT,用于评估睡眠质量的匹兹堡睡眠质量指数,['62a47466ff3c57929d09f449a143d719d9e0c4c33a2338743752150ae1e4c2957880bdc8f4c0677380e65e1a18195cf13f183e5aaab54e3c84a17c22537c9d03'],1,1,0.0,0.0
2af02610-83dc-49fe-8053-3a2a7b9e578c,1058,肉毒毒素,DRUG,用于肌内注射的神经毒素,['11c0634698f1b7347875b12616c1909792c7694abc899d40d7ebd5ec439a4120d2889190c49c920ac1b66001092494c184732c2cee4eaef6cb0dcc857ebab8b8'],1,0,,
ccb4b4c6-7044-4be0-ae9d-8ef62ff343a9,1059,抗抑郁药物,DRUG_CLASS,抗抑郁药物是一类用于治疗抑郁症及相关情绪障碍的药物，其中包括阿米替林、文拉法辛等具体药物。,"['11c0634698f1b7347875b12616c1909792c7694abc899d40d7ebd5ec439a4120d2889190c49c920ac1b66001092494c184732c2cee4eaef6cb0dcc857ebab8b8'
 'b702dc97591d4fd99e393160ffd9d400dae11ce24461a052ca46b18e565efb9d5c4899a4d3910ff3805503f5ec2f7cfb4c0d882b0fb4ad65273b9abe5b9d8ab3']",2,1,0.0,0.0
e0bf5493-db10-47b9-8b18-d8bc3f22132b,1060,CGRP 单克隆抗体及CGRP 受体拮抗剂,DRUG_CLASS,一类新型预防性治疗药物,['11c0634698f1b7347875b12616c1909792c7694abc899d40d7ebd5ec439a4120d2889190c49c920ac1b66001092494c184732c2cee4eaef6cb0dcc857ebab8b8'],1,0,,
819413c5-791e-4de1-b424-df59bb774d19,1061,CGRP 单克隆抗体,DRUG_CLASS,包括依瑞奈尤单抗、瑞玛奈珠单抗等药物,['11c0634698f1b7347875b12616c1909792c7694abc899d40d7ebd5ec439a4120d2889190c49c920ac1b66001092494c184732c2cee4eaef6cb0dcc857ebab8b8'],1,0,,
b6d21178-722d-4ac3-80a1-f06dbee1d9f7,1062,抗焦虑抗抑郁药,DRUG_CLASS,包括文拉法辛和阿米替林的药物类别,['8f5751520c653eceb98d31d48f585edba62ef8e1a15de3b3d6838ecbe973a22911b26e5cf43c0492256626194ac47c09313525fab95f5bb1e1e024fa5a13370d'],1,2,0.0,0.0
26a8fe48-4391-4f4d-847b-29de1280b785,1063,肉毒素注射,NON_DRUG_TREATMENT,A型肉毒毒素注射治疗,['8f5751520c653eceb98d31d48f585edba62ef8e1a15de3b3d6838ecbe973a22911b26e5cf43c0492256626194ac47c09313525fab95f5bb1e1e024fa5a13370d'],1,0,,
2d9b62e5-dc57-4326-ac0e-bb99fba19cb2,1064,抗CGRP单克隆抗体和CGRP受体拮抗剂,DRUG_CLASS,包括依瑞奈尤单抗、瑞玛奈珠单抗、加卡奈珠单抗、乌布吉泮、瑞美吉泮、阿托吉泮的新药类别,['8f5751520c653eceb98d31d48f585edba62ef8e1a15de3b3d6838ecbe973a22911b26e5cf43c0492256626194ac47c09313525fab95f5bb1e1e024fa5a13370d'],1,0,,
866ef12d-6cd3-458b-9f1f-53aa0ca7fe2b,1065,"抗抑郁药物<｜FIM▁END｜>|<｜FIM▁END｜>>属于(""ENTITY""",,,['b702dc97591d4fd99e393160ffd9d400dae11ce24461a052ca46b18e565efb9d5c4899a4d3910ff3805503f5ec2f7cfb4c0d882b0fb4ad65273b9abe5b9d8ab3'],1,1,0.0,0.0
b76fa07f-fadb-4fa1-9dd0-b4bdd33a0bc4,1066,VM的预防性药物治疗,,,['b702dc97591d4fd99e393160ffd9d400dae11ce24461a052ca46b18e565efb9d5c4899a4d3910ff3805503f5ec2f7cfb4c0d882b0fb4ad65273b9abe5b9d8ab3'],1,3,0.0,0.0
c149eb3f-5bba-4c80-99cd-a6bc817cedad,1067,前庭康复锻炼,NON_DRUG_TREATMENT,**前庭康复锻炼**是一种非药物治疗方式，属于物理治疗的一种形式，其主要目的是通过特定的训练和活动来改善患者的平衡问题。,"['85513047f5f71067405b195c6b5f7f29fe742540d9ea4ad1fefd96fbbb7a380cabb938ac7d16efa9458979eed6df83eb7e5a690b14eabe5b860d4d101c763a99'
 '3ee8eb816fe9ae302cda19230b3f6dbcdd92fca75889f2dce397a3dc074855f9b4445eadb26b0d75b74acd64439770c1a963ac9a20a12379fb078588ea3288f6']",2,3,0.0,0.0
15d9e6ce-5e86-41d7-998c-24a3aa221bd9,1068,预防性非药物治疗,TREATMENT_PHASE,针对前庭性偏头痛的预防性治疗阶段,['85513047f5f71067405b195c6b5f7f29fe742540d9ea4ad1fefd96fbbb7a380cabb938ac7d16efa9458979eed6df83eb7e5a690b14eabe5b860d4d101c763a99'],1,3,0.0,0.0
63af0123-a6f4-4b98-b84b-c9e685b66315,1069,营养素补充,NON_DRUG_TREATMENT,一种非药物治疗方式,['3ee8eb816fe9ae302cda19230b3f6dbcdd92fca75889f2dce397a3dc074855f9b4445eadb26b0d75b74acd64439770c1a963ac9a20a12379fb078588ea3288f6'],1,1,0.0,0.0
86334060-0332-4939-9cb2-5dc1af9f2fc2,1070,益生菌,NON_DRUG_TREATMENT,一种非药物治疗方式,['3ee8eb816fe9ae302cda19230b3f6dbcdd92fca75889f2dce397a3dc074855f9b4445eadb26b0d75b74acd64439770c1a963ac9a20a12379fb078588ea3288f6'],1,0,,
a19a5563-f5ea-4ce9-a98d-7483017434cb,1071,抗阻训练,NON_DRUG_TREATMENT,一种非药物治疗方式,['3ee8eb816fe9ae302cda19230b3f6dbcdd92fca75889f2dce397a3dc074855f9b4445eadb26b0d75b74acd64439770c1a963ac9a20a12379fb078588ea3288f6'],1,0,,
09daf496-ac94-48e5-a817-269952b3a22f,1072,CBT,NON_DRUG_TREATMENT,**CBT（认知行为疗法）**是一种非药物治疗方式，它通过帮助个体识别和改变负面思维模式与行为习惯来改善心理健康状况。该方法强调认知过程与行为之间的相互作用，并广泛应用于焦虑、抑郁等多种心理问题的干预中。,"['3ee8eb816fe9ae302cda19230b3f6dbcdd92fca75889f2dce397a3dc074855f9b4445eadb26b0d75b74acd64439770c1a963ac9a20a12379fb078588ea3288f6'
 '7550c181997ab8ff64b5459fa3cf8edbc6b1104394351e2f88ebd8ef645e8380153cb5f442a090028936bb1746a8218cc5368baf8600f1f910ee280c1ea68d17']",2,1,0.0,0.0
abf75dbb-247c-4d89-a553-2099f7e9bcbc,1073,不适合药物治疗的病人,POPULATION,对药物不耐受或存在禁忌的患者群体,['3ee8eb816fe9ae302cda19230b3f6dbcdd92fca75889f2dce397a3dc074855f9b4445eadb26b0d75b74acd64439770c1a963ac9a20a12379fb078588ea3288f6'],1,1,0.0,0.0
0ce75134-47c9-4866-8e40-d3172b3d8a06,1074,推荐意见 8,GUIDELINE_RECOMMENDATION,对不适合药物治疗的病人可采用非药物治疗的推荐条目,['3ee8eb816fe9ae302cda19230b3f6dbcdd92fca75889f2dce397a3dc074855f9b4445eadb26b0d75b74acd64439770c1a963ac9a20a12379fb078588ea3288f6'],1,8,0.0,0.0
f69965e0-e018-404b-b4d3-9f52743044b5,1075,"针灸治疗/针灸* <BR><BR>*注意：原文中同时出现“针灸治疗”和“针灸”，根据标准化规则，合并为一个实体，名称取更完整的“针灸治疗”。* <\|><\|><\|>)(""ENTITY""",营养素补充,NON_DRUG_TREATMENT,['3ee8eb816fe9ae302cda19230b3f6dbcdd92fca75889f2dce397a3dc074855f9b4445eadb26b0d75b74acd64439770c1a963ac9a20a12379fb078588ea3288f6'],1,0,,
9ea73ba9-3e8e-425b-9986-87389c74cee3,1076,孕妇,POPULATION,妊娠期女性,['ac816b54ac70f1e2697a0fc2cc646c6a9319c8b2da14228b3ac6b76a0dd992ee5c7cee7e7986e8ab08a9d457617b74a833be81924604ec8d1c29d35b02f46926'],1,2,0.0,0.0
32d89c00-f17b-4815-960e-8373d57155ca,1077,哺乳期,POPULATION,处于哺乳期的女性,['ac816b54ac70f1e2697a0fc2cc646c6a9319c8b2da14228b3ac6b76a0dd992ee5c7cee7e7986e8ab08a9d457617b74a833be81924604ec8d1c29d35b02f46926'],1,1,0.0,0.0
24db7462-306e-46c4-a034-bd89b6e38317,1078,VMC,DISEASE,前庭性偏头痛,['ac816b54ac70f1e2697a0fc2cc646c6a9319c8b2da14228b3ac6b76a0dd992ee5c7cee7e7986e8ab08a9d457617b74a833be81924604ec8d1c29d35b02f46926'],1,7,0.0,0.0
e3a0a517-950d-4af9-9c51-0991c3027a87,1079,辅酶 Q10,DRUG,用于预防治疗的药物,['ac816b54ac70f1e2697a0fc2cc646c6a9319c8b2da14228b3ac6b76a0dd992ee5c7cee7e7986e8ab08a9d457617b74a833be81924604ec8d1c29d35b02f46926'],1,0,,
065388b8-1d44-4fe5-9239-12b847f3cd67,1080,孕期哺乳期VMC,COMORBIDITY_SCENARIO,孕期或哺乳期前庭性偏头痛共病场景,['ac816b54ac70f1e2697a0fc2cc646c6a9319c8b2da14228b3ac6b76a0dd992ee5c7cee7e7986e8ab08a9d457617b74a833be81924604ec8d1c29d35b02f46926'],1,3,0.0,0.0
e73d180a-9907-48c8-8303-3de60b6d9e6d,1081,孕期合并焦虑,COMORBIDITY_SCENARIO,妊娠期合并焦虑的共病场景,['ac816b54ac70f1e2697a0fc2cc646c6a9319c8b2da14228b3ac6b76a0dd992ee5c7cee7e7986e8ab08a9d457617b74a833be81924604ec8d1c29d35b02f46926'],1,1,0.0,0.0
ad8609db-996d-4337-bf27-8299e6575135,1082,儿童VMC,,,['ac816b54ac70f1e2697a0fc2cc646c6a9319c8b2da14228b3ac6b76a0dd992ee5c7cee7e7986e8ab08a9d457617b74a833be81924604ec8d1c29d35b02f46926'],1,2,0.0,0.0
d96e68c1-6302-40f9-9eab-c30ce0c67394,1083,阿米替林和托吡酯,,,['ac816b54ac70f1e2697a0fc2cc646c6a9319c8b2da14228b3ac6b76a0dd992ee5c7cee7e7986e8ab08a9d457617b74a833be81924604ec8d1c29d35b02f46926'],1,1,0.0,0.0
1f856425-640b-4804-8b6a-02ce34d5b56c,1084,对乙酰氨基酚、布洛芬、曲普坦类药物,,,['ac816b54ac70f1e2697a0fc2cc646c6a9319c8b2da14228b3ac6b76a0dd992ee5c7cee7e7986e8ab08a9d457617b74a833be81924604ec8d1c29d35b02f46926'],1,1,0.0,0.0
5e216e42-ca86-414e-9c93-72c98b14dfd4,1085,儿童VMC治疗方案,,,['ac816b54ac70f1e2697a0fc2cc646c6a9319c8b2da14228b3ac6b76a0dd992ee5c7cee7e7986e8ab08a9d457617b74a833be81924604ec8d1c29d35b02f46926'],1,1,0.0,0.0
eb49c641-a6bd-472f-9f94-a9100595d585,1086,偏头痛治疗方案,,,['ac816b54ac70f1e2697a0fc2cc646c6a9319c8b2da14228b3ac6b76a0dd992ee5c7cee7e7986e8ab08a9d457617b74a833be81924604ec8d1c29d35b02f46926'],1,1,0.0,0.0
13e3d265-b183-4619-8ee6-6541d3460a65,1087,发作性 VM,DISEASE,发作性前庭性偏头痛,['7550c181997ab8ff64b5459fa3cf8edbc6b1104394351e2f88ebd8ef645e8380153cb5f442a090028936bb1746a8218cc5368baf8600f1f910ee280c1ea68d17'],1,0,,
f4f7af9a-d129-4f39-bbd7-77a492d71c75,1088,CGRP 单克隆抗体加卡奈珠单抗,DRUG,用于治疗偏头痛的药物组合,['7550c181997ab8ff64b5459fa3cf8edbc6b1104394351e2f88ebd8ef645e8380153cb5f442a090028936bb1746a8218cc5368baf8600f1f910ee280c1ea68d17'],1,2,0.0,0.0
43e0ecd2-f4d9-43a0-8bef-098d37bc254f,1089,BTX-A,DRUG,A型肉毒毒素,['7550c181997ab8ff64b5459fa3cf8edbc6b1104394351e2f88ebd8ef645e8380153cb5f442a090028936bb1746a8218cc5368baf8600f1f910ee280c1ea68d17'],1,2,0.0,0.0
fcd3a6cd-f458-4598-a8f4-1ea9bc61c6c4,1090,正念冥想,NON_DRUG_TREATMENT,心理干预方法,['7550c181997ab8ff64b5459fa3cf8edbc6b1104394351e2f88ebd8ef645e8380153cb5f442a090028936bb1746a8218cc5368baf8600f1f910ee280c1ea68d17'],1,0,,
475a6a5a-425b-4a94-a6fc-c676f6d93ffc,1091,CVM病人工作生活受影响及焦虑抑郁症状较显著,,,['7550c181997ab8ff64b5459fa3cf8edbc6b1104394351e2f88ebd8ef645e8380153cb5f442a090028936bb1746a8218cc5368baf8600f1f910ee280c1ea68d17'],1,1,0.0,0.0
629324e2-a0b0-4ef3-94e7-2690d08eb56b,1092,偏头痛预防性药物,,,['7550c181997ab8ff64b5459fa3cf8edbc6b1104394351e2f88ebd8ef645e8380153cb5f442a090028936bb1746a8218cc5368baf8600f1f910ee280c1ea68d17'],1,9,0.0,0.0
caf4bf25-058f-4e7d-9d35-a4363ade3500,1093,急性期用药,TREATMENT_PHASE,急性期治疗药物,['f119edc2c8b95b9f7596cb0cdb8eaa905d73bda1a2507e58603533a2bf7f41e027f1ccf9a1b71934b45700f81b40456ad64e6144bb887d9b0748f4805b584c18'],1,1,0.0,0.0
ec06c047-3449-4fee-bc38-8d4372d9d56a,1094,非药物干预措施,NON_DRUG_TREATMENT,非药物治疗方法,['f119edc2c8b95b9f7596cb0cdb8eaa905d73bda1a2507e58603533a2bf7f41e027f1ccf9a1b71934b45700f81b40456ad64e6144bb887d9b0748f4805b584c18'],1,1,0.0,0.0
ba92d978-ad76-4f0c-9aaf-479d1e41f463,1095,神经内科、耳鼻喉科、疼痛科及全科医师,POPULATION,相关科室的临床医师,['f119edc2c8b95b9f7596cb0cdb8eaa905d73bda1a2507e58603533a2bf7f41e027f1ccf9a1b71934b45700f81b40456ad64e6144bb887d9b0748f4805b584c18'],1,1,0.0,0.0
595f4b2e-9814-4eb5-97c5-99fae3406ab5,1096,现有研究证据等级较低,EVIDENCE_LEVEL,现有研究证据等级较低,['f119edc2c8b95b9f7596cb0cdb8eaa905d73bda1a2507e58603533a2bf7f41e027f1ccf9a1b71934b45700f81b40456ad64e6144bb887d9b0748f4805b584c18'],1,2,0.0,0.0
bcf87c9b-5d12-4b3a-a948-80198cdade2b,1097,相关推荐强度相应受限,RECOMMENDATION_GRADE,相关推荐强度相应受限,['f119edc2c8b95b9f7596cb0cdb8eaa905d73bda1a2507e58603533a2bf7f41e027f1ccf9a1b71934b45700f81b40456ad64e6144bb887d9b0748f4805b584c18'],1,2,0.0,0.0
b6d9badc-02c9-4738-89e9-ce02713c8982,1098,中国前庭性偏头痛诊治指南,GUIDELINE,关于前庭性偏头痛诊治的指南,['79ac3037538363f6ff0b5394f184a2fc32ef3261df57c7f95f7b45ee21c9fc4abb09646a481386de5e49e03f57ca4204c7d81ac1e832818df9a966de3e83c80a'],1,2,0.0,0.0
787f6fff-b177-455c-80b7-086dc633fdfa,1099,2026,GUIDELINE_EDITION,"2026年版)<|COMPLETE|>(""entity""",['79ac3037538363f6ff0b5394f184a2fc32ef3261df57c7f95f7b45ee21c9fc4abb09646a481386de5e49e03f57ca4204c7d81ac1e832818df9a966de3e83c80a'],1,1,0.0,0.0
dfdb8631-6791-4e63-a64f-a84091e8926b,1100,2026版,GUIDELINE_EDITION,指南的版本年份,['bd0ec0cfbef4630011b2b7b7293abc2721bde66c4a92105fdc82b00221ece343a230a117c596477971c3d940d46bfa998e6612166791178e7e6e53050ff5dcfc'],1,1,0.0,0.0
df0048ab-0877-431b-96b8-ad1295707f29,1101,前庭性偏头痛诊治专家共识 (2018),GUIDELINE,关于前庭性偏头痛诊治的专家共识,['0fafd9b55eb7b58b6e2a380b575c0bec92746116b83066650a24cfb7503fcd69d88f54f0fb593b1a722d84077abfbec53717a54c0b5770687997a98ee5e08c23'],1,1,0.0,0.0
1309a2ab-0fbd-49d7-aac3-af3db267f76a,1102,2018版,GUIDELINE_EDITION,指南的版本为2018版,['0fafd9b55eb7b58b6e2a380b575c0bec92746116b83066650a24cfb7503fcd69d88f54f0fb593b1a722d84077abfbec53717a54c0b5770687997a98ee5e08c23'],1,1,0.0,0.0
99260c7f-1164-4c88-909d-8a9b7a96fb5f,1103,持续性姿势-感知性头晕,DISEASE,一种慢性功能性前庭障碍,['bfad7cb80612a979706bc5c077780f25ccccf3bf53dd263029107f1a6f54e815903ad1a1f128aadb0c9fbaf3e877cac08d057af5995c321f9ec6c6d8df22f726'],1,0,,
6905532e-765e-434b-985a-1f473442dc1a,1104,阿莫曲普坦,DRUG,曲普坦类药物,['bfad7cb80612a979706bc5c077780f25ccccf3bf53dd263029107f1a6f54e815903ad1a1f128aadb0c9fbaf3e877cac08d057af5995c321f9ec6c6d8df22f726'],1,2,0.0,0.0
b285e723-294c-4488-ba92-524c58d1814b,1105,苯二氮䓬类药物,DRUG_CLASS,一类中枢神经系统抑制剂,['bfad7cb80612a979706bc5c077780f25ccccf3bf53dd263029107f1a6f54e815903ad1a1f128aadb0c9fbaf3e877cac08d057af5995c321f9ec6c6d8df22f726'],1,0,,
008dd758-4c4a-45d5-be2a-784d75b3615e,1106,抗组胺药,DRUG_CLASS,一类用于治疗过敏反应的药物,['bfad7cb80612a979706bc5c077780f25ccccf3bf53dd263029107f1a6f54e815903ad1a1f128aadb0c9fbaf3e877cac08d057af5995c321f9ec6c6d8df22f726'],1,0,,
4237f95f-4f19-4a11-a8b8-0dcfaf5c5f37,1107,外部三叉神经刺激,NON_DRUG_TREATMENT,一种急性前庭性偏头痛的潜在救援治疗方法,['0054d8619570bb6c0efca76fc0b5d60b2020d45053f0043184d6db81d8b4175c11d3bf6bd1b762bf62da191305d36d6c9842c8a074e437af7b77352179be84b7'],1,0,,
3c75377e-f4fd-41ff-9cb5-de3c75409e2a,1108,前庭康复训练,NON_DRUG_TREATMENT,用于管理前庭性偏头痛患者的康复方法,['0054d8619570bb6c0efca76fc0b5d60b2020d45053f0043184d6db81d8b4175c11d3bf6bd1b762bf62da191305d36d6c9842c8a074e437af7b77352179be84b7'],1,0,,
10df26ed-8597-47d4-ab2f-46d45650215b,1109,益生菌疗法,NON_DRUG_TREATMENT,使用益生菌缓解前庭性偏头痛症状的方法,['0054d8619570bb6c0efca76fc0b5d60b2020d45053f0043184d6db81d8b4175c11d3bf6bd1b762bf62da191305d36d6c9842c8a074e437af7b77352179be84b7'],1,0,,
ecb522f4-88bf-4cd0-914b-07623002e8ca,1110,抗阻运动,NON_DRUG_TREATMENT,缓解前庭性偏头痛患者症状的运动疗法,['0054d8619570bb6c0efca76fc0b5d60b2020d45053f0043184d6db81d8b4175c11d3bf6bd1b762bf62da191305d36d6c9842c8a074e437af7b77352179be84b7'],1,0,,
59bee776-7295-430e-b1ce-3c1acb067a28,1111,中医辨证治疗,NON_DRUG_TREATMENT,治疗前庭性偏头痛的中医方法,['0054d8619570bb6c0efca76fc0b5d60b2020d45053f0043184d6db81d8b4175c11d3bf6bd1b762bf62da191305d36d6c9842c8a074e437af7b77352179be84b7'],1,0,,
5afdbcfb-7dbb-4f05-a1e2-961bf85f5c91,1112,疏经安神针刺法,NON_DRUG_TREATMENT,治疗前庭性偏头痛伴焦虑抑郁状态的针刺疗法,['0054d8619570bb6c0efca76fc0b5d60b2020d45053f0043184d6db81d8b4175c11d3bf6bd1b762bf62da191305d36d6c9842c8a074e437af7b77352179be84b7'],1,0,,
7c40aaa0-88c3-4e91-a4a7-f4e3c2448c11,1113,偏头痛相关眩晕,DISEASE,"
与偏头痛相关的眩晕症状",['0054d8619570bb6c0efca76fc0b5d60b2020d45053f0043184d6db81d8b4175c11d3bf6bd1b762bf62da191305d36d6c9842c8a074e437af7b77352179be84b7'],1,2,0.0,0.0
254d6d6b-d4c0-40af-bf15-d9ec712f865b,1114,前庭性偏头痛伴焦虑抑郁状态,COMORBIDITY_SCENARIO,前庭性偏头痛同时伴有焦虑和抑郁情绪,['0054d8619570bb6c0efca76fc0b5d60b2020d45053f0043184d6db81d8b4175c11d3bf6bd1b762bf62da191305d36d6c9842c8a074e437af7b77352179be84b7'],1,0,,
63cbacf7-6fe7-46bd-a4d3-df1248c9995a,1115,Β受体阻滞剂类,DRUG_CLASS,包括美托洛尔、普萘洛尔等药物,['0054d8619570bb6c0efca76fc0b5d60b2020d45053f0043184d6db81d8b4175c11d3bf6bd1b762bf62da191305d36d6c9842c8a074e437af7b77352179be84b7'],1,2,0.0,0.0
b48b45b2-b9f3-4e6b-9632-ab592c1ed76f,1116,钙通道阻滞剂类,DRUG_CLASS,包括氟桂利嗪等药物,['0054d8619570bb6c0efca76fc0b5d60b2020d45053f0043184d6db81d8b4175c11d3bf6bd1b762bf62da191305d36d6c9842c8a074e437af7b77352179be84b7'],1,1,0.0,0.0
49304880-ee8c-4a96-b46c-2bbb9d38e8d1,1117,抗癫痫药物类,DRUG_CLASS,包括托吡酯、丙戊酸钠、拉莫三嗪等药物,['0054d8619570bb6c0efca76fc0b5d60b2020d45053f0043184d6db81d8b4175c11d3bf6bd1b762bf62da191305d36d6c9842c8a074e437af7b77352179be84b7'],1,3,0.0,0.0
acc20f7e-3ef2-4d99-a861-6f01656f3948,1118,抗抑郁药物类,DRUG_CLASS,包括文拉法辛、阿米替林等药物,['0054d8619570bb6c0efca76fc0b5d60b2020d45053f0043184d6db81d8b4175c11d3bf6bd1b762bf62da191305d36d6c9842c8a074e437af7b77352179be84b7'],1,2,0.0,0.0
9e67c4ba-2695-43b2-b47e-70608d11d181,1119,血清素-去甲肾上腺素再摄取抑制剂类,DRUG_CLASS,用于预防偏头痛和前庭性偏头痛的药物类别,['0054d8619570bb6c0efca76fc0b5d60b2020d45053f0043184d6db81d8b4175c11d3bf6bd1b762bf62da191305d36d6c9842c8a074e437af7b77352179be84b7'],1,1,0.0,0.0
