id,human_readable_id,text,n_tokens,document_ids,entity_ids,relationship_ids,covariate_ids
9a6129f36306906a87d079fc2fbd2498974e992eea944bebce064d9a71db94e84e20b09cc1b45881d761988a8f418c9dd393041685c74991251361bfe1fc1f04,0,"METADATA:
{
  ""parent_headings"": [
    ""# • 指 南 •""
  ]
}

CONTENT:
# • 指 南 •",8,['CN 中国偏头痛中西医结合防治指南（2022年）_1773147421'],['906cee26-c53d-4f2c-b495-0c51f1e25c0f'],['1e62e914-9dd9-4307-923c-7f85946d5b95'],[]
0812236ab3e741b535e8a95726095637f4b13d70425cc049ed115ec0a2dfbe0c70a889686850920e6ca80d90ef5dec66ab8ce013a32ab81b6fc52eeb5541a713,1,"METADATA:
{
  ""parent_headings"": [
    ""# 中国偏头痛中西医结合防治指南（2022 年）""
  ]
}

CONTENT:
中国中西医结合学会神经科专业委员会",19,['CN 中国偏头痛中西医结合防治指南（2022年）_1773147421'],"['73434ece-dda7-45da-af27-963a33ea636e'
 'e60cf92a-7ff4-4cf3-b6bb-0438a606e1e7'
 '6b8fa4fb-e324-4153-b08b-04fa7563b2be']",,[]
d396ad18c1749b988bca89f716838ee064def48e3baf66155c6a4e509e4b83e0e0b8ee41ef6511e629b636a8f1500997f949c0d692d8fd6bf3e97d78fcad4005,2,"METADATA:
{
  ""parent_headings"": [
    ""# 1 前言""
  ]
}

CONTENT:
偏头痛是临床常见的原发性头痛，以发作性的一侧或双侧中、重度搏动样的头痛为特征，可伴有恶心呕吐、畏光怕声等症状，一般持续 $4 { \sim } 7 2 \ \mathsf { h }$ 。具有反复发作的特点，属于慢性神经血管性疾病 [1]。偏头痛属于中医学“头痛”范畴，是以患者自觉头部疼痛为特征的一种常见病证，另有“脑风”“首风”“头风”“厥头痛”之名 [2] 。

偏头痛是影响健康的十大疾病之一，也是全球疾病负担（global burden of disease，GBD）的主要原因 [3]。偏头痛虽然不是致命性疾病，但造成的失能危害，与肢体瘫痪、精神疾病和失智症相当，而且是缺血性脑卒中的潜在危险因素，可与焦虑、抑郁疾病共患。因而，偏头痛需要及时就医并得到控制。

本病多起病于儿童和青春期，中青年期达到发病高峰；患病率 $5 \% { \sim } 1 0 \%$ ，约 $60 \%$ 的患者有家族史，已发现基因突变（如 MTHFR 基因的 C677T 等）是遗传风险因素；女性多见，约为男性的 2~3 倍。GBD研究显示偏头痛患病率逐年增加，2019 年时点患病率较1990年增加了 $1 . 7 \% ^ { [ 4 ] }$ 。但临床存在就诊率不高，预防性治疗比率低和药物镇痛过量的问题，因而提高对偏头痛防治的认识非常重要。

为指导和规范偏头痛的防治，国内于 2016 年发表了《中国偏头痛防治指南》[5]，2015 年发表了包含偏头痛的《中医临床诊疗指南释义》[6]。为规范和提高中西医结合防治偏头痛的医疗行为和水平，中国中西医结合学会神经科专业委员会经多次讨论制定了偏头痛中西医结合防治指南。",841,['CN 中国偏头痛中西医结合防治指南（2022年）_1773147421'],"['c5f6d5c9-f8eb-4880-9972-3bb50f919e50'
 '76154fee-b9c6-4e79-a50a-21abd98241cd'
 '22d225b1-76ff-426f-947a-ff0ac592f5e5'
 '2204a97f-dc1e-4a8c-af51-3898e309d8b3'
 '4c35f206-cc9e-420a-8dd1-88613035a6e0'
 '4227f7dc-7197-49ce-b2d2-a0c44c014f55'
 '45690bbb-e9fc-46b4-8778-66708108dd31'
 'e7089b88-114b-4106-a9bc-1cb868d81fbd'
 'e84c83c6-54f7-4eb3-91f6-dd7846895841'
 'f0deea7e-8ded-4408-8e52-98f37958a674'
 'b03c5748-459a-4425-b705-4d7500f78713']","['fec05194-9d36-4651-a122-098a3cdde928'
 '7fc08733-6521-4b37-ad90-cde67049c657'
 '99482d7e-b368-4c48-b92d-a7bf7b5ac08d'
 'cc24df05-89c4-4e0d-8b5a-7dd0649ded41'
 '314e9682-2f87-4e86-bb89-49b55bf53006'
 'f5310001-65e2-4c06-a91c-44defde19a6b']",[]
c140c162c90939e05a299d71572861e3812da213e3ed9a7bec1a0b3e61fdb805652a228f1d034b56e7b2b615d46016055104aaf15ae6f9d922243d025c251c97,3,"METADATA:
{
  ""parent_headings"": [
    ""# 2.1 指南制定原则""
  ]
}

CONTENT:
# 2.1 指南制定原则

遵循循证医学原则，在国内外偏头痛相关指南基础上，主要参考国际头痛协会发表的 ICHD-3（International Classification of Headache Disorders，

3rd edition）[7] ，《中国偏头痛防治指南》[5] ，2018年 苏 格 兰 校 际 指 南 网 络（Scottish IntercollegiateGuidelines Network，SIGN）发表的《偏头痛的药物治疗》[8] 和《中医临床诊疗指南释义》[6]，结合中西医防治偏头痛的最新研究证据，并依据临床现状和可行性进行制定。",226,['CN 中国偏头痛中西医结合防治指南（2022年）_1773147421'],"['c5f6d5c9-f8eb-4880-9972-3bb50f919e50'
 'cb9c02fd-f3de-4b1a-bdff-69a232667e00'
 'e8d7630c-ecf2-4adb-bc0c-7707f1c3878c'
 'a3479b4d-0655-418e-ae44-02213288ffe7'
 '79f0d7ba-c348-4761-9c9c-0fb5ed82672d']","['7d3add9d-2f29-42e6-a25d-5f002737950f'
 'd9de168c-bbe2-482c-99ac-f8269676fc12'
 'b138e213-7f86-4f9b-8fd3-5311e6205837'
 '9a527093-85f7-4929-86c4-7c59c868b455']",[]
dd608c502dd3df470da4739e60c9117f368d7c09893d7a66daf0f1880135abaaab38c47cce32f1f3256155851d6c9819a7d9ace0f1afaa233d5cea0edb7666a2,4,"METADATA:
{
  ""parent_headings"": [
    ""# 2.2 指南使用者与目标人群""
  ]
}

CONTENT:
本指南供中国神经科、中医科、中西医结合科、内科、康复科等医务工作者应用。应用目标人群为中国偏头痛患者。",59,['CN 中国偏头痛中西医结合防治指南（2022年）_1773147421'],"['64cbb355-a624-4174-9c88-7efb9eef2cd1'
 '3d96cb59-0236-4102-a6cd-ce40f0854545']",['464288ca-6376-41e0-ab88-76761db2077d'],[]
fafeca9006beea150ddc26d01f7626dd73339ebc97279ba19690260ecd08486a42d840a6a7fcc10014f621a01571a10508398e798582ce8e9d8bd055332f84f9,5,"METADATA:
{
  ""parent_headings"": [
    ""# 2.3 指南制订工作组""
  ]
}

CONTENT:
本指南制订工作组由中医专家、中西医结合专家、西医专家、循证医学专家和研究生共同组成。",51,['CN 中国偏头痛中西医结合防治指南（2022年）_1773147421'],['fa89ffdb-e755-48b5-a6ca-15100aae29c1'],['9bb305f9-6df9-47b6-a8b2-b3ba667786e4'],[]
26cdfeb8b4da5f299b28b04ed70798dad94c45baa9db39d3123eafa0718a71246a0b75a0c95782b5d47518a83aafe3428efcbb87d8a5df74278212364ed15601,6,"METADATA:
{
  ""parent_headings"": [
    ""# 2.4 文献检索""
  ]
}

CONTENT:
本 指 南 系 统 检 索 PubMed/Medline、CochraneLibrary、中国生物医学文献数据库、万方数据库、中国知网和中文科技期刊全文数据库。循证医学专家进行方法学培训，包括文献检索、文献筛选、证据提取和评价。本指南治疗措施的证据等级依据当前最新研究证据，搜索及引用文献主要为截至 2021 年 12 月31日正式发表的系统评价和Meta分析。",168,['CN 中国偏头痛中西医结合防治指南（2022年）_1773147421'],"['9ddc9c47-f5d0-423b-afa4-47458a018232'
 '34863ae1-402e-4e7c-bc6d-2d91f55eb7e4'
 'a88ae7b0-806a-4916-abf4-ba59a140414f'
 '4c3aba15-4a1f-4df8-be9f-feab65ec8ea4'
 'e04ff847-74a1-44c7-9ee7-a2a832e8ca8d'
 'cf187834-7c9e-4c9c-8649-b7b4344ad3d4'
 '4021e958-27bb-4a28-8450-e99d519dc300']","['9c2c05e2-0a8f-4559-9cb1-76b0dcd36703'
 'e48d7c51-7ce3-4f37-8157-8bf6cfaee2e6'
 '2e3803fc-118f-4f27-92d7-71a23735c41b'
 '997cd733-285f-4d74-bcec-ba6c722b0e9b'
 '25280bd2-a531-4767-9347-09fe55dfc871'
 'f8995c46-9f9c-4ea4-a567-fa085b3aa5fc'
 '8082e0a6-8880-4453-a436-c8b468bcc0d1']",[]
c56c082a1d67f7a82ea50c939b5293fc77c796523b73fbda1c19edae6897f1fbb60357c03d3a6538e7734aa79ad8dcd84e0eacca00191b66600d512dfa072bbf,7,"METADATA:
{
  ""parent_headings"": [
    ""# 2.5 证据等级分级标准及推荐强度""
  ]
}

CONTENT:
遵循循证医学原则，证据等级参照证据评价 与 推 荐 意 见 分 级、 制 定 和 评 价（Grading ofRecommendations，Assessment，Development andEvaluation，GRADE）分级系统 [9] ，将证据等级划分为高、中、低和极低4个等级（见表1）。本指南研究证据为系统评价和Meta分析，将其视为最高级别证据，根据GRADE系统进一步进行证据等级划分，即根据证据中的偏倚风险、不一致性、间接性、不精确性和发表偏倚，将证据质量分为高、中、低和极低等级。

推荐强度参照目前公认和被普遍采用的GRADE中的推荐意见，分为强推荐和弱推荐 [10]（见表 2）。本指南证据推荐意见根据证据质量、价值观念与偏好、成本与资源耗费、中西医结合的现状和经验、可行性和可及性等，系统考虑干预措施的利弊平衡，并经临床专家充分讨论达成共识。

表1 GRADE证据质量分级与定义  


<!-- TABLE_METADATA: {""type"": ""table"", ""page"": 0, ""table_idx"": 0, ""caption"": ""表1 GRADE证据质量分级与定义"", ""footnote"": """", ""extracted_from"": ""mineru_api""} -->
<table><tr><td>证据质量分级</td><td>定义</td></tr><tr><td>高（A）</td><td>对观察值非常有把握：观察值接近真实值</td></tr><tr><td>中（B）</td><td>对观察值有中等把握：观察值有可能接近真实值，但亦有可能差别很大</td></tr><tr><td>低（C）</td><td>对观察值的把握有限：观察值可能与真实值有较大差别</td></tr><tr><td>极低（D）</td><td>对观察值几乎无把握：观察值与真实值可能有极大差别</td></tr></table>

表2 GRADE推荐强度分级与说明  


<!-- TABLE_METADATA: {""type"": ""table"", ""page"": 0, ""table_idx"": 1, ""caption"": ""表2 GRADE推荐强度分级与说明"", ""footnote"": """", ""extracted_from"": ""mineru_api""} -->
<table><tr><td>推荐强度分级</td><td>说明</td><td>代码</td></tr><tr><td>强推荐</td><td>明确显示干预措施利大于弊或弊大于利</td><td>1</td></tr><tr><td>弱推荐</td><td>利弊不确定或无论质量高低的证据均显示利弊相当</td><td>2</td></tr></table>",866,['CN 中国偏头痛中西医结合防治指南（2022年）_1773147421'],"['7c25e444-4557-469d-9773-1b20830eafc5'
 '07ed842d-e6cc-46ee-92cb-0c29b384b55a'
 'cd6505e4-932b-4f8b-847d-a7ff14903196'
 '79e78e9a-5954-4673-a275-d1e16ec5133c'
 '60a73060-9ddd-4068-83bd-3da506c4f1b1'
 'a4b8c992-6bd1-491d-96a6-c1c4555b294a'
 'c7623878-de80-4321-82b8-1452e2186596']","['ee3adfc4-4786-4b8f-9f1f-e21c00a70a69'
 '027178b0-633d-49b8-b90e-a7d008031ff2'
 '19c04760-3a17-4cb4-91b8-02a2ac2b7c77'
 '9b4262f4-cab2-495a-97b5-a11861767a63'
 'cc7a30ca-470f-4432-be7d-e6940ee96c54'
 'ad1b0953-4c77-4576-aace-501d40542dca']",[]
5b2b629e920eee7acb2a8b6ed13d94c3e4d8b59416c6f36d7802477626230f54f08867caab065896c2f88ed0b27e72192dcd00e91dd319384c60c93ff5dc53e0,8,"METADATA:
{
  ""parent_headings"": [
    ""# 3 中西医结合诊断""
  ]
}

CONTENT:
采用辨病与辨证相结合的诊断方式。先根据西医偏头痛的诊断标准进行辨病诊断，再运用中医学理论与方法进行中医辨证诊断。",73,['CN 中国偏头痛中西医结合防治指南（2022年）_1773147421'],"['c5f6d5c9-f8eb-4880-9972-3bb50f919e50'
 'd810c848-a342-4f80-ae9d-2b08854d2b8e']",['11dcb60e-836a-4adb-9b06-fce3d77dda54'],[]
d5e6502552bdb0a2e4c3aa1f8e6e0cf7b6e6a0e4672de5df9d2a9e108988dd21f7628cc8fc797b8f7f289582e079c2f300f313cccb53f287451424e7887d181f,9,"METADATA:
{
  ""parent_headings"": [
    ""# 3.1 辨病诊断及临床分期分型""
  ]
}

CONTENT:
偏头痛的辨病诊断需要详细的病史询问、完整的神经系统体格检查、必要的影像学及实验室检查，首先排除颅内器质性疾病。",72,['CN 中国偏头痛中西医结合防治指南（2022年）_1773147421'],"['c5f6d5c9-f8eb-4880-9972-3bb50f919e50'
 'fb9639e2-c40d-4cf9-a131-f333b4a5e3e2'
 '2fca573c-8590-4d01-990e-e33f0af14ef2']",,[]
d367f90eabc912a20127d093959a17ddc86a9a88de21f1419a4109388e57aa6cda506f9a92e29b80881246f38b934d6e4e57b35382930c0033fb9bb0245cad27,10,"METADATA:
{
  ""parent_headings"": [
    ""# 3.1.1 辨病诊断标准""
  ]
}

CONTENT:
依据 ICHD- $. 3 ^ { [ 7 ] }$ 进行诊断，将偏头痛分为：（1）无先兆偏头痛；（2）有先兆偏头痛；（3）慢性偏头痛；（4）偏头痛并发症；（5）很可能的偏头痛；（6）可能与偏头痛相关的周期综合征。本指南讨论的偏头痛是指无先兆偏头痛和有先兆偏头痛，其他偏头痛类型不在本指南讨论范围。

（1）无先兆偏头痛：其特点是反复头痛，一次发作持续 $4 { \sim } 7 2 \ \mathsf { h }$ ，典型表现为单侧、搏动性、中 -重度头痛，伴呕吐和（或）畏光畏声，日常体力活动可加剧头痛。其诊断标准： $\textcircled{1}$ 符合 $\textcircled{2} \sim \textcircled{4}$ $\textcircled{2}$ 标准的头痛至少发作 5 次。 $\textcircled{2}$ 头痛发作持续 $4 { \sim } 7 2 ~ \mathrm { h }$ （未治疗或者治疗未成功）。 $\textcircled{3}$ 至少符合下列 4 项中的 2 项：a. 单侧；b. 搏动性；c. 中 - 重度头痛；d. 日常体力活动加重头痛或因头痛而避免日常活动。 $\textcircled{4}$ 发作过程中，至少符合下列 2 项中的 1 项：a. 恶心和（或）呕吐；b. 畏光和畏声。 $\textcircled{5}$ 不能用ICHD-3中的其他诊断更好地解释。  
（2）有先兆偏头痛：其特点是反复发作，持续数分钟的单侧的逐渐出现并完全恢复的视觉、感觉或其他中枢神经系统症状，通常随之出现偏头痛和相关症状。其诊断标准： $\textcircled{1}$ 至少有 2 次发作符合 $\textcircled{2} \sim \textcircled { 3 }$ $\textcircled{2}$ 。 $\textcircled{2}$ 至少有1个可完全恢复的先兆症状：a. 视觉；b.感觉；c. 语音和（或）语言；d. 运动；e. 脑干；f. 视网膜。$\textcircled{3}$ 至少符合下列 6 项中的 3 项：a. 至少有 1 个先兆持

续超过 5 min；b.2 个或更多的症状连续发生；c. 每个独立先兆症状持续 $5 \mathrm { { \sim } 6 0 \ m i n }$ ；d. 至少有一个先兆是单侧的；e. 至少有一个先兆是阳性的；f. 与先兆伴发或先兆出现 $6 0 ~ \mathsf { m i n }$ 内出现头痛。 $\textcircled{4}$ 不能用 ICHD-3中的其他诊断更好地解释。",995,['CN 中国偏头痛中西医结合防治指南（2022年）_1773147421'],"['c5f6d5c9-f8eb-4880-9972-3bb50f919e50'
 '786aee20-368c-47af-a372-405ce47433b1'
 'c514bd28-682f-421b-adfe-90a509606492'
 'ee08258f-7327-46f1-9459-c1bbd95e644d'
 '92eb3879-a265-402c-97b9-0b5fd6d7060c'
 '621bab2d-b669-41d3-a004-864dd404842c']","['6cfcca66-5973-4cc3-86ac-01c95897b495'
 'afe163ec-ae90-477f-89d2-af6a807910fc'
 'b7913743-28ae-4ec2-bad5-0336edd00995'
 'a4481e60-a7bb-4c40-904d-29c0360f8ab3'
 '1dffe345-d9ad-434d-a03b-ccb245a8de58']",[]
8e89504c56712d7e6317736021612ef16ebddf16c46e654d54035c555b49620dfe19a8c613ebbd5416f9b95ce048c5e338d85bd7535a5d4c23921bf1ae047a96,11,"METADATA:
{
  ""parent_headings"": [
    ""# 3.1.2 临床分期""
  ]
}

CONTENT:
偏头痛临床分为急性发作期和缓解期。急性发作期持续 4~72 h，急性发作期后是头痛缓解期，缓解期可为数天至数年。",68,['CN 中国偏头痛中西医结合防治指南（2022年）_1773147421'],"['c5f6d5c9-f8eb-4880-9972-3bb50f919e50'
 'a95a939f-c89c-4c8e-bf07-18530a1fd66c'
 '0017ab60-94bd-49db-a135-a5169a3ee775']","['4658debd-80e9-4d1c-91e8-23bab5a0185a'
 'd13a3c52-6ae5-456d-bfcd-a0165efa50ba']",[]
218229e8c2d07caa2f532278c3b7a95cedfb648fd6381b64666c9fb48882dfc3f5dff5605eb274923c913f9f94bbb3751c14fdf2e2f777cb9346cc2f967e45f8,12,"METADATA:
{
  ""parent_headings"": [
    ""# 3.1.3 头痛严重程度分级""
  ]
}

CONTENT:
分为无、轻度、中度和重度疼痛 [7] 。头痛严重程度评估常用视觉模拟评分法（Visual Analogue Scale/Score，VAS），即：无头痛：（VAS， $0 { \sim } 4 ~ \mathsf { m m }$ ）；轻度疼痛：不干扰日常活动（VAS， $5 { \sim } 4 4 ~ \mathsf { m m }$ ）；中度疼痛：抑制但不完全阻止日常活动（VAS， $4 5 { \sim } 7 5 ~ \mathsf { m m }$ ）；重度疼痛：妨碍所有活动（VAS， $7 5 { \sim } 1 0 0 ~ \mathrm { m m }$ ）。",225,['CN 中国偏头痛中西医结合防治指南（2022年）_1773147421'],"['11b300a0-bc80-4c38-b220-272bab12b974'
 '54272b7c-aea2-400c-b59f-1c742fc80c62']",['786c25f4-c1c2-4d61-b957-25037641ea31'],[]
2613bb946cabff0fdc6100d8dfacc5639d043567be0e075dc968299ee66a1407c032fd9c338aa8f22ea99a4ce603aab1b6438e494b69c0a7a9949a2fa2a17d04,13,"METADATA:
{
  ""parent_headings"": [
    ""# 3.2 辨证诊断""
  ]
}

CONTENT:
参考《中医临床诊疗指南释义》[6]《中医内科学》[2]《实用中西医结合神经病学》[11] ，并根据治疗偏头痛有效方药的临床研究确定常见证型为风瘀阻络证、肝阳上亢证、风痰上扰证及瘀血阻络证。临床上，也会出现常见证型的兼证。

（1）风瘀阻络证：多由感受风邪而诱发，表现为突发头痛，程度较剧，呈跳痛或掣痛；多位于前额、颞部，或双侧交替性疼痛；舌质暗淡或暗红，舌苔薄白，脉弦或紧。  
（2）肝阳上亢证：常因情志过激、劳累过度等诱发；可先有暗点、闪光等先兆，继而出现剧烈头痛，呈跳痛或胀痛，头痛部位多一侧尤甚，面红目赤，眼目抽痛，心烦易怒，夜眠不宁；或伴有恶心、呕吐；舌质红，苔薄黄或少苔，脉弦或弦数。  
（3）风痰上扰证：常因情志不遂，劳逸过度或饮食不节等诱发，表现为突发头痛，程度较剧，呈昏痛或胀痛，头重如裹，多为两侧，胸脘满闷，或伴有恶心，呕吐痰涎；舌质淡红，或舌胖大，舌苔白腻或黄腻，脉弦或滑。  
（4）瘀血阻络证：多为病程日久、头痛反复、经久不愈者。头痛如锥刺，程度较剧，固定不移，入夜尤甚，可一侧或两侧颞部疼痛，患者面色晦滞，妇女行经色暗或夹血块，舌质紫暗或见瘀斑，脉细或涩。",725,['CN 中国偏头痛中西医结合防治指南（2022年）_1773147421'],"['c5f6d5c9-f8eb-4880-9972-3bb50f919e50'
 'b013476f-3f2f-4da5-99d7-c1e60641e39f'
 '75416866-d0bd-428f-81e0-d64b0c02b18f'
 '640b7b50-d081-4285-86e6-2a88b9702c3b'
 '0555d280-5b07-4e81-91a9-533bc2f88406'
 'bb64ac9f-5dd3-4e7e-b966-884329f07f57'
 '42f96ad4-233b-43f6-bb9c-5b0263754fe3']","['d85f89c9-deae-47d6-bf1c-86c4e9eb6522'
 '1977cda9-d2e8-4ac3-b014-43f7e33cbbcd'
 '2a3242b0-f055-47fc-98aa-165c810fa494'
 '48b56ec6-b9ed-4def-8620-04b2b4f797c4']",[]
a458294f42bdaaae8a5136abe6b357403f239d96f1f8a9aaaa4098fa742c440394e325865db4db764526df44663b359523ca447f41647f170f492cd9550a6127,14,"METADATA:
{
  ""parent_headings"": [
    ""# 4 中西医结合防治""
  ]
}

CONTENT:
偏头痛的防治目的是终止或减轻头痛，缓解伴发症状，预防头痛发作。中西医结合防治包含健康宣教、中医和中西医结合治疗、西医治疗、心理和行为治疗。

治疗分为急性期治疗和预防性治疗，通常需要急性期治疗和预防性治疗相结合。",149,['CN 中国偏头痛中西医结合防治指南（2022年）_1773147421'],"['6b8fa4fb-e324-4153-b08b-04fa7563b2be'
 'c5f6d5c9-f8eb-4880-9972-3bb50f919e50'
 '8867eaba-c420-4807-a9b8-1b2f94fd7bb2'
 '2d369837-9fd2-4cd4-bc6e-c6ec00c7de94']","['b2480d0d-98d2-48d7-ba8c-c5dac6f96f67'
 'dad8240d-6e83-44cb-a056-3751f14be505']",[]
243baadc036ebd5c237eb0fc8241cb85f5b20d68bdda0f7f7f1c266ecb583f406c167720b89ec53cdd252c4f90aafd0e5cce5df8fd41f68617eb126dffe12341,15,"METADATA:
{
  ""parent_headings"": [
    ""# 4.1.1 预防性治疗的目的""
  ]
}

CONTENT:
# 4.1.1 预防性治疗的目的

降低发作频率、减轻发作程度、减少失能、提高急性发作期的治疗效果[12] 。",64,['CN 中国偏头痛中西医结合防治指南（2022年）_1773147421'],"['2d369837-9fd2-4cd4-bc6e-c6ec00c7de94'
 '5630cca8-c579-4307-beb1-ab34b1d8181b'
 '893bcb38-027f-4958-b493-8f1946b91936'
 '949d11b2-c55b-4887-adf2-d14382d74a07'
 '97db01a7-25f0-46af-9d11-4c36c5ee9006']","['11f6e817-c607-4572-8bcf-8e2032620706'
 'c5db2664-0a25-4270-9913-2d065cae00e8'
 'c323fec0-84f1-4beb-a4fd-97dee3c301e0'
 'e865c54a-5745-4233-93a4-5c4886487de7']",[]
ea11ee96d3f2af771dfccd60c6353ed3c6d19ec37a683206c7b6ec35c911aaccf0e3d24e9f5b9f8d9b79b5f8c9bf6996aef32803f67d953fa9b2cab9c1c2e149,16,"METADATA:
{
  ""parent_headings"": [
    ""# 4.1.2 预防性治疗的有效性判定""
  ]
}

CONTENT:
有效指标包括偏头痛发作频率、头痛持续时间、头痛程度、头痛的功能损害程度以及急性发作期对治疗的反应。在临床试验中，通常偏头痛严重程度和（或）频率降低 $3 0 \% { \sim } 5 0 \%$ 判定为有效。",115,['CN 中国偏头痛中西医结合防治指南（2022年）_1773147421'],"['c5f6d5c9-f8eb-4880-9972-3bb50f919e50'
 '2d369837-9fd2-4cd4-bc6e-c6ec00c7de94']",['500bb295-ff5a-4026-975e-57da7b56fb21'],[]
385f64f1d30ad793629774f67d67cb267548315f3c95c2a9d847a3e7ce87713464fdc490766f3f416a1a499d74df1fef5e81c0ee8a9d54d9ce1c8333c14738ba,17,"METADATA:
{
  ""parent_headings"": [
    ""# 4.1.3 预防性治疗的指征""
  ]
}

CONTENT:
存在以下情况应考虑预防性治疗：（1）患者的生活质量、工作和学业严重受损（需根据患者本人判断）；（2）每月发作频率 2 次以上；（3）急性期药物治疗无效或患者无法耐受；（4）存在频繁、长时间或令患者极度不适的先兆，或为偏头痛性脑梗死、偏瘫性偏头痛、伴有脑干先兆偏头痛等；（5）连续 2个月，每月使用急性期治疗 6~8 次以上；（6）偏头痛发作持续 72 h 以上等 [13] 。",237,['CN 中国偏头痛中西医结合防治指南（2022年）_1773147421'],"['2d369837-9fd2-4cd4-bc6e-c6ec00c7de94'
 '9fce3bdb-2664-44e9-93aa-4ecd2bcd6b48'
 'a862d62b-dc62-470c-b4ef-735109c61e30'
 '7e9f3318-9e11-44ce-a810-19bbba14c4c9']","['76f05288-9298-4aad-bbcb-cdab3998430d'
 '2405ce3e-5fc6-40d0-bbff-e907932dbd31'
 'fc10ec56-f497-4f40-8920-44d7d4c8720b'
 'e705416d-d5a4-4fb2-8b63-79f0e7ed149f']",[]
5257bc5aeadc011a5763e61ee07795768e01f63717209911c4c72123b1fbf5ce87dcfc3e1c9ce6d216a2937a8980d7fef0635b203fb0af5eb60a000b79d8eb41,18,"METADATA:
{
  ""parent_headings"": [
    ""# 4.1.4.1 中药和中西医结合治疗""
  ]
}

CONTENT:
# 4.1.4.1 中药和中西医结合治疗

主要参考《中医临床诊疗指南释义》[6]《中医内科学》[2] 和《实用中西医结合神经病学》[11] 以及已发表的系统评价和 Meta 分析。鉴于已有文献中偏头痛的临床研究多是辨病治疗，本指南中的辨证论治方药根据方药的功效归类于相应的证型下，便于读者参考采用。

（1）风瘀阻络证，治法：疏风散邪、活血止痛。

$\textcircled{1}$ 推荐意见 1：川芎茶调散，每日 1 剂，分、早晚2次口服。（1B）

证据描述：Meta 分析（36 项 RCT，3 309 例）[13]显 示 川 芎 茶 调 散 单 用（OR 4.31， $9 5 \%$ CI：$3 . 3 4 { \sim } 5 . 5 6 $ ）] 或 联 合 西 药（OR 4.30， $9 5 \% ~ C I$ ：$3 . 0 9 \mathrm { \sim } 6 . 0 0$ ）] 总有效率优于西药组，能减少头痛发作次数，降低头痛VAS评分，缩短头痛持续时间。

$\textcircled{2}$ 推荐意见 2：散偏汤，每日 1 剂，分早晚 2 次口服。（1B）

证据描述：Meta 分析（10 项 RCT，776 例）[14]显示，散偏汤治疗偏头痛的疗效优于西药（氟桂利嗪为主），能缓解疼痛及降低疼痛积分（RR 1.23，$9 5 \% C I$ ：1.14~1.31），且安全性较好。

$\textcircled{3}$ 推荐意见3：都梁软胶囊，每日3次，每次3粒，口服。（1B）

证据描述：Meta 分析 [15] 显示都梁软胶囊联合西药（8 项 RCT，656 例）治疗偏头痛的总有效率优于西药（RR 1.20， $9 5 \% C I$ ：1.13~1.28），单用都梁软胶囊（4项RCT，492例）的有效率优于氟桂利嗪（RR1.13， $9 5 \% C I$ ：1.02~1.25），安全性较高。

$\textcircled{4}$ 推荐意见 4：正天丸，每日 3 次，每次 6 g，口服。（1B）

证据描述：系统评价（15 项 RCT，956 例）[16]显示正天丸联合尼莫地平的总有效率（RR 1.44，$9 5 \%$ $9 5 \%  C I ; 1 . 2 { \sim } 1 . 7 4$ ）或联合氟桂利嗪的总有效率（RR1.21， $9 5 \%$ CI： $1 . 0 8 { \sim } 1 . 3 5$ ）均优于对照组；正天丸的总有效率优于模拟剂（RR 2.5， $9 5 \%$ CI：1.83~3.41），并在偏头痛持续时间、发作次数、发作程度、改善伴随症状方面优于对照组。

$\textcircled{5}$ 推荐意见5 ：通天口服液，每日3次，每次10 mL，口服。（1B）

证据描述：Meta 分析（14 项 RCT，1 215 例）[17]显示通天口服液单用（OR 1.53，95%CI：1.14~2.04）或联合钙拮抗剂（OR 3.67， $9 5 \% C I$ ：2.03~6.64）治疗偏头痛的显效率高于单用钙拮抗剂，且未增加不良反应。

$\textcircled{6}$ 推荐意见 6：川芎清脑颗粒，每日 3 次，每次$5 \mathord { \sim } 1 0 ~ 9$ ，口服。（1B）

证据描述：Meta 分析（11 项 RCT，883 例）[18]显示川芎清脑颗粒联合氟桂利嗪治疗偏头痛的有效率优于氟桂利嗪（RR 1.20， $9 5 \% C I$ ：1.13~1.28），可降低头痛 VAS评分，未增加不良反应发生率。

（2）肝阳上亢证，治法：平肝息风，活血止痛。

$\textcircled{1}$ 推荐意见 7：天麻钩藤饮，每日 1 剂，分早晚2次口服。（1B）

证据描述：Meta 分析（10 项 RCT，900 例）[19]显示天麻钩藤饮治疗偏头痛的总有效率较对照组（钙通道阻滞剂）增加 $31 \%$ （RR 1.31， $9 5 \%$ CI：$1 . 2 2 { \sim } 1 . 4 0$ ）。另一项 Meta 分析（12 项 RCT，1 373例）[20] 显示天麻钩藤饮或其加减方单用或联合西药治疗肝阳上亢型偏头痛的总有效率优于西药对照组（OR 4. 23， $9 5 \%$ CI：3.04~5.87）。

$\textcircled{2}$ 推荐意见8：天舒胶囊，每日 3次，每次4粒，口服。（1B）

证据描述：系统评价（20 项 RCT，1 807 例）[21]显示天舒胶囊（单用或联合氟桂利嗪）治疗偏头痛的有效率优于对照组（OR 3.60， $9 5 \%$ CI：2.65~4.90），并减少头痛持续时间和发作频率。Meta 分析（13 项 RCT，1 073 例）[22] 显示天舒胶囊联合氟桂

利嗪治疗偏头痛的总有效率优于氟桂利嗪（OR 3.52，$9 5 \%$ CI：2.51~4.95）。

$\textcircled{3}$ 推荐意见 9：养血清脑颗粒，每日 3 次，每次${ 4 \ L 9 }$ ，口服。（1B）  
证据描述：系统评价（23 项 RCT，2 308 例）[23]显示，养血清脑颗粒联合钙通道阻滞剂治疗偏头痛的有效率优于钙通道阻滞剂（RR 1.24， $9 5 \% C I$ ：1.17~1.32）。并降低头痛频率和程度、减少头痛持续时间。  
$\textcircled{4}$ 推荐意见 10：丹珍头痛胶囊，每日 3 次，每次3粒，口服。（2C）

证据描述：Meta 分析 [24] （9 项 RCT，891 例）显示丹珍头痛胶囊（单用或联合西药）治疗偏头痛的总有效率优于西药对照组（RR 1.26， $9 5 \% C I$ ：$1 . 1 9 { \sim } 1 . 3 5$ ），未见明显不良反应。

（3）风痰上扰证，治法：化痰息风，通络止痛。

$\textcircled{1}$ 推荐意见11：头痛宁胶囊，每日3次，每次3粒，口服。（1B）

证据描述：Meta 分析（16 项 RCT，2 228 例）[25]显示头痛宁胶囊治疗偏头痛的有效率优于对照组（OR 3.29， $9 5 \%$ CI：2.56~4.24），不良反应发生率较低。",2432,['CN 中国偏头痛中西医结合防治指南（2022年）_1773147421'],"['c5f6d5c9-f8eb-4880-9972-3bb50f919e50'
 'b013476f-3f2f-4da5-99d7-c1e60641e39f'
 '75416866-d0bd-428f-81e0-d64b0c02b18f'
 '640b7b50-d081-4285-86e6-2a88b9702c3b'
 '51220a86-643a-41fc-9c99-dd9d5738aef9'
 'bb234a78-18fc-437c-884d-28b188c19f51'
 '521366c5-e60a-458b-84c0-5ab0bbafacf6'
 'b58b53ec-efbf-400d-a9cf-40be42cd8ff5'
 'c51441f3-b70a-4138-ac6e-9cedcd5e932c'
 'cfefda4e-ec98-4cb6-9d6c-dd99fcf8a9d7'
 '56211c58-f8e2-46d6-87dc-4a58f9a33534'
 '33c452b8-37f7-4d54-bd00-23d0a94e2aa8'
 '9890419a-57c6-4a97-830e-09c74644b912'
 '04669e07-aea5-4414-9fb9-9534735550f1'
 'b69cef27-ffa9-443f-a355-765a26f65d6b'
 '4fc10393-1411-4450-894c-462db370c0da'
 'e6314bf0-694d-4303-ab92-6784d63173eb'
 'fbc1ae79-ec10-4ac1-acd4-65fc60d13a32']","['ec553551-730f-4770-b9b0-cdd5d2c97ba3'
 '82a5df8f-64f5-47ce-a1cd-85a993cd7436'
 '7d112779-aef6-4c01-9dd7-1e8c603cebf4'
 '778e399c-6aa8-4d18-ba5c-00b16ef99959'
 '6cbc8de2-5ef4-4ef4-8637-94c508b53d03'
 '916c5348-6ea2-46d7-ae16-fbff974d1cb5'
 'd46b4f20-98bd-4712-91e9-8d5832a3fc4a'
 '723fe3f5-0089-4b5a-868d-c12968afbcde'
 '7d1bfc46-e948-49ba-b4a7-9a31dd11e78f'
 '0d3978eb-237f-4683-be9f-85084b26b90a'
 '724033c5-8894-4e4c-ba64-e12c694cf14a'
 'd7acce4f-f299-43ff-8648-969f806d0b3b'
 '0d15f400-3f1e-4a4e-94c0-ae9f5e624b12'
 'c4b34544-4a15-4163-8ffa-52afb67dc06b'
 '2f73123f-512f-4bcb-a3ad-6d6c578ac3a8'
 '554df339-beb6-455c-9254-ca20e4034f88'
 'd4a94796-37d4-4ab3-b0f7-9a123917af15'
 'a935c501-dc7c-4ab9-a43e-c6c72d3242c4'
 'bcba502d-40b3-4b09-aaf3-fc6c1ebfed8f'
 'bc7818bd-cf24-4009-951f-2fac729affd0'
 '8a2779dc-69ef-428e-a2a4-0672c6a4f03d'
 '038c4252-31f4-4e6e-8b77-3ccc8148212c']",[]
de94d2a51c5eabe241bc242da808e240a27bbb801f7ba6cbc0ddb22bddc136d98d6c1c0bb0d8d0f35ebecf1b00dedbf27113516bc4857e793c2c5ad3ad6d3e39,19,"METADATA:
{
  ""parent_headings"": [
    ""# 4.1.4.1 中药和中西医结合治疗""
  ]
}

CONTENT:
（4）瘀血阻络证，治法：活血化瘀、通络止痛。

$\textcircled{1}$ 推荐意见 12：通窍活血汤，每日 1 剂，分早、晚2 次口服。（2C）  
证据描述：系统评价（15 项 RCT，1 367 例）[26]显示通窍活血汤缓解头痛的疗效优于西药（RR 1.36，$9 5 \% C I$ ：1.28~1.43），且不良反应少。  
$\textcircled{2}$ 推荐意见13：血府逐瘀汤，每日 1 剂，分早晚2次口服。（2C）

证据描述：Meta 分析（12 项 RCT，573 例）[27]显示血府逐瘀汤治疗偏头痛的总体疗效（OR 4.54，$9 5 \%$ CI： $3 . 0 6 { \sim } 6 . 7 3$ ） 及 治 愈 率（OR 2. 96， $9 5 \%$ $\gimel I : 2 . 1 8 { \sim } 4 . 0 1$ ）均优于西药。

$\textcircled{3}$ 推荐意见14：通心络胶囊，每日3次，每次3粒，口服。（1B）

证据描述：Meta 分析（10 项 RCT，770 例）[28]显示通心络胶囊或联合氟桂利嗪治疗偏头痛的有效率优于单用氟桂利嗪（RR 1.18， $9 5 \% C I$ ：1.05~1.33），能减少发作次数，缩短头痛持续时间。",510,['CN 中国偏头痛中西医结合防治指南（2022年）_1773147421'],"['c5f6d5c9-f8eb-4880-9972-3bb50f919e50'
 '0555d280-5b07-4e81-91a9-533bc2f88406'
 '4fc10393-1411-4450-894c-462db370c0da'
 'e6314bf0-694d-4303-ab92-6784d63173eb'
 'fbc1ae79-ec10-4ac1-acd4-65fc60d13a32'
 '92afd0c7-10b4-4eba-a112-2a2e2ce901a9'
 'db803de5-4a85-4b7c-b757-2dc42c56bb9a'
 '529608a4-820f-4185-b7b6-b77cfeba85f8'
 'bc837053-52fd-4f31-957c-524663285995'
 '82708a4b-71a9-444e-a589-623ed4763f22'
 '218480eb-7ee3-4c94-a8fa-36f5886beb36'
 '2498f2d4-eb6a-4059-8369-6addc01a8509'
 '4da46a40-8cd8-4e68-9f86-fcb80371df21']","['0f719d26-daf4-4560-b930-5b0baf34c109'
 '442b9712-2e15-4234-b343-6453a45825dd'
 'ef825c14-ca20-4b65-baf7-a21ef6b94fb8'
 '2ae4127e-8f90-42f7-8a3d-51f9d1ff9013'
 'e3b43368-76fe-4fef-bb90-353fbb3dbf3e'
 '0f54c753-0a57-4680-bfa6-5ce26eb50344'
 '4ad02db9-d24e-4e0a-accb-11d3ae00f84c'
 '8c1ae514-0cc6-43b9-8b05-a0aec2fd37d8'
 '72ed9242-3498-470a-bef2-63ee9130c35f'
 '82e5b73c-37f3-490b-afed-ea2716315f3e'
 'cf0efd70-e7e8-492c-89c4-78a2ce7d4e03']",[]
64945696a7fffc382fa7cfb6d56869218481a2a35824ffbdf7c52cd55bbc1fcaeb35302134d989f6b3a3fa956d8b8d3baebaace270fff9c9a5557ceb1e97b709,20,"METADATA:
{
  ""parent_headings"": [
    ""# 4.1.4.2 针灸治疗""
  ]
}

CONTENT:
推荐意见15：针灸治疗，缓解期每1~2 日针刺1次，急性发作期间每日针刺1~2 次。（2C）

证据描述：Meta 分析（62 项 RCT，4 947 例）[29]显示针刺治疗偏头痛 1 个月降低 VAS 评分优于假针

刺（MD -1.56， $9 5 \% C I$ ：-2.21~-0.92）和药物组（MD-1.22， $9 5 \% C I$ ：-1.57~-0.87）。但不同的 Meta 分析对针灸治疗偏头痛的疗效评价结果稍有不同。",206,['CN 中国偏头痛中西医结合防治指南（2022年）_1773147421'],"['c5f6d5c9-f8eb-4880-9972-3bb50f919e50'
 'a95a939f-c89c-4c8e-bf07-18530a1fd66c'
 '0017ab60-94bd-49db-a135-a5169a3ee775'
 'e6314bf0-694d-4303-ab92-6784d63173eb'
 '8b0a0624-8a9e-4bee-8b84-fe837d7575d8'
 '3506b4bf-2f99-4e9f-9e13-0ba17774e337']","['1919ad70-4c30-4397-8910-4bedfea009a7'
 '96032d52-887e-4e41-9576-09be0ee2b7d1'
 '6b85d775-48f6-4aac-bc5d-23fbbd7035a4'
 '942cbf76-7406-45ba-ac3a-03cf516cc6e5']",[]
70bf9f2937b8e84f2405d2009afb5da01007649b583e9abbc237dc57c9c01be44a6842360e0d4c40e8e146de92db7d1d2bfbf179d856403f47423ee2b92b6b58,21,"METADATA:
{
  ""parent_headings"": [
    ""# 4.1.5.1 西药治疗""
  ]
}

CONTENT:
# 4.1.5.1 西药治疗",17,['CN 中国偏头痛中西医结合防治指南（2022年）_1773147421'],['a80e3149-71f1-4bd6-ae30-70e8d51267fc'],['7311fb5f-4706-42c5-a99c-cd9b9263c5a1'],[]
25d7bc650344523cefcd81f736ee1cd038301dcfbc36aef334e74d4252cc55238d130d733c5fc85b61305d8099a447ce55a9cdaf031eb6825f17f417254cf314,22,"METADATA:
{
  ""parent_headings"": [
    ""# （1）β 受体阻滞剂""
  ]
}

CONTENT:
推荐意见 16：普 萘 洛 尔 $4 0 { \sim } 1 6 0 ~ \mathrm { m g / d }$ ，口服（1A）。美托洛尔 $5 0 { \sim } 1 0 0 ~ \mathrm { m g / d }$ ，口服（1A）。阿替洛尔 $5 0 { \sim } 1 0 0 \ \mathrm { m g / d }$ ，口服。（1A）

证 据 描 述：普 萘 洛 尔（ $8 0 { \sim } 1 6 0 ~ \mathrm { m g / d }$ ） 在 降低 $50 \%$ 偏头痛发生频率方面优于安慰剂（RR 1.4，$9 5 \% C I$ ：1.1~1.7），同样有效的 $\beta$ 受体阻滞剂还包括了阿替洛尔（RR 1.8， $9 5 \%$ CI： $1 . 0 { \sim } 3 . 2$ ）和美托洛尔（RR 1.9， $9 5 \% C I$ ： $1 . 3 { \sim } 2 . 8$ ）[30] 。不良反应多见眩晕和疲劳，但有心脏抑制、减慢心率等作用；伴有心力衰竭及支气管哮喘等患者禁用。",395,['CN 中国偏头痛中西医结合防治指南（2022年）_1773147421'],"['c5f6d5c9-f8eb-4880-9972-3bb50f919e50'
 '2d369837-9fd2-4cd4-bc6e-c6ec00c7de94'
 '205033e7-ce21-4198-898a-f0b7413c4cde'
 'cd70c412-3d4d-4191-9ae7-d932e0a6a20a'
 '6a99b9a3-3396-4137-bfaf-fb0580b64626'
 '14ba2b08-777f-481a-90a4-26a983a7faf2'
 'e5ec202d-8d66-43bf-9646-5ae114f6c81f'
 'e4d71dfa-2114-4388-a834-b2c778e8812c'
 'ecdc19db-79d7-4ee9-9dfd-3ebd69c7a757'
 'ed8c8510-c6da-4517-9d11-18ebbfd47098']","['f098ba0e-26aa-41d8-986b-8deb60b36f50'
 '77065ec5-a9ab-4335-92eb-be428bf414ee'
 'fb87182f-c67f-4679-9d19-e2eb6a0d8c78'
 '2c229ee4-ca44-4f2c-bf6d-78a430cd64d1'
 '3a3bde8a-ac07-4eae-9701-8ab0065502cd'
 'd1c76f44-e7d5-4754-b9dd-c3c2194a2a85'
 'dd00c52f-8abd-411c-bb92-89b6cf9b2bca'
 '1b95a696-6a7d-4619-9b88-e7ed94248884'
 'a000b74a-7d23-416b-8c8a-772b5f11a6d2'
 'a93650c4-cbdf-433e-8ae1-5914eb29b040'
 '4e655cd5-c712-469b-8e8f-8957d39cb52b'
 '3b73bb3a-862d-4794-b148-991a054efa45'
 'a81e43e6-46d7-473a-81ff-031b75aebe04'
 'ab9ad609-8f91-4a71-9210-f1f71571d9d2'
 '91b905fd-1b9a-40db-acc0-fcbee4bc4d23'
 '4676a6aa-5fd7-428d-9f85-6417e24dd489'
 '8bb02881-21ca-48cd-ae91-c460a65e13df']",[]
916df53df347ea8d591a39d75bfe49c9daf343e44bd0f7fcd5a3e80616d29787d6d759260a78c8010be13389ce5c71c5a7b649f82b1a94b798dfd0b9138a5bd1,23,"METADATA:
{
  ""parent_headings"": [
    ""# （2）钙通道阻滞剂""
  ]
}

CONTENT:
推荐意见17：氟桂利嗪 $5 { \sim } 1 0 \ \mathrm { m g / d }$ ，口服。（1B）

证据描述：Meta 分析（5 项 RCT，249 例）[31]显示氟桂利嗪 $1 0 ~ \mathsf { m g }$ 可减少头痛发作（MD 20.4，$9 5 \% C I$ ：-0.61~-0.26）。不良反应有镇静和增加体重，另有锥体外系和抑郁不良反应。其他钙通道阻滞剂的疗效尚不确定。",177,['CN 中国偏头痛中西医结合防治指南（2022年）_1773147421'],"['2d369837-9fd2-4cd4-bc6e-c6ec00c7de94'
 '4fc10393-1411-4450-894c-462db370c0da'
 'bc837053-52fd-4f31-957c-524663285995'
 '98f42b83-d169-4988-a5ec-f06708da8bdf'
 '2e07fc1e-89bd-4d62-9578-13569899c43f']","['3fa2f035-1f48-416b-8146-747985a00c0c'
 'f4f77c58-8e08-4f66-aa35-1e854c577449'
 '4f2064ba-494a-4cec-9674-59ee8595c883']",[]
429966d7586504f7a7c9894895d9865d20e58205e7251828ad0a425146fa7accab518524fd8e4f6f53daa7aa3308faec07f595c3731f2b72da760b733eb1beed,24,"METADATA:
{
  ""parent_headings"": [
    ""# （3）血管紧张素受体拮抗剂""
  ]
}

CONTENT:
推荐意见18：坎地沙坦 $1 6 \mathrm { \ m g / d }$ ，口服。（1A）

证据描述：坎地沙坦预防偏头痛有效[32]，能降低发作频率 $50 \%$ 以上； $1 6 ~ \mathsf { m g }$ 坎地沙坦与 $1 6 0 ~ \mathsf { m g }$ 普萘洛尔疗效相似。Meta 分析（11 项 RCT，940 例）[33]显示坎地沙坦预防偏头痛的有效率优于对照组（主要为氟桂利嗪，OR 3.17， $9 5 \% C I$ ：2.06~4.87）。不良反应包括头晕、疲劳和感觉异常。",231,['CN 中国偏头痛中西医结合防治指南（2022年）_1773147421'],"['c5f6d5c9-f8eb-4880-9972-3bb50f919e50'
 '2d369837-9fd2-4cd4-bc6e-c6ec00c7de94'
 'bc837053-52fd-4f31-957c-524663285995'
 '205033e7-ce21-4198-898a-f0b7413c4cde'
 'e5ec202d-8d66-43bf-9646-5ae114f6c81f'
 'f1eb9799-f1a6-48ad-ac82-8c60f17c3892'
 '9cc9bdfe-3c49-4ecc-b77c-0effabf8f10a']","['d824c42f-d373-4a5b-a848-4d1188f1a5d8'
 '9db72741-d219-4933-bce0-cce0092bab46'
 'ce7e4677-0874-4f4b-9849-e4fe08f02351'
 'ee0d34e1-8c5f-4eaf-bfa0-5a9bf348e129']",[]
cd9892f54ec3f204606907de9815a200574050279a304a29530b76950c98ba021f2a39bfbdf0ea7298fe624744e27a5ae2525305555e24065cf96aa150a9c5f7,25,"METADATA:
{
  ""parent_headings"": [
    ""# （4）抗癫痫药物""
  ]
}

CONTENT:
$\textcircled{1}$ 推荐意见 19：托吡酯 $2 5 { \sim } 1 0 0 \mathrm { m g / d }$ ，口服。（1A）  
证据描述：不同剂量托吡酯 [50 mg（OR 2.63，$9 5 \% C I$ ：0.22~30.93），100 mg（OR 3.27， $9 5 \% C I$ ：1.72~6.23），200 mg（OR 2.35，95%CI：1.33~4.18）]预防偏头痛均有效，综合效应值为 2.70（ $9 5 \% C I$ ：$1 . 9 7 { \sim } 3 . 6 9$ ）[34] 。托吡酯 $1 0 0 ~ \mathsf { m g }$ 和 $2 0 0 ~ \mathsf { m g }$ 的效果优于 $5 0 ~ \mathsf { m g }$ ，但不良事件发生率增高。常见不良反应包括恶心、感觉异常、厌食和体重减轻，另外有认知不良、抑郁症，孕期和哺乳期服用有致婴儿口腔发育异常风险 [35] 。  
$\textcircled{2}$ 推荐意见 20：丙戊酸钠 $4 0 0 { \sim } 1 ~ 0 0 0 ~ \mathrm { m g / d }$ ，口服。（1B）

证据描述：Meta 分析（7 项 RCT，782 例）[36]显示丙戊酸钠预防偏头痛的有效率优于安慰剂（OR4.02， $9 5 \%$ $9 5 \%  C I \colon 2 . 1 7 { \sim } 7 . 4 4 $ ），和其他治疗药物（包括托吡酯、左乙拉西坦）相比疗效差异无统计学意义。不良反应轻微但常见，包括疲劳、头晕、震颤和体重增加，孕妇服用有胎儿致畸风险[37，38] 。

$\textcircled{3}$ 推荐意见 21：左乙拉西坦 $5 0 0 { \sim } 1 ~ 0 0 0 ~ \mathrm { m g / d }$ ，口服。（2B）

证据描述：Meta 分析（9 项 RCT，215 例）[39]显示左乙拉西坦可以减少头痛发作频率，与基线比较用药 1、3、6 个月的汇总平均差分别是 -3.02（ $9 5 \%$ Cl:-4.59~-1.45）、-4.65（ $9 5 \% C I _ { : - 7 \sim - 2 . 3 } )$ ）和-5.71（ $9 5 \%$ CI：-8.60~-2.82）。常见不良反应包括嗜睡、头晕和行为异常，但通常不需要停药[40]。",863,['CN 中国偏头痛中西医结合防治指南（2022年）_1773147421'],"['c5f6d5c9-f8eb-4880-9972-3bb50f919e50'
 '2d369837-9fd2-4cd4-bc6e-c6ec00c7de94'
 '4fc10393-1411-4450-894c-462db370c0da'
 'e5ec202d-8d66-43bf-9646-5ae114f6c81f'
 '4dfa20f3-b6e7-4a28-af18-7efd3b407b66'
 '9d3c2661-1151-4a6f-a939-fe48b78e4c34'
 'ca2880cb-291b-4a6c-afda-ea32ecaf3e5d'
 '2f59e73c-58e9-46d1-9107-f12cdc428410'
 'd97e5b24-532a-44a6-8ed4-e6b10980cf63'
 '297d66bf-81dc-4c8f-83fb-85ba243801fe'
 '6651316d-fa46-47e4-80fb-bf6121762efa'
 '9fa8d28b-d203-461c-a028-757b76f5d8f8'
 'c474997f-4e25-4912-8e24-b290edc6d250'
 '48b4606f-1835-4a29-aefe-c921172d8fbf'
 '233d3eb1-4ee6-43e3-9f77-49a2eb84cf33']","['50c6cb1d-302a-4ed8-9cb4-a348fbf16d87'
 'd29a4099-e082-4862-af35-a021e94ec63b'
 'c791d71d-69d5-4869-b85c-09a080b2d637'
 'af66245e-543e-4e29-b9c4-00630f48cd2e'
 '0d74f4c9-0c7c-46b2-bcf2-fb191d1c40a9'
 '1d13db14-d2aa-4dba-be34-73ce22da079b'
 'ff78a5be-376a-4846-852e-62f92b76e48b'
 'a6db51d1-9ff1-417b-a216-493563405669'
 'bcd497e0-4a24-4650-9306-bdab7ea7f9f9'
 'df3da289-d2ce-46a6-847a-51e1ef6df7b6'
 '71643cbe-1c15-49e3-82a2-e503d1525de0'
 '33527017-0490-4c1e-8d41-86467ecabe11'
 '20165c96-910e-48ba-af07-8d006c530fb2'
 'cfac0579-b0bb-40b1-923b-a0c974acef85'
 '7e2195ae-f4d4-436a-8ebf-2d1b53335521'
 '25887d78-4802-41a6-a3f5-dd7438bab8c6']",[]
6bdf20a260fc814f2114e7badc6fac840699fe4fe6403b9a965fbdc47e447ee13af61d9b5132d5419552f5bb19d67f581f04fc7fec0d731722794d6edf188d45,26,"METADATA:
{
  ""parent_headings"": [
    ""# （4）三环类抗抑郁药""
  ]
}

CONTENT:
推荐意见 22：阿米替林 $2 5 { \sim } 7 5 \ \mathrm { m g } / \mathrm { d }$ ，口服。（1A）

证据描述：Meta 分析显示三环类抗抑郁药（主要是阿米替林）与安慰剂组比较可以减少偏头痛发作次数（SMD -0.70， $9 5 \% C I$ ：-0.93~-0.48），其疗效随治疗时间的延长而增加，且 $50 \%$ 效应率优于安慰剂（RR 1.80， $9 5 \% C I$ ： $1 . 2 4 { \sim } 2 . 6 2$ ），在高头痛频率的患者中效果更明显 [41] 。不良反应常见口干和嗜睡。

（5）降钙素基因相关肽（alcitonin gene relatedpeptide，CGRP）单克隆抗体

推 荐 意 见 23：瑞 玛 奈 珠 单 抗 $2 2 5 ~ \mathsf { m g } /$ 月 或675 mg /季度，皮下注射（1A）。伽奈珠单抗 $1 2 0 \mathrm { m g / }$ 月，首 月 $2 4 0 ~ \mathsf { m g }$ ， 皮 下 注 射（1A）。 厄 锐 努 单 抗$7 0 ~ \mathsf { m g } /$ 月或 $1 4 0 ~ \mathsf { m g } /$ 月，皮下注射（1A）。艾普奈珠单抗 $1 0 0 \mathrm { m g / }$ 季度或 $3 0 0 \mathsf { m } \mathsf { g } /$ 季度，静脉注射（1A）。

证据描述：CGRP 单克隆抗体通过阻断 CGRP与受体的结合而发挥作用。Meta 分析（18 项 RCT，8 926 例）[42] 显示 CGRP 单克隆抗体预防偏头痛有效，与安慰剂比较，瑞玛奈珠单抗（Fremanezumab，MD-2.19, $9 5 \%$ CI:-3.15~-1.25）、伽奈珠单抗（galcanezumab，MD -2.10， $9 5 \%$ CI： $- 2 . 7 6 \sim - 1 . 4 5$ ）、厄 锐 努 单 抗（erenumab，MD -1.61， $9 5 \%$ CI：- ${ - 2 . 4 0 { \sim } _ { - 0 . 8 4 } }$ ）、艾 普 奈 珠 单 抗（eptinezumab，MD-1.43， $9 5 \%$ CI：-2.59~-0.36）均能有效减少每月偏头痛天数。CGRP单克隆抗体的不良反应少[43]。",848,['CN 中国偏头痛中西医结合防治指南（2022年）_1773147421'],"['c5f6d5c9-f8eb-4880-9972-3bb50f919e50'
 'e5ec202d-8d66-43bf-9646-5ae114f6c81f'
 '04566857-388a-425f-a025-8ee6aaf0017e'
 '6390545a-c6e1-49e4-9c2e-6ba364daacb5'
 '7cdc4baf-1688-4b5c-bf35-7db16295d1e2'
 '41f7cb35-ad95-4782-b431-87a455dba89e'
 'cb8908cd-1338-4af6-a4a5-d80dd745eeab'
 '4ec719e6-20e3-4c4a-a8b3-bba27866d6c0'
 '156c9098-3ec1-4d85-8eb9-709a533cb410'
 '688cb444-429a-4283-a8a3-c9f148124b21'
 '76c7ccdf-d848-47cc-a3f4-f103ef754cd5'
 '1c36e80f-d96c-472d-a2e8-9ca1fee71104'
 '501c415c-0479-4cb3-adc0-bae6f7aeda3f']","['31785064-d5cb-4248-9c02-88a8ab04db23'
 'ec54c9b1-9d82-4e0b-a181-6ef943d87f62'
 '18f5fd14-b0e8-46dc-9d81-4229ede2fa25'
 '47d1846f-f50d-429f-972a-024084006f28'
 '75f2ddb3-241d-451e-bab0-f795f9d5da04'
 'd97f0169-b584-4c0d-9dc0-a2f468da8c76'
 '53b5794d-7b39-43aa-898a-192b5e66da70'
 '704b1854-4bce-417b-8999-2e6ecd4a7435'
 '435898b0-5e02-4ac9-9056-4231b58dab6d'
 'ba266b29-45e3-48fe-ba9c-15c12722c879'
 'cdb1973e-bc76-4220-b693-9e5548407c68'
 '4ecac5c8-fb15-476e-841b-fa0800a14572']",[]
0e23d33c40ad564baa0084ebd8235cb1ce82f4d6b6fb48063d86fcb23695e22c4f9ce6522e3cbecd103ff6a44d061911281712609c45a72c04c899e10ca7d0dd,27,"METADATA:
{
  ""parent_headings"": [
    ""# （6）肉毒杆菌毒素A""
  ]
}

CONTENT:
推荐意见24：发作频繁且药物治疗效果差或不能耐受药物者可选择肉毒杆菌毒素 A 预防性治疗偏头痛。（2B）

证据描述：肉毒杆菌毒素A注射可预防偏头痛[44]。

常见的不良反应有上睑下垂、肌肉无力、注射部位疼痛等，但症状轻微、短暂、可逆[44，45]。",165,['CN 中国偏头痛中西医结合防治指南（2022年）_1773147421'],"['c5f6d5c9-f8eb-4880-9972-3bb50f919e50'
 '2d369837-9fd2-4cd4-bc6e-c6ec00c7de94'
 '9fa8d28b-d203-461c-a028-757b76f5d8f8'
 '31c09abe-7191-40a0-a521-a92afbdfef1a'
 '75a2d5cb-418e-4820-b192-5bd6fb05d8fe'
 'c02f865d-4aa3-42b2-ab3a-b1ab8ce78480']","['ab2c348b-6cac-46b6-889f-c30e8eaa7388'
 '374cab91-670c-41c2-a3e1-8509cff02c4a'
 '19d01bf1-e241-4817-952c-15c511f004d8'
 'bcfb618e-00a3-4202-99fa-dbf3d13c0d55']",[]
fb7937078606072981cdd7d9646067a24fb9e1e928590b9a96273cebbe354ed92c551b5f4b225d11028f03e369b1ec1cc016a47fb4976038bb73c7122daac62e,28,"METADATA:
{
  ""parent_headings"": [
    ""# 4.1.5.2 其他治疗""
  ]
}

CONTENT:
推荐意见25：发作频繁且药物治疗效果差或不能耐受药物者可选择枕大神经阻滞（2B）或高频重复经颅磁刺激（2C）预防性治疗偏头痛。

证据描述：Meta分析显示枕大神经阻滞可以降低偏头痛发作频率和严重程度，减少头痛天数 [46] 。高频（ $1 0 H z$ ）重复经颅磁刺激（repetitive transcranialmagnetic stimulation，rTMS）刺激初级运动皮质可有效预防偏头痛 [47] 。",208,['CN 中国偏头痛中西医结合防治指南（2022年）_1773147421'],"['c5f6d5c9-f8eb-4880-9972-3bb50f919e50'
 '2d369837-9fd2-4cd4-bc6e-c6ec00c7de94'
 'c02f865d-4aa3-42b2-ab3a-b1ab8ce78480'
 '164e7b0e-8328-40b9-bc56-49312e4ff884'
 '44db9ad3-d667-4bd6-b131-7097143cb2d5'
 '1dc9754b-c93a-42b3-b957-d2cdc2679bd5']","['0fce912a-584e-495d-a5df-b97ca4ee4248'
 '5d2b1bb7-8ed1-457b-b3b2-09a7da44a1ee'
 '96328b0b-5290-4cd9-85ab-e3818b5b84e5'
 'f9c395ca-385f-481b-b84b-881657f99f3f'
 '3bee4dd1-c3c5-4ac8-9445-2aae17796866'
 '13cabcc7-1ffd-4f69-9863-a3c4058e2c65'
 'd734a641-516c-4f0e-baa6-a60b45a0e41b'
 '924d41d7-15c3-432c-bbb8-2a3f2e06c76d'
 '5dd0cd32-d79a-4025-a31f-71fcbe4af030'
 'be6afb1f-a07b-4546-8d9f-6e7728e8935e'
 'fa2e95fb-6012-434f-b0a0-71cbea72f049'
 '2deef556-dead-4000-b40a-436268de0f41'
 '44383246-7983-464a-a8a9-15784a7ceab0']",[]
e49aff32a59ed37a6f07ad54de938177fc4f6c7a014d75cbb68b19876cc9726f90e380cb1a3239f8ae7e3499c97a4d6aa863c4733082e908275eadd69856fe51,29,"METADATA:
{
  ""parent_headings"": [
    ""# 4.1.6 缓解期中西医方案的选择和疗程""
  ]
}

CONTENT:
中医、西医方法预防偏头痛均有较好的疗效。中医、西医哪种药物更有效的循证证据少，因而，在推荐的有效药物中首先选择哪种预防性药物取决于药物的有效性证据、患者合并症、其他危险因素、药物相互作用、医生的经验和患者偏好。无证据显示中药联合或与西药联合优于单用，单纯西药或中药无效者可以采用中西药联合应用。

预防药物从低剂量开始，逐渐增加至最小有效剂量；在决定药物是否有效之前，应以最大耐受剂量至少使用3个月。有效的预防性治疗需要持续约6个月，之后缓慢减量或停药。若头痛发作再次频繁，可重新使用原先有效的药物。对于超说明书的应用研究证据的选择，需要根据辨证结果结合药物说明书的作用并征求患者的意愿决定是否应用。患者长期用药需要注意防止不良反应的发生。",375,['CN 中国偏头痛中西医结合防治指南（2022年）_1773147421'],"['c5f6d5c9-f8eb-4880-9972-3bb50f919e50'
 '2d369837-9fd2-4cd4-bc6e-c6ec00c7de94'
 '3da05786-9dc7-482f-a456-606f4b518c17'
 '13a55f60-569c-4163-9e26-f7016ef7dce0'
 'dc317054-721f-4c91-924e-8c8ac93901ec'
 '837f70d9-8929-415c-bb06-bf72c8142a2a']","['500bb295-ff5a-4026-975e-57da7b56fb21'
 '299bf90b-9a6c-4b06-a6f5-70bdf67ba803'
 '770acb2a-bc7f-4897-9f95-777998e68fcd'
 'c5243726-a0c6-44e7-9e08-9ce6803f2036'
 'bfba0e4f-226f-4be8-bbce-ee70a10b76dc']",[]
59293a0dbcffd3592bf67a16de65be411d67ea7a2e89febbdbfb8440fb896f7d68c6f7fec121254a0d9f2589fcbd8fc9fe8f2959620a5adb90b8cbac59ee6db9,30,"METADATA:
{
  ""parent_headings"": [
    ""# 4.2.1 急性期治疗的目的""
  ]
}

CONTENT:
# 4.2.1 急性期治疗的目的

中止偏头痛发作，减少头痛严重程度和伴发症状。",52,['CN 中国偏头痛中西医结合防治指南（2022年）_1773147421'],"['c5f6d5c9-f8eb-4880-9972-3bb50f919e50'
 '8867eaba-c420-4807-a9b8-1b2f94fd7bb2']",['34d7eb03-b872-4876-a471-926d49bb40fa'],[]
0753a5364e8659153a688ab0eca1df824f632203d4596b69b50e7c01586097ec4e30fb396f58f92bb9d5396f0f58956a8be35d67bfdda38302dccdf1aef38243,31,"METADATA:
{
  ""parent_headings"": [
    ""# 4.2.2 急性期治疗的有效性判定""
  ]
}

CONTENT:
治疗有效以服药后 2 h 无疼痛和 24 h 持续无疼痛作为判定标准 [8，12] 。研究中多以疼痛缓解为标准，指疼痛从重度 / 中度到轻度 / 无疼痛，或 VAS 疼痛评分下降 $50 \%$ 以上。",121,['CN 中国偏头痛中西医结合防治指南（2022年）_1773147421'],"['8867eaba-c420-4807-a9b8-1b2f94fd7bb2'
 '41cff077-e64f-4388-ac49-bfcd9c74342b']",['7196107a-b02b-4cd7-9401-db565ff4d559'],[]
db7f302aa51dbce26492c29730ea69119f5e2bb25fa32bffeb20529785ff4c4a1e01a0f76bd28928be9c60a355b684a850916329a74d1256a40ecff24cc9b16f,32,"METADATA:
{
  ""parent_headings"": [
    ""# 4.2.3 急性期治疗的指征""
  ]
}

CONTENT:
一旦患者偏头痛发作，应立即进行治疗。对于有先兆的患者，建议在头痛开始时服用药物（如曲坦类），而不是先兆开始时服用（除非先兆和头痛同时开始）。",83,['CN 中国偏头痛中西医结合防治指南（2022年）_1773147421'],"['c5f6d5c9-f8eb-4880-9972-3bb50f919e50'
 '8867eaba-c420-4807-a9b8-1b2f94fd7bb2'
 '5914d5e6-8c4d-418f-921e-ad198ebf4b22']","['34d7eb03-b872-4876-a471-926d49bb40fa'
 '6fab26ad-099e-498f-896b-fa999332665b']",[]
7dc3750a7b61d30cd6cc5688b4d45016d4f96591ef54ddff733bae89d5bb73b20cfe18b6b6892350c51657ee248e44b4e211c0ca4350661af7994b6df3cca7b4,33,"METADATA:
{
  ""parent_headings"": [
    ""# 4.2.4.1 中药和中西医结合治疗""
  ]
}

CONTENT:
# 4.2.4.1 中药和中西医结合治疗

推荐意见26：建议根据不同的辨证结果个体化用药，可参考缓解期的中医和中西医结合预防治疗。这

些推荐基于专家共识，临床需结合药物说明书并征求患者的意愿决定是否应用。

证据描述：中药和中西医结合治疗偏头痛急性期的临床研究极少，尚无相应的研究证据。针对偏头痛缓解期的中药和中西医结合预防性研究涵盖了急性发作期。这些研究结果表明缓解期的中药和中西医结合治疗能够应用于偏头痛急性期。",268,['CN 中国偏头痛中西医结合防治指南（2022年）_1773147421'],"['c5f6d5c9-f8eb-4880-9972-3bb50f919e50'
 '0017ab60-94bd-49db-a135-a5169a3ee775'
 '2d369837-9fd2-4cd4-bc6e-c6ec00c7de94'
 'fbc1ae79-ec10-4ac1-acd4-65fc60d13a32'
 '79b4990e-ed5a-45fa-8fb7-193a9c473190'
 '5c425fb6-899d-4c3c-9e64-f8c52d4bb417'
 '3507319d-ff93-4b8a-8de3-aabf8d5cfa53'
 '2f0239a2-e4fe-440f-9203-b6799a5865f3'
 'a0ba6a8a-568b-4e91-9bb1-d48957561d92'
 'c4f5a048-be35-4a9b-8017-fdb3ae619ad4']","['61fa5254-1ffd-4153-9467-1ed400b191f7'
 'ff694794-2092-4eac-bcd7-bbce48ee1137'
 'fac79243-dd8e-48a9-bfbe-2248a9b45e66'
 '2816f037-522c-49d7-a271-98b921f3d0b2'
 '993660c2-879e-4a9d-a854-e3f83dc03467'
 '8e66dd30-8339-40b7-924f-eae1b639e2ed'
 'ffb55da8-8d9c-494f-a0c7-3a2669722773'
 '548f6de1-6cba-4089-89de-2f0842849167'
 'a8682de7-14c2-4317-a6af-7ec819efee77']",[]
fd1bc9667578009377bbd23e1608c5f1d7847ea676c232cc2c09d7415c20f3ed58aa62a0ad19948e7fbb0ee262fc023c3da4df02c5955dae2304019db8d2c832,34,"METADATA:
{
  ""parent_headings"": [
    ""# 4.2.4.2 针灸治疗""
  ]
}

CONTENT:
推荐意见 27：针灸可用于偏头痛急性期治疗。（2C）

证据描述：Meta 分析（5 项 RCT，618 例）[48]显示针刺后 2 h（MD 0.36， $9 5 \% C I$ ： $0 . 0 8 \mathrm { \sim } 0 . 6 5$ ）和4 h（MD 0.49， $9 5 \% C I$ ：0.14~0.84）的 VAS 疼痛评分减少值优于假针刺组。",154,['CN 中国偏头痛中西医结合防治指南（2022年）_1773147421'],"['c5f6d5c9-f8eb-4880-9972-3bb50f919e50'
 '8867eaba-c420-4807-a9b8-1b2f94fd7bb2'
 'e6314bf0-694d-4303-ab92-6784d63173eb'
 '1d3d5508-4d60-43f1-b202-1803126b653d'
 '3f7785a9-ebe9-4457-88d0-33e726aa977d']","['beaae16f-3de5-4507-844e-a2475618f77c'
 '9ccbf97e-7230-437e-87de-94546a135e87'
 '22d62c74-5976-41af-8124-2d4b5ee6ca24']",[]
cd2a54931edbd63ab62b28d03fb6ddc8bbd6049351a8a7b80db264eabe008bc0920f5da9e2ed3d88844e80641d5c9f2e2d7520c695728aeb4104a942d6694f89,35,"METADATA:
{
  ""parent_headings"": [
    ""# 4.2.5.1 非特异性镇痛药物""
  ]
}

CONTENT:
# 4.2.5.1 非特异性镇痛药物",23,['CN 中国偏头痛中西医结合防治指南（2022年）_1773147421'],"['8867eaba-c420-4807-a9b8-1b2f94fd7bb2'
 'a29ec8a2-d617-4fbd-bdc0-a688d7612b9f']",['df9ebbb9-27ed-4c34-8500-188e40056e20'],[]
6b7711be923ef18d996b237c5656a6e7b959f06d5000fe52aaf758e5fb648caeb02c40857bc1e3233fc0dd9f6e4ea63ef7e863fb76631f043133796dfec81c26,36,"METADATA:
{
  ""parent_headings"": [
    ""# （1）非甾体类抗炎药""
  ]
}

CONTENT:
推荐意见 28：阿司匹林 $3 0 0 { \sim } 1 ~ 0 0 0 ~ \mathrm { m g }$ ，口服（1A）。萘普生 500 mg 或 $8 2 5 { \mathrm { ~ m g } }$ ，口服（1A）。双氯芬酸钾 $5 0 { \sim } 1 0 0 ~ \mathrm { m g }$ ，口服（1A）。布洛芬 $2 0 0 { \sim } 4 0 0 ~ \mathrm { m g }$ ，口服（1B）。对乙酰氨基酚 $1 \ 0 0 0 \ \mathrm { m g }$ ，口服（1B）。

证据描述：多项系统评价显示与安慰剂比较，非甾体类抗炎药（阿司匹林、布洛芬、萘普生、双氯芬酸钾、对乙酰氨基酚）治疗急性偏头痛发作有效 [49-53]。阿司匹林、布洛芬服药后 2 h 能显著缓解头痛并维持 $^ { 2 4 \mathrm { ~ h ~ } }$ ，还能缓解恶心、畏光、畏声症状，布洛芬 $4 0 0 \ \mathsf { m g }$ 优于 $2 0 0 ~ \mathrm { m g } ^ { [ 4 9 , ~ 5 0 ] }$ 。萘普生和双氯芬酸钾服药后 2 h 能有效缓解头痛 [51，52] 。对乙酰氨基酚在 2 h 内无头痛和维持 $^ { 2 4 \mathrm { ~ h ~ } }$ 无头痛方面优于安慰剂 [53]。长期使用非甾体抗炎药可导致胃肠道溃疡或出血，可能使哮喘恶化。因为有患瑞氏综合征（Reye'ssyndrome）的风险，阿司匹林不应用于16岁以下的患者和孕妇。",628,['CN 中国偏头痛中西医结合防治指南（2022年）_1773147421'],"['c5f6d5c9-f8eb-4880-9972-3bb50f919e50'
 '8867eaba-c420-4807-a9b8-1b2f94fd7bb2'
 '4fc10393-1411-4450-894c-462db370c0da'
 'e5ec202d-8d66-43bf-9646-5ae114f6c81f'
 '599ef6e7-b688-4e19-80a1-0274ae6f9411'
 '1327d89e-633b-4bf1-90a9-6f8fb2d785c2'
 '65d3d7dc-e834-4a59-af35-999ce69134b8'
 'b1b4cb70-280f-4e90-9753-3416ac43203b'
 'e2b51cdc-bb66-4388-80c7-2c503528ad2f'
 'a76a6fb0-05e3-479a-be50-22acd76e2809'
 '3424ac56-8bbb-4c6b-88c1-94f67f46faf4']","['3bcc6366-2430-49d2-bfc3-54418a444fc5'
 '265486cc-8349-45ed-82b2-6746ba3cac76'
 '0ed92603-08c4-46c1-99a5-6db55d0052af'
 'a434d454-7960-46eb-bb3f-15b376a91113'
 '4cbeae98-5827-4814-ad75-c481196a7d6a'
 '1b8799e9-2608-4504-9487-99fef6d53c63'
 'da0478b0-10c2-4ed9-a83e-c5fec9b641c9'
 '8f490f09-65fc-46ce-bb22-20b2ea454fef'
 'd2620154-d104-4e92-9c3a-4d444ac958ec'
 'dc5b1b30-ccc8-42ab-9566-fb0e4fbc3a83'
 '7f43299a-f7e1-4efc-94c2-f8160b8e4b4e'
 '58f3ab10-2c6e-46c6-8f3d-5d61255561fe'
 'c512bd39-2ce5-48ff-a8fc-9d497617ea36'
 '2147485b-4fee-4391-8932-19550cd27cb0'
 'f9a45499-c0b0-449d-98e0-fa2ceeb886da'
 '2d4dbbb2-3179-4f40-8401-cbf8834352dd'
 '7be8e0eb-a654-470c-b63d-e1c7c94641fb'
 '94ce6bb9-be4c-4544-9c52-e992e0993e52'
 '416c83ec-d682-4576-8296-e11ccc60902a'
 '9cf27880-882c-4a51-a0a3-bf85518730cd'
 'a19d386f-82a8-4a4a-b960-9f235927bbf7'
 '0f377a8f-2f65-4260-bb0f-221b45b07f29'
 '87c93d62-9b2d-4123-b7ef-56d7d2c3243c']",[]
ae72d6ebaf15a28ac158b0ade21068081bed983cb819edad66b5fb9cc8130f0fa185f0cf57c6f8c4f2e945441602efc569ad85e1e2dfaddafc8a6a80939b5a64,37,"METADATA:
{
  ""parent_headings"": [
    ""# （2）止吐剂""
  ]
}

CONTENT:
推荐意见 29：甲氧氯普胺 $1 0 \mathsf { m } \mathsf { g }$ ，口服。（2B）

证据描述：甲氧氯普胺 $1 0 ~ \mathsf { m g }$ （口服）联合阿司匹林 $9 0 0 ~ \mathsf { m g }$ 或对乙酰氨基酚 $1 \ 0 0 0 \ \mathrm { m g }$ 的疗效与$1 0 0 ~ \mathsf { m g }$ 舒马曲坦相似，对减少呕吐有益 [49，53] 。但有静坐不能，嗜睡和头晕等不良反应。",202,['CN 中国偏头痛中西医结合防治指南（2022年）_1773147421'],"['9fa8d28b-d203-461c-a028-757b76f5d8f8'
 '599ef6e7-b688-4e19-80a1-0274ae6f9411'
 'e2b51cdc-bb66-4388-80c7-2c503528ad2f'
 '5145a6db-710e-4c5c-b97d-50967b3c6861'
 '6d48a3db-9632-4e1a-ad98-19507731aa1a'
 'dbcb2867-127c-4f2a-9d54-58ec6188ab35'
 '3708f2f0-0ed3-4e00-9dec-cc48c5ec26e5']","['cf9c5441-c6e3-469f-841b-3b56020f01b9'
 'ee38de0c-d6a5-4c3d-8016-67bb6cb7db20'
 '7c1be706-beab-43da-8043-7deaed376df4'
 '8f01a7fd-bee2-4eef-9900-9d66bbe6cd43'
 '23037b2b-3ee3-430d-9ff8-53a9c6e18c39'
 'e08a8ee3-c7b1-495e-9cdf-138b683c2458']",[]
7d98ba8f9de7b614e73262910d8b5dcb17fcf4bd92d49748d70d608417585ea50b1b33e4928bccf741cb255a7f4b71ceedb7faa836017fea4ae46041700f519c,38,"METADATA:
{
  ""parent_headings"": [
    ""# （1）麦角胺类药物""
  ]
}

CONTENT:
# （1）麦角胺类药物

推荐意见 30：Trudhesa（DHE）鼻喷雾剂 1.45 mg，喷鼻。（2A）

证据描述：多项临床研究显示二氢麦角胺（dihydroergotamine，DHE）治疗偏头痛急性发作有

效，在 2 h 内无疼痛和改善伴随症状方面均优于安慰剂 [54，55] 。DHE 有多种剂型，DHE 药物 - 器械组合产品 Rudhesa（DHE）鼻喷雾剂于 2021 年被美国FDA 批准用于治疗急性偏头痛。DHE 可引起动脉血管收缩，有心血管危险因素的患者应慎用，孕妇应禁用，哺乳期不建议使用 [56]",286,['CN 中国偏头痛中西医结合防治指南（2022年）_1773147421'],"['c5f6d5c9-f8eb-4880-9972-3bb50f919e50'
 '8867eaba-c420-4807-a9b8-1b2f94fd7bb2'
 'bec9e12f-7687-42c9-87d9-6a84c50320c8'
 'd0439b8d-f332-46b5-aa58-44144d55b2d5'
 '05d8f840-f40f-43f5-ae21-8fb4b373a125'
 '8487af5f-4c68-4773-8c8f-9a3718ab5eea'
 '23cfe025-3c7b-4728-b70a-9907a1fcef70']","['84d3dd35-e38f-4d6a-a31e-8ebd89327408'
 '5e6b75ff-5f67-4339-b730-10163d585100'
 '622e1457-bb22-427b-8d32-207ea847df07'
 'cd1e53a1-1526-4f2b-8d8f-676820e2ee1d'
 '32f8993e-9a7d-4279-9f99-260785a1f49a']",[]
f1d2caf9b82ac1c50c286deac68819f12ae94d530212549de84ec29583ac195bf8f92185b57db573efd2db45182c070718c763dd01ca2300a3414e6e63110903,39,"METADATA:
{
  ""parent_headings"": [
    ""# （2）曲坦类药物""
  ]
}

CONTENT:
推荐意见 31：舒马曲坦 $2 5 { \sim } 1 0 0 ~ \mathrm { m g }$ ，口服；$5 { \sim } 2 0 ~ \mathsf { m g }$ ，鼻喷雾剂； $6 ~ \mathsf { m g }$ ，皮下注射（1A）。佐米曲坦 $2 . 5 { \sim } 5 \ \mathsf { m g }$ ，口服； $2 . 5 { \sim } 5 \ \mathsf { m g }$ ，鼻喷雾剂（1A）。利扎曲坦 $5 { \sim } 1 0 ~ \mathrm { m g }$ ，口服（1A）。阿莫曲坦 $1 2 . 5 \mathrm { ~ m g }$ ，口服（1A）。依立曲坦 $4 0 \mathsf { m g }$ ，口服（1A）。

证据描述：曲坦类药物在 2 h 止痛、24 h 持续止痛方面优于安慰剂[57-61]。曲坦类药物第一代为舒马曲坦，第二代有佐米曲坦、阿莫曲坦、利扎曲坦、依立曲坦等。曲坦类药物有多种剂型，尽早用药可显著提高疗效，疗效不足与头痛严重程度、畏光怕声、恶心和抑郁相关[58] 。舒马曲坦和萘普生的联合治疗优于安慰剂或单药治疗，不良反应更常见但轻微 [59]。曲坦类药物的不良反应轻微且短暂，但需警惕严重心血管事件的发生[62]。舒马曲坦鼻内用药增加味觉障碍风险[63]，利扎曲坦和普萘洛尔联用时的最大剂量为5 mg，且不能在普萘洛尔服用后2 h以内服用。",614,['CN 中国偏头痛中西医结合防治指南（2022年）_1773147421'],"['c5f6d5c9-f8eb-4880-9972-3bb50f919e50'
 '8867eaba-c420-4807-a9b8-1b2f94fd7bb2'
 '205033e7-ce21-4198-898a-f0b7413c4cde'
 'e5ec202d-8d66-43bf-9646-5ae114f6c81f'
 '5914d5e6-8c4d-418f-921e-ad198ebf4b22'
 '65d3d7dc-e834-4a59-af35-999ce69134b8'
 '6d48a3db-9632-4e1a-ad98-19507731aa1a'
 '536a9a70-a75d-4b95-83dc-34b538126b1a'
 'f14e4999-0be7-4428-8f98-488d5518439b'
 '21193e44-42ae-49d3-9141-f348e2d5ee03'
 '5db8c391-b0b7-44d8-a39e-436ff0fdf36b'
 'd179734e-c27b-4cc7-af58-36a13b478bf3']","['23037b2b-3ee3-430d-9ff8-53a9c6e18c39'
 '341a462c-3929-4a65-a839-c3aacf4b789c'
 '50350cea-6501-4701-ba5b-b809eac49dbb'
 '962798e0-dd6a-443f-8631-ef88e81d7843'
 'cee98c9e-52ff-4eef-8bd3-691135f237c0'
 'de136453-a601-4b5c-90e2-4b427a533d4f'
 'a11f0fe6-d7cb-41bb-b160-c62e1782fc8a'
 'c93e1058-7d35-4a15-bcbf-7ff455e0f04d'
 '37b492bd-3c09-458b-ba04-a941048c88ec'
 'c772e08f-b536-4ac6-ba9a-40b2bd730103'
 'e61fda3f-cd45-46ed-bc8e-d0b9c2747163'
 'fe7b2790-4ddc-4aa5-84e0-f0d5616f1c87'
 '3bb6f2ec-ca31-4a89-82a5-ac372f21dd2f'
 'ef1ef795-c738-4095-99b9-80d7725444d1'
 '13c2ed84-9b3d-47dc-99a5-14768409863a'
 '6cbc76b7-af83-45e9-b144-6a2d442e342c'
 '74cfc715-5e71-439e-9705-4a51bca97528'
 '648c4768-c9ff-4c01-89e8-f478154a1032']",[]
09504ecbdd99c16f37e9d92750cb60d1956c26b81dce28150e1f2817f922fb84b3c9862359193d051cd265b09be9488affcb893d2e96a0c115c5a3af54ff6f0f,40,"METADATA:
{
  ""parent_headings"": [
    ""# （3）拉米地坦""
  ]
}

CONTENT:
推荐意见 32：拉 米 地 坦 $5 0 ~ \mathsf { m g }$ 或 $1 0 0 ~ \mathsf { m g }$ 或200 mg，口服。（1A）

证据描述：不同剂量的拉米地坦治疗偏头痛急性 发 作 都 有 效 且 安 全 50 mg（RR 1.38， $9 5 \%$ CI：$1 . 1 3 { \sim } 1 . 6 8$ ）、100 mg（RR 1.63， $9 5 \%$ $9 5 \% C I { : } 1 . 4 0 { \sim } 1 . 9 1$ ）、200 mg（RR 1.96， $9 5 \%$ CI： $1 . 6 9 \sim 2 . 2 7$ ）[64] 。拉米地坦 $2 0 0 ~ \mathsf { m g }$ 比 $1 0 0 ~ \mathsf { m g }$ 更有效 [65] ，可实现 2 h 无痛和$^ { 2 4 \mathrm { ~ h ~ } }$ 持续无痛[66]。其头晕、恶心、疲劳、感觉异常和嗜睡等不良反应的发生率高[67] 。

（4）降钙素基因相关肽受体拮抗剂（calcitoningene-related peptide receptor antagonists，Gepants）

推荐意见 33：瑞美吉泮 $7 5 ~ \mathsf { m g }$ ，口腔崩解剂（1A）。乌布吉泮 $5 0 ~ \mathsf { m g }$ 或 $1 0 0 ~ \mathsf { m g }$ ，口腔崩解剂（1A）。

证据描述：Gepants 治疗偏头痛急性发作有很多高质量研究证据 [68-71] ，Gepants 在偏头痛患者给药后 2 h 无痛（OR 2.11， $9 5 \% C I$ ： $1 . 9 0 { \sim } 2 . 3 5$ ）和头痛减轻（OR 1.94， $9 5 \% C I$ ：1.70~2.21）方面明显优于安慰剂[68]，不良反应轻，常见恶心[70] 。乌布吉泮（商品名 UBRELVY）和瑞美吉泮（商品名 Nurtec）是两种新型 Gepants 制剂，被美国 FDA 批准用于偏头痛

急性治疗。",727,['CN 中国偏头痛中西医结合防治指南（2022年）_1773147421'],"['c5f6d5c9-f8eb-4880-9972-3bb50f919e50'
 '8867eaba-c420-4807-a9b8-1b2f94fd7bb2'
 'e5ec202d-8d66-43bf-9646-5ae114f6c81f'
 '4ed8504c-8726-4713-bcc7-8b9a723b3a02'
 '3634babb-dcfa-44b0-b42f-5f1844803469'
 '545da2a4-1bb8-4191-9eb9-6c1e2306dd98'
 'f8bca620-6c35-47f5-8315-792dc1e86a9f'
 '3cbf4e09-1be8-4aaf-829d-3520bc9a4164'
 '563a801f-1f6b-4b1e-b281-0a2b404bca0e']","['030fa8ab-87cd-4043-85c3-705d374946db'
 '868df4d1-2014-4168-976d-a6842f8fdb07'
 '3c1e8dfa-3b31-4e9e-bf84-b60876763931'
 'ccc1d4d0-be40-4c68-aa7c-b2845c14e5d7'
 'c42af531-68be-401c-84ac-691d2d80a141'
 '0d762605-7c4c-4f26-b793-cf30805e9a73'
 '2148cd49-2fe0-4dd6-818f-8a2b7d73a134']",[]
a2e24582c54a09a4696e862c1e0039c25baf8e352a73031e827dacc8522ad5a43b1bdd1d41d4861e4a869a1f7b1ff57f29c38294df2fef000b1bdf7a00fa8813,41,"METADATA:
{
  ""parent_headings"": [
    ""# 4.2.5.3 其他治疗""
  ]
}

CONTENT:
推荐意见34：药物治疗效果差或不能耐受药物者可选择无创迷走神经刺激（noninvasive vagus nervestimulation，nVNS）用于偏头痛急性期治疗。（2B）

证据描述：2018 年 FDA 已批准无创迷走神经刺激（noninvasive vagus nerve stimulation，nVNS）装置 GammaCore 用于治疗偏头痛急性期，nVNS 可以增加30 min 和 60 min 内无头痛率，减少头痛急救药物的使用；其不良反应轻微，包括颈部抽搐、刺耳声音和刺激部位发红[72] 。",227,['CN 中国偏头痛中西医结合防治指南（2022年）_1773147421'],"['c5f6d5c9-f8eb-4880-9972-3bb50f919e50'
 '8867eaba-c420-4807-a9b8-1b2f94fd7bb2'
 '9fa8d28b-d203-461c-a028-757b76f5d8f8'
 '817257a8-a506-4c59-9e37-8aa34832fc3e'
 'e3bd1c15-89ec-440c-9afd-eaa0200967eb'
 'cd6e574c-1b80-49d3-bc01-a9829f5afeec'
 '284f6958-ed93-4524-8f07-ec3e7f933037']","['f4c078d7-6891-4d57-b5c1-e245031149fb'
 'e594ac09-1fa7-4009-bb34-06ba5cfc335a'
 '050e04e2-5747-4f17-8e81-f337c9a6f9df'
 'c56db9ff-36c3-4b09-af6c-348dc9d6e203'
 'a1456667-b770-49b1-8216-0256ca9e0e1e'
 '2d98b53c-dd9d-4cdb-8b58-52380ba3c261'
 'bdbb8d10-3031-4e8a-9e2b-484f76dbe7f7']",[]
c4dcdcb909f65ebc63e961ae81f141ac478d6a1fe9d55ef54956d0b17c09780b0a55efee287564f598620f6d167825dd2c76326b08d3219c07bcc6efbc1adfba,42,"METADATA:
{
  ""parent_headings"": [
    ""# 4.2.6 急性期中西医方案的选择和疗程""
  ]
}

CONTENT:
轻度头痛患者可选择非特异性镇痛西药，也可辨证选择中药或针灸治疗。中度头痛患者可采用中西医结合的方式，有利于提高疗效。重度头痛患者，可采用特异性镇痛西药治疗，应用受到限制时可应用非特异性镇痛药物联合中药和针灸治疗。

急性期治疗在偏头痛出现时即给予一次药物，如果疗效不充分，2 h 后可根据症状和药物特点重复相同或不同的治疗。偏头痛急性期的有效药物指急性期偏头痛治疗有效，且疗效具有可重复性，3 次发作中有 2 次以上有效 [13]。具体药物的选择要考虑患者的有效药物和意愿。",306,['CN 中国偏头痛中西医结合防治指南（2022年）_1773147421'],"['c5f6d5c9-f8eb-4880-9972-3bb50f919e50'
 '8867eaba-c420-4807-a9b8-1b2f94fd7bb2'
 '8b0a0624-8a9e-4bee-8b84-fe837d7575d8'
 '1d066b3b-683c-494f-9365-7ac40b381cda'
 'a05a2b88-1be9-4b47-b248-13eb839f5729'
 '04298cee-6560-4ac4-a461-ec584278da58'
 '73757ff5-4a32-4ecf-88df-19b7c25c0f13'
 'e36fc927-6f54-4ebe-ac44-12331136f6fb'
 'bb37b333-2b9b-4324-bda4-5941185322c4'
 '891bcd38-3033-4a6a-ba7f-7b79649cec9f']","['34d7eb03-b872-4876-a471-926d49bb40fa'
 '684ef35e-44da-4fe1-a3b2-31be93c57d14'
 '9a3aa03b-4914-4e08-b2c3-4b5ea89d1195'
 'bbaf8593-c4e7-45a3-aa34-ff9225b4208d'
 '7cf33499-6828-411c-90e9-05fa7da0e97d'
 'd1874369-ef4f-4b99-9a9c-745dd7e6fd2f'
 '954a62e2-6a1f-44b5-aae3-10886d6a8f2a'
 '401def59-feb8-4566-becd-01feeee166de'
 'd456895e-5402-46cf-8144-21c90c994af1'
 '29d20e77-0240-4496-843f-1d4a4b4d88c9'
 '6457c76f-9cfd-4045-af79-84402c7babe3'
 '8b169e59-2cae-43bf-93e9-49c2d209d92b'
 '25dbc4bc-a463-401f-a896-47ce7d90d1ca'
 '95f5348e-1c0a-4a39-af15-cd15a0bfe4f8'
 '1f7a924d-90ac-4796-ba05-a11fd7bfa868'
 'dff57938-3be8-4f29-bd9d-24bbbd70ad96'
 '2e603160-8cc7-4e02-a6f9-dd0fac74fbe8']",[]
92171d24eb1465a711a41f97a09e6b4153dae2530131e3d2f871759e91b8903eca9147047c4efce5204b356746e7a5811b0c876303dacf18d8abdb91980cb349,43,"METADATA:
{
  ""parent_headings"": [
    ""# 4.3 健康宣教""
  ]
}

CONTENT:
（1）通过健康宣教，正确认识疾病，了解偏头痛发作和加重的诱因，树立正确的防治观念和目标。  
（2）保持健康的生活方式，调畅情志，避免诱发和加重头痛的诱因，如酒和含咖啡因、酪氨酸及亚硝酸盐的食物，寒冷、酷热、噪音、强光等环境。  
（3）在医生指导下，建立个体化的急性期治疗方案和缓解期预防方案，避免过度使用镇痛药物。",215,['CN 中国偏头痛中西医结合防治指南（2022年）_1773147421'],"['c5f6d5c9-f8eb-4880-9972-3bb50f919e50'
 '8867eaba-c420-4807-a9b8-1b2f94fd7bb2'
 '0c91020f-727f-485c-b15f-d7c1eb215b01'
 'e2b1bb6e-34bf-433a-b85a-466515606117'
 '084ae6bb-650d-4381-86f7-200366fdc9d4'
 'fc6f79be-783b-4365-bee3-8694b36988a6']","['34d7eb03-b872-4876-a471-926d49bb40fa'
 '418cc530-38b3-4a0f-87e7-95419eed3042'
 '0dc199f9-5a86-4193-a4b2-bd4ec3a95f17'
 '5fb48f50-626b-45a1-95a4-e8b39c8eef28'
 'fb908924-1eab-4588-9159-664014398658']",[]
95822c8a9994a4f2f6caa31f47747bf7108a37bff834cac36c07f4e513e018deffc602550d7e95b345ca046805988c0d38f1a35e6901a5efbf9212b3b4565b97,44,"METADATA:
{
  ""parent_headings"": [
    ""# 4.4 心理行为治疗""
  ]
}

CONTENT:
偏头痛的心理治疗主要基于行为治疗，包括放松训练、生物反馈及认知行为治疗。

中西医各有优势，西医药对偏头痛尤其是急性期重度头痛患者疗效较好，但有些药物有明显不良反应，有的患者应用受限。中医药对偏头痛尤其预防性治疗有较好疗效，且不良反应较少。但目前中医药治疗偏头痛的 RCT 研究存在方法学和疗效指标质量不高的问题，对系统评价和 Meta 分析结论的客观性有一定影响，针对偏头痛急性期的 RCT 研究少，有待于今后进行符合中医药规律的循证医学研究。中西医是不同的理论体系，各有所长，中西医结合治疗可进一步提高疗效，但仍有待于深入开展临床研究，总结

出治疗和预防偏头痛的理想方法。",373,['CN 中国偏头痛中西医结合防治指南（2022年）_1773147421'],"['c5f6d5c9-f8eb-4880-9972-3bb50f919e50'
 '2d369837-9fd2-4cd4-bc6e-c6ec00c7de94'
 '09af03d6-81e2-421f-ae99-7b86e84c8846'
 '4fecd4c7-5f5d-46fe-aeb4-add079b62a68'
 '4fdbff3b-8fb9-4242-b878-952ab619daf4'
 '6c192321-e932-4836-b449-f8716716695b'
 '3bddbbb7-0365-4ccb-864d-e47d821c8588'
 'b3175653-025c-46ac-9b6c-ad3eab7546ce'
 '1c576b9b-9b08-4183-81f1-44b912404d78'
 '831c2652-b67e-4506-b4d8-546e0b0067ef']","['716f913c-2ba7-4961-a865-86b029bdbad4'
 '6e753d12-b3b1-4019-b9b4-14a65f60c722'
 '2c0eae93-a560-40fb-8808-8b8e38d488e5'
 '3839e20b-ea7d-48e7-9eb0-c4f1dbe63102'
 'eeed9914-3312-4d15-a89c-dd6ab3aafec1'
 '4a20a8a2-a7f4-4596-b407-48dec590bece'
 '0d2fd17b-136d-46c8-bff8-a9f84ec43767'
 'cdf17170-6a82-43af-9f89-466bfbe578d2'
 '1ecb9dbb-d858-4f1e-ad34-89688fddc0eb'
 '387eaef6-ee9f-4b17-ad2b-98219b16810b'
 '93eec18d-1de3-4626-b24e-94166be5a89c']",[]
bdca646a9e1039c94adb7fa01436167fbcce136d9e3779133c07fe55732a767f4754180083bf32e104c7259f6cb20c51ab781a0f02fac3d372ead7eab9f86369,45,"METADATA:
{
  ""parent_headings"": [
    ""# 5 指南的发布、传播与更新""
  ]
}

CONTENT:
指南将在学术期刊发表，发布后将以学术会议等形式进行传播，促进在临床上的使用，使其能更好指导临床实践。工作组计划每4~5年对指南进行更新。

利益冲突：本指南制订过程中，所有参与本指南的专家和工作组成员与医药企业不存在指南相关的利益冲突。",126,['CN 中国偏头痛中西医结合防治指南（2022年）_1773147421'],"['906cee26-c53d-4f2c-b495-0c51f1e25c0f'
 '9996c9e6-8ab4-4b25-a229-c17cbd5adf44']",['155dd44d-7a9c-4718-a340-fbbc9680312d'],[]
a0d7fb96d78be0caeaa21d922964631e9286b94f2d53f7525f43783100264ae8dcea606ee14ec20ea46eb02670b76ed8846593748e9d7efae8d6665b5bc6076f,46,"METADATA:
{
  ""parent_headings"": [
    ""# 专家委员会：""
  ]
}

CONTENT:
执笔人：张云云（上海中医药大学附属岳阳中西医结合医院）、吴波水（复旦大学附属华山医院）、刘毅（上海市中医医院）",74,['CN 中国偏头痛中西医结合防治指南（2022年）_1773147421'],"['a49c4845-46bf-4162-83f4-d35be9abd83f'
 'ac6bc81b-e976-43be-9973-8a83403386ac'
 'ff4b9544-4450-4083-824d-6bf9eba0089c'
 'c7cc53b1-27d1-4d18-bcec-44b7306c4fe3'
 '41a4feae-9c74-4a4a-93b5-7a27c4f75653']",,[]
b3ceb375a55b4e7ba18f653347b41f2092a73eb984ff64b91f6e21e4da5953b02a42f3c83d12ce994fafb0f4cd8cbbbbeac31e1961147e1787e27cf87482d03d,47,"METADATA:
{
  ""parent_headings"": [
    ""# 专家委员会成员（按姓氏笔画排序）：""
  ]
}

CONTENT:
中医专家：于涛（天津中医药大学第一附属医院）、王厹东（上海浦东新区中医医院）、过伟峰（南京中医药大学）、刘毅（上海市中医医院）、杨文明（安徽中医药大学第一附属医院）、杨添淞（黑龙江中医药大学附属第一医院）、张兰坤（南京中医药大学第二附属医院）、陈卫银（成都中医药大学附属医院）、陈志刚（北京中医药大学东方医院）、林海（西安市中医医院）、饶旺福（江西中医药大学）、曹晓岚（山东中医药大学附属医院）

中西医结合专家：马云枝（河南中医药大学第一附属医院）、古联（广西中医药大学第一附属医院）、杜宝新（广东省中医院）、吴成翰（福建中医药大学附属第二人民医院）、吴波水（复旦大学附属华山医院）、况时祥（贵州中医药大学第二附属医院）、张云云（上海中医药大学附属岳阳中西医结合医院）、周洋（上海中医药大学附属岳阳中西医结合医院）、侯群（浙江省中医院）、顼宝玉（中国中医科学院附属西苑医院）、高长玉（河北医科大学第二医院）、樊萍（江西省中西医结合医院）

西医专家：王志红（河北医科大学第二医院）、张成（中山大学附属第一医院）、林友榆（晋江市医院）、罗玉敏（首都医科大学宣武医院）、洪铭范（广东药科大学附属第一医院）、徐平（遵义医科大学附属医院）、高燕军（承德医学院附属医院）、彭英（中山大学孙逸仙纪念医院神经科）、谢涛（河北医科大学第二医院）、熊友生（南昌大学第二附属医院）

循证医学专家：张云云（上海中医药大学附属岳阳中西医结合医院）

秘书组：韦紫君（上海中医药大学附属岳阳中西医结合医院）、张月婵（上海中医药大学附属岳阳中西医结合医院）",873,['CN 中国偏头痛中西医结合防治指南（2022年）_1773147421'],"['c5f6d5c9-f8eb-4880-9972-3bb50f919e50'
 '8fec9e94-e0e9-4c89-877f-ccbe997a65c0'
 'f6c2bf65-3705-4083-aff1-c91763ecd569']","['021ee1a3-9c86-4b01-b3cb-5ea00c441994'
 '78eb35fb-c797-4604-8457-781eedbc4482'
 '214173d3-b501-4d0b-b2d3-56f1101b5f92']",[]
82eeac8f771352c5377dfcfe3f5be2e8632ed003772c57ddab6da7b7e9ddc9702945ac7aaa4a70ca47c410ca7f1558154488b7da94576e06ae5fa8738b84b264,48,"METADATA:
{
  ""parent_headings"": [
    ""# •指南与规范•""
  ]
}

CONTENT:
# •指南与规范•",9,['CN 中国偏头痛急性期治疗指南（第一版）2024_1773147414'],['5b540674-f91b-4c92-8a8e-1dbcba4734d6'],['e9a98fa1-dece-4b56-ac62-42c56b1c4ce2'],[]
7d74751b12773d1ba1111f71866d71285db4f718701a5dc05620ca962c4cb691ae9b12cf1c0f77381ec9d20ca947aafbb3f3c24eabf017f1307cf1774f42b8ba,49,"METADATA:
{
  ""parent_headings"": [
    ""# 中国偏头痛急性期治疗指南（第一版）""
  ]
}

CONTENT:
中国医师协会神经内科医师分会中国研究型医院学会头痛与感觉障碍专业委员会

摘 要 近年来，偏头痛的治疗策略不断规范更新，然而国内在偏头痛急性期治疗实践中仍面临一系列挑战，包括药物选择不当、治疗不足或使用过度、安全性与耐受性不佳等，以及对特定人群、特殊类型偏头痛急性期治疗规范仍相对匮乏。为此，由中国医师协会神经内科医师分会、中国研究型医院学会头痛与感觉障碍专业委员会共同组织编写制订本指南，对《中国偏头痛诊治指南（2022版）》中的急性期治疗进行补充与更新，针对偏头痛药物和非药物治疗、偏头痛持续状态及特殊人群的急性期管理策略进行详细阐述，旨在进一步提升偏头痛急性期治疗效率。

关键词 偏头痛；急性期治疗；临床循证实践指南

偏头痛是一种由神经-血管功能失调导致的高度失能的发作性疾病，已影响全球超过十亿人。其特征表现为中至重度头痛，常伴有恶心、呕吐、畏光、畏声等症状 [1]，严重影响病人的工作与生活。目前的治疗方法包括急性期治疗和预防治疗。急性期治疗旨在迅速且持续地缓解疼痛及偏头痛相关伴随症状，改善病人的生活质量。然而，在偏头痛急性期的治疗实践中仍面临一系列挑战，包括药物选择不当、治疗不足、安全性与耐受性不佳，以及因过度使用镇痛药物而导致的头痛慢性化 [2,3]。近年来随着新型药物的研发与非药物治疗手段的进步，偏头痛急性期治疗策略得到了优化，涌现出多种新疗法。另外，我国在特殊类型和特定人群的偏头痛急性期治疗规范仍有待完善。鉴于此，中国医师协会神经内科医师分会、中国研究型医院学会头痛与感觉障碍专业委员会共同发起制订偏头痛急性期治疗指南，作为《中国偏头痛诊治指南（2022版）》[4] 的补充与更新，为偏头痛急性期的规范化治疗提供科学依据，以期进一步提升病人的治疗效果与生活质量。",997,['CN 中国偏头痛急性期治疗指南（第一版）2024_1773147414'],"['c5f6d5c9-f8eb-4880-9972-3bb50f919e50'
 '91f13df7-472b-49a8-bd21-1c606573fcfd'
 'd262c842-a2d6-415f-bab5-1351ed787099'
 'de5f2a5d-24f5-4199-a73f-ed0ba3384b7c'
 '52a27b22-b7b4-4966-9cd2-52c9e357f1f4'
 'edba5ce0-fece-41d6-b68e-bbf2be0ed027'
 '1943b7a7-5525-4e83-bc03-202e26973b0f']","['3fa79157-97de-4de0-81c3-1b090b32f4bb'
 '0995acf5-ee3b-41cf-8453-b7cabbd2d4ed'
 'cf3530b7-9a31-4586-9a93-fd4be5dcfeb1'
 '8f826fb2-2e89-4e60-b198-25b67ec1114e'
 '53d30e78-b5f1-4bb1-8974-0c76323774f7']",[]
216b5d37b3125c84710d2b3f71d83277b473896f3fa0f7b6a9e354cb1ff86c2aca8592c9b1477ed5cb581c71faf742662acabac70a5e6b30547ef11ba26ec104,50,"METADATA:
{
  ""parent_headings"": [
    ""# 1. 指南涵盖的范围和目的""
  ]
}

CONTENT:
# 1. 指南涵盖的范围和目的

为进一步指导和规范我国医师对偏头痛的急性期治疗，本指南在《中国偏头痛诊治指南（2022版）》的基础上编写制订，涵盖的临床问题包括急性期治疗原则、药物治疗、非药物治疗、偏头痛持续状态治疗及特殊人群治疗。由于偏头痛的流行病学、临床表现、诊断及鉴别诊断在《中国偏头痛诊治指南

（2022版）》已详细阐述，故本指南不再赘述。",229,['CN 中国偏头痛急性期治疗指南（第一版）2024_1773147414'],"['c5f6d5c9-f8eb-4880-9972-3bb50f919e50'
 '3d96cb59-0236-4102-a6cd-ce40f0854545'
 '8867eaba-c420-4807-a9b8-1b2f94fd7bb2'
 'dff3ffe1-c797-49a5-a7d4-29dfebe42ec8'
 '1b06acc6-60bd-4cdb-ace3-310f3c9f4cb0'
 '87abe1df-0b0d-4cad-8628-7d6a460a562a'
 '19f225d7-639f-4aa8-a978-d513ddcb42a3'
 '040c3094-f31d-4a80-b933-24d4768fea3f'
 '51862798-7f77-4ff0-909a-eb5eccf12f02'
 'f2750af3-cc25-49d8-945b-b73b1050c36c'
 'a66bd21d-c45f-4e4f-b928-2b08889887a0'
 '7773e189-e1d9-4ca7-a6f5-44d80380cc68']","['a6cf97ce-e8b8-4d71-89cb-231fb265f783'
 '41aba580-15cb-497a-9ac8-8769a991cc99'
 'f1772475-e578-4520-8bb4-ce8c122c04b7'
 '153f41b8-0839-4f5b-9e4b-65b03b978ee9'
 '8c4bdb6a-3bef-4501-866f-ddebc548da91'
 'a83430ea-fdbc-4bdd-ac79-d17c339a9d5e'
 'b3a399fb-52b5-4649-add1-bb9c5ce4dcc8'
 'fc0db86e-cb41-4520-9b48-986253715512'
 'c5b8aca0-5eca-4452-a3dd-cbcb25983cba'
 'ca6b5b9d-9915-448c-830b-7e6527422b61'
 '60f83720-8849-4709-adaa-670b71f679e1'
 '0a92a3c9-2f77-4890-984e-6a7348748208']",[]
f403737dfb7dcd685cbcc8fb750f467b93dec35ac7e6a20b5c6898b00234f3f28ee75149f5803003b6eb8f0b7bdf27627b5fd85b94f3b6305ced6f0a7bfcb2f1,51,"METADATA:
{
  ""parent_headings"": [
    ""# 2. 指南发起和支持单位""
  ]
}

CONTENT:
本指南制订由中国医师协会神经内科医师分会、中国研究型医院学会头痛与感觉障碍专业委员会共同发起，中国人民解放军总医院等 101 家医院为支持单位。",86,['CN 中国偏头痛急性期治疗指南（第一版）2024_1773147414'],"['040c3094-f31d-4a80-b933-24d4768fea3f'
 '51862798-7f77-4ff0-909a-eb5eccf12f02']",['ca6b5b9d-9915-448c-830b-7e6527422b61'],[]
73dbcb13723d122ecc56c06ccc7db8a2ac39c6dcad2615c2f2c266490a69be52110f7e004f9d0e84b0e1a18625a49ad972337ef385b0a4861c18db209916c0c2,52,"METADATA:
{
  ""parent_headings"": [
    ""# 3. 指南制订专家组""
  ]
}

CONTENT:
指南编写组成员以中国人民解放军总医院神经内科医学部人员为主，同时邀请来自全国各地的神经内科及其他相关学科专家成立指南制订专家组，包括临床医师、指南制订方法学专家、临床流行病学、药学和循证医学专家等共117名。",118,['CN 中国偏头痛急性期治疗指南（第一版）2024_1773147414'],"['d0f16997-a076-46a9-ac71-e9373ede6d81'
 '9e9e2f75-22d5-4ee1-8cca-d1a9ac40803d']",['1de7ab45-9490-4f73-b82e-00978dfe2e7a'],[]
c0caca2af0fb8858cbb39cf01ee4d38c3ec003f7557549792c64e09363931aa67c8dcf2f14082261568fd7077038dfe57d090f3067f4e73d1f4b0e554262cc1d,53,"METADATA:
{
  ""parent_headings"": [
    ""# 4. 指南注册与计划书撰写""
  ]
}

CONTENT:
本指南已在国际实践指南注册平台(http://www.guidelines-registry.cn) 注册（注册号：PREPARE-2024CN535）。指南的制订方法和步骤主要基于2022 年中华医学会发布的《中国制订/修订临床诊疗指南的指导原则（2022版）》[5] 和2014年世界卫生组织发布的《世界卫生组织指南制订手册》[6]，广泛检索和评价近年来国内外偏头痛相关研究进展及证据，并结合我国一线临床医师的实际诊疗经验及我国偏头痛诊疗现状，经过多轮专家意见调研，共同起草并议定相关诊疗推荐意见，同时依据国际医疗保健实践指南报告标准 (Reporting Items for PracticeGuidelines in Healthcare, RIGHT) 和临床指南研究与评 价 系 统 (Appraisal of Guidelines for Research andEvaluation II, AGREE II) 工具撰写全文。",329,['CN 中国偏头痛急性期治疗指南（第一版）2024_1773147414'],"['3d96cb59-0236-4102-a6cd-ce40f0854545'
 '51862798-7f77-4ff0-909a-eb5eccf12f02'
 '223cbe41-4765-483b-952c-6de48960e7f7'
 '34e931c1-a57b-4071-b06b-485bcd3b4f02'
 '4440cf6c-83cb-4283-90bf-fe6afb1a28cf']","['a906140a-c7bf-40f6-9d03-9ec6b9689411'
 'cc728721-1257-4825-9d61-f637a851d87a'
 'f77133a4-2b35-46f0-b7a4-0730ea1ce854']",[]
c094ce22b6069d49cc8e073f1a8a32d5448c92f03fc1c96cfc7ceddf997477d3aa8a461e4660fe0f75ec786bbcd9dc8f86a88f864b100b333810c5dfe2148ca6,54,"METADATA:
{
  ""parent_headings"": [
    ""# 5. 证据的检索、评价与分级""
  ]
}

CONTENT:
本指南遵循循证医学原则严格检索相关证据并进行证据质量与分级。鉴于国际头痛协会 (In-ternational Headache Society, IHS) 的 分 类 诊 断 标 准为 1988 年首次颁布，1990 年前后在我国推广，故确定检索 1988 年后发表的国外文献和 1990 年后发表的国内文献。本指南对 2024 年 3 月以前的PubMed、Medline、Cochrane、Embase 等外文数据库、中国知网 (CNKI)、维普等中文数据库进行检索，对设计严密、研究质量较高的文献进行总结分析，基于最高等级的研究数据进行证据评级，并结合指南制订专家组的一致意见，基于我国临床诊疗现状及相关诊疗措施的可行性制订相关推荐意见。按照推荐分级的评估、制订与评价 (The Grading of Recom-mendations Assessment Development and Evaluation,GRADE) 的要求将证据质量分为 4 级，采用证据到推荐表方式，结合证据质量、医疗措施的可行性与适用性、医疗成本与资源、病人价值观念与偏好等因素，经专家讨论给出2级推荐意见（见表1、图1）。",437,['CN 中国偏头痛急性期治疗指南（第一版）2024_1773147414'],['d3d2f364-00f8-4a32-ab40-eee342929470'],"['07d02a1e-af2e-47ea-9da8-3d05c5208b3b'
 'b9ca9767-6e96-4dc6-bb33-19db1b7e54d6']",[]
118c7bd305241f63fc8acc7a43be55e647e7c60b0496e3c7fa93ac7e08772d99c4d1f30dc27d341d54c191e8adaa5614e7bf6af62c894598b91d232c898d477e,55,"METADATA:
{
  ""parent_headings"": [
    ""# 6. 指南的发布、传播与更新""
  ]
}

CONTENT:
指南草案形成后，经相关学科多轮专家论证，最终确定并发布指南。指南工作组将主要通过以下方式传播与推广： $\textcircled{1}$ 在相关学术期刊发表； $\textcircled{2}$ 在国内不同地区、不同学科领域进行指南解读与学术会议宣讲，以便临床医师充分了解并正确应用本指南；$\textcircled{3}$ 通过网络或其他媒体宣传推广。本指南将根据国际指南更新报告规范 (Checklist for the Reporting ofUpdated Guidelines, Check Up) 进行定期更新，根据指南发布后相关研究证据的更新、证据更新对指南推荐意见的影响、相关药物上市状态，以及指南相关推荐意见的强度是否改变等问题，并结合临床诊疗现状完成更新，以更好地指导临床实践并形成技术规范。",290,['CN 中国偏头痛急性期治疗指南（第一版）2024_1773147414'],"['906cee26-c53d-4f2c-b495-0c51f1e25c0f'
 '72b87199-77a8-4f49-959c-4253edd3acf8']","['06117966-9861-4b9e-83a8-8ad8d814c64a'
 '92f65a20-56d9-473b-9b68-3d08038d12b7']",[]
1130ad4967afb133bbf0e642a6f8fa0041c2414d645343304b1360c1d9c162203071e1647448ff03b00480b585313245606bb7b75a806982c5f8f0ce2974de03,56,"METADATA:
{
  ""parent_headings"": [
    ""# 二、治疗目的""
  ]
}

CONTENT:
偏头痛急性期治疗的目的是快速且持续地解除头痛及相关伴随症状，恢复生活、职业、学习及社会能力，减少不良事件的发生、经济及医疗资源消耗。如果头痛发作频率较高，需结合预防治疗。",113,['CN 中国偏头痛急性期治疗指南（第一版）2024_1773147414'],"['c5f6d5c9-f8eb-4880-9972-3bb50f919e50'
 '8867eaba-c420-4807-a9b8-1b2f94fd7bb2'
 '52a27b22-b7b4-4966-9cd2-52c9e357f1f4']",,[]
9b5d6687000c0133f81778a533091cc0a229a0239e3e0d496b499a8438ae27709675065c4f39211ee02bf9bb8abaeaba0e8e221101f3443368e84b5b8152406e,57,"METADATA:
{
  ""parent_headings"": [
    ""# 三、疗效评判标准""
  ]
}

CONTENT:
常用治疗有效性的评价标准： $\textcircled{1}$ 2 小时内无疼痛； $\textcircled{2}$ 2小时内最困扰病人的伴随症状（most both-ersome symptom, MBS，即恶心、呕吐、畏光或畏声）消失； $\textcircled{3}$ 2 小时后疼痛缓解，即由中重度疼痛转为轻度或无痛； $\textcircled{4}$ 3 次发作中至少 2 次有效； $\textcircled{5}$ 治疗2 小时内头痛消失，且 24 小时或 48 小时内无头痛复发或未进一步服用镇痛药物[7]。

中国疼痛医学杂志 Chinese Journal of Pain Medicine 2024, 30 (10)

表1 证据质量分级  


<!-- TABLE_METADATA: {""type"": ""table"", ""page"": 0, ""table_idx"": 0, ""caption"": ""表1 证据质量分级"", ""footnote"": """", ""extracted_from"": ""mineru_api""} -->
<table><tr><td>证据级别</td><td>详细说明</td></tr><tr><td>证据质量分级</td><td></td></tr><tr><td>高</td><td>未来研究几乎不可能改变现有疗效评价结果的可信度</td></tr><tr><td>中</td><td>未来研究可能对现有疗效评估有重要影响，存在改变评价结果的可信度可能性</td></tr><tr><td>低</td><td>未来研究很有可能对现有疗效评估有重要影响，改变评估结果可信度的可能性较大</td></tr><tr><td>极低</td><td>任何疗效的评估都很不确定</td></tr><tr><td>推荐强度分级</td><td></td></tr><tr><td>强</td><td>明确显示干预措施利大于弊或弊大于利</td></tr><tr><td>弱</td><td>利弊不确定或无论质量高低的证据均显示利弊相当</td></tr></table>


<!-- IMAGE_METADATA: {""type"": ""image"", ""page"": 1, ""image_idx"": 0, ""caption"": ""方法学专家全程参与指导 图 1 指南制订流程"", ""context_before"": """", ""context_after"": ""四、药物治疗"", ""extracted_from"": ""mineru_api""} -->
![](images/84b2aa6e65806e4402a449b3b6db436f04993a9774f2772eca7c76ed0a8777fc.jpg)  
方法学专家全程参与指导  
图 1 指南制订流程",806,['CN 中国偏头痛急性期治疗指南（第一版）2024_1773147414'],"['7c25e444-4557-469d-9773-1b20830eafc5'
 '07ed842d-e6cc-46ee-92cb-0c29b384b55a'
 'cd6505e4-932b-4f8b-847d-a7ff14903196'
 '79e78e9a-5954-4673-a275-d1e16ec5133c'
 '822dde82-1ba0-4f3f-b01d-685da750f520'
 '92e8550b-ac92-4e2e-a8cd-6e08024ea6d3']","['337affe2-2bdb-459f-80ef-4b465413fb29'
 '7dc8b594-c5a2-4073-bdce-e659e0817ba3'
 '0505876a-fc3e-445b-901a-ebdd48be4d49'
 'b761996b-9e22-480f-a5ba-d15998b219ed']",[]
c01220242d7d3b6157eaf91fb6ad7e5f05d455441d91a2b77db0127e02b0fe7423ed15b66ae28fd3fab0125ef1b99725bfc52b50ef58fe62288f8190496b38bf,58,"METADATA:
{
  ""parent_headings"": [
    ""# 1.基本原则""
  ]
}

CONTENT:
# 1.基本原则

（1）选药原则：偏头痛急性期用药分为非特异性药物（如对乙酰氨基酚、非甾体抗炎药、含咖啡因的复方制剂）和特异性药物（如曲普坦类、吉泮类、地坦类、麦角胺类药物）。偏头痛急性期治疗首选非甾体抗炎药 (nonsteroidal anti-inflammatory drugs,NSAIDs) 或对乙酰氨基酚。若按照推荐药物的使用剂量和使用时机服药后治疗无效、仅部分有效或不能耐受，或有禁忌证的病人，则可选择特异性药物治疗，如曲普坦类 (triptans)、吉泮类 (gepants) 和地坦类 (ditans) 药物。

NSAIDs、对乙酰氨基酚、曲普坦类药物、含咖啡因类的复方镇痛药物、麦角胺类药物及含阿片的镇痛药物若持续每周用量超过 2 天，有药物过度使用风险时，推荐应用吉泮类药物治疗。对于病程早期就出现呕吐的病人，建议应用非口服制剂，如皮下注射、鼻内喷雾、栓剂或口崩片，也可联合止吐药物[8]。

对于偏头痛发作治疗成功后头痛复发（即头痛

消失后的 48 小时内再次出现了任何强度的偏头痛发作）的病人，建议服用第二剂相同的药物，注意总量不要超过每日最大剂量，如果无效，则改用另一种类别的药物；如果大多数治疗均出现头痛复发，则建议换用其他治疗方案。需要注意的是，偏头痛急性期药物治疗效果评价需用药后 2 小时进行，不建议2小时内重复给药 [8]。

急性期药物治疗是偏头痛全程管理的重要组成部分，急性期治疗效果与病人预后相关。为了更好地实现偏头痛急性期治疗目标，临床医师应根据病人的年龄、性别、病史、用药史和临床表现制订个体化用药方案。应兼顾急性期症状的快速有效控制与长期用药过程中对头痛发作频率的管理，避免反复、频繁服药，力争达到最佳治疗效果。

（2）用药时机：研究显示大部分病人头痛发作后 60 分钟内疼痛强度就已升至中-重度 [9]，此时药物反应变差，故推荐对于发作性偏头痛，无论选择何种急性期治疗，都应在头痛出现后尽早使用，以提高急性期药物的疗效，并迅速缓解失能 [10,11]。 。

慢性偏头痛存在治疗悖论，若于发作早期使用药物，会大幅增加药物过度使用性头痛 (medicationoveruse headache, MOH) 的风险，但若等到疼痛无法忍受时应用，又会降低用药的效果，目前尚缺乏针对此类病人用药时机的研究。本指南仍推荐头痛发作时尽早应用急性期药物，但尽量避免应用含阿片、巴比妥类药物，尽早启动预防治疗，降低偏头痛的发作频率。

$2 1 . 5 \%$ 的偏头痛病人存在前驱症状[12]，前驱期应用急性期药物（如曲普坦类、吉泮类）可以减少偏头痛出现的概率，显著降低治疗后 24 小时内的失能率 [13,14]。 。

由于先兆期应用曲普坦类药物治疗并未显示出更明显的治疗效果 [15,16]，以及其潜在的诱发缺血性事件的可能性，故不建议在先兆期服用曲普坦类药物，可在头痛出现时服用。NSAIDs 和吉泮类药物可在先兆期即开始服用。

（3）用药频率：偏头痛急性期用药需避免药物过度使用，若病人在应用预防性治疗的情况下仍存在药物过度使用，应调整急性期和预防性治疗方案。急性期药物及其用药频率通常为： $\textcircled{1}$ NSAIDs、对乙酰氨基酚、拉米地坦平均每周不超过 $2 \sim 3$ 天，每月不超过 10 天； $\textcircled{2}$ 曲普坦类药物平均每周不超过 2 天，每月不超过 8 天； $\textcircled{3}$ 含咖啡因的复方制剂平均每周不超过2天，每月不超过8天 [1,17,18]。

由于具有较强的药物依赖性以及较明显的不良

反应，不推荐使用麦角类、阿片类及含巴比妥类的药物，如确实需要使用，其频率应控制在：麦角类药物每月不超过 4 天；含阿片类药物每月不超过 8天；含巴比妥类药物每月不超过5天 [17~19]。

目前尚无吉泮类药物引起MOH风险的数据[20]，无明确用药频率限制。有文献报道，瑞美吉泮不仅可以控制偏头痛急性发作症状，还能有效降低偏头痛病人的头痛发作频率和 NSAIDs 及止吐药的服用天数 [21~23]，可能更适合高 MOH 风险以及 MOH 病人的急性期治疗。但由于上市时间不长，在中国人群中的疗效需要进一步验证。",2023,['CN 中国偏头痛急性期治疗指南（第一版）2024_1773147414'],"['c5f6d5c9-f8eb-4880-9972-3bb50f919e50'
 'ee08258f-7327-46f1-9459-c1bbd95e644d'
 '8867eaba-c420-4807-a9b8-1b2f94fd7bb2'
 '2d369837-9fd2-4cd4-bc6e-c6ec00c7de94'
 'e2b51cdc-bb66-4388-80c7-2c503528ad2f'
 'bec9e12f-7687-42c9-87d9-6a84c50320c8'
 '4ed8504c-8726-4713-bcc7-8b9a723b3a02'
 '545da2a4-1bb8-4191-9eb9-6c1e2306dd98'
 '68c355a0-8e8f-4c73-8c57-373ebb9c4985'
 '8ec8617f-d3b0-44f0-9d4f-1ecc352e77a4'
 '92e42688-265e-4203-902a-19615b559fcb'
 'de47c0c9-473a-44ea-8d31-73a8c89b74f7'
 'ec43d0e8-8720-4486-919d-8a87b808fb99'
 'fd28b7e2-ff46-4c3f-873d-7d902620849b'
 '13fe2ba8-ad27-4696-8fb4-7d8180755698'
 '05f8eef9-d144-455b-b6ad-50889ba85614'
 '4a7756a2-1318-4905-a2e5-f739c5412833'
 'abd6db10-c263-434a-bc9b-aa64cfe694c0'
 'cde52b68-3ed0-4ef9-810b-e071615a9f73'
 '93dbfc3d-95e9-4fd7-8a3d-d9f912a0414c'
 'cbf199de-d9d8-4b22-9b7c-1f062bef3188'
 'cc5996b9-6fef-4485-956b-4885c7820b19'
 '64ed0b2f-9b96-43db-bda5-e22fae1918cb']","['34d7eb03-b872-4876-a471-926d49bb40fa'
 'c2bb6ac1-8d7e-4542-b575-7caa668dbf04'
 '2152fb81-a343-4721-b1b6-e1816599a454'
 '27d43fe6-7afb-4b31-9127-1bc976881448'
 'b088b61c-e461-4bb6-840e-acfc9f82ed65'
 '153e41b5-c759-4c44-a74a-80c6d321662a'
 '07a0385c-8b60-48ad-9b1b-465e2d6cc5e2'
 '97dfc4c7-437b-40ea-9dcd-7851c80e5405'
 '3e311dda-e8fc-42e9-976d-b4917d0e7e34'
 '38a6200f-9473-428e-b1e4-7628bf0b6a05'
 '9a61bca4-a00e-4d50-9bc3-35b5ed545eba']",[]
f774ecc5ad11c6218cf9a5fa3956561dae8d217b440ba4206959b9b5c33aeca048a105c46772bb22452034ff8e2ac6545387df78983c45e384ec2b379e14652f,59,"METADATA:
{
  ""parent_headings"": [
    ""# 2. 非特异性药物""
  ]
}

CONTENT:
（1）NSAIDs：偏头痛急性期治疗使用最广泛的药物是 NSAIDs 口服剂型，主要包括布洛芬、双氯芬酸、阿司匹林、萘普生及塞来昔布等。其有效性已得到证实，特别是轻、中度疼痛的病人，约$7 6 \%$ 的病人可通过用药恢复正常 [24]。常见不良反应包括腹部不适（长期服用有 $1 0 \% \sim 2 5 \%$ 的病人可发生消化性溃疡或并发出血）等消化系统反应，头晕、耳鸣、感觉异常等神经系统反应，偶见引起粒细胞减少、凝血功能障碍等血液系统反应，特异体质病人也可出现皮疹、血管神经性水肿、哮喘等过敏反应，需排除禁忌证后应用。轻中度肝肾功能不全的病人应减量或延长给药间隔，中重度肝肾功能不全的病人应避免使用。NSAIDs 的缓释剂型均不适用于偏头痛急性发作的治疗。  
$\textcircled{1}$ 阿司匹林：一篇纳入13项随机对照试验(ran-domized controlled trial, RCT) 研究的系统综述显示，阿司匹林治疗偏头痛急性发作疗效显著， $9 0 0 ~ \mathrm { m g }$ 或$1 0 0 0 ~ \mathrm { m g }$ 阿司匹林可有效缓解头痛和恶心呕吐等伴随症状，其疗效与舒马普坦相当；可加用甲氧氯普胺改善恶心和呕吐等伴随症状 [24]。  
$\textcircled{2}$ 布洛芬：布洛芬是最常用的偏头痛急性镇痛药物之一。一篇系统综述显示，口服 $4 0 0 ~ \mathrm { { m g } }$ 布洛芬 2 小时后约 1/2 的病人头痛缓解，约 1/4 的病人达无痛状态[25]。  
$\textcircled{3}$ 萘普生：一篇纳入 4 项 RCT 研究的系统综述显示，萘普生不仅可缓解头痛，还对恶心、畏光及畏声有明显缓解作用[26]。  
$\textcircled{4}$ 双氯芬酸：一篇纳入 5 项 RCT 研究的系统综述显示，双氯芬酸用于偏头痛急性期治疗可迅速缓解头痛[27]。双氯芬酸引发流感样综合征较常见。  
$\textcircled{5}$ 选择性 COX-2 抑制剂：对于不能耐受非特异性环氧合酶 (cyclooxygenase, COX) 抑制剂的病人，选择性COX-2抑制剂可以作为一种替代选择。

临床试验证实塞来昔布口服溶液可显著缓解头痛[28]。一项 RCT 研究结果显示，塞来昔布胶囊 $\mathrm { 4 0 0 ~ m g ) }$ )与萘普生 $5 5 0 ~ \mathrm { m g } )$ ) 比较，对头痛的缓解程度相当，但胃痛的发生率明显小于萘普生组 [29]。塞来昔布禁用于磺胺类药物过敏、急性冠脉综合征和冠状动脉搭桥术后病人，在老年和有胃溃疡病史和/或胃肠道出血史的病人中，自发性出血、胃或肠溃疡和穿孔风险增加。

（2）对乙酰氨基酚：对乙酰氨基酚是一种较为安全且耐受性较好的药物，适用于轻、中度头痛病人。一篇纳入 10 项 RCT 研究的系统性综述证实对乙酰氨基酚 $\mathrm { 1 0 0 0 m g ) }$ 治疗偏头痛急性发作有效，且很少产生严重的不良反应。与甲氧氯普胺联合使用时，对乙酰氨基酚的疗效与口服舒马普坦 $( 1 0 0 ~ \mathrm { m g } )$ D2 小时无痛率相似，同时对畏光、畏声的缓解效果也相似 [30]。严重肝功能不全病人禁用。  
（3）含咖啡因复方制剂：虽然有充分证据表明含咖啡因的复方制剂可有效缓解偏头痛急性发作，但由于存在依赖/过度使用的风险，长期使用此类药物发展为 MOH 的风险较高，停药后可能出现戒断综合征，不建议作为轻度头痛的首选药物，使用前应关注用药频率及疗程 [31,32]。复方制剂中常含有（异）氨基比林、对乙酰氨基酚、阿司匹林、非那西丁、苯巴比妥等，使用前应关注药物成分，避免重复用药引起不良反应叠加。含苯巴比妥的复方制剂药物依赖性较高，不推荐使用。

成人偏头痛急性期口服非特异性药物治疗推荐，见表2。",1846,['CN 中国偏头痛急性期治疗指南（第一版）2024_1773147414'],"['c5f6d5c9-f8eb-4880-9972-3bb50f919e50'
 '8867eaba-c420-4807-a9b8-1b2f94fd7bb2'
 '599ef6e7-b688-4e19-80a1-0274ae6f9411'
 '1327d89e-633b-4bf1-90a9-6f8fb2d785c2'
 '65d3d7dc-e834-4a59-af35-999ce69134b8'
 'e2b51cdc-bb66-4388-80c7-2c503528ad2f'
 '5145a6db-710e-4c5c-b97d-50967b3c6861'
 'fe4b1c04-eca9-499d-8b74-fbe96a42de02'
 '5a667348-2a12-49d8-b0b6-3dee2bfd3d02'
 'e5f18b99-3f3c-4fa2-92b8-ae80cf3d30c4'
 '83bd63b1-4f41-4200-b013-c85ce73dd94a'
 'f51280e7-1b2f-4006-bd95-4865347ee07d'
 '40ceff21-0f0e-4f3d-8b22-bb51c4bfcaae'
 '118e2291-95c9-49ff-93fc-0182835da689'
 '5fe9f2b3-aa0a-4ede-bf1f-13bd030922c5']","['3bcc6366-2430-49d2-bfc3-54418a444fc5'
 '265486cc-8349-45ed-82b2-6746ba3cac76'
 '0ed92603-08c4-46c1-99a5-6db55d0052af'
 '4cbeae98-5827-4814-ad75-c481196a7d6a'
 '3a54382a-44cc-4aba-bb7c-ffd7457ed5d4'
 '578942df-2c38-468e-9eea-0a5f96d14869'
 '0994fc2d-0033-4dd2-aa61-1d2b2c996e3a'
 '30982720-63b4-4d68-bd57-e2ef09efb52f'
 '6325ce9a-c040-4995-bf9e-c6f2c8ec35d7'
 'd66d4e80-bf15-426b-bef0-a76d7afa78e1'
 'bf7b02fb-53ae-4ac1-8905-f671a2a608b3'
 '66064c26-382b-423f-8cf7-30752f401211'
 'be45003e-4b58-4bfd-896b-53dd00ee4cd9']",[]
3352eba8f84ba8640a78ca9657f477d850ca9e6d005207883d4d1591c3e8cafac7c72da89a8391fe078e518a460d5ed0fcc9ae2fabdbf3c81356ca520b3bda63,60,"METADATA:
{
  ""parent_headings"": [
    ""# 3. 特异性药物""
  ]
}

CONTENT:
（1）曲普坦类药物：曲普坦类药物为 5-羟色胺 (5-hydroxyptamine, 5-HT) $1 \mathrm { B } / 1 \mathrm { D }$ 受体激动剂 [33]。目前国内上市的口服剂型有舒马普坦、利扎曲普坦和佐米曲普坦，鼻喷剂型有佐米曲普坦。曲普坦类药物起效迅速，在头痛发作期的任何时间应用均有效，且越早应用效果越好 [33]。一项来自 53 个临床试验的荟萃分析结果表明， $1 0 0 ~ \mathrm { { m g } }$ 舒马普坦治疗后平均 2 小时头痛缓解率为 $59 \%$ （ $9 5 \%$ 置信区间$5 7 \% \sim 6 0 \%$ ），2 小时无痛率为 $2 9 \%$ $2 7 \% \sim 3 0 \%$ )，持续无疼痛（2 小时内疼痛缓解且服药后 $2 \sim 2 4$ 小时无头痛复发或无需再次使用急性药物）比例为$20 \%$ $1 8 \% \sim 2 1 \%$ )，一致性（3 次治疗发作中至少 2次有反应）比例为 $67 \%$ $( 6 3 \% \sim 7 0 \% )$ )；与 $1 0 0 ~ \mathrm { m g }$ 舒马普坦相比， $1 0 \mathrm { m g }$ 利扎曲普坦显示出更好的疗效和一致性，推荐 $1 0 ~ \mathrm { m g }$ 起始；佐米曲普坦（ $2 . 5 ~ \mathrm { m g }$ 和$5 \mathrm { m g }$ ）、利扎曲普坦 $\mathrm { ( 5 \ m g ) }$ 及舒马普坦 $\mathrm { 1 0 0 m g ) }$ 的效果相似 [34]。

曲普坦类药物禁用于缺血性心脏病、冠状动脉痉挛、缺血性卒中、短暂性脑缺血发作等缺血性心脑血管疾病的病人。另外，脑干先兆偏头痛及偏瘫型偏头痛病人禁止使用该类药物，难以控制的高血压病人也应避免使用。曲普坦类药物通常耐受性良好，小部分病人可能会出现异常感觉（如面部潮红、发热或憋闷感等）[35]。同时使用曲普坦类药物和选择性 5-HT 再摄取抑制剂 (SSRI)、选择性 5-HT-去甲肾上腺素再摄取抑制剂 (SNRI)及其他能提高突触间5-HT水平的药物有出现 5-HT 综合征的风险，虽然目前

表2 成人偏头痛急性期口服非特异性药物治疗推荐  


<!-- TABLE_METADATA: {""type"": ""table"", ""page"": 0, ""table_idx"": 1, ""caption"": ""表2 成人偏头痛急性期口服非特异性药物治疗推荐"", ""footnote"": ""*含咖啡因的复方制剂有效性高，但长期使用发展为MOH 的风险较高，需密切监测使用频率。"", ""extracted_from"": ""mineru_api""} -->
<table><tr><td>药物及治疗方式</td><td>单次推荐剂量 (mg)</td><td>每日最大剂量 (mg)</td><td>证据级别</td><td>推荐等级</td><td>注意事项</td></tr><tr><td>非甾体抗炎药</td><td></td><td></td><td></td><td></td><td></td></tr><tr><td>阿司匹林[24]</td><td>300~1000</td><td>4000</td><td>高</td><td>强</td><td></td></tr><tr><td>布洛芬[25]</td><td>400</td><td>800</td><td>高</td><td>强</td><td>不良反应:胃肠道反应、消化道出血、消化道溃疡、皮疹、肝损伤、粒细胞减少等</td></tr><tr><td>萘普生[26]</td><td>500~550</td><td>1250</td><td>高</td><td>强</td><td rowspan=""3"">禁忌证:对此类药物过敏、消化道出血穿孔、严重肝肾功能不全</td></tr><tr><td>双氯芬酸[27]</td><td>50~100</td><td>150</td><td>高</td><td>强</td></tr><tr><td>塞来昔布[28]</td><td>200</td><td>400</td><td>中</td><td>弱</td></tr><tr><td>乙酰苯胺类解热镇痛药</td><td></td><td></td><td></td><td></td><td></td></tr><tr><td>对乙酰氨基酚[30]</td><td>1000</td><td>2000</td><td>高</td><td>强</td><td>不良反应:皮疹、荨麻疹、药热、粒细胞减少等。长期大量使用易导致肝损伤禁忌证:严重肝肾功能不全,本品过敏者</td></tr><tr><td>含咖啡因的复方制剂*</td><td></td><td></td><td></td><td></td><td></td></tr><tr><td>对乙酰氨基酚/阿司匹林/咖啡因[31]</td><td>1片</td><td>2片</td><td>高</td><td>强*</td><td>不良反应:同阿司匹林及对乙酰氨基酚</td></tr></table>

*含咖啡因的复方制剂有效性高，但长期使用发展为MOH 的风险较高，需密切监测使用频率。

研究表明出现的概率很低（发病率小于1/10,000 人年暴露）[36]，但仍须慎用。

（2）吉泮类药物：吉泮类药物为小分子降钙素基因相关肽 (calcitonin gene-related peptide, CGRP) 受体拮抗剂，其脂溶性较低，不易透过血脑屏障[37]。与曲普坦类药物相比，无血管收缩和导致 MOH 的风险 [38]，循证医学证据表明吉泮类药物包括瑞美吉泮 (rimegepant)、乌布吉泮 (ubrogepant) 和扎维吉泮(zavegepant)，可用于成人有或无先兆偏头痛的急性期治疗。

瑞美吉泮已在我国完成临床试验并获批上市，研究证实其在偏头痛急性期治疗中有效 [39,40]，口崩片剂型起效快，即使出现呕吐，也不会影响药物的吸收。持续 52 周的急性期按需治疗可在控制偏头痛急性发作的基础上，有效降低头痛发生频率和服药片数，同时可持续改善病人生活质量 [22]。扎维吉泮为鼻腔喷雾剂型，15分钟起效，可快速改善偏头痛急性发作症状，总体安全性良好[41]，更适合需要迅速起效或伴严重恶心、呕吐的病人。瑞美吉泮和扎维吉泮均达到 $2 \sim 4 8$ 小时无痛终点，作用持续。乌布吉泮同样可显著改善病人头痛发作[42]，且在前驱期使用能够更有效地减少服药后24小时和48小时内头痛的发生[14]。使用乌布吉泮治疗52周，安全性和耐受性",2594,['CN 中国偏头痛急性期治疗指南（第一版）2024_1773147414'],"['c5f6d5c9-f8eb-4880-9972-3bb50f919e50'
 '7c25e444-4557-469d-9773-1b20830eafc5'
 '07ed842d-e6cc-46ee-92cb-0c29b384b55a'
 '8867eaba-c420-4807-a9b8-1b2f94fd7bb2'
 '599ef6e7-b688-4e19-80a1-0274ae6f9411'
 '1327d89e-633b-4bf1-90a9-6f8fb2d785c2'
 '65d3d7dc-e834-4a59-af35-999ce69134b8'
 'e2b51cdc-bb66-4388-80c7-2c503528ad2f'
 'f14e4999-0be7-4428-8f98-488d5518439b'
 '545da2a4-1bb8-4191-9eb9-6c1e2306dd98'
 'f8bca620-6c35-47f5-8315-792dc1e86a9f'
 '822dde82-1ba0-4f3f-b01d-685da750f520'
 '92e8550b-ac92-4e2e-a8cd-6e08024ea6d3'
 '05f8eef9-d144-455b-b6ad-50889ba85614'
 '5a667348-2a12-49d8-b0b6-3dee2bfd3d02'
 'e5f18b99-3f3c-4fa2-92b8-ae80cf3d30c4'
 '83bd63b1-4f41-4200-b013-c85ce73dd94a'
 '672b065c-f3ef-4bf7-a1d6-bd58bf3cc96b'
 'b0fe4d0e-bde5-4e81-aaa8-74aaced5ed07'
 'c8091bb6-6255-4866-a6ed-d8cf7b74b088'
 'b7e1b75e-3d2b-4edf-a697-4c3020a712fc'
 '78c6b2ab-1cdf-4a61-93c8-f0e2920ebd01'
 '522264ef-7fba-4a27-b206-e7d86ff360c4'
 '0a784197-0f60-41cd-aa93-27e5c9e059bb']","['226be0fc-b16e-43c2-aac3-ae60172e7cae'
 'c7c47751-b4d9-41a6-bf40-83f16be73556'
 '45b64b17-7173-43a4-9470-c5c5a4287b5f'
 '4ac3a494-5b43-48b7-bebe-29386ccc225f'
 '9817bd94-104c-4d17-b1e3-ee7229179cfd'
 '403c65e9-649b-451b-95b7-dd3001967fc2'
 'fdb1a3a8-39c7-4180-81bc-f2cd925be245'
 'a0cf725a-55ea-43f4-9e6d-8dc8b4650c75'
 '16edb801-77c5-4e72-b2c7-463e6a70a3bf'
 '6c89c6c3-b034-4bb6-8548-c2a51a4b1d75'
 'fd9563c1-d30e-4f26-ade8-5003c99fecf5'
 'bfeb2010-ad48-411a-a831-86cf5e88331c'
 'acacc055-883b-4911-bd0f-e0c2c0b41a42']",[]
ede3004f346fbf57178f109ccc246e3bc4937d91f3d8b4e360bb31965da2efe4d9269ff0f33f06a316cd47f9c5fcdcd614dd46895241fb926660d433e9caa6ab,61,"METADATA:
{
  ""parent_headings"": [
    ""# 3. 特异性药物""
  ]
}

CONTENT:
良好[43]。吉泮类药物最常见的不良反应为恶心。

（3）地坦类药物：地坦类药物为 ${ 5 { \mathrm { - } } \mathrm { H T } _ { 1 \mathrm { F } } }$ 受体激动剂 [44]，主要为拉米地坦，与曲普坦类药物的靶受体不同， ${ 5 { \mathrm { - } } \mathrm { H T } _ { \mathrm { 1 F } } }$ 受体不在人冠状动脉表达 [45]，故不存在曲普坦类药物收缩冠状动脉的不良反应 [46]。目前已有多项临床试验证明拉米地坦治疗偏头痛急性发作的有效性以及在心脑血管方面的安全性[47,48]。需要注意的是，地坦类药物存在中枢抑制作用。因此，建议服药后至少 8 小时内不要危险作业（如驾驶车辆、机械操作、游泳等）；同时，该药物有导致 MOH 的风险 [49]。  
（4）麦角胺类药物：麦角胺类药物也有非选择性 5-HT 受体激动作用，是最早用于偏头痛急性期治疗的特异性药物 [50,51]；但由于严重的恶心、频繁或长期使用可导致腹膜后和胸膜纤维化等不良反应，且有较强的药物过度使用风险，目前临床上已经很少使用，只有在所有推荐的安全性更好地急性期治疗都失败后方可选用[18,52]。

成人偏头痛急性期特异性药物治疗推荐，见表3。

4. 止吐剂

甲氧氯普胺、氯丙嗪、异丙嗪等止吐药与多潘立酮等促胃动力药不仅能缓解偏头痛伴随症状，还有利于其他药物的吸收和头痛的治疗。甲氧氯普胺

表3 成人偏头痛急性期特异性药物治疗推荐  


<!-- TABLE_METADATA: {""type"": ""table"", ""page"": 0, ""table_idx"": 2, ""caption"": ""表3 成人偏头痛急性期特异性药物治疗推荐"", ""footnote"": ""* 仅推荐国内上市药物及剂型，非上市未推荐  & 部分新型药物目前未在国内上市，由于无确切的中文名称，故为音译。"", ""extracted_from"": ""mineru_api""} -->
<table><tr><td>药物及治疗方式</td><td>每次推荐剂量 (mg)</td><td>每日最大剂量 (mg)</td><td>证据级别</td><td>推荐等级</td><td>注意事项</td></tr><tr><td>曲普坦类*</td><td></td><td></td><td></td><td></td><td></td></tr><tr><td>舒马普坦（口服）[53]</td><td>25~100</td><td>200</td><td>高</td><td>强</td><td>不良反应：疲劳、虚弱、感觉迟钝、心悸、</td></tr><tr><td>利扎曲普坦（口服）[33]</td><td>5~10</td><td>30</td><td>高</td><td>强</td><td>面红、呼吸困难、高血压、胸痛、腹泻、呕吐</td></tr><tr><td rowspan=""2"">佐米曲普坦（口服）[54]</td><td rowspan=""2"">2.5~5</td><td rowspan=""2"">10</td><td rowspan=""2"">高</td><td rowspan=""2"">强</td><td>严重不良事件：心肌梗死、心律失常、脑</td></tr><tr><td>卒中</td></tr><tr><td>佐米曲普坦（鼻喷）[54]</td><td>2.5~5</td><td>15</td><td>高</td><td>强</td><td>禁忌证：冠心病、缺血性卒中、缺血性外周血管疾病、控制不佳的高血压、与单胺氧化酶抑制剂合用、严重肝损害</td></tr><tr><td>吉泮类</td><td></td><td></td><td></td><td></td><td></td></tr><tr><td>瑞美吉泮（口崩）[39,40]</td><td>75，按需服用</td><td>24小时内不超过75mg；每30天使用超过18次的安全性尚未建立</td><td>高</td><td>强</td><td>不良反应：恶心</td></tr><tr><td>乌布吉泮（口服）&amp;[42,55]</td><td>50或100，首剂后至少间隔2小时可加服1剂</td><td>24小时内使用总剂量不超过200mg；每30天使用超过8次的安全性尚未明确</td><td>高</td><td>强</td><td>不良反应：恶心、嗜睡、口干和头晕</td></tr><tr><td>扎维吉泮（鼻喷）&amp;[41]</td><td>10</td><td>24小时最大剂量为10mg；每30天内使用超过8次的安全性尚未确定</td><td>高</td><td>强</td><td>不良反应：味觉障碍和味觉钝化、恶心、鼻腔不适、呕吐</td></tr><tr><td>地坦类（口服）</td><td></td><td></td><td></td><td></td><td></td></tr><tr><td>拉米地坦&amp;[47]</td><td>50或100或200</td><td>24小时内不超过200mg；每30天使用超过4次的安全性尚未建立</td><td>高</td><td>强</td><td>不良反应：驾驶能力损害、中枢神经系统抑制、嗜睡</td></tr></table>

* 仅推荐国内上市药物及剂型，非上市未推荐   
& 部分新型药物目前未在国内上市，由于无确切的中文名称，故为音译。

（ $1 0 ~ \mathrm { m g }$ 肌内注射或口服）可用于治疗伴有严重恶心呕吐的头痛病人，与偏头痛急性期镇痛药物联合使用可明显改善伴随症状，需注意其可能的锥体外系不良反应，以及困倦、头晕等不良反应 [56]。多潘立酮（ $2 0 ~ \mathrm { m g }$ 口服）与 NSAIDs 联合使用也可缓解恶心症状 [30]，但可能引起小幅增加室性心律失常和心源性猝死风险。异丙嗪（ $2 5 ~ \mathrm { m g }$ 肌内注射）镇痛/镇吐的效果与甲氧氯普胺相当 [57]，其主要不良反应包括困倦、锥体外系症状、感觉异常、口干、恶心、胸部不适和腹痛。在使用止吐药物的同时静脉给予苯海拉明 $( 1 2 . 5 \sim 2 5 ~ \mathrm { m g } )$ )，可防止出现静坐不能和急性肌张力障碍反应 [58]。昂丹司琼是一种 ${ 5 { \mathrm { - } } \mathrm { H T } _ { 3 } }$ 受体拮抗剂，目前其治疗偏头痛发作伴呕吐症状的证据有限，但推荐用于周期性呕吐综合征病人的急性期治疗 [59]。 。",2495,['CN 中国偏头痛急性期治疗指南（第一版）2024_1773147414'],"['c5f6d5c9-f8eb-4880-9972-3bb50f919e50'
 '7c25e444-4557-469d-9773-1b20830eafc5'
 '8867eaba-c420-4807-a9b8-1b2f94fd7bb2'
 '5145a6db-710e-4c5c-b97d-50967b3c6861'
 'f14e4999-0be7-4428-8f98-488d5518439b'
 '4ed8504c-8726-4713-bcc7-8b9a723b3a02'
 '545da2a4-1bb8-4191-9eb9-6c1e2306dd98'
 'f8bca620-6c35-47f5-8315-792dc1e86a9f'
 '822dde82-1ba0-4f3f-b01d-685da750f520'
 'de47c0c9-473a-44ea-8d31-73a8c89b74f7'
 'fd28b7e2-ff46-4c3f-873d-7d902620849b'
 '13fe2ba8-ad27-4696-8fb4-7d8180755698'
 '83bd63b1-4f41-4200-b013-c85ce73dd94a'
 'b0fe4d0e-bde5-4e81-aaa8-74aaced5ed07'
 'b7e1b75e-3d2b-4edf-a697-4c3020a712fc'
 'aa6a2b04-6f9d-473c-bc21-b77ec33692bd'
 'd446b0a9-fbd5-4e9e-92d4-68da78e6b6a7'
 '0f3d1756-487a-44cf-a087-0b85c6530a92'
 '92f44a9e-ba85-4a03-a51a-2bb53aa1be55'
 'fc8f3fea-690f-43f5-b79a-b2845750366d']","['030fa8ab-87cd-4043-85c3-705d374946db'
 '41715223-aaae-4009-846b-1c631d57aece'
 '25c979bc-94d7-4f1f-bb63-31a003b48295'
 'ad45b6bd-0a06-40e9-8d83-e80d17828346'
 '0f7cab0b-dcb5-4e87-adc5-5cd37c9e691d'
 '48943eba-1526-41be-8083-921ff4147768'
 'f61ebff2-576d-4a42-a2d6-1e577b644332'
 'c5d8d0a1-6cca-4d8e-b54d-4d78f8121ef4'
 'a9407d43-0f9b-43b1-ac84-880773e44706']",[]
f234e124dc5783cb0747886716e4ecf14c3e480669de8bf4513a70f4d0019343739bda38aba548f7aeadfb80ebb4169f3525b6a0d1100b3e7540440b2e727fed,62,"METADATA:
{
  ""parent_headings"": [
    ""# 五、非药物治疗""
  ]
}

CONTENT:
头痛的自我管理非常重要，包括生活方式的调整、避免诱发因素等。目前有许多非药物疗法也可以用于偏头痛急性期治疗 [60]，这些疗法可以与药物联合使用，也可以在病人对常规药物治疗不耐受或存在药物禁忌时单独应用。主要包括远隔神经调控、经颅磁刺激、迷走神经刺激、三叉神经刺激、枕-三叉神经联合刺激等神经调控治疗，以及针刺 [61]、催眠、生物反馈和认知行为疗法等 [62]。偏头痛急性期非药物治疗推荐，见表4。",265,['CN 中国偏头痛急性期治疗指南（第一版）2024_1773147414'],"['c5f6d5c9-f8eb-4880-9972-3bb50f919e50'
 '8867eaba-c420-4807-a9b8-1b2f94fd7bb2'
 '4fdbff3b-8fb9-4242-b878-952ab619daf4'
 'ee64591f-76e8-4f6f-abf7-f6a2705b7f49'
 '4790ac3e-dfed-42eb-8924-305202387a12'
 'c3347e3c-c7a6-4669-a9df-84810d21e69c'
 'b0497930-a6cb-4745-b64a-26a487a2bcd0'
 '32e7fe57-1057-4d5b-a6a2-f452cf7d85f6'
 '77313625-08ba-4665-8794-d38f40cd7366'
 '0e0dcd8e-855b-4482-b473-a2a3b9eb89de'
 '95c2221c-a8d4-4c4b-92c4-2d0063b59b45'
 '4374608b-4534-4cbd-bf47-872ce9a7e52e']","['bb74ebfe-cff9-4ff7-9b03-60484e1fb12a'
 'a5deb524-808f-4f75-889f-42293745bd58'
 '29af767b-c9fe-4598-a4ff-5af247771c9d'
 'c83f0fae-f5f7-4b81-a2a7-88d94b4ee606'
 '40d64f57-a550-45ac-8ff2-fb439e5736a8'
 'fdf84868-eaa8-4b43-96f4-f4f024ce0b04'
 'cff45b3a-f21b-43b7-b5ec-914653f31053'
 '589a9805-0eb2-4ef1-a5e7-8f0439a242c7'
 '2dd1bd4f-9985-438d-8be8-b4186f1fd157'
 'be0cc117-c686-401c-97dc-910040d29f40'
 'c2720269-8691-483a-b7ff-cc154aad94b3'
 'e2b62756-ef81-4616-9380-35ea1852ef14'
 '5bcf4238-dbf9-462f-a2e7-5161cc5739b0'
 '30a9f8b4-3ae2-4ffa-8313-71fa73dfc877'
 'c725e42d-4c6e-4118-b56f-e60da6a30e9c']",[]
324e05cb98516ebf59b3f3abd2df7e50a2b035297a48a4083fbd34fd3c72c8d6b25f4e6dc2234b81b6a1d6ad73272dcb7501da75305ce73bde190f882d34b840,63,"METADATA:
{
  ""parent_headings"": [
    ""# 1. 神经调控治疗""
  ]
}

CONTENT:
（1）远隔神经调控 (remote electrical neuromod-ulation, REN)：REN 通过施加微弱的电脉冲刺激上臂中的伤害性感觉纤维，使其激发自身的下行疼痛抑制通路，从而抑制偏头痛发作时三叉神经颈复合体的疼痛传入。真实世界研究及 RCT 研究均证实了 REN 在偏头痛急性发作治疗中的有效性及安全性 [63,64]。在一项纳入 252 名成人偏头痛病人的多中心 RCT 研究中，头痛发作 1 小时内进行 REN 设

备治疗 $3 0 \sim 4 5$ 分钟，治疗后 2 小时疼痛缓解率为$6 6 . 7 \%$ ，明显高于假刺激对照组 $( 3 8 . 8 \% )$ ，且治疗组对头痛的缓解可持续至治疗后的48小时[64]。REN在缓解头痛的同时也能够减少镇痛药物的使用和随之而来的药物过度使用风险 [65]，局部感觉异常是最常见的不良反应[64]。

（2）单脉冲经颅磁刺激 (single-pulse transcra-nial magnetic stimulation, sTMS)：TMS 的治疗原理是根据法拉第电磁感应，通过线圈产生的磁场穿透颅骨并在相应的大脑皮质中诱发微小的感应电流，从而调节神经功能。多项研究对 sTMS 治疗无先兆及先兆偏头痛急性发作的有效性及良好耐受性提供了有力证据 [66]。一项多中心 RCT 研究纳入 164 名有先兆偏头痛病人，随机分为接受便携式 sTMS 治疗组及假刺激组，sTMS 组的 2 小时无痛率 [32/82$( 3 9 \% ) ]$ 显著高于假刺激组 [18/82 (22%)]，且持续无痛率在治疗后 24 小时和 48 小时仍显著高于假刺激组。主要不良反应为诱发癫痫发作、头皮感觉异常及听力损害[67]。  
（3）非侵入性迷走神经刺激 (non-invasive vagusnerve stimulation, nVNS)：nVNS 是一种轻盈、便携、无创性的迷走神经调控装置。一项 RCT 研究结果显示在 nVNS 治疗后 30 分钟及 60 分钟时头痛缓解率显著升高 [68]。最新的荟萃分析对 6 项试验共 983名病人进行分析，证实了迷走神经刺激治疗偏头痛的有效性 [69]。主要不良反应包括刺激部位皮肤的疼痛感、接触部位皮肤过敏、口唇或面部抽搐及味觉异常。  
（4）三叉神经电刺激 (electrical trigeminal nervestimulation, eTNS)：目前 eTNS 治疗仪已广泛用于偏头痛急性期治疗，一项多中心RCT 研究纳入 106名无先兆偏头痛及有先兆偏头痛病人，研究结果显示 eTNS 治疗 1 小时后可显著缓解头痛程度 [70]。另一项研究显示，使用该仪器 12 周后病人依从性仍

表4 偏头痛急性期非药物治疗推荐  


<!-- TABLE_METADATA: {""type"": ""table"", ""page"": 0, ""table_idx"": 3, ""caption"": ""表4 偏头痛急性期非药物治疗推荐"", ""footnote"": """", ""extracted_from"": ""mineru_api""} -->
<table><tr><td>治疗方式</td><td>治疗部位</td><td>证据级别</td><td>推荐等级</td><td>不良反应</td></tr><tr><td>远隔神经调控[64,65]</td><td>上臂感觉纤维</td><td>高</td><td>强</td><td>局部皮肤刺痛不适</td></tr><tr><td>单脉冲经颅磁刺激[66,67]</td><td>枕叶皮质</td><td>高</td><td>强</td><td>诱发癫痫发作、头皮刺痛/灼热感、听力损害</td></tr><tr><td>迷走神经刺激[69]</td><td>颈部迷走神经</td><td>高</td><td>强</td><td>刺激部位皮肤的疼痛感、接触部位皮肤过敏、口唇或面部抽搐及味觉异常</td></tr><tr><td>三叉神经电刺激[70]</td><td>眶上神经、滑车上神经</td><td>高</td><td>强</td><td>局部不适、前额皮肤刺痛感、嗜睡、疲劳、失眠及刺激后头痛</td></tr><tr><td>枕-三叉神经联合刺激[72]</td><td>枕神经及三叉神经的眶上和滑车上分支</td><td>高</td><td>强</td><td>枕部及前额皮肤刺痛感、嗜睡、疲劳</td></tr><tr><td>针刺治疗[61]</td><td>百会穴、风池穴</td><td>中</td><td>弱</td><td>头晕、恶心、出汗、心慌、局部感染</td></tr></table>

高达 $90 \%$ ，偏头痛的发作次数及急性发作期药物摄入量均明显减少，故被认为是一种安全且耐受性较高的偏头痛治疗手段 [71]。此设备最常见的不良反应是电刺激引起的局部不适，部分病人有前额皮肤刺痛感、嗜睡、疲劳、失眠及刺激后头痛。

（5）枕-三叉神经联合刺激 (combined occipitaland trigeminal neurostimulation, COT-NS)：枕-三叉神经联合刺激仪是一种能够实现体外联合刺激枕神经、眶上神经和滑车上神经的仪器，可用于偏头痛急性期治疗。已有RCT研究评价其治疗发作性偏头痛和慢性偏头痛急性发作的效果，结果表明在偏头痛急性发作 45 分钟内接受 $4 0 \sim 8 0$ 分钟的治疗，可以显著缓解偏头痛发作开始后 1 小时、2 小时和 24小时的头痛程度 [72]。",2311,['CN 中国偏头痛急性期治疗指南（第一版）2024_1773147414'],"['c5f6d5c9-f8eb-4880-9972-3bb50f919e50'
 '7c25e444-4557-469d-9773-1b20830eafc5'
 '07ed842d-e6cc-46ee-92cb-0c29b384b55a'
 '786aee20-368c-47af-a372-405ce47433b1'
 'c514bd28-682f-421b-adfe-90a509606492'
 'ee08258f-7327-46f1-9459-c1bbd95e644d'
 '8867eaba-c420-4807-a9b8-1b2f94fd7bb2'
 '822dde82-1ba0-4f3f-b01d-685da750f520'
 '92e8550b-ac92-4e2e-a8cd-6e08024ea6d3'
 '68c355a0-8e8f-4c73-8c57-373ebb9c4985'
 'ee64591f-76e8-4f6f-abf7-f6a2705b7f49'
 '32e7fe57-1057-4d5b-a6a2-f452cf7d85f6'
 'f66745a3-d094-4b42-8267-17359cd3be4f'
 '81046c94-5b2d-41f0-bb4e-35bc4ae204a8'
 '0597df2a-82e0-4817-8555-5a161c5f328e'
 '6085507d-6cd0-4b04-bb2f-bbfe677f2e0b'
 'ec31cd76-05d8-42b3-bdaa-df994639dbaa'
 '9068c54c-7713-4c0c-a512-287a42a0ece2'
 'ee822c99-984a-40a3-a52d-0170a44cf5d6']","['bb74ebfe-cff9-4ff7-9b03-60484e1fb12a'
 '9fa3e7b8-75e9-4eda-83f3-1d534b675054'
 'f7c5fe67-dbb4-4acc-a485-25197dfd4a0c'
 '0d2bc878-2084-4522-a78b-ace7bef1b918'
 '32f5535c-f9be-4b89-bc7a-a2c3d8fa2a34'
 '794a97be-b510-4f63-8985-5da4f96ebe4f'
 '49aed929-2d51-4b25-aaa2-a87f10f30565'
 'f5623f8e-4557-4050-83ed-b6d97c570cc3'
 '82c7850d-58dd-4d52-936b-a586e924a31e'
 '35202514-1e1c-4962-8a2d-883ee7acc163'
 '1d10b80f-1533-411b-9d54-4446c69e43e4']",[]
a2de2acf9a31b99739527ed05a228296f40e8f6a500099e61b04f2ed19140c20f629655b73848f330d0df55707f48e4c0601eabc3608f52134475dbc71419e9a,64,"METADATA:
{
  ""parent_headings"": [
    ""# 2. 针刺治疗""
  ]
}

CONTENT:
目前，有关针刺治疗急性期偏头痛的证据质量不高 [73]。2016 年发表的 Cochrane 综述表明，如果将针刺用作急性期药物的辅助治疗，可能会降低发作性偏头痛病人的头痛频率 [74]。2023 年我国发表的一项系统综述和荟萃分析结果显示，与假治疗组相比，针刺可能在偏头痛的急性期治疗中有效[61]。针刺可在偏头痛急性期作为辅助治疗，但其疗效仍需进一步高质量研究验证。",219,['CN 中国偏头痛急性期治疗指南（第一版）2024_1773147414'],"['c5f6d5c9-f8eb-4880-9972-3bb50f919e50'
 '8867eaba-c420-4807-a9b8-1b2f94fd7bb2'
 '68c355a0-8e8f-4c73-8c57-373ebb9c4985'
 '6085507d-6cd0-4b04-bb2f-bbfe677f2e0b'
 '536602bf-2a7a-4f4c-ba37-9871b6ec28ca']","['f7c5fe67-dbb4-4acc-a485-25197dfd4a0c'
 '92e0b471-9382-4310-ae04-5a83d8c4b5d1'
 '5cb5bfde-7f85-45a4-9520-9f976b0f7dd3'
 '62f48958-d389-4112-bac2-efd4a00076c4']",[]
9b33fd76a5e68a032ef4110cdcedf43bab5889fa6a85227d2b3cdf681683caed3334e7a701b9082a321eed3ead839a6ddd6573921141bbde60fd3fdbe876e49f,65,"METADATA:
{
  ""parent_headings"": [
    ""# 六、偏头痛持续状态及急诊就医的偏头痛治疗""
  ]
}

CONTENT:
偏头痛持续状态定义为偏头痛发作持续时间超过 72 小时并伴随体力虚弱，其治疗方案缺乏充足的证据支持。一项小样本研究提示，在给予常规的急性期治疗（各种给药形式的 NSAIDs、曲普坦类药物、含咖啡因的复方镇痛药、吉泮类药物及对乙酰氨基酚等）基础上仍无法终止疼痛，可尝试口服或静脉应用糖皮质激素类药物（如地塞米松）[75]、静脉应用丙戊酸钠 [76] 或周围神经阻滞[77] 治疗。

偏头痛先兆延长指先兆持续时间大于 1 小时但小于 1 周，先兆持续状态指先兆持续等于或大于 1周（不伴有脑梗死）。若病人出现此类症状，首先需要排除急性脑卒中及癫痫发作。目前仅有少量个案报道提示氯胺酮鼻腔给药[78]、静脉应用呋塞米[79]和镁剂 [80] 对偏头痛的先兆延长有效，口服乙酰唑胺 [81]、口服呋塞米 [82] 或联合拉莫三嗪 [83] 对先兆持续状态可能有效。由于现有证据有限，目前尚无法给出明确的药物推荐。

急诊接诊的头痛病人，需首先排除继发性头痛。当头痛考虑为偏头痛且程度剧烈、难以缓解，可给予静脉 NSAIDs [84]（如布洛芬注射液、酮咯酸），或乙酰水杨酸（如赖氨匹林），同时也可联合多巴

胺受体拮抗剂（如甲氧氯普胺、氯丙嗪等）[8]。应用药物时需确定有无新近出现的消化道出血、冠心病、缺血及出血性脑卒中等禁忌证。若病人伴随呕吐，可联合使用上述多巴胺受体拮抗剂，同时应监测并维持体液平衡和电解质稳定，适当进行补液治疗[85]。偏头痛病人的就诊环境尽量保持安静。",835,['CN 中国偏头痛急性期治疗指南（第一版）2024_1773147414'],"['8867eaba-c420-4807-a9b8-1b2f94fd7bb2'
 '9d3c2661-1151-4a6f-a939-fe48b78e4c34'
 'e2b51cdc-bb66-4388-80c7-2c503528ad2f'
 '5145a6db-710e-4c5c-b97d-50967b3c6861'
 '8fec9e94-e0e9-4c89-877f-ccbe997a65c0'
 'fe4b1c04-eca9-499d-8b74-fbe96a42de02'
 '672b065c-f3ef-4bf7-a1d6-bd58bf3cc96b'
 'c8091bb6-6255-4866-a6ed-d8cf7b74b088'
 '72fb5dd2-1e63-4f02-bc07-9f864fab4fbd'
 '2b56327b-06c7-4d7a-af6e-e3421afa6b3e'
 'ec1aabb4-1d1a-4856-ae08-9b89df1f4f9d'
 '682aaaf3-8845-4a14-a230-710365d78675'
 '16424012-bd10-43b1-97c7-1be3d67cf133'
 '1c2b0097-59c0-4f3a-80a5-11ec921c7677'
 '2a30e290-4bcd-40d6-8f19-0995c603924d'
 '02a31426-53f8-4465-9eb2-624bcdcb5e20'
 'b2302c9a-81e5-44ad-b2ce-ff97b00cbfdf'
 '4a8aea04-eb46-4b95-8a33-d02d39a09eda'
 '6cafb27e-bc62-46f5-860d-98774173d8a1'
 '6a7784bc-ed8c-4abf-9cb2-e4501e5ed131'
 '4e87248d-8972-45c4-b4bd-e54450551a8c'
 '941a1c26-46ea-4894-a9f0-e431662cad1d'
 'bb560527-d5b1-403a-84f5-f51cd08bde51'
 '9603fefd-9820-45e8-9569-3c89bd5b1565'
 'aa7106d3-8452-4cea-99e2-ff748b0627fc'
 '1bce0cdd-740c-4409-a78b-78d6cc9b2563'
 '6cf73697-8b06-4214-9861-e1ca284f5704'
 '15fdf3e0-2ba3-42e6-9458-2ac1a041dfa2'
 '25e1d68b-6c72-496c-8cdc-615df8f2c810'
 '35778154-91ae-427d-b160-5a63a0adcb3d'
 '7a4dda6a-448a-4550-be45-a2f40203e475']",,[]
c36e8fb29051175ed7d04bcfd393b599d986674bccfcbc008273d791e9b2ae5ed0359af6c9190422bb219b73ff6cf1726e092e84bde9fcc196c168529c7851ef,66,"METADATA:
{
  ""parent_headings"": [
    ""# 1. 妊娠、哺乳期病人治疗""
  ]
}

CONTENT:
# 1. 妊娠、哺乳期病人治疗

妊娠期和哺乳期的急性期偏头痛治疗首选非药物治疗。若非药物治疗效果不佳，妊娠期药物治疗首选对乙酰氨基酚 [86]，但建议尽可能减少使用频率，尤其在孕晚期 [87]。曲普坦类药物在妊娠期使用的研究有限，基于人群和登记的研究显示应用曲普坦类药物不增加出生缺陷比例，其中舒马普坦导致出生缺陷发生率为最低 [88]，推荐为二线治疗 [89]。NSAIDs（如布洛芬、阿司匹林和萘普生）仅可用于妊娠中期。由于前列腺素对胚胎植入至关重要，对计划怀孕的女性不推荐使用 NSAIDs [90]。若伴随恶心或呕吐，或疼痛缓解不充分，可联合甲氧氯普胺治疗 [56]。外周神经阻滞（利多卡因、罗哌卡因）是安全可行的 [91]。

哺乳期药物治疗首选对乙酰氨基酚、布洛芬和双氯芬酸 [92]。因曲普坦类药物的蛋白结合程度高，乳汁中浓度低，可作为 NSAIDs 效果不佳的次要选择 [93]，舒马普坦是最常用的药物。因神经阻滞所用药物不会大量进入乳汁，可以进行周围神经阻滞[93]。在新的证据出现前，CGRP 相关的单克隆抗体和受体拮抗剂应避免在哺乳期使用。",618,['CN 中国偏头痛急性期治疗指南（第一版）2024_1773147414'],"['c5f6d5c9-f8eb-4880-9972-3bb50f919e50'
 '599ef6e7-b688-4e19-80a1-0274ae6f9411'
 '1327d89e-633b-4bf1-90a9-6f8fb2d785c2'
 '65d3d7dc-e834-4a59-af35-999ce69134b8'
 'e2b51cdc-bb66-4388-80c7-2c503528ad2f'
 '5145a6db-710e-4c5c-b97d-50967b3c6861'
 'de47c0c9-473a-44ea-8d31-73a8c89b74f7'
 'fe4b1c04-eca9-499d-8b74-fbe96a42de02'
 '5a667348-2a12-49d8-b0b6-3dee2bfd3d02'
 '83bd63b1-4f41-4200-b013-c85ce73dd94a'
 '5464050e-6bab-435f-86de-d74774b89259'
 '8ceccb5b-aacf-45fa-8c8e-bf68dbc5cb90'
 '0b2d8574-9068-4e7c-95e6-426e0aa138c4'
 'bf442d21-15ae-4c7d-92e2-ae3898be786d'
 'ab7f1fa1-4680-4636-b8a0-f556bf67482f'
 '3a5834dd-2726-4653-8ded-9c872c34708b'
 '2581c82d-d6f4-4f46-85a4-b28b69b67b89'
 '2eccbea5-2961-4867-ac9c-ee329377ef59']","['4cbeae98-5827-4814-ad75-c481196a7d6a'
 '3a54382a-44cc-4aba-bb7c-ffd7457ed5d4'
 '30982720-63b4-4d68-bd57-e2ef09efb52f'
 'd66d4e80-bf15-426b-bef0-a76d7afa78e1'
 'bf7b02fb-53ae-4ac1-8905-f671a2a608b3'
 '41715223-aaae-4009-846b-1c631d57aece'
 '48943eba-1526-41be-8083-921ff4147768']",[]
ab1c1c83a9f14dae2c811c808ef239ac2aba116e004b6113e443fddea8fc1801171748bc0b19ea25533c075f5585a3694a64eafabd46b4ee9b94199edb2727d1,67,"METADATA:
{
  ""parent_headings"": [
    ""# 2. 心脑血管疾病病人治疗""
  ]
}

CONTENT:
有脑卒中、冠心病或难以控制的高血压病人，对乙酰氨基酚可作为一线治疗方案 [94]。拉米地坦并不增加心血管疾病风险，可作为合并心脑血管疾病病人急性期偏头痛治疗的二线治疗方案 [95]，但此药物目前国内尚未上市。

吉泮类药物无直接收缩血管的作用，仅可抑制 CGRP 诱导的血管扩张，其临床研究未排除稳定心血管疾病的受试者，并显示了良好的安全性和耐受性 [40,96]，目前尚未发现吉泮类药物导致急性心脑血管疾病事件的文献报道，可作为合并心脑血管疾病病人急性期治疗的二线治疗方案。但是，由于CGRP 的舒张血管作用有可能对缺血性心脑血管疾病产生保护，其被阻断有可能使缺血性心脑血管疾病加重，在未有更多证据前，血管意外风险高的病人或已经出现血管损害、雷诺现象或小血管疾病症状的病人，应慎用吉泮类药物 [97,98]。

NSAIDs 可用于心脑血管疾病病人的急性期治疗，但应尽量减少使用次数，以避免出血和血栓事件 [99]。另外，NSAIDs 长期或过量使用可增加静脉血栓和房颤的风险[100,101]，部分NSAIDs（如布洛芬、萘普生）可能会抑制阿司匹林的抗血小板作用，应用后可增加缺血事件的风险 [102]，因此，近期发生卒中或心血管事件的病人应避免使用。心脑血管疾病病人通常已进行长期抗栓治疗。若因偏头痛急性发作需要使用 NSAIDs，建议同时应用质子泵抑制剂，以降低胃肠道出血风险[103]。

多年来，曲普坦类药物与心血管事件的相关性一直备受争议。人体内实验证实曲普坦具有收缩冠状动脉的作用 [104]，且有报道部分病人应用曲普坦后出现心肌梗死 [105,106]。因此，合并心血管疾病是曲普坦应用的禁忌。然而，2004 年发表的一项大型队列研究并没有发现曲普坦与卒中、心血管事件或死亡率之间存在相关性 [107]。需要注意的是，该研究中曲普坦治疗组的病人心血管风险整体较未应用曲普坦治疗组低，两组病人的心血管事件的基线风险不同，研究结果的可靠性有待考证。2024年1项病例交叉对照研究结果显示，曲普坦治疗可增加缺血性卒中、心肌梗死的风险，但对于基线心血管风险较低的病人，曲普坦治疗后发生缺血事件的风险非常低[108]。目前曲普坦类药物仍禁用于心脑血管疾病病人。

麦角胺或双氢麦角胺可持续收缩血管，引起血压升高、冠状动脉痉挛及心肌缺血，心血管疾病病人禁用。",1269,['CN 中国偏头痛急性期治疗指南（第一版）2024_1773147414'],"['c5f6d5c9-f8eb-4880-9972-3bb50f919e50'
 '8867eaba-c420-4807-a9b8-1b2f94fd7bb2'
 'e2b51cdc-bb66-4388-80c7-2c503528ad2f'
 '4ed8504c-8726-4713-bcc7-8b9a723b3a02'
 'fe4b1c04-eca9-499d-8b74-fbe96a42de02'
 '672b065c-f3ef-4bf7-a1d6-bd58bf3cc96b'
 'c8091bb6-6255-4866-a6ed-d8cf7b74b088'
 '6951799d-12af-43be-839f-ca719fcd68a0'
 '1f2469ca-5d9d-484b-8513-489d0859c14b'
 '698d2837-09ea-4c7d-9817-a0db3dca8d62'
 'c522c507-5071-4468-b097-986cf03eeddb'
 'df0e1bd4-228c-4ceb-8adc-866eade71d3d'
 'cb790e84-ed69-496c-9d26-9cb94654f6e4'
 'c143eb70-936f-4059-a369-0141765f1314'
 '39e89f34-91aa-4d48-9024-611ae345cdb5']","['030fa8ab-87cd-4043-85c3-705d374946db'
 '226be0fc-b16e-43c2-aac3-ae60172e7cae'
 'c7c47751-b4d9-41a6-bf40-83f16be73556'
 'd8d9c6b2-f88f-4ae1-ba2c-a5f5a116a533'
 '5de9d540-0e45-41e8-a0dd-2720e9631538'
 'b7e5a017-ac54-41a3-9f0b-c1f22b4bd423'
 '13bba77a-babf-4260-9c35-492c5f12ca98'
 '3a528e63-7685-4034-908c-5bc12d580404'
 'e9add3fa-48c6-4d48-833e-e91170cf27fa'
 'dee3de74-930e-426e-907b-935942a2a8f0'
 'dc8ba7a1-0616-40c3-a203-656d407eb3ff'
 '142f8968-12b0-4d5e-a852-47359d9f8296'
 '13ee040e-35a1-48eb-9fc2-7c088e5902f7'
 '341b4239-68d1-472b-959a-2f551ecfdec0'
 '00fdaf84-4303-4d79-a349-69fbca4cfd1d'
 'd9b92094-6538-4b7b-a06a-36433d55dea9'
 'd209503f-fa6c-4d42-99ff-afe2fe0eae33'
 '7f9b0ccf-d677-47cf-be84-efeccade67df'
 'eb2fb2ee-d900-4e79-88c8-c0fded805616'
 'c011a491-8625-4e09-a2fa-eb592fb3df19'
 'f29e407d-1c53-40e5-8eb5-c3fb7de356b9']",[]
52210322972c047efc7689da633097a5df8ebccef9995944df73c65ace381727b5e957bf05ca9fb923614ca21f8a668a019c808fee804e714d274f8988e0e0d2,68,"METADATA:
{
  ""parent_headings"": [
    ""# 3. 儿童及青少年病人治疗""
  ]
}

CONTENT:
与成人病人相比，儿童（ $\left. 6 \sim 1 1 \right.$ 岁，含11岁）及青少年（ $1 2 \sim 1 7$ 岁，含 17 岁）病人的双侧头痛更为多见，持续时间多较短 [109]。对于头痛持续时间较短的病人，仅卧床休息就可以缓解。首先推荐非药物治疗，如果非药物治疗无效，则启动药物治疗。治疗的评价标准与成人相同。一项随机、双盲、安慰剂对照的交叉研究结果显示，儿童及青少年偏头痛病人（平均年龄 10.7 岁）服用对乙酰氨基酚口服液 $1 5 ~ \mathrm { m g / k g ) }$ 和布洛芬口服液 $( 1 0 ~ \mathrm { m g / k g ) }$ 后，2 小时头痛缓解率及无痛率均优于安慰剂组，且布洛芬疗效优于对乙酰氨基酚[110]。另一项纳入了 138名 $6 \sim 1 2$ 岁儿童偏头痛病人的随机、双盲、安慰剂对照平行试验显示，口服布洛芬混悬液 $( 7 . 5 ~ \mathrm { m g / k g } )$ 后恶心症状及用药后 2 小时头痛缓解率优于安慰剂组 [111]。因此，推荐对乙酰氨基酚（ $1 5 ~ \mathrm { m g / k g }$ ；最大每日剂量 $6 0 ~ \mathrm { m g / k g }$ ）和布洛芬（ $1 0 ~ \mathrm { m g / k g }$ ；最大每日剂量 $3 0 ~ \mathrm { m g / k g }$ ）为儿童及青少年急性期治疗的一

线用药。阿司匹林不建议用于 16 岁以下的病人，可能会诱发瑞氏综合征 (Reye syndrome)。

曲普坦类药物的临床试验多针对于青少年，舒马普坦鼻喷剂 $2 0 \mathrm { m g } ^ { [ 1 1 2 ] }$ 及佐米曲普坦鼻喷剂 $5 \mathrm { m g } ^ { [ 1 1 3 ] }$ 在 1 小时、2 小时疼痛缓解率及 2 小时无痛率均显著优于安慰剂，舒马普坦鼻喷剂 $1 0 ~ \mathrm { m g }$ 在 1 小时缓解率方面优于安慰剂 [114]。然而大部分口服制剂，如舒马普坦 $2 5 ~ \mathrm { m g } / 5 0 ~ \mathrm { m g }$ 、 阿 莫 普 坦 (almotriptan)$6 . 2 5 \mathrm { m g } / 1 2 . 5 \mathrm { m g } / 2 5 \mathrm { m g }$ 、依来曲普坦 (eletriptan) $4 0 ~ \mathrm { m g }$ 并未显示较安慰剂更好的治疗效果 [115]，考虑与较强的安慰剂效应有关。利扎曲普坦在6岁及以上的儿童及青少年偏头痛治疗中有显著疗效[116]。舒马普坦/萘普生合剂 (10/60 mg、30/180 mg、 $8 5 / 5 0 0 \mathrm { m g } )$ 的2小时无痛率显著优于安慰剂[117]。就目前国内已上市的曲普坦类药物，推荐佐米曲普坦鼻喷剂 $5 ~ \mathrm { m g }$ 应用于对乙酰氨基酚或布洛芬效果不佳的青少年，利扎曲普坦（ $\mathrm { . 5 \ m g }$ ，体重 $< 4 0 \mathrm { k g }$ ； $1 0 ~ \mathrm { m g }$ ，体重 $\geqslant 4 0 \mathrm { k g }$ ）应用于 6 岁及以上的对乙酰氨基酚或布洛芬效果不佳的儿童及青少年。

一项纳入了 1629 名青少年的评估 REN 急性期治疗效果的真实世界研究显示，治疗后 2 小时，$6 0 . 3 \%$ 的病人疼痛缓解， $2 6 . 3 \%$ 的病人疼痛消失，$6 6 . 3 \%$ 的病人功能缓解， $4 1 . 2 \%$ 的病人功能完全恢复，仅报告 3 起与器械相关的不良事件，均为轻微事件 [118]。另外，一项小样本开放标签研究也证实了 sTMS 和 nVNS 的有效性及安全性 [119,120]。以上神经调控装置可作为青少年偏头痛急性期治疗的选择。",1639,['CN 中国偏头痛急性期治疗指南（第一版）2024_1773147414'],"['8867eaba-c420-4807-a9b8-1b2f94fd7bb2'
 '599ef6e7-b688-4e19-80a1-0274ae6f9411'
 '1327d89e-633b-4bf1-90a9-6f8fb2d785c2'
 'e2b51cdc-bb66-4388-80c7-2c503528ad2f'
 'f14e4999-0be7-4428-8f98-488d5518439b'
 'de47c0c9-473a-44ea-8d31-73a8c89b74f7'
 'f0cab844-735f-4262-b8b4-4bd25696117c'
 '5d3472e0-4a7a-4e25-8c32-ff63dcaf9e15'
 '7f854bbc-07a1-4346-bed5-546615de46da'
 'e7ea0648-fd5f-4671-8021-816fc640daf7'
 'b4f186a1-aabc-4a21-878a-fabb4a6ce463'
 '32ce50cd-073c-4c03-882b-16caf1eda457'
 'a6165456-a551-414b-8a0e-e4e00b068f29'
 '423a5c99-36f3-416d-b624-037b57255c69'
 '5e4c49e7-ae93-48ae-9c6d-46460eceaaca'
 '6eacaae1-773e-4b1d-a176-2e4cf3cc53ca']","['020b31ef-4f6f-4c7c-8c70-e4d4d63fb3de'
 '3d03965f-58e1-4b69-b504-8036b4a281ac'
 'c2609690-e157-4143-ae55-0710241ab8d9'
 '869f0d8e-efa2-4de3-adfc-dad058d1882a'
 'fefb5e6c-5201-4730-a4d0-c9f8a5bf2879'
 '3dca5381-a01e-4c60-a710-4f0a8764add1'
 '95325d35-a8c3-4d7a-90c9-7b886f9554a4'
 '2904686e-08ae-4b2b-aea5-91fd7bc8ca61']",[]
a7b9f4293708ad1fe7cc43e307725bc7b8f026a699a69216fb1c6d3ace1508b33ebf3ac19290f66771cc4d87a263678906390389a02d2a9564a8027672cb155a,69,"METADATA:
{
  ""parent_headings"": [
    ""# 4. 老年病人治疗""
  ]
}

CONTENT:
对乙酰氨基酚为首选药物，但应考虑老年病人的体重和肝功能，适当调整剂量。对乙酰氨基酚联合咖啡因的复方制剂也可选用，但需注意药物过度使用的风险。如果对乙酰氨基酚效果不佳，NSAIDs可作为次选，但需注意其消化道出血及肝肾损伤的风险[121]。

若对乙酰氨基酚或NSAIDs存在禁忌或效果不佳时，曲普坦类药物、地坦类药物和吉泮类药物也可作为选择，曲普坦类药物需应用于高血压控制尚可且无心脑血管疾病的病人 [122]，使用拉米地坦时应告知潜在的中枢抑制和因头晕而跌倒的风险 [123]。吉泮类药物经肝脏细胞色素P450酶代谢，需注意药物相互作用。CGRP通路靶点药物临床试验已开始纳入老年病人，但是仍排除了多种合并症的人群，目前尚需更多临床实践验证其在老年病人中的有效性及安全性。

止吐剂方面，多潘立酮不通过血脑屏障，不易产生锥体外系不良反应及头晕、嗜睡等中枢症状[124]，但需注意排除药物禁忌证。甲氧氯普胺由于易出现

锥体外系效应，以及嗜睡、头晕等不良反应，老年人使用时需要密切观察[125]。",560,['CN 中国偏头痛急性期治疗指南（第一版）2024_1773147414'],"['e2b51cdc-bb66-4388-80c7-2c503528ad2f'
 '5145a6db-710e-4c5c-b97d-50967b3c6861'
 'fe4b1c04-eca9-499d-8b74-fbe96a42de02'
 '672b065c-f3ef-4bf7-a1d6-bd58bf3cc96b'
 'c8091bb6-6255-4866-a6ed-d8cf7b74b088'
 'aa6a2b04-6f9d-473c-bc21-b77ec33692bd'
 '64386233-6493-4928-bcd9-b7192fe96dde'
 'cb04fb3b-e7fa-4a58-86b7-51a080f4a419'
 '5e18a760-5668-470e-aa2f-fa70a1850b86'
 '36bd0d33-d277-4f54-b68c-24f1d5a2efbf'
 'd744b77c-233f-4e45-9df9-71d4c157c3e7'
 '924c9b67-bc15-459c-aa49-e730c485a95d']","['96480322-72eb-407c-be3b-cfc1d68a3a93'
 'ec331115-111a-4be2-99f1-c663fda9f2cd'
 'e9e38af9-0efa-4f2d-b813-cc4970a9d092'
 '0fd75dbc-b5b7-46c6-b3a3-96b42559d6eb'
 '6e5e17d7-4746-44f4-be81-fc39f56677cc'
 'b9efd52c-89a8-4f1f-a32f-1a2e5361ed03'
 '6fa45788-3419-4210-afb0-dfa3a5701649'
 'b8a27fb8-8f0b-4ab6-b2f7-78c0ed2b6c1c'
 '9f158580-6a65-4091-9bd4-629a8f096ed0'
 '2a492302-bc75-4dd6-96af-68713d006888'
 '23ecf655-a1a1-4071-9db6-5d17b3f61e59']",[]
6967dda71be8ac5f6b475081cd6c74f33a67f77933bc99b25f684006712cc4876a2c6d66e3ccfe136e49063e30594477597f27f1d7b39bb475e23abf98bb8a43,70,"METADATA:
{
  ""parent_headings"": [
    ""# 八、总结""
  ]
}

CONTENT:
本指南是我国针对偏头痛急性期治疗的第一部临床实践指导，全面阐述了偏头痛急性期治疗的原则、药物治疗及非药物治疗方案，同时对特殊人群的治疗也提供了治疗建议。近年来，随着偏头痛病理生理机制的日益深入，催生了针对靶点的新型药物及非药物治疗新方法。尽管如此，治疗新方法在国内获批时间短，应用经验尚显不足，临床医生使用本指南时，需结合所在地区和医院实际情况等多方面综合做出临床决策；同时也鼓励有条件的医院开展药物、非药物治疗研究，进一步推动我国头痛治疗水平的提高。

利益冲突声明：作者声明本文无利益冲突。

声明：本指南由中国医师协会神经内科医师分会与中国研究型医院学会头痛与感觉障碍专业委员会共同制订。它基于循证医学的指导原则和最新的研究成果，结合了来自全国多家医院专家的意见，并邀请了多学科专家进行论证和最终审定。然而，指南中所包含的推荐意见并不代表中国医师协会神经内科医师分会及中国研究型医院学会头痛与感觉障碍专业委员会所有成员和专家的观点。此外，本版指南不可避免地存在一些不足之处，我们诚挚欢迎使用者提供宝贵的建议和意见，以便在下一版中进行改进。此外我们郑重声明，本指南中的观点不得用于商业推广和宣传。",617,['CN 中国偏头痛急性期治疗指南（第一版）2024_1773147414'],"['c5f6d5c9-f8eb-4880-9972-3bb50f919e50'
 '8867eaba-c420-4807-a9b8-1b2f94fd7bb2'
 '1943b7a7-5525-4e83-bc03-202e26973b0f'
 'dff3ffe1-c797-49a5-a7d4-29dfebe42ec8'
 '1b06acc6-60bd-4cdb-ace3-310f3c9f4cb0'
 '3fbdc1d0-a214-4247-823d-9f4024f6847d'
 '089dd78c-bb7b-464d-9a11-7de4f9f59177']","['d173d2f8-1f07-44ec-aae8-f77b8da5e6d0'
 '3131dfda-47b5-4685-88be-15e312f98f13'
 '9eb7fe1f-812e-45d7-af6a-bc16c281e893'
 '2864f459-21cc-433f-b15f-e606fcd8b0b3'
 'abf279c0-d537-408a-9245-635a7a9faf24'
 '57a79e12-4aba-40ed-867e-bb8393a6aab6'
 '97d917f0-98d3-4005-be60-63ff7c13a277']",[]
0b86a4c689db0891c92ce16db9aeb4a083baa3e53bdd292daf6b121d910b04d4630148908f86658eced07ddf5362ec575605b7082374336502884b7c628eb982,71,"METADATA:
{
  ""parent_headings"": [
    ""# 《中国偏头痛急性期治疗指南（第一版）》编写委员会名单""
  ]
}

CONTENT:
指南专家组成员（按姓氏笔画排序）：

于生元（中国人民解放军总医院）、于挺敏（吉林大学第二医院）、万东君（中国人民解放军联勤保障部队第九四〇医院）、万琪（江苏省人民医院）、马建华（新疆医科大学第一附属医院）、王天琳（中国人民解放军总医院）、王宝军（包头市中心医院）、王丹（中国人民解放军北部战区总医院）、王贺波（河北省人民医院）、王谨（浙江大学医学院附属邵逸夫医院）、王盛书（中国人民解放军总医院）、王小娟（广州市第一人民医院）、王哲（大连医科大学附属第一医院）、冯凯（北京市顺义区医院）、兰希发（秦皇岛市第一医院）、左世伦（陆军军医大学第二附属医院）、安翼（赤峰市医院）、刘中霖（中山大学孙逸仙纪念医院）、刘迎春（胜利油田中心医院）、刘若卓（中国人民解

放军总医院）、刘洋（齐齐哈尔医学院附属第二医院）、刘恺鸣（浙江大学医学院附属第二医院）、刘振国 （上海交通大学医学院附属新华医院）、刘源香（山东中医药大学附属医院）、江名芳（内蒙古医科大学附属医院）、曲红丽（厦门大学附属第一医院）、陈建军（丽水市中心医院）、陈春富（山东省立医院）、陈莉（广西医科大学第一附属医院）、陈玲（昆明医科大学第一附属医院）、陈素芬（南华大学附属长沙中心医院）、陈敏（郑州大学第一附属医院）、何育生（同济大学附属同济医院）、何俐（四川大学华西医院）、何秋（辽宁省人民医院）、何耀（中国人民解放军总医院）、李东芳（山西医科大学第二医院）、李自如（内蒙古自治区人民医院）、李军杰（首都医科大学宣武医院）、李丽（晋城大医院）、李明欣（山东大学齐鲁医院）、李现亮（广州医科大学附属第二医院）、李晓光（中国医学科学院北京协和医院）、李翔（复旦大学附属华山医院）、李焰生（上海交通大学医学院附属仁济医院）、李磊（哈尔滨医科大学附属第二医院）、李霞（浙江大学医学院附属第一医院）、连亚军（郑州大学第一附属医院）、邱石（航天中心医院）、邵卫（武汉市第一医院）、沈航（中国医学科学院北京协和医院）、吴非（中国人民解放军中部战区总医院）、吴伟（南昌大学第二附属医院）、肖哲曼（武汉大学人民医院）、严范红（临沂金锣医院）、杨晓苏（中南大学湘雅医院）、杨嘉君（上海市第六人民医院）、余能伟（四川医学科学院·四川省人民医院）、张忠玲（哈尔滨医科大学附属第一医院）、张明洁（中国人民解放军总医院）、张洁（中南大学湘雅二医院）、张亮（青岛大学附属医院）、范志亮（邢台市人民医院）、罗国刚（西安交通大学第一附属医院）、孟强（云南省第一人民医院）、武力勇（首都医科大学宣武医院）、武剑（清华大学附属北京清华长庚医院）、周志彬（三亚市人民医院）、周道友（广东省中医院）、周冀英（重庆医科大学附属第一医院）、胡风云（山西省人民医院）、胡冬梅（山东第一医科大学第二附属医院）、胡兴越（浙江大学医学院附属邵逸夫医院）、胡俊（北京大学深圳医院）、姚晓喜（郴州市第一人民医院）、姚源蓉（贵州省人民医院）、赵永烈（北京中医药大学第三附属医院）、赵红如（苏州大学附属第一医院）、赵红玲（大连市中心医院）、钟水生（广东三九脑科医院）、高晓玉（烟台毓璜顶医院）、顾萍（江苏省人民医院）、顾群（湖州市第一人民医院）、

桂韦（中国科学技术大学附属第一医院）、郭继东（北华大学附属医院）、郭淮莲（北京大学人民医院）、郭晓敏（陕西省人民医院）、聂志余（同济大学附属同济医院）、钱海蓉（中国人民解放军总医院）、唐洲平（华中科技大学同济医学院附属同济医院）、徐小林（天津市环湖医院）、徐隋意（山西医科大学第一医院）、徐鹏（济宁医学院附属医院）、殷梅（昆明医科大学第二附属医院）、袁学谦（郑州人民医院）、袁俊亮（北京大学第六医院）、曹云刚（温州医科大学附属第二医院）、曹克刚（北京中医药大学东直门医院）、常建军（信阳市中心医院）、黄雪融（瑞安市人民医院）、梅利（西宁市第一人民医院）、董钊（中国人民解放军总医院）、董铭（吉林大学白求恩第一医院）、葛朝莉（深圳市第二人民医院）、李红燕（新疆维吾尔自治区人民医院）、童秋玲（温州医科大学附属第一医院）、谢炜（南方医科大学中医药学院）、满玉红（吉林大学第二医院）、渠文生（华中科技大学同济医学院附属同济医院）、蔡海燕（宁夏回族自治区人民医院）、蔡继福（香港大学深圳医院）、廖松洁（中山大学附属第一医院）、黎佳思（海军军医大学第一附属医院）、黎钢（华中科技大学同济医学院附属协和医院）、冀雅彬（南方医科大学南方医院）、薛战尤（上海冬雷脑科医院）、魏丹（武汉市第一医院）",2401,['CN 中国偏头痛急性期治疗指南（第一版）2024_1773147414'],"['8867eaba-c420-4807-a9b8-1b2f94fd7bb2'
 'd3683f44-ac4a-4da5-9625-cc27a4579bc8'
 'f5ac0654-6e73-4a44-9f76-6dc00f0b48bd']","['2314c64c-c8bf-4392-9cf8-ee3a2b3043b8'
 '56918dd4-091d-489b-929f-4a7426773de6'
 '99f8afb3-7dfb-4fe5-ba80-b4878d857378']",[]
36a26b90664201763401d5fc93e42c527a57fb0a84ad1fe65907215a1479c0e56e1cfdadd40b2eb983f4eedc02e62f0a5c971a123b6b58abb17c76cc7d6f378d,72,"METADATA:
{
  ""parent_headings"": [
    ""# 《中国偏头痛急性期治疗指南（第一版）》编写委员会名单""
  ]
}

CONTENT:
执笔人：张明洁、董钊、王晓琳、皮成慧、何孜姿、王贺波、康丽、韩珣、李英吉、苏敏、聂西庭、张淑华

通信作者：于生元 yusy1963@126.com",91,['CN 中国偏头痛急性期治疗指南（第一版）2024_1773147414'],"['f5ac0654-6e73-4a44-9f76-6dc00f0b48bd'
 'c764a205-1179-4f72-9e1b-c7291c1ba2fe']",['c67284ce-312c-4399-bf9a-6468a55bbe1a'],[]
78fd9b204da2b6ddd7a495c820a5d60bf223efd0038c19ba4f23595bcceb7023a7ae5004f5769dd4ddf103bc094fa30996c8e57f71ed174a0b91cfc9d29aba2c,73,"METADATA:
{
  ""parent_headings"": []
}

CONTENT:
·指南·",4,['CN 中国偏头痛诊断与治疗指南2023_1773147405'],"['c5f6d5c9-f8eb-4880-9972-3bb50f919e50'
 'ee08258f-7327-46f1-9459-c1bbd95e644d'
 '8867eaba-c420-4807-a9b8-1b2f94fd7bb2'
 '2d369837-9fd2-4cd4-bc6e-c6ec00c7de94'
 '4dfa20f3-b6e7-4a28-af18-7efd3b407b66'
 '9d3c2661-1151-4a6f-a939-fe48b78e4c34'
 '8fec9e94-e0e9-4c89-877f-ccbe997a65c0'
 'dff3ffe1-c797-49a5-a7d4-29dfebe42ec8'
 '1b06acc6-60bd-4cdb-ace3-310f3c9f4cb0'
 '51862798-7f77-4ff0-909a-eb5eccf12f02'
 'de47c0c9-473a-44ea-8d31-73a8c89b74f7'
 '4790ac3e-dfed-42eb-8924-305202387a12'
 'c3347e3c-c7a6-4669-a9df-84810d21e69c'
 '4a8aea04-eb46-4b95-8a33-d02d39a09eda'
 '4131fa2c-601d-4b4b-b5c2-02a2787938c7'
 'f9234eb6-3b70-48f2-9977-52e371d0459e'
 '2c1578d4-fc75-4d75-bff5-89df5e15e192'
 'db6a8433-9d86-4756-b22a-53b176010e0e'
 '24555e6b-fbdb-4080-b43b-c5b3c4643c8b'
 'ab3db792-44e8-40f2-92f1-c9330ba80788'
 'a41db4b2-5c3a-4086-9599-87baaff36e33']","['a5deb524-808f-4f75-889f-42293745bd58'
 '5bcf4238-dbf9-462f-a2e7-5161cc5739b0'
 'edce154c-738a-407d-a4b3-1573c8d9556e'
 '28ba99a8-c6fc-4ddb-a20c-ed8b45748878'
 '05c77fe8-c04a-459a-a300-fc69d41a3bb8'
 'f1726677-c9d6-4619-bb15-4bb03e2830a1'
 '035ba7cf-765b-4de2-8684-15d16c41ffa6'
 '7072837f-5bd8-494d-b887-c5814fcab2d8'
 '9ffe2770-6bda-4d3a-a90d-85595ad7216d'
 '9752e797-5862-4544-9391-88f053990851'
 '0d7275ec-4b76-41a5-8a40-e6846ec80e59'
 '7b78358b-0ee3-4f0b-aa7b-5e236c8136b8'
 'bfdf0f39-00e5-4fbc-8eb1-24e707a514f1'
 'c6c4c232-1093-43bd-afd1-396f909c8a7a'
 '7178a5e5-1edc-4aae-b2b1-c82169d368c8'
 '1dc3c2ed-63c1-4bb6-9618-e07f27675f40']",[]
612bb6193eb44b324b88e46b2789875b47017b38a950f651fd11347e849a417a3bd8f8d8f6425e2f30b7166d7c97c95e5976862727f33ee6aeb55a98fd8c16b0,74,"METADATA:
{
  ""parent_headings"": [
    ""# 中国偏头痛诊断与治疗指南（中华医学会神经病学分会第一版）""
  ]
}

CONTENT:
中华医学会神经病学分会 中华医学会神经病学分会头痛协作组

通信作者：王永刚，首都医科大学附属北京天坛医院神经病学中心头痛科，北京 100070，

Email： $\mathrm { w } 1 0 0 \mathrm { y g } @ 1 6 3 . \mathrm { c o m }$ ；王拥军，首都医科大学附属北京天坛医院神经病学中心 国家神经系统疾病临床医学研究中心，北京 100070，Email： yongjunwang111@aliyun.com

【摘要】　偏头痛是临床常见的原发性头痛，表现为反复发作的搏动性中重度头痛，常伴有恶心或呕吐、畏光和畏声等症状；偏头痛发病率高，病程长，在神经系统疾病负担中位居第二位。目前我国偏头痛患者存在就诊率低、正确诊断率有待提高、预防治疗不足及止痛药物过度使用等问题亟待解决。为提高临床医师对偏头痛疾病的认识、管理与规范化诊疗，中华医学会神经病学分会头痛协作组专家结合国内外临床实践，反复讨论后制订本指南，内容包括偏头痛分类、诊断与鉴别诊断及治疗。

【关键词】　偏头痛；　诊断；　治疗；　指南",533,['CN 中国偏头痛诊断与治疗指南2023_1773147405'],"['c5f6d5c9-f8eb-4880-9972-3bb50f919e50'
 'f5ac0654-6e73-4a44-9f76-6dc00f0b48bd'
 'a3846d82-a440-4ae3-b78c-0ebff50ba184'
 'c9a25b4e-a7ee-43af-941a-45ee768598c6']","['8d8989d8-87e2-443d-aa1b-3a865c3a7ac4'
 'ea9396c1-dad6-4d2e-a29d-848417c4739b']",[]
e7c2b8f83fb20874c05c3731ee0a04b04bb25a6439b1ede027965f3e4657c61ed87edea6d73c227df61ff33e976406b1babe57eb2f405ba8df2ec663be12efbd,75,"METADATA:
{
  ""parent_headings"": [
    ""# Chinese practice guidelines for diagnosis and treatment of migraine (1st edition, Chinese Society of Neurology)""
  ]
}

CONTENT:
Chinese Society of Neurology, Headache Group of Chinese Society of Neurology

Corresponding authors: Wang Yonggang, Headache Center, Department of Neurology, Beijing Tiantan Hospital, Capital Medical University, Beijing 100070, China, Email: w100yg@163.com; Wang Yongjun, Department of Neurology, Beijing Tiantan Hospital, Capital Medical University, China National Clinical Research Center for Neurological Diseases, Beijing 100070, China, Email: yongjunwang111@aliyun.com

【Abstract】 Migraine is a common primary headache, a chronic neurological disorder characterized by recurrent throbbing moderate to severe headache. The most characteristic symptoms associated with migraine include photophobia, phonophobia, and gastrointestinal symptoms such as nausea and vomiting. With a high incidence and a long disease duration, migraine is the second highest burden of neurological disease. At present, there are many problems in diagnosis and treatment of migraine patients. The purpose of this guideline is to improve the understanding, management, diagnosis and treatment of migraine. According to the migraine clinical advance and current situation in China, specialists of Headache Group of Chinese Society of Neurology drafted this guideline. This guideline includes classification, diagnosis and differential diagnosis, treatment of migraine.

【Key words】 Migraine; Diagnosis; Treatment; Guideline

Conflicts of interest: None declared

偏头痛是一种常见的慢性发作性脑功能障碍性疾病，长期反复发作会导致严重的健康损失、生活质量下降和生产力的损耗，现已成为全球公共卫

生的主要问题之一。《柳叶刀》杂志发布的“ 年全球疾病负担研究”报告显示［1］ ，偏头痛导致的残疾损失寿命年（years lived with disability）在人类全

部疾病中排名第二，也是15~49岁女性人群伤残调整生命年（disability adjusted life years）排名居首位的疾病，对患者及其家庭和社会均造成非常大的负面影响。

全球约10.4亿人患有偏头痛，男性终身患病率约 $10 \%$ ，女性约 $2 2 \% ^ { [ 2 - 3 ] }$ 。我国偏头痛的年患病率为$9 \%$ ，确诊为偏头痛的患者每年治疗成本超过2 994 亿元［4‑5］ 。基于目前国内偏头痛诊疗现状，经中华医学会神经病学分会常委会批准，中华医学会神经病学分会头痛协作组各位专家同道参考近年来国内外多部指南共识，结合我国国情撰写本指南，旨在指导以神经科临床医生为主体的临床医生，开展对成人偏头痛患者的全程管理，进行规范化诊疗，降低偏头痛的疾病负担，减少医疗资源消耗，改善偏头痛患者的生活质量。

中华医学会神经病学分会头痛协作组遵循循证医学原则，参考中华医学会指南制订方法［6］ 和国际偏头痛指南制订方法与标准［7］ ，并根据我国偏头痛诊断治疗的国情制订本指南（推荐强度和证据等级标准详见表 ）。

表1 推荐强度和证据等级标准   
Table1The strength of recommendations and levels of evidence   


<!-- TABLE_METADATA: {""type"": ""table"", ""page"": 0, ""table_idx"": 0, ""caption"": ""表1 推荐强度和证据等级标准  Table1The strength of recommendations and levels of evidence "", ""footnote"": """", ""extracted_from"": ""mineru_api""} -->
<table><tr><td>推荐强度(分4级,I级最强,IV级最弱)</td></tr><tr><td>I级推荐:基于至少2项A级证据</td></tr><tr><td>II级推荐:基于1项A级或2项B级证据</td></tr><tr><td>III级推荐:基于至少1项B级证据或2项C级证据</td></tr><tr><td>IV级推荐:证据矛盾或者不充分</td></tr><tr><td>证据级别(分4级,A级最高,D级最低)</td></tr><tr><td>A级证据:多项同质的随机对照试验的系统评价或多个随机对照试验或单项样本量足够的高质量随机对照试验</td></tr><tr><td>B级证据:基于至少1个较高质量的随机对照试验</td></tr><tr><td>C级证据:基于未随机分组但设计良好的对照试验或设计良好的队列研究或病例对照研究</td></tr><tr><td>D级证据:基于无同期对照的系列病例分析或专家意见</td></tr></table>",1461,['CN 中国偏头痛诊断与治疗指南2023_1773147405'],"['c5f6d5c9-f8eb-4880-9972-3bb50f919e50'
 '040c3094-f31d-4a80-b933-24d4768fea3f'
 '1d61e6d9-0a52-47a4-a0ef-fb021ca9daf5'
 '712b5256-39fd-47bd-8502-bd4da75a4473'
 '1985e97d-690d-4029-ae15-061ca1780490'
 '365586ad-3e67-40b1-8078-f64d50283657'
 '32e58659-dbb0-43cc-bf79-c0b7235b7a1a'
 '1555871e-a87e-46db-9652-e38f1f293edd'
 '1ccebd16-3a0f-482b-a394-6dba3b26e77d'
 '146e0343-8533-4473-8440-c1af87d47867'
 'ec44ea7b-7f67-400b-891a-b43870375bd2'
 '7938e363-0428-4a72-8fb9-ef956e6620e5'
 'de3017e9-77a8-44a2-903c-7632324030f0'
 '58c876d6-da1a-4fb3-86ee-53b84905a3cf']","['1bcdf37d-c92c-4912-9de5-529db0c2638e'
 '889397c5-5d1e-421a-ab65-5715c8f18513'
 'd69d3205-e544-458a-ae4b-2487438d2fd0'
 'a09be59f-e957-485c-bd91-55125a4b5a80'
 '9339b7d6-5244-47ea-89a4-699a77e0f018'
 '440290ed-8caa-4b92-bc79-cf4bf03bad22'
 '01abc47f-6fdd-4769-b884-4b5a6c8690f1'
 'a6556492-c0a6-4d59-83c2-999a8b425618']",[]
3e5a7823f367d808b075c927a048ad6aec7571837c239a9d1fdebd622603d83e1f69c942f132152574d012035cbb0e3340e4f8d663f52d4f541fe94813aecfa5,76,"METADATA:
{
  ""parent_headings"": [
    ""# 分 类""
  ]
}

CONTENT:
年国际头痛协会（， ）发布了《国际头痛分类 第三版》（International Classification of Headache Disorders，； ）［8］ ，将偏头痛分为无先兆偏头痛、有先兆偏头痛、慢性偏头痛（chronic migraine，）、偏头痛并发症、很可能的偏头痛和可能与偏头痛相关的周期性综合征 个类型（表 ），其中最

常见的是无先兆偏头痛。另外，ICHD‑3附录中，还包括尚待进一步研究和验证的偏头痛类型，例如月经性偏头痛和前庭性偏头痛等类型。

表2 偏头痛分类  
Table 2 Classification of migraine   


<!-- TABLE_METADATA: {""type"": ""table"", ""page"": 0, ""table_idx"": 1, ""caption"": ""表2 偏头痛分类 Table 2 Classification of migraine "", ""footnote"": ""注：此诊断标准摘自国际头痛分类 第三版［8］"", ""extracted_from"": ""mineru_api""} -->
<table><tr><td>无先兆偏头痛</td></tr><tr><td>有先兆偏头痛</td></tr><tr><td>有典型先兆偏头痛</td></tr><tr><td>典型先兆伴头痛</td></tr><tr><td>典型先兆不伴头痛</td></tr><tr><td>脑干先兆偏头痛</td></tr><tr><td>偏瘫型偏头痛</td></tr><tr><td>家族性偏瘫型偏头痛</td></tr><tr><td>家族性偏瘫型偏头痛1型</td></tr><tr><td>家族性偏瘫型偏头痛2型</td></tr><tr><td>家族性偏瘫型偏头痛3型</td></tr><tr><td>家族性偏瘫型偏头痛,其他基因位点</td></tr><tr><td>散发性偏瘫型偏头痛</td></tr><tr><td>视网膜型偏头痛</td></tr><tr><td>慢性偏头痛</td></tr><tr><td>偏头痛并发症</td></tr><tr><td>偏头痛持续状态</td></tr><tr><td>不伴脑梗死的持续先兆</td></tr><tr><td>偏头痛性脑梗死</td></tr><tr><td>偏头痛先兆诱发的痫样发作</td></tr><tr><td>很可能的偏头痛</td></tr><tr><td>很可能的无先兆偏头痛</td></tr><tr><td>很可能的有先兆偏头痛</td></tr><tr><td>可能与偏头痛相关的周期综合征</td></tr><tr><td>反复胃肠功能障碍</td></tr><tr><td>周期性呕吐综合征</td></tr><tr><td>腹型偏头痛</td></tr><tr><td>良性阵发性眩晕</td></tr><tr><td>良性阵发性斜颈</td></tr></table>

注：此诊断标准摘自国际头痛分类 第三版［8］",1013,['CN 中国偏头痛诊断与治疗指南2023_1773147405'],"['c5f6d5c9-f8eb-4880-9972-3bb50f919e50'
 '786aee20-368c-47af-a372-405ce47433b1'
 'c514bd28-682f-421b-adfe-90a509606492'
 'ee08258f-7327-46f1-9459-c1bbd95e644d'
 '92eb3879-a265-402c-97b9-0b5fd6d7060c'
 '621bab2d-b669-41d3-a004-864dd404842c'
 '9fce3bdb-2664-44e9-93aa-4ecd2bcd6b48'
 '8768664f-69c9-45a9-b89f-cdb6a39ea906'
 '219fc907-93fc-448e-bfd9-ec33137b2dd5'
 '1677bc62-4c3e-47f1-9893-f97d65c02ff7'
 'aca72720-5173-4cc6-82d3-203e632c4f0a'
 '2e93eb43-b70c-4e1d-9ca9-95c84112cb45'
 '1722e996-4344-492e-8a9a-f5a3679c0b9d'
 'ae73032d-5793-4fed-9c2e-36a943ab4ea4'
 'c0d4767c-6c89-498a-90d2-3715a069506a'
 '86b88a60-264a-4c50-aa10-914475799e7b'
 'da05f387-3a3a-4d4b-ad6f-9ffd574965c4'
 'a42b323f-9a61-465a-95aa-3329ac813c87'
 '93d0075b-d3ab-4f54-9584-b27bf4f7f1b6'
 '9652603a-8fc6-405f-ab72-db639dd42c9d'
 '7a79304a-cb99-4fc0-8442-88b7341a0861'
 '86d5a8af-b4b8-49d1-b416-63fbbabb599e'
 '6fadccd6-2c27-406f-a554-4a27532b998c'
 '9cf49957-d2f4-46ab-aef0-4e9896b6ea8d'
 'f8d61b2d-9665-4a5c-9345-7f7f618f51d8'
 'e968d912-fb75-4470-b550-bbb81ec94d9d'
 'da21d5fe-aabe-414b-af0f-ccc23b19f038'
 '05dc41fc-81a0-4d0c-a4e1-e96119e12a84'
 '7eead9fd-a45f-46f7-ba45-a2b55448661d'
 '74e3f8b9-a129-4081-b154-a2d220feed37'
 'e36a7037-92dc-4ba2-9475-fb7bd7c5f40e']","['6cfcca66-5973-4cc3-86ac-01c95897b495'
 'afe163ec-ae90-477f-89d2-af6a807910fc'
 'b7913743-28ae-4ec2-bad5-0336edd00995'
 'c4af0cdd-44ec-459e-bb45-0ebb3eaf2859'
 'b894659e-54bd-440a-bb55-14ab46d4c46b'
 '03fcef3e-ef03-4ba0-9618-a44577ddfa81'
 '9471570a-5387-4285-93ea-808317045892'
 '61c0aaa3-2440-4323-912e-a2f00d23d500'
 'a5b2cd40-c3d4-4953-9bb5-ad402f01c906'
 '08e3a8b9-8830-4fe5-8bcb-04f8fd76dfe7'
 'ad3f2c56-432b-4dc0-ae0b-912da56d29da'
 '2ee7d3a5-0ed5-4817-9994-9afffeebd1e0']",[]
c791d2183b3c22aed01792331806bcef9e7c62bb256559aefc99c865b9d2691ae73cd7c247793ff18b5ea3c87e259a286f18d1183c344101d26ef8859b686bd5,77,"METADATA:
{
  ""parent_headings"": [
    ""# 诊断和鉴别诊断""
  ]
}

CONTENT:
正确诊断是偏头痛有效治疗的前提，需要结合详尽的头痛病史问诊、可靠的体格检查以及必要的辅助检查作出判断，其中详细和准确的病史采集对偏头痛的诊断至关重要。在诊断过程中需识别继发性头痛的预警信号以鉴别其他头面痛疾病，并筛查 是 否 合 并 药 物 过 度 使 用 性 头 痛（ ， ）［9‑10］ 。还应根据偏头痛的不同临床特征，进行偏头痛亚型诊断，并评估偏头痛的严重程度和失能程度等，为制订准

确、个体化的治疗策略和长期管理方案提供充分的依据［11］ 。",282,['CN 中国偏头痛诊断与治疗指南2023_1773147405'],['c5f6d5c9-f8eb-4880-9972-3bb50f919e50'],['d63bf935-2c72-4a96-ac8e-ddfbd356e52d'],[]
ab1aa3b942c12408a6b8a3ba6ef766a283fe1bae7713795f40592c20bcb95c8935df716b4bd34a5c45fa1ebf618efdb1e0afdcc7ef24c6cf6120d60e5f2e0568,78,"METADATA:
{
  ""parent_headings"": [
    ""# 一、头痛问诊""
  ]
}

CONTENT:
详细和准确的问诊对偏头痛的诊断至关重要，问诊应包括以下内容（表3）。",40,['CN 中国偏头痛诊断与治疗指南2023_1773147405'],"['c5f6d5c9-f8eb-4880-9972-3bb50f919e50'
 '9f3d55ea-b463-4bc2-92b6-b4f9ee1b1035']",['9c2c3778-91c3-4af2-a90a-2b8146ea0a79'],[]
d9f6bea0a5ab1dc7bde9ebf7669fabe84fffb7deee4bb8bb67b0c35551979d2339d12c15802d5bd80ef750d064c46db2b29d58f4084b4ada538ca1df416ac78c,79,"METADATA:
{
  ""parent_headings"": [
    ""# 表3 头痛病史的获取""
  ]
}

CONTENT:
Table 3 Acquisition of headache history

Table 4 Diagnostic criteria of migraine without aura   


<!-- TABLE_METADATA: {""type"": ""table"", ""page"": 0, ""table_idx"": 2, ""caption"": ""Table 4 Diagnostic criteria of migraine without aura "", ""footnote"": ""注：a 相关症状：有无恶心、呕吐、畏光、畏声、结膜充血、鼻塞流涕等；有无先兆，尤其是视觉先兆，如闪光和暗点，其他如感觉异常、言语障碍、运动先兆等，以及先兆的持续时间。另外，还需与继发性头痛相鉴别，头痛发作时有无发热、意识障碍、肢体抽搐等。b诱发因素：如应激、睡眠障碍、过度疲劳、光刺激、噪声、抑郁、焦虑、饥饿、特殊气味和饮食（如酒、巧克力、含咖啡因的饮食、味精等），对女性患者还应询问与月经周期有无相关性；头痛是否会因为姿势、咳嗽、用力及颈部运动等因素而加重"", ""extracted_from"": ""mineru_api""} -->
<table><tr><td>患者有多少种类型的头痛?</td></tr><tr><td>每种类型的头痛均需要有单独的病史记录。除了需要向患者询问受影响的头痛类型的病史,对其他类型的头痛也应该询问详细的病史,因其可能有重要的临床意义</td></tr><tr><td>时间相关问题</td></tr><tr><td>初始发病年龄?</td></tr><tr><td>最近的发病情况如何?</td></tr><tr><td>发作频率(要区分发作性、慢性和持续性头痛)</td></tr><tr><td>每次发作持续时间</td></tr><tr><td>头痛特征问题</td></tr><tr><td>疼痛强度</td></tr><tr><td>疼痛的性质</td></tr><tr><td>疼痛的部位</td></tr><tr><td>相关症状a</td></tr><tr><td>可能的病因问题</td></tr><tr><td>诱发因素b</td></tr><tr><td>加重和缓解因素</td></tr><tr><td>有无家族史、既往史、精神病史和其他相关病史</td></tr><tr><td>头痛相关反应问题</td></tr><tr><td>患者在头痛期间相关的行为改变?</td></tr><tr><td>活动(功能)受限程度?</td></tr><tr><td>患者的用药情况?(药物类型、剂量及给药方式等)</td></tr><tr><td>2次发作间的健康状态</td></tr><tr><td>是完全好转,还是有残留症状或症状一直持续无好转?</td></tr></table>

注：a 相关症状：有无恶心、呕吐、畏光、畏声、结膜充血、鼻塞流涕等；有无先兆，尤其是视觉先兆，如闪光和暗点，其他如感觉异常、言语障碍、运动先兆等，以及先兆的持续时间。另外，还需与继发性头痛相鉴别，头痛发作时有无发热、意识障碍、肢体抽搐等。b诱发因素：如应激、睡眠障碍、过度疲劳、光刺激、噪声、抑郁、焦虑、饥饿、特殊气味和饮食（如酒、巧克力、含咖啡因的饮食、味精等），对女性患者还应询问与月经周期有无相关性；头痛是否会因为姿势、咳嗽、用力及颈部运动等因素而加重",1275,['CN 中国偏头痛诊断与治疗指南2023_1773147405'],"['c5f6d5c9-f8eb-4880-9972-3bb50f919e50'
 '786aee20-368c-47af-a372-405ce47433b1'
 '1bce0cdd-740c-4409-a78b-78d6cc9b2563'
 '766f8b41-d883-4d34-b46e-ee1ce2c77236'
 'f6166f18-e613-4966-a98d-77c5b3195d08'
 '3b987b31-d111-4ddf-8f70-033e76c0437e']","['6cfcca66-5973-4cc3-86ac-01c95897b495'
 '155b5a73-44cb-442b-9086-125a4a7dd530'
 'b5d3f7fb-f5e1-4d10-b777-54dcd6df4d7c'
 '9281f5e8-15f5-4155-b6af-b307373f34e6']",[]
7db5c32600733a398f19d5db7f758b35acb7ab27e42f39ba32bfc9c1b0d1b83bc400edfe9a350aa204aac4bd8d6a6f5bab5df53f184f82303c7ae03e8d543735,80,"METADATA:
{
  ""parent_headings"": [
    ""# 二、预警征象""
  ]
}

CONTENT:
部分患者的病程短或临床表现不典型，在询问病史和体格检查时，应特别注意识别“预警征象”，即由某些特殊病因所引起特征性症状和体征，如发热、伴神经系统症状或体征、突然发作的剧烈头痛、非典型先兆头痛（持续 以上）、头痛性质发生改变或新发头痛、与体位或姿势变化相关的头痛、咳嗽或 动作诱发或加重的头痛、视乳头水肿、妊娠或者产褥期、头痛进展或不典型头痛、存在

免疫系统缺陷、伴自主神经症状、创伤后头痛、止痛药过量或使用新药［12‑14］ 。",293,['CN 中国偏头痛诊断与治疗指南2023_1773147405'],"['e9c083f2-e9e0-4880-8efd-9c66596e7e50'
 '9caa21b1-1371-4062-a7e0-acf69405c179'
 '4cf29948-05c3-4036-9d67-28e276d6bb3e'
 '8a45900b-2386-4a61-b37c-a2c0a8c0fd4e'
 '357f2c7f-4a21-4491-a5c7-4c8353547fe2'
 '8bb77c6d-a330-44f3-a3e2-3c6be712b4a4'
 'cc71d36c-ce92-4edf-8aee-2df9b8103a3f'
 '40b71532-c337-4c61-a20f-75bd30660f73']","['e1772ae2-002e-4fd0-a9d3-3159cf6cc12b'
 '66bf1ffa-1535-4dd8-8b4a-4b5b8e6b2144'
 '1dd042cd-2cd2-4a51-9a99-d92869ad7698'
 '9b5df2b1-1212-4e08-8e12-e9a74f239e29'
 'a12111ab-32de-4bad-a904-a9b18f82b04a']",[]
9daf9a40f3978b6617c838da6bca869b94a8d202732ffb806d60818b751dad18a64af66c51716e1c9da30eeac0fdf7c9d3aed891a129d070eaeb744bc4fecbbb,81,"METADATA:
{
  ""parent_headings"": [
    ""# 三、诊断标准与鉴别诊断""
  ]
}

CONTENT:
1.诊断原则：（1）由于原发性头痛的发病率较高，头痛的诊断是允许多种头痛同时诊断的，当存在多个头痛诊断时，应根据所诊断头痛对患者影响程度的大小进行排序。（）偏头痛分类标准是分层的，如果是全科医疗，建议达到第一、二 层诊断；如果是头痛专病门诊或头痛中心，第四、五层诊断更合适。（3）对头痛患者存在的每种头痛分类、亚类或亚型必须单独诊断和编码。因此，例严重的头痛患者在头痛门诊就诊时，可能被给出下列3种诊断：无先兆偏头痛，有先兆偏头痛及 。

2.无先兆偏头痛的诊断标准：见表4。",303,['CN 中国偏头痛诊断与治疗指南2023_1773147405'],"['786aee20-368c-47af-a372-405ce47433b1'
 'c514bd28-682f-421b-adfe-90a509606492'
 '1bad882a-f99d-402a-89dd-54862c47c42f']","['a2931329-dc5a-4276-be1d-2e9e93f661bd'
 'bdbef56e-830d-406e-8e03-392be3e5e11a'
 '0c091db7-c3d3-4bb7-8e2a-22455c81dbdc']",[]
1ccf332050600409e1dbad13f94decee6940b9ec6f239effa49e9882fee6b553bdb6971bc000ce21309afaf6181ca56fa60f8272bf2855fc6b7ab8e99cfd6e92,82,"METADATA:
{
  ""parent_headings"": [
    ""# 表4 无先兆偏头痛的诊断标准""
  ]
}

CONTENT:
符合 标准的头痛至少发作 次a  
B. 头痛发作持续 4~72 hb， c  
至少符合下列 项中的 项：

单侧 d  
搏动性  
中重度头痛   
日常体力活动加重头痛或因头痛而避免日常活动（如：行走或上楼梯）

发作过程中，至少符合下列 项中的 项：

恶心或呕吐   
2.畏光和畏声

不能用 中的其他诊断更好地解释

注： ：国际头痛分类 第三版；a 如果符合无先兆偏头痛的其他诊断标准，但发作次数不足 次，可诊断为很可能的无先兆偏头痛；b 如在发作过程中入睡，醒后头痛消失，则头痛持续时间按醒来时估算；c 对于儿童和青少年（小于 岁）发作时间为 （儿童未治疗而持续时间少于 则不足以诊断偏头痛）；d 偏头痛可以是单侧痛（约占 $60 \%$ ），也可以是双侧痛（约占 $40 \%$ ）［11］

有先兆偏头痛的诊断标准：见表 。

的诊断标准：见表 。

其他偏头痛类型可以参见 诊断标准［8］ 。  
偏头痛与其他主要原发性头痛的鉴别：偏头痛在临床诊疗中应与紧张型头痛和丛集性头痛相鉴别，详见表 。",516,['CN 中国偏头痛诊断与治疗指南2023_1773147405'],"['786aee20-368c-47af-a372-405ce47433b1'
 'c514bd28-682f-421b-adfe-90a509606492'
 '86d5a8af-b4b8-49d1-b416-63fbbabb599e'
 '6fbc8125-0d15-45ba-b17a-748a619d68d0'
 'c44d8218-87be-4e52-b2c8-6193f264762b']","['a2931329-dc5a-4276-be1d-2e9e93f661bd'
 '0751a6bf-36d6-4bc8-b7ae-495e9aa5ec5c'
 '3f999d7b-0bc2-49e6-9634-6f677bd6e142'
 '63a7a93d-54eb-4947-a293-a07e1217a5a1'
 'eb14e5e0-a7a9-4fe1-bcc4-6e3dccb36b25'
 'b1a13b79-1970-4123-bd8f-e0ee65a1c6e7']",[]
0e212d8c2c842ee5de12af1433ca1bc447466457d87d7873dc236531a59f56c27f20411f5b1eb47a8f697027a165c03b43f5f71976348f46b3caf662514fc44e,83,"METADATA:
{
  ""parent_headings"": [
    ""# 四、筛查是否合并""
  ]
}

CONTENT:
在偏头痛的诊疗过程中，应警惕急性止痛药的过度使用，因其导致的 是偏头痛慢性化的重要因素。当每月头痛天数 $\geqslant 1 5 \mathrm { ~ d ~ }$ ，持续3个月以上，

表5 有先兆偏头痛的诊断标准  
Table 5 Diagnostic criteria of migraine with aura   


<!-- TABLE_METADATA: {""type"": ""table"", ""page"": 0, ""table_idx"": 3, ""caption"": ""表5 有先兆偏头痛的诊断标准 Table 5 Diagnostic criteria of migraine with aura "", ""footnote"": """", ""extracted_from"": ""mineru_api""} -->
<table><tr><td>A.至少有2次发作符合B和C</td></tr><tr><td>B.至少有1个可完全恢复的先兆症状:</td></tr><tr><td>1.视觉</td></tr><tr><td>2.感觉</td></tr><tr><td>3.言语和(或)语言</td></tr><tr><td>4.运动</td></tr><tr><td>5.脑干</td></tr><tr><td>6.视网膜</td></tr><tr><td>C.至少符合下列6项中的3项:</td></tr><tr><td>1.至少有1个先兆持续超过5min</td></tr><tr><td>2.2个或更多的症状连续发生</td></tr><tr><td>3.每个独立先兆症状持续5~60mina</td></tr><tr><td>4.至少有1个先兆是单侧的b</td></tr><tr><td>5.至少有1个先兆是阳性的c</td></tr><tr><td>6.与先兆伴发或在先兆出现60min内出现头痛</td></tr><tr><td>D.不能用ICHD-3中的其他诊断更好地解释</td></tr></table>

注： ：国际头痛分类 第三版；a 例如，当一次先兆出现种症状时，可接受的最长先兆持续时间是 $3 { \times } 6 0 ~ \mathrm { m i n }$ ，运动症状可以持续长达 $^ { 7 2 \mathrm { ~ h ~ } }$ ；b 失语被认为是单侧症状，构音障碍可以是单侧或双侧的；c 闪光和发麻属于阳性先兆症状

且服用单纯对乙酰氨基酚或非甾体抗炎药（non‑steroidal anti‑inflammatory drugs， NSAIDs）治疗 ${ \bf \dot { \rho } } \geqslant 1 5 { \mathrm { \ d } } /$ 月；或服用复方止痛药、曲普坦类、麦角胺、阿片类、巴比妥类以及止痛药联用 ${ \geqslant } 1 0 \mathrm { d } /$ 月时，则诊断为 合并 。",887,['CN 中国偏头痛诊断与治疗指南2023_1773147405'],"['c5f6d5c9-f8eb-4880-9972-3bb50f919e50'
 'c514bd28-682f-421b-adfe-90a509606492'
 'e2b51cdc-bb66-4388-80c7-2c503528ad2f'
 '92e42688-265e-4203-902a-19615b559fcb'
 'de47c0c9-473a-44ea-8d31-73a8c89b74f7'
 '4a7756a2-1318-4905-a2e5-f739c5412833'
 'abd6db10-c263-434a-bc9b-aa64cfe694c0'
 '18c014a1-aaa3-4128-9e6a-be08e9c0ec51'
 '6582f6d7-2d31-41fe-8d6d-bb3b52cd2dc4'
 '9abed781-6455-43ee-981a-55f373ade880'
 'd58ecbb9-0633-4328-93e2-cb997c65f72f'
 '548fdb91-a671-471a-bb99-1e45d1384931']","['afe163ec-ae90-477f-89d2-af6a807910fc'
 'd63bf935-2c72-4a96-ac8e-ddfbd356e52d'
 '769a9aeb-25e9-4052-83d9-a563977e83ea'
 'b7fe730a-0ebc-47f4-94a0-acb2b468c089'
 '6dd376a7-6a01-4ab9-9225-1b18dcb6b04e'
 '03ded182-d366-4b80-b0b6-515b67a3b295'
 '12e9ce83-9589-434e-8f81-04bcbd59f59d'
 '758b2f86-6a3e-4a74-8bd9-6364235cb9e2'
 '36be9c30-c8b1-4d35-a058-15ac072b63a0'
 '213ec44f-3987-47a6-99ad-54e6ff1b132f'
 'a2633b12-45ec-4f9a-8630-3f54aec636a4']",[]
8931f5c2719f51b2f9670b2d6459ef249a615ff1844aa72e17aae8f17efb1694bedb22ad4ac573f8d6ae43d180cff0ee4892d3597d879483f09e8da03c6bc511,84,"METADATA:
{
  ""parent_headings"": [
    ""# 一、患者教育""
  ]
}

CONTENT:
# 一、患者教育

良好的患者教育是偏头痛全程管理的基础。

（）教育患者记录头痛日记，帮助识别偏头痛发作的触发因素、评估疗效，定期随访及适时调整干预方案等；（2）提倡健康的生活方式，如规律的运动与作息、限制红酒摄入、避免各种诱因等［11］ ；（3）告知患者目前偏头痛无法根治，但可有效控制，帮助患者确立合理的治疗预期（即通过治疗可以减少发作频率，减轻头痛程度，缩短头痛发作时间，减少失能）；（4）正确合理使用急性期药物，告知急性止痛药物在头痛发作初期（头痛发作后1 h内）服用效果更好［15］ ，但需要控制使用频率，建议每周不超过1次，避免MOH的发生，给药途径需考虑消化系统症状；（）及时启动预防性治疗：解释预防性药物治疗的目的、疗程及注意事项。",407,['CN 中国偏头痛诊断与治疗指南2023_1773147405'],"['c5f6d5c9-f8eb-4880-9972-3bb50f919e50'
 '8867eaba-c420-4807-a9b8-1b2f94fd7bb2'
 '2d369837-9fd2-4cd4-bc6e-c6ec00c7de94'
 '3fd6d349-47cf-46c8-8521-4060e655bf92'
 '7cd243f9-a35e-4f44-a071-dfccdb964aee'
 '70982d2a-7b7d-4418-ad70-6f8ae6d3b0b2'
 '23d959ed-9864-42a7-b323-610412a418cd'
 '4e21c725-89c3-4f05-acf0-a7ef7f7ee218']","['500bb295-ff5a-4026-975e-57da7b56fb21'
 '34d7eb03-b872-4876-a471-926d49bb40fa'
 '4b88580b-fabc-43e0-bcf1-97c99aa65612'
 'aa3b2929-729e-4b9d-a35f-cfc74684b7e8'
 '540f206c-4310-40da-950f-c6dca20465b3'
 '3ec9fd73-7a18-439c-9303-e37c7d1537cb'
 '878281d9-3072-46f2-8646-4a9bfedeb28c'
 '99866be0-4af5-4fd5-88cb-1c4fb39b2a0a']",[]
3094b23ee2b02a1ebf0e6f0494741e8b4c098d1401dd6d444c7e611df529f1098214f283638978a30c131cae8f3cbeaaf9679c1e01b075e601c671cf42b1e25c,85,"METADATA:
{
  ""parent_headings"": [
    ""# 二、药物治疗""
  ]
}

CONTENT:
偏头痛的药物治疗是本指南重点介绍内容，分为急性发作期药物治疗与预防性治疗。在预防性治疗中本指南将发作性偏头痛（episodic migraine，）与 的预防治疗用药分开进行阐述，旨在提醒临床医师二者的病理生理机制与预防策略不尽相同。同时本指南也将介绍具有控制偏头痛急性发作与预防治疗双重疗效的药物，可作为临床治疗的选择。",198,['CN 中国偏头痛诊断与治疗指南2023_1773147405'],"['c5f6d5c9-f8eb-4880-9972-3bb50f919e50'
 '2d369837-9fd2-4cd4-bc6e-c6ec00c7de94'
 'dff3ffe1-c797-49a5-a7d4-29dfebe42ec8'
 '68c355a0-8e8f-4c73-8c57-373ebb9c4985'
 '439f5712-6504-4a85-8506-aba3d4f1f28d']","['500bb295-ff5a-4026-975e-57da7b56fb21'
 '3131dfda-47b5-4685-88be-15e312f98f13'
 '188713df-54a4-43c9-b44c-2bf5a6cd1a14'
 '99705a94-eafb-4e86-87e3-8f3d5d0378cd']",[]
8a5a6e187c668bb2f8331df659df42e1806867580ac766ba79bd9efeba8f788a99d6677d88162b703da1dfef9d27fc7aee00093a794541110dbfebcba1a298b0,86,"METADATA:
{
  ""parent_headings"": [
    ""# （一）急性发作期药物治疗""
  ]
}

CONTENT:
急性发作期治疗目标及原则：（）治疗目标：急性发作期药物治疗的核心目标是快速持续止痛、恢复患者功能、减少不良事件的发生、减少经济及医疗资源消耗。（）头痛评估：偏头痛发作程度的评估 可 使 用 视 觉 模 拟 量 表（Visual Analogue Scale，）、数字评定量表（ ， ）、

表6 慢性偏头痛的诊断标准  
Table 6 Diagnostic criteria of chronic migraine   


<!-- TABLE_METADATA: {""type"": ""table"", ""page"": 0, ""table_idx"": 4, ""caption"": ""表6 慢性偏头痛的诊断标准 Table 6 Diagnostic criteria of chronic migraine "", ""footnote"": """", ""extracted_from"": ""mineru_api""} -->
<table><tr><td>A.符合B和C的头痛(偏头痛或紧张型头痛样头痛a)每月发作≥15d,持续3个月以上</td></tr><tr><td>B.符合无先兆偏头痛诊断B~D标准和(或)有先兆偏头痛B标准和C标准的头痛至少发生5次</td></tr><tr><td>C.头痛符合以下任何1项,且每月发作大于8d,持续时间大于3个月b:</td></tr><tr><td>1.无先兆偏头痛诊断标准的C和D</td></tr><tr><td>2.有先兆偏头痛诊断标准的B和C</td></tr><tr><td>3.患者所认为的偏头痛发作可通过服用曲普坦类或麦角类药物缓解</td></tr><tr><td>D.不能用ICHD-3中的其他诊断更好地解释c,d,e</td></tr></table>

注： ：国际头痛分类 第三版。a 慢性偏头痛（ ）与发作性偏头痛不同之处在于频繁或持续发作的偏头痛中，单次发作是难以分辨的； 患者头痛性质每天都可能不同，甚至 内也有变化。对于 患者，偏头痛样或紧张型头痛样头痛都应该计算在头痛天数内（但不包括继发性头痛）。b 反复头痛发作的患者需要坚持以月为单位记录头痛日记，记录包括疼痛信息及伴随症状。c 当 与慢性紧张型头痛同时存在时，因为CM诊断标准可涵盖慢性紧张型头痛，故只诊断CM。d 新发每日持续头痛（new daily persistent headache， NDPH）可具有CM的特点。 由无先兆偏头痛和（或）有先兆偏头痛发展而来；但是当头痛第 次发作后每日均有发作， $2 4 \mathrm { ~ h ~ }$ 内不缓解且同时符合 诊断标准A~C的时候则诊断为NDPH，如发病形式无法回忆或不确切则诊断为CM。‘当患者同时符合CM和药物过度使用性头痛的诊断标准时_二者均应诊断

表7 偏头痛与紧张型头痛和丛集性头痛的鉴别  
Table 7 Differential diagnosis among migraine， tension‑type headache and cluster headache   


<!-- TABLE_METADATA: {""type"": ""table"", ""page"": 0, ""table_idx"": 5, ""caption"": ""表7 偏头痛与紧张型头痛和丛集性头痛的鉴别 Table 7 Differential diagnosis among migraine， tension‑type headache and cluster headache "", ""footnote"": ""注：a 偏头痛可以是单侧痛（约占 $60 \\%$ ），也可以是双侧痛（约占 $40 \\%$ ）［11］ ；b 丛集性头痛可表现为颞部的剧痛，注意与继发性头痛鉴别；c 包括流泪、结膜充血、眼睑水肿、流汗、流涕、上睑下垂、瞳孔缩小等"", ""extracted_from"": ""mineru_api""} -->
<table><tr><td>项目</td><td>偏头痛</td><td>紧张型头痛</td><td>丛集性头痛</td></tr><tr><td>持续时间</td><td>4~72 h</td><td>30 min~7 d</td><td>15~180 min</td></tr><tr><td>头痛位置</td><td>多单侧a通常是额颞部,有时是枕部或弥漫性</td><td>多双侧颅周,双颞部或枕部</td><td>严格单侧眶周和(或)颞部b</td></tr><tr><td>头痛性质</td><td>多为搏动性</td><td>压迫性或紧箍样</td><td>性质多样的剧痛</td></tr><tr><td>日常活动的影响</td><td>加重头痛</td><td>多无影响</td><td>发作期烦躁不安</td></tr><tr><td>头痛程度</td><td>中重度</td><td>轻中度</td><td>重度或极重度</td></tr><tr><td>伴随症状</td><td>多有恶心和(或)呕吐,畏光和畏声</td><td>无恶心和(或)呕吐;畏光或畏声可有1种</td><td>三叉自主神经症状c</td></tr></table>

注：a 偏头痛可以是单侧痛（约占 $60 \%$ ），也可以是双侧痛（约占 $40 \%$ ）［11］ ；b 丛集性头痛可表现为颞部的剧痛，注意与继发性头痛鉴别；c 包括流泪、结膜充血、眼睑水肿、流汗、流涕、上睑下垂、瞳孔缩小等

偏 头 痛 残 疾 程 度 评 估 问 卷（Migraine DisabilityAssessment Questionnaire， MIDAS）、头痛影响测评量表 （ ， ）等量表。一般认为患者在最近 个月中偏头痛发作的天数8 d或发作天数 $< 8 \mathrm { ~ d ~ }$ 但满足： $\textcircled{1}$ HIT‑6 评分 ${ \ } ^ { \geqslant 6 0 }$ 分或$\textcircled{2}$ 多于半数发作使患者丧失工作、家务、学习及娱乐能力者，视为重度偏头痛［16］ 。（）治疗原则：应根据头痛严重程度、伴随症状、既往用药和患者的个体情况，结合阶梯治疗（stepped treatment）或分层治疗（ ）原则选用急性期治疗药物；避免使用安乃近，以及含有巴比妥类和阿片类成分的止痛药；并警惕发生急性止痛药过度使用和的风险。阶梯治疗：首先给予治疗剂量的对乙酰氨基酚或NSAIDs，根据患者需求和药物反应，逐步升级或直接给予曲普坦类和降钙素基因相关肽（calcitonin gene related peptide， CGRP）受体拮抗剂和高选择性的 5‑羟色胺 1F（5‑hydroxytryptamine1F， $5 { \mathrm { - H T } } _ { \mathrm { 1 F } }$ ）受体激动剂 Ditans等特异性药物治疗。分层治疗：头痛较轻时，服用 ， 后若反应不足，加用曲普坦类药物；中度或重度头痛（在最近个月中丧失工作、家务、学习或娱乐等能力超过$50 \%$ 的天数大于 ）时，应尽早足量服用曲普坦类药物， 后若反应不足，可加用 ；对于有先兆偏头痛，在先兆开始时服用 ，在头痛开始时服用曲普坦类药物［17］ 。（）治疗有效的评估标准： $\textcircled{1}$ 服药 $^ { 2 \mathrm { ~ h ~ } }$ 后无任何疼痛； $\textcircled{2}$ 服药 $^ { 2 \mathrm { ~ h ~ } }$ 后疼痛显著缓解，由中重度转为轻度或无痛（或 评分下降 $50 \%$ 以上）； $\textcircled{3}$ 在治疗成功后的 $2 4 \mathrm { { h } }$ 内无头痛再发或无须再次服药，且没有（或极少）不良事件； $\textcircled{4}$ $^ { 2 \mathrm { ~ h ~ } }$ 内，最难以忍受的偏头痛伴随症状（如畏光、畏声、恶心和呕吐及体力活动受限等）缓解。",2875,['CN 中国偏头痛诊断与治疗指南2023_1773147405'],"['c5f6d5c9-f8eb-4880-9972-3bb50f919e50'
 'ee08258f-7327-46f1-9459-c1bbd95e644d'
 'e2b51cdc-bb66-4388-80c7-2c503528ad2f'
 '68c355a0-8e8f-4c73-8c57-373ebb9c4985'
 '8ec8617f-d3b0-44f0-9d4f-1ecc352e77a4'
 'de47c0c9-473a-44ea-8d31-73a8c89b74f7'
 'fe4b1c04-eca9-499d-8b74-fbe96a42de02'
 '6fbc8125-0d15-45ba-b17a-748a619d68d0'
 'c44d8218-87be-4e52-b2c8-6193f264762b'
 '400b7f31-13c8-438e-a58d-6a47292d02c1'
 'b8257202-bec4-42d3-ac82-326aeca9929f'
 '081c3332-96e7-47cf-a498-ba41f758c31b'
 'c509df1a-423a-4663-b945-98f74cb899f9'
 '013777bd-8b65-4fbc-9d35-695f82ddb207'
 'db431f00-3463-4a09-b3ac-c2d51ff05d49'
 '1073bc7a-7287-4d4a-9bd4-1bdbdb95640f'
 'eab518f2-9d6f-4402-a841-7ac724e6ebdb'
 '24c3eccd-fc54-4f50-9879-08888a31cbbb']","['d648ae34-e722-47e0-82da-5026cc379346'
 'afd05625-8f4c-4b6f-910c-2ad20ae85674'
 'dad5744b-efdd-43aa-bb4d-87fb06f29a25'
 '324146d0-4a71-4c57-8440-3089ae5dd6d2'
 'a3a7978c-5b14-44e6-b92e-c729e4b0f4a8'
 '641e4aff-8ec2-4acd-8ce3-ed4fccae70c3'
 'cb6dcd03-49ed-4f13-9af3-dd159b6a610d'
 'df1f8562-cb01-4673-9b43-f0d4d4a19f05'
 'ccb99649-cee0-4244-8ffb-67f7cd514073'
 'd811cc1d-b121-4009-adc8-da4af7af24bd'
 '64205800-85b1-41cd-a090-fba71385fb43']",[]
9609f731b2a1d479a0b1fa68f88c75b8c3461935601ffe88d4cfc8df0b1379cf4e596ef472e2ed824cc0fe7b6dbd0218447501e6f7c382a1a26e1db6352b7c15,87,"METADATA:
{
  ""parent_headings"": [
    ""# （一）急性发作期药物治疗""
  ]
}

CONTENT:
2.急性发作期治疗药物：主要治疗药物如下。

（）非特异性药物治疗：解热镇痛药通过抑制环氧化酶，减少前列腺素合成而起到镇痛作用。常用药物有对乙酰氨基酚、 （如布洛芬、双氯芬酸、萘普生以及阿司匹林等）及其复方制剂［18‑21］ 。对乙酰氨基酚因其抗炎作用微弱，通常不被归为，它主要通过抑制分布在中枢神经系统的环氧合酶‑2，减少前列腺素的生成，从而缓解疼痛；大多数的 抑制了环氧合酶 以及环氧合酶 ，进而减少前列腺素和血栓素的合成。大量研究结果表明，对于轻、中度的偏头痛发作和既往治疗有效的重度偏头痛发作，解热镇痛药可作为一线药物。含咖啡因的复方止痛药在国内偏头痛急性发作中广泛使用，应注意合用的咖啡因会增加药物过度使用、成瘾及 的风险。偏头痛急性发作期时，可考虑使用以下非特异性药物治疗，推荐剂量根据头痛程度和患者耐受程度决定。同时应注意对乙酰氨基酚和 引起的主要不良反应（出血综合征、消化不良、恶心、腹泻、便秘、头晕、乏力和肾脏毒性等），对于严重肝肾功能不全的患者禁用。

$\textcircled{1}$ 对乙酰氨基酚：项随机对照双盲试验结果显示，对乙酰氨基酚可有效缓解偏头痛急性发作症状，但仅对轻中度头痛发作有效［18‑19］。  
推荐意见： $5 0 0 { \sim } 1 ~ 0 0 0 ~ \mathrm { m g / }$ 次，每日最大剂量$4 0 0 0 \mathrm { m g ( \Omega I }$ 级推荐，A级证据）。  
$\textcircled{2}$ 布洛芬： 项随机对照试验（， ）结果表明， $2 0 0 \ \mathrm { m g }$ 的布洛芬可在 $^ { 2 \mathrm { ~ h ~ } }$ 内有效缓解偏头痛症状［22‑23］ 。 项 结果表明， $4 0 0 ~ \mathrm { m g }$ 的布洛芬可在 内有效缓解偏头痛症状［22‑25］ 。 项 结果表明， $6 0 0 ~ \mathrm { m g }$ 的布洛芬可在 内有效缓解偏头痛症状［23］ 。 项 结果表明 ， $4 0 0 ~ \mathrm { m g }$ 布 洛 芬 可 在 $2 4 \mathrm { ~ h ~ }$ 内 持 续 缓 解 偏

头痛［26‑28］ 。

推荐意见： $2 0 0 { \sim } 8 0 0 ~ \mathrm { m g / }$ 次，每日最大剂量$8 0 0 \mathrm { m g ( \Omega I }$ 级推荐，A级证据）。

$\textcircled{3}$ 阿司匹林：1项纳入13项RCT研究的荟萃分析结果显示， $9 0 0 { \sim } 1 ~ 0 0 0 ~ \mathrm { m g }$ 阿司匹林可有效缓解偏头痛急性发作症状［29］ 。由于阿司匹林可引起消化系统疾病、出血、过敏、Reye综合征等不良反应，所以在使用的时候，要根据我国国情和患者情况个体化使用。

推荐意见： $3 0 0 { \sim } 1 ~ 0 0 0 ~ \mathrm { m g / }$ 次，每日最大剂量$3 0 0 0 \mathrm { m g ( \Omega I }$ 级推荐， 级证据）。

$\textcircled{4}$ 双氯芬酸：项 研究结果表明，双氯芬酸可有效缓解偏头痛急性发作症状［30‑34］ 。应注意双氯芬酸引起的主要不良反应（出血综合征、消化不良、恶心、腹泻、便秘、头晕、乏力和肾脏毒性等），对于严重肝肾功能不全、活动性溃疡、过敏、有出血风险、妊娠等患者禁用。

推 荐 意 见 ： $5 0 { \sim } 1 0 0 ~ \mathrm { m g / }$ 次 ，每 日 最 大 剂 量$1 5 0 \mathrm { m g ( \mathrm { ~ I ~ } }$ 级推荐， 级证据）。

$\textcircled{5}$ 萘普生：项大型 研究结果表明，萘普生可有效缓解偏头痛急性发作症状［35‑38］ 。 应注意萘普生引起的主要不良反应（出血综合征、消化不良、恶心、腹泻、便秘、头晕、乏力和肾脏毒性等），对于严重肝肾功能不全、活动性溃疡、过敏、有出血风险、妊娠等患者禁用。

推荐意见： $2 5 0 { \sim } 1 ~ 0 0 0 ~ \mathrm { m g } /$ 次，每日最大剂量$1 0 0 0 \mathrm { m g ( \Omega I }$ 级推荐， 级证据）。

$\textcircled{6}$ 对乙酰氨基酚与咖啡因复方制剂：项大型研究结果表明，对乙酰氨基酚合用咖啡因可在

2 h内有效缓解偏头痛症状［39‑42］ 。应注意对乙酰氨基酚 $^ +$ 咖啡因引起的主要不良反应（肝脏和血液毒性、心悸等），对于严重肝肾功能不全患者禁用。

推荐意见：片 次，每日最大剂量 片（ 级推荐，A级证据）。

$\textcircled{7}$ 吲哚美辛：项系统回顾结果显示吲哚美辛可有效缓解偏头痛急性发作期症状［43‑44］ 。应注意吲哚美辛引起的主要不良反应（出血综合征、消化不良、恶心、腹泻、便秘、头晕、乏力和肾脏毒性等），对于严重肝肾功能不全、活动性溃疡、过敏、有出血风险、妊娠等患者禁用。

推荐意见： $2 5 { \sim } 7 5 ~ \mathrm { m g } /$ 次（片剂）或 $1 0 0 \mathrm { m g / }$ 次（栓剂），每日最大剂量 $2 0 0 \mathrm { m g } |$ （ 级推荐， 级证据）。

偏头痛急性发作期非特异性治疗药物推荐详见表8。

（2）特异性药物治疗：主要包括以下药物。",2404,['CN 中国偏头痛诊断与治疗指南2023_1773147405'],"['c5f6d5c9-f8eb-4880-9972-3bb50f919e50'
 '599ef6e7-b688-4e19-80a1-0274ae6f9411'
 '1327d89e-633b-4bf1-90a9-6f8fb2d785c2'
 '65d3d7dc-e834-4a59-af35-999ce69134b8'
 'e2b51cdc-bb66-4388-80c7-2c503528ad2f'
 '5a667348-2a12-49d8-b0b6-3dee2bfd3d02'
 'cb04fb3b-e7fa-4a58-86b7-51a080f4a419'
 '400b7f31-13c8-438e-a58d-6a47292d02c1'
 '5f6d292b-5e48-4f44-af2a-f9c9ea03201b'
 'e442f67d-c473-4e46-9f12-8c958fa25084'
 'e746d3fa-1265-48f6-bcf0-3fcea2253376'
 'da06a63d-e036-46f8-be81-cf3309fd8fa6'
 '6c53b83d-274a-4634-914a-3427aa40ffd5'
 '7581c677-da32-426c-bdd3-58934d6317b8'
 'c8e290c2-773a-4d9a-a3ab-65555f84fc8a']","['3bcc6366-2430-49d2-bfc3-54418a444fc5'
 '265486cc-8349-45ed-82b2-6746ba3cac76'
 '0ed92603-08c4-46c1-99a5-6db55d0052af'
 '4cbeae98-5827-4814-ad75-c481196a7d6a'
 '3a54382a-44cc-4aba-bb7c-ffd7457ed5d4'
 '575edc16-84da-4349-9bfd-658f50df54f8'
 'a08f7156-03dd-4700-a237-5602a47d3c1b'
 '06a3d864-cee9-4c00-a9d7-fbf76f7621f9'
 'dccddbef-7227-43b8-9157-6f8e70009317'
 '8e0b0bb1-3ea5-4d21-b676-b8e0e0059981'
 '6f5085bd-c2c9-4323-8cd7-f4e248f62406'
 '980c37d5-e216-49d0-979b-2672010b58fe'
 '703a6053-a0bc-44fb-9976-d1d75c02c38f'
 'd1c6a893-b575-4fa0-8b0f-934f6362282d'
 '23745037-6c97-4825-8d12-3f3d90d88023'
 '92d8572e-051e-4a87-a89e-9ae8eed46921'
 '47d51ae4-08ab-414a-8637-36d956df4679'
 '79a1a988-fadc-47ff-9a5d-59d1e67c2dee']",[]
a4d0b08467ce73e94c8ae21cbf1d5c9de2b28eb2b11f0d9600ba696f7deecf4bbb8dcc953f2c41adbc6ecd52451ed70a2ae271b631839da06fe4efc61527bdad,88,"METADATA:
{
  ""parent_headings"": [
    ""# （一）急性发作期药物治疗""
  ]
}

CONTENT:
$\textcircled{1}$ 曲普坦类：曲普坦类药物是 羟色胺(5-hydroxytryptamine 1B/1D, ${ 5 { \mathrm { - } } \mathrm { H T } _ { \mathrm { 1 B / 1 D } } }$ ）受体激动剂，为偏头痛中、重度急性发作的一线治疗药物。 项大样本随机对照研究证实曲普坦类药物在缓解急性偏头痛方面疗效显著，优于或等于 ［45‑46］ 。曲普坦类药物越早应用效果越好，但是对于有先兆的患者，建议在头痛开始时（非先兆期）使用［47］。不同曲普坦类药物在疗效及耐受性方面略有差异，3项RCT研究结果表明大约 $30 \% { \sim } 4 0 \%$ 的偏头痛患者对曲普坦类药物的疗效和（或）耐受性不足［48‑50］ 。可能相关因素包括：女性患者、严重的基线头痛、先兆发作、畏光畏声、恶心和共患抑郁症。若患者对一种曲普坦类药物疗效不佳，增加药物剂量、换用

表8 偏头痛急性发作期非特异性治疗药物推荐  
Table 8 Recommendations of non‑specific drugs in acute migraine attack   


<!-- TABLE_METADATA: {""type"": ""table"", ""page"": 0, ""table_idx"": 6, ""caption"": ""表8 偏头痛急性发作期非特异性治疗药物推荐 Table 8 Recommendations of non‑specific drugs in acute migraine attack "", ""footnote"": ""注：作为 级证据 级推荐的非特异性药物使用应当结合药物的可获得性与患者对药物的耐受性。a 对乙酰氨基酚与咖啡因复方制剂有多种组合方案，建议临床医生在使用时，避免超过每种药物成分最大剂量使用；b 禁忌证和不良反应根据发生频率列出，并非详尽无遗"", ""extracted_from"": ""mineru_api""} -->
<table><tr><td>药物</td><td>推荐强度</td><td>证据等级</td><td>推荐剂量 (mg/次)</td><td>每日最大剂量(mg/d)</td><td>主要不良反应</td><td>主要禁忌证</td></tr><tr><td>对乙酰氨基酚</td><td>I</td><td>A</td><td>500~1 000</td><td>4 000</td><td>肝脏、肾脏和血液毒性等</td><td>严重肝肾功能不全等</td></tr><tr><td>阿司匹林</td><td>I</td><td>A</td><td>300~1 000</td><td>3 000</td><td>消化系统疾病、出血、过敏、Reye综合征等</td><td>妊娠、活动性溃疡、过敏、出血风险、哮喘和肾功能不全等</td></tr><tr><td>布洛芬</td><td>I</td><td>A</td><td>200~800</td><td>800</td><td>出血综合征、消化不良、恶心、腹泻、便秘、头晕、乏力和肾脏毒性等</td><td>严重肝肾功能不全、活动性溃疡、过敏、出血风险、妊娠等</td></tr><tr><td>双氯芬酸</td><td>I</td><td>A</td><td>50~100</td><td>150</td><td>同布洛芬</td><td>同布洛芬</td></tr><tr><td>萘普生</td><td>I</td><td>A</td><td>250~1 000</td><td>1 000</td><td>同布洛芬</td><td>同布洛芬</td></tr><tr><td>对乙酰氨基酚与咖啡因复方制剂a</td><td>II</td><td>A</td><td>1片</td><td>2片</td><td>肝脏和血液毒性、心悸等b</td><td>严重肝功能不全等b</td></tr><tr><td>吲哚美辛</td><td>II</td><td>B</td><td>25~75(片剂)100(栓剂)</td><td>200</td><td>同布洛芬</td><td>同布洛芬</td></tr></table>

注：作为 级证据 级推荐的非特异性药物使用应当结合药物的可获得性与患者对药物的耐受性。a 对乙酰氨基酚与咖啡因复方制剂有多种组合方案，建议临床医生在使用时，避免超过每种药物成分最大剂量使用；b 禁忌证和不良反应根据发生频率列出，并非详尽无遗

另一种曲普坦类药物、联合使用曲普坦类药物与可能使患者获益。对于中度至重度发作的患者，曲普坦与对乙酰氨基酚或 联合使用可能有益。目前国际上已批准的曲普坦类药物有佐米曲普坦、利扎曲普坦、舒马曲普坦、依来曲普坦、夫罗曲普坦、那拉曲普坦和阿莫曲普坦。其中夫罗曲普坦可用于月经性偏头痛患者的急性发作期治疗和短期预防性治疗。曲普坦类药物在急性发作期应尽早使用，并密切观察使用曲普坦类药物可能出现的不良反应（四肢感觉异常、恶心、发冷、头晕、乏力、胸痛、潮红、嗜睡、冠状动脉痉挛、严重高血压、血清素综合征等）。禁用于偏瘫型偏头痛、脑干先兆偏头痛、TIA、脑卒中、严重的外周血管疾病、缺血性肠病、心血管疾病（心绞痛、心肌梗死、预激综合征及难治性高血压等）及严重肝肾功能不全的患者。就目前国内可获得的曲普坦类药物做出以下推荐。

推荐意见：（ ）利扎曲普坦，推荐剂量次（片剂），每日最大剂量 （ 级推荐， 级证据）。（）佐米曲普坦，推荐剂量 $2 . 5 { \sim } 5 . 0 ~ \mathrm { m g } /$ 次（片剂或鼻喷雾剂），每日最大剂量 $1 0 \mathrm { m g ( \mathrm { ~ I ~ } }$ 级推荐，级证据）。（3）舒马曲普坦，推荐剂量 $2 5 { \sim } 1 0 0 ~ \mathrm { m g / }$ 次（片剂），每日最大剂量 $2 0 0 ~ \mathrm { m g }$ （Ⅰ级推荐，A级证据）。

$\textcircled{2}$ 受体拮抗剂： 是一种广泛分布于中枢和外周神经系统的神经肽，具有舒张血管和调节神经元兴奋性的作用，偏头痛发作期患者血浆CGRP水平显著升高。CGRP受体拮抗剂gepants通过阻断 与其受体结合进而降低三叉神经血管系统活性，终止偏头痛急性发作。3项高质量RCT 研究结果表明，口服 rimegepant 和 ubrogepant能有效缓解偏头痛急性期疼痛［51‑53］ 。 gepants 与其他治疗偏头痛药物的疗效比较以及对曲普坦无效或不耐受的患者的疗效尚缺乏相关证据［54］ 。在此类药物使用期间，需要注意监测肝功能。部分对曲普坦类无效或不能耐受的患者可能对 有治疗反应［54］。此类药物使用期间，需要注意监测肝功能及其他可能出现的不良反应（恶心、嗜睡、罕见的严重过敏反应等），过敏患者禁用。根据药物可及性与药物经济学因素做出以下推荐。",2797,['CN 中国偏头痛诊断与治疗指南2023_1773147405'],"['c5f6d5c9-f8eb-4880-9972-3bb50f919e50'
 '599ef6e7-b688-4e19-80a1-0274ae6f9411'
 '1327d89e-633b-4bf1-90a9-6f8fb2d785c2'
 '65d3d7dc-e834-4a59-af35-999ce69134b8'
 'e2b51cdc-bb66-4388-80c7-2c503528ad2f'
 'f14e4999-0be7-4428-8f98-488d5518439b'
 'de47c0c9-473a-44ea-8d31-73a8c89b74f7'
 '5a667348-2a12-49d8-b0b6-3dee2bfd3d02'
 'b0fe4d0e-bde5-4e81-aaa8-74aaced5ed07'
 '439f5712-6504-4a85-8506-aba3d4f1f28d'
 'e746d3fa-1265-48f6-bcf0-3fcea2253376'
 'da06a63d-e036-46f8-be81-cf3309fd8fa6'
 '7581c677-da32-426c-bdd3-58934d6317b8'
 '333d8555-e4da-4b52-a294-7e7129ccd31c'
 '3efe2d3a-2157-45e2-ae76-81ce36620af4'
 '3420f000-8c13-4958-a14f-c140f5f425aa'
 'ceff41ad-21ee-4ce7-a426-8307c8e4fb64'
 'f0fa8190-af85-4772-843a-db49d9a14b13'
 'c306e9bf-97d7-406e-b477-6ff4478bf843']","['f61ebff2-576d-4a42-a2d6-1e577b644332'
 'c5d8d0a1-6cca-4d8e-b54d-4d78f8121ef4'
 'edce154c-738a-407d-a4b3-1573c8d9556e'
 '34ac994d-7b14-4550-8d21-1e15413c42bf'
 '447cf85e-508c-4e01-8be7-c65d8cb933c6'
 'b7185f6a-6789-454c-9266-ab4e353d77c9'
 '590c5c5c-8500-4604-ad87-59ef40bf1657'
 '4be71ab4-ddbe-4e2c-b859-ff181c50d39d'
 '3fc8a153-592b-4a54-a933-6e0a48504cde']",[]
1c2d42cf24d5ef41eadbc348176fc20e538136d601d7796de053c8d108164282bc91e627d6fb591fd2b3c6605eec37ee0ee6a4acb7ae2873d039be0a367cabe9,89,"METADATA:
{
  ""parent_headings"": [
    ""# （一）急性发作期药物治疗""
  ]
}

CONTENT:
推荐意见：（1） rimegepant，推荐剂量 $7 5 ~ \mathrm { m g / }$ 次，每日最大剂量 $7 5 ~ \mathrm { m g }$ （Ⅱ级推荐，A级证据）。（2），推荐剂量 $5 0 { \sim } 1 0 0 ~ \mathrm { m g / }$ 次，每日最大剂量$2 0 0 ~ \mathrm { m g }$ （Ⅱ级推荐，A级证据）。

$\textcircled{3}$ 选择性 $5 { \mathrm { - H T } } _ { \mathrm { 1 F } }$ 受体激动剂： 是选择性的 $5 { \mathrm { - H T } } 1 _ { \mathrm { - } }$ 受体激动剂，通过对中枢和外周神经系统 $5 { \mathrm { - H T } } _ { \mathrm { 1 F } }$ 受体的激动作用用于偏头痛急性期治疗。因其对血管上的 $5 { \mathrm { - H T } } _ { \scriptscriptstyle { 1 8 } }$ 受体缺乏活性，所以血管收缩等不良反应少见。2019年 lasmiditan 口服剂型（ $5 0 \mathrm { m g }$ 和 $1 0 0 ~ \mathrm { { m g } }$ ）被美国食品药品监督管理局（ ）批准用于成人急性偏头痛发作期的治疗［55］ 。2 项临床Ⅱ期试验［56‑57］ 和 3 项临床Ⅲ期试验［55，58‑59］ 结果表明，lasmiditan可有效缓解偏头痛急性发作期症状。不良反应主要为中枢神经系统抑制（头晕，镇静）、疲劳、感觉异常、恶心、肌肉无力、驾驶障碍等，有时也会出现幻觉、欣快等［60］。应谨慎与酒精、大麻或其他中枢神经抑制剂合用，摄入后8 h内禁止驾驶。根据药物可及性与药物经济学因素做出以下推荐。

推荐意见：推荐剂量 $5 0 { \sim } 1 0 0 ~ \mathrm { m g / i }$ 次，每日最大剂量 $2 0 0 \mathrm { m g ( H }$ 级推荐， 级证据）。

偏头痛急性发作期特异性治疗药物推荐详见表9。

（）其他治疗药物：项系统回顾结果表明，甲氧氯普胺、多潘立酮等止吐和胃动力药可有效治疗与偏头痛发作相关的恶心呕吐，并有助于其他口服治疗药物的吸收［61‑62］ 。巴比妥类镇静药虽可促使患者镇静、入睡，缓解头痛，但因镇静剂有成瘾性，应尽量避免使用。可待因、曲马多、吗啡等阿片类镇痛药物也有成瘾性，也会加剧恶心、增加 的风险，并可能诱发对其他药物的耐药性［63‑64］ 。因此，不推荐使用巴比妥类和阿片类药物治疗偏头痛发作。

推荐意见：（）当偏头痛患者出现发作相关的恶心呕吐症状时，推荐使用甲氧氯普胺，推荐剂量$1 0 { \sim } 2 0 ~ \mathrm { m g / }$ 次，日剂量不超过 $0 . 5 ~ \mathrm { { m g } / \mathrm { { k g } } }$ （口服、肌内注射或静脉注射）（ 级推荐， 级证据）。（）当偏头痛患者出现发作相关的恶心、呕吐症状时，推荐使用多潘立酮，推荐剂量 $1 0 { \sim } 3 0 \mathrm { m g / d ( \mathrm { ~ I ~ } }$ 级推荐，A级证据）。",1290,['CN 中国偏头痛诊断与治疗指南2023_1773147405'],"['c5f6d5c9-f8eb-4880-9972-3bb50f919e50'
 '8867eaba-c420-4807-a9b8-1b2f94fd7bb2'
 '5145a6db-710e-4c5c-b97d-50967b3c6861'
 '40ceff21-0f0e-4f3d-8b22-bb51c4bfcaae'
 'aa6a2b04-6f9d-473c-bc21-b77ec33692bd'
 '7581c677-da32-426c-bdd3-58934d6317b8'
 'd74fcdc9-bea4-4735-b832-5e42f2cbbac4'
 '19be0f06-6417-4782-a33d-16a02f012ca5'
 'a3b45273-b4ec-4a77-8778-7cfa94218cda'
 '35a08ef2-e023-4847-a778-e30882cb6f3f'
 '3b6929ca-c0ca-487a-a0f1-dd2f76a75551'
 'cdf48a29-a8b7-4f6c-8aa2-b9375c62cdea'
 'f8e4a9a9-1581-4e51-a863-5c407fd06fc3'
 '8c8591e0-19f2-42a2-9d0a-f9c08363efd0'
 '32715d6a-94e6-40d3-b77f-911c19cd6ca3'
 '00010f9c-7775-4158-8de5-afd1034c5374'
 'bffa6943-645f-4df8-ac8b-a68f399e5818'
 '5c7e7ed3-9e31-42b4-aad0-1893b67333a5'
 '07972482-b180-4c1e-a9bf-b7f26bd6fb52'
 '5284da9b-d843-4ea8-a376-b59d70874592'
 'db56d01f-0fbf-4928-b002-229e721c6941']","['34d7eb03-b872-4876-a471-926d49bb40fa'
 '9ca82a15-50e1-4e44-9faa-b30577c69894'
 '28343e9c-6c37-46dd-9858-7d208f7cecba'
 'cdff8b69-3418-488f-9717-8d172c16a8d5'
 'dd066af6-96a1-4311-8212-d0af592d323d'
 'c18dd555-760e-4eca-8342-f16da653a3d2'
 '198bed2e-086a-4701-97ee-d2fdec2c7901'
 '185924ba-4e8f-4986-a60d-b64b39e26668'
 'b6ee7821-0372-43e5-a698-088ff23f2ad1'
 '7536d9f8-3fbd-4290-a075-0fb817018c97'
 '4b9080c3-f317-48c9-9f4f-8d93a311b8b9'
 '760b5532-c781-405c-989f-0a0574d6671f'
 '72a0e65f-d3ac-4dd0-8576-a3ab0487357d'
 '091db4f5-799f-4112-af80-cdd51e1a65d3'
 'af56e159-8a9e-4347-9b29-60b717b8c140'
 'a95e29e5-578d-4fd3-98b2-9b736c744504'
 '7430f7c2-c317-4737-82d7-6103a2f3a8bb'
 'f29dbb7f-ff6a-4be3-9802-4968f43f2085'
 'c626f53a-2714-4a8d-9f27-b6bc6c2b0c96'
 'ee7b2f0c-83c4-452b-8b59-4c1335aee06c']",[]
ab02a1307f63358bba10915511264b7bd499a08f4799ccbe749feea02892d3b4576b80b148aafc7d157b4e4ee34994660056fda352cb0162f7687641ca4e1399,90,"METADATA:
{
  ""parent_headings"": [
    ""# （二）预防性药物治疗""
  ]
}

CONTENT:
预防性治疗目标及原则：在启动预防性治疗时，应根据循证医学证据、结合医生的专业经验，联合用药；同时兼顾患者对药物的耐受性、用药偏好、对既往治疗的反应、药物使用的便利性以及经济学成本、禁忌证与过敏史、共患疾病、特殊人群等个体化地选择治疗方案，并对 及 分别有针对性地选取治疗药物及疗程。（）治疗目标：偏头痛预防

表9 偏头痛急性发作期特异性治疗药物推荐   
Table 9 Recommendations of specific drugs in acute migraine attack   


<!-- TABLE_METADATA: {""type"": ""table"", ""page"": 0, ""table_idx"": 7, ""caption"": ""表9 偏头痛急性发作期特异性治疗药物推荐  Table 9 Recommendations of specific drugs in acute migraine attack "", ""footnote"": """", ""extracted_from"": ""mineru_api""} -->
<table><tr><td>药物</td><td>推荐强度</td><td>证据等级</td><td>推荐剂量(mg/次)</td><td>每日最大剂量(mg/d)</td><td>主要不良反应</td><td>主要禁忌证</td></tr><tr><td>曲普坦类</td><td></td><td></td><td></td><td></td><td></td><td></td></tr><tr><td>利扎曲普坦</td><td>I</td><td>A</td><td>5~10</td><td>30</td><td rowspan=""5"">四肢感觉异常、恶心、发冷、头晕、乏力、胸痛、潮红、嗜睡、冠状动脉痉挛、严重高血压、血清素综合征等</td><td rowspan=""5"">偏瘫型偏头痛;脑干先兆偏头痛;血管疾病:短暂性脑缺血发作、脑卒中、心绞痛、心肌梗死、严重的外周血管疾病、缺血性肠病等;心脏副传导通路疾病,包括预激综合征;难控性高血压等;严重肝肾功能不全</td></tr><tr><td rowspan=""3"">佐米曲普坦</td><td rowspan=""3"">I</td><td rowspan=""3"">A</td><td>2.5~5.0</td><td rowspan=""3"">10</td></tr><tr><td>2.5~5.0</td></tr><tr><td>(鼻喷雾剂)</td></tr><tr><td>舒马曲普坦</td><td>I</td><td>A</td><td>25~100</td><td>200</td></tr><tr><td>降钙素基因相关肽受体拮抗剂</td><td></td><td></td><td></td><td></td><td></td><td></td></tr><tr><td>rimegepants</td><td>II</td><td>A</td><td>75</td><td>75</td><td rowspan=""2"">恶心、嗜睡、罕见的严重过敏反应等</td><td rowspan=""2"">对此药过敏</td></tr><tr><td>ubrogepants</td><td>II</td><td>A</td><td>50~100</td><td>200</td></tr><tr><td>高选择性的5-羟色胺IF受体激动剂</td><td></td><td></td><td></td><td></td><td></td><td></td></tr><tr><td>lasmiditan</td><td>II</td><td>A</td><td>50~100</td><td>200</td><td>常见:中枢神经系统抑制(头晕,镇静)、疲劳、感觉异常、恶心、肌肉无力、驾驶障碍等罕见:幻觉、欣快等</td><td>应谨慎与酒精、大麻或其他中枢神经抑制剂合用,摄入后8h内禁止驾驶</td></tr></table>

性治疗的目的在于减少头痛及先兆频率，减轻头痛程度及缩短持续时间，提高急性治疗疗效、减少急性治疗消耗、避免急性治疗升级，减少失能，提高生活质量。（）启动预防性治疗指征： $\textcircled{1}$ 通过避免诱因并且使用急性治疗药物后，偏头痛发作仍明显影响患者的生活质量（HIT‑6评分 ${ \geqslant } 6 0$ 分）； $\textcircled{2}$ 急性治疗失败或不耐受，存在药物过度使用或禁忌证； $\textcircled{3}$ 不伴失能的偏头痛发作每月 ${ \geqslant } 4$ 次，伴轻微失能的偏头痛发作每月 $\geqslant 3$ 次，伴严重失能的偏头痛发作每月 $\geqslant 2$ 次； $\textcircled{4}$ 特殊类型偏头痛：偏瘫型偏头痛，脑干先兆偏头痛，先兆持续时间 ${ > } 6 0 \ \mathrm { m i n }$ 的偏头痛，偏头痛性脑梗死，偏头痛持续状态（偏头痛发作时间持续 $^ { 7 2 \mathrm { ~ h ~ } }$ 以上）； $\textcircled{5}$ 患者希望减少发作次数。（）疗效评估：评价偏头痛预防性治疗有效的指标不能仅通过头痛天数减少（偏头痛或中重度头痛天数减少$50 \%$ ）来评判预防性治疗效果，还应结合头痛程度显著减轻、持续时间显著缩短、偏头痛相关失能改善和精神心理痛苦减少等指标综合考虑［65］。同时，应注意： $\textcircled{1}$ 偏头痛预防治疗药物需在足够治疗剂量下使用至少 周才能评估疗效，其中，使用 型肉毒毒素预防治疗 时，应在 个月后评估疗效；$\textcircled{2}$ 通过问诊，结合头痛日记、 和 量表来评估疗效、药物耐受性与依从性以及偏头痛患者的疾病负担； $\textcircled{3}$ 若疗效或耐受性不佳，应重新评价预防用药方案，同时考虑是否存在急性药物过度使用。（）治疗方案调整： $\textcircled{1}$ 在疗效不足且耐受性良好的情况下，可将预防性药物每日剂量增加到推荐的

最大治疗剂量，如仍不能达到满意疗效，可换用另种预防措施。 $\textcircled{2}$ 待达到满意疗效后，治疗需至少维持 个月， 或 需要维持治疗 个月以上。然后逐渐减停药物，并监测头痛频率。 $\textcircled{3}$ 停药期间或停药后，若头痛频率增加，可再重复以上步骤。 $\textcircled{4}$ 如存在急性治疗药物的过度使用，需先停用急性药物，否则预防药物疗效不佳。 $\textcircled{5}$ 对于预防性治疗后仍有发作的患者，应随访给出指导意见。",2450,['CN 中国偏头痛诊断与治疗指南2023_1773147405'],"['c5f6d5c9-f8eb-4880-9972-3bb50f919e50'
 '2d369837-9fd2-4cd4-bc6e-c6ec00c7de94'
 'f14e4999-0be7-4428-8f98-488d5518439b'
 '3634babb-dcfa-44b0-b42f-5f1844803469'
 'de47c0c9-473a-44ea-8d31-73a8c89b74f7'
 'b0fe4d0e-bde5-4e81-aaa8-74aaced5ed07'
 'aca72720-5173-4cc6-82d3-203e632c4f0a'
 '3efe2d3a-2157-45e2-ae76-81ce36620af4'
 '19be0f06-6417-4782-a33d-16a02f012ca5'
 '3fdd055e-381d-4db4-9c6c-53df2b4f6955'
 'cc74ceda-b279-43a1-917d-243e2fbeb7c9'
 'db2ce4f7-c47a-432a-bbf3-cd22f2646d0d'
 '298dd1bb-9a86-4cdb-bfce-f95c3e99475b'
 '8a1bdc27-7197-440f-9ee2-9ffd3e191aa8'
 'e563c352-ab8f-43cd-8345-7031732b982a']","['500bb295-ff5a-4026-975e-57da7b56fb21'
 '25c979bc-94d7-4f1f-bb63-31a003b48295'
 'ad45b6bd-0a06-40e9-8d83-e80d17828346'
 'f61ebff2-576d-4a42-a2d6-1e577b644332'
 'c5d8d0a1-6cca-4d8e-b54d-4d78f8121ef4'
 '447cf85e-508c-4e01-8be7-c65d8cb933c6'
 '28343e9c-6c37-46dd-9858-7d208f7cecba'
 '8a1db5a4-f4b8-40e6-8b79-bf43d52e28bb'
 '48a28d6c-1451-49c9-9b1c-520ca493f960'
 '4e0abbe7-46a2-4fce-980c-b7d737c0e24f'
 '54888cf3-7765-4d46-9bd2-75c1edc27457'
 'c5540fde-fb60-4f46-b712-e36893e8ecc8'
 '248814cb-11ab-4681-9b1f-2f31a368ff0b'
 'b992ab4f-fb96-4931-b130-ed93b72e65fc'
 '1e37b9e4-1368-484b-b210-49429f94ccfc'
 '092065b5-1007-468d-a661-c15f0b01da02'
 'e08ef801-21ae-4009-92b8-1648f855b6a1'
 '2d4a029c-1555-458a-b538-a95d3508e070'
 '9a8cdd80-4996-4e96-8947-cee785e2640b'
 '2a994381-7093-485f-b71d-de013f445b97'
 'c2842f2b-908a-4674-97f6-edb91be1e80b'
 '4cde4dd3-8f65-4f3b-bafd-0b1442f31f2c'
 '83627dc1-2fa2-4ab6-92f8-1452242e621f'
 '1d48f52e-1903-490d-bb26-32c9bce9edac'
 '9a6c7d7c-f85e-41c0-aa17-824cbe877393']",[]
0652c8adae3332fa149aee4f026b39c62e7a17eb485b6a9171cfa2a1170cb9d5b4facc0b94b7e628e1be7e4b64b0226a483130d776edc7f2d1c5587a8aea09bf,91,"METADATA:
{
  ""parent_headings"": [
    ""# （二）预防性药物治疗""
  ]
}

CONTENT:
预防性治疗药物：预防性药物种类较多，本指南仅就已在中国上市或即将上市的药物做出推荐。CM相较EM具有更严重、更持久、致残性更高的特点，同时发病机制也不尽相同［66］ 。常规的治疗策略，对部分 患者疗效不佳［67］ 。考虑到和 的病理机制和预防治疗策略不同，故分开阐述［68‑69］ 。

（） 的预防治疗：主要药物如下。

$\textcircled{1} \beta$ 受体阻滞剂：多项RCT研究结果表明β受体阻滞剂（普萘洛尔、美托洛尔、阿替洛尔、比索洛尔）可有效预防偏头痛。其中普萘洛尔和美托洛尔的相关研究充分，疗效肯定。阿替洛尔、比索洛尔的相关研究证据较少。一些具内在拟交感活性的受体阻滞剂（醋丁洛尔、阿普洛尔、吲哚洛尔）则被认为没有预防偏头痛作用。使用 $\beta$ 受体阻滞剂时应注意出现的不良反应（心动过缓、低血压、嗜睡、无力、运动耐量降低等），对本类药物过敏、哮喘、心力衰竭、房室传导阻滞、心动过缓等患者禁用。

A.普萘洛尔：普萘洛尔是偏头痛预防性治疗高质量证据最充分的非选择性 受体阻断剂。 项关于β受体阻滞剂预防偏头痛的系统分析回顾了个 ，试验持续时间从 周到 周不等，其中研究最多、效果最好的药物是普萘洛尔［70］。普萘洛尔（ $2 0 { \sim } 2 4 0 \ \mathrm { m g / d } ,$ ）对发作性偏头痛有效。由于普萘洛尔可增加利扎曲普坦的血药浓度，二者同时使用时利扎曲普坦最大剂量限制为 $5 ~ \mathrm { m g }$ ，利扎曲普坦不应在服用普萘洛尔后 $^ { 2 \mathrm { ~ h ~ } }$ 内服用［71］ 。

推荐意见：推荐剂量 $2 0 { \sim } 2 4 0 \mathrm { m g / d ( \mathrm { ~ I ~ } }$ 级推荐，A级证据）。  
美托洛尔：美托洛尔对 受体有选择性阻断作用，无内在拟交感活性，同样有充分的高质量证据。 项双盲研究［72‑73］ 、篇系统综述［74］ 报道，口服美托洛尔预防偏头痛发作的疗效、耐受性及安全性与普萘洛尔相当。

推荐意见：推荐剂量 $5 0 { \sim } 2 0 0 \ \mathrm { m g / d ( \mathrm { ~ I ~ } }$ 级推荐，级证据）。

阿替洛尔：阿替洛尔对 受体有选择性阻断作用，无内在拟交感活性。 项双盲交叉多中心研究证实每日 $1 0 0 ~ \mathrm { m g }$ 阿替洛尔用于预防偏头痛发作是安全有效的［75］ 。另1项双盲交叉研究发现与安慰剂组相比，阿替洛尔治疗期间 例患者中有例患者的头痛持续时间显著减少，严重程度显著降低［76］ 。

推荐意见：推荐剂量 $5 0 { \sim } 2 0 0 ~ \mathrm { m g / d }$ （ 级推荐，级证据）。

比索洛尔：比索洛尔为选择性 受体阻滞剂，无内在拟交感活性。 项双盲安慰剂对照研究结果表明，与安慰剂治疗相比，比索洛尔 $5 \mathrm { m g / d }$ 治疗可使偏头痛发作频率降低，但对发作的持续时间和严重程度没有影响［77］ 。另 项研究结果表明，比索洛尔 $\left( 5 { \sim } 1 0 \ \mathrm { m g / d } \right)$ ）的预防效果与美托洛尔（$1 0 0 \mathrm { m g / d }$ ）的效果相当［78］。

推荐意见：推荐剂量 $5 { \sim } 1 0 ~ \mathrm { m g / d }$ （ 级推荐，级证据）。

$\textcircled{2}$ 抗癫痫药：主要包括以下药物。

丙戊酸盐（丙戊酸钠 丙戊酸镁）：丙戊酸盐（丙戊酸钠 丙戊酸镁）在几项较大的随机安慰剂对照试验中均显示预防偏头痛的疗效［79‑81］ ，疗效与普萘洛尔相当［82］ 。丙戊酸盐在 项随机安慰剂对照的交叉试验中也显示有效［83‑84］ 。 项荟萃分析［85］ 和项 系统评价［85］ 结果表明丙戊酸盐对有效。丙戊酸盐不良反应包括疲乏、震颤、肝损伤、

血细胞异常、低钠、体重增加、脱发、精神异常、胎儿畸形等。丙戊酸盐禁用于急慢性肝炎、其他严重肝病和妊娠期女性，育龄女性服用时需关注其对生殖系统的不良反应。

推荐意见：推荐剂量 $5 0 0 { \sim } 1 5 0 0 \mathrm { m g } / \mathrm { d }$ ，低剂量开始逐渐加量（Ⅰ级推荐，A级证据）。

托吡酯：多项对照试验发现托吡酯对 有效［86‑88］ ，疗效可能与普萘洛尔［89］ 、丙戊酸盐［90］ 和阿米替林［91］ 相当，剂量为每天 $2 5 { \sim } 2 0 0 ~ \mathrm { m g }$ 。有 项研究未发现每天 $2 0 0 ~ \mathrm { m g }$ 托吡酯对 的疗效［92］ 。另外1项针对高频EM的研究结果显示每天 $1 0 0 ~ \mathrm { m g }$ 托吡酯有显著疗效［93］ 。 项 系统评价［94］ 和项荟萃分析［85，94］ 结果表明托吡酯对 有效。托吡酯常见不良反应为感觉异常、食欲减退、体重下降、睡眠障碍及认知障碍等，尤其在高剂量时。此外也需注意，托吡酯可加速口服避孕药的代谢，从而降低避孕效果［95］ 。 应注意使用托吡酯出现的不良反应（共济失调、嗜睡、认知和语言障碍、感觉异常、体重减轻等），对本药或同类药过敏的患者禁用。",2454,['CN 中国偏头痛诊断与治疗指南2023_1773147405'],"['c5f6d5c9-f8eb-4880-9972-3bb50f919e50'
 'ee08258f-7327-46f1-9459-c1bbd95e644d'
 '2d369837-9fd2-4cd4-bc6e-c6ec00c7de94'
 '205033e7-ce21-4198-898a-f0b7413c4cde'
 'cd70c412-3d4d-4191-9ae7-d932e0a6a20a'
 '6a99b9a3-3396-4137-bfaf-fb0580b64626'
 '14ba2b08-777f-481a-90a4-26a983a7faf2'
 '4dfa20f3-b6e7-4a28-af18-7efd3b407b66'
 '9d3c2661-1151-4a6f-a939-fe48b78e4c34'
 '04566857-388a-425f-a025-8ee6aaf0017e'
 'f14e4999-0be7-4428-8f98-488d5518439b'
 '68c355a0-8e8f-4c73-8c57-373ebb9c4985'
 '7581c677-da32-426c-bdd3-58934d6317b8'
 '0f73a62a-de50-45a1-a015-4184a2936bb6'
 'e8575459-8de7-4ce8-8234-c5797c5439c3'
 '8bc42f10-529c-42a3-ad8f-5373eaf10c60'
 '86e6057d-af06-44a3-9d8b-56b1e73e5d29'
 'd2826f51-fab6-48ad-b1b9-7c76e44bf6fd'
 'd3a99111-f675-4bb5-a8f5-3c4de6ef216a'
 'cfc72114-eca4-448f-84c2-390f16ff0a29'
 '877f5f66-064b-425d-9e26-d0b7441c5a09'
 'fcd999d5-cda3-48b3-94c2-ee4ca18a1956']","['d1c76f44-e7d5-4754-b9dd-c3c2194a2a85'
 'dd00c52f-8abd-411c-bb92-89b6cf9b2bca'
 '1b95a696-6a7d-4619-9b88-e7ed94248884'
 'e5c0fb60-18f8-4a21-9e43-5c5bbe2529e3'
 'dfcf0108-83b5-4dc6-a0e6-2bfbfe7ea2bc']",[]
f314d43b0a481cdfcb76b0052bb89c14cd5ccb4415cfbb161aed4a4ee2ddf6d350327a4063125f41fb51588cfdde6a22f75faec6eef9db845ed2cd4fb880cc15,92,"METADATA:
{
  ""parent_headings"": [
    ""# （二）预防性药物治疗""
  ]
}

CONTENT:
推荐意见：推荐剂量 $2 5 { \sim } 2 0 0 \ \mathrm { m g / d }$ ，从低剂量开始逐渐加量（Ⅰ级推荐，A级证据）。

左乙拉西坦：项小规模 发现左乙拉西坦对 有效［96‑98］ ，且疗效与丙戊酸盐相当［98］ 。最近的 项荟萃分析结果显示左乙拉西坦对 可能有效［99‑100］ 。由于研究规模较小，其疗效需要进一步研究。左乙拉西坦的常见不良反应包括乏力、嗜睡、头晕、眩晕、震颤、精神异常、消化道症状等。应注意使用左乙拉西坦出现的不良反应（嗜睡、乏力、头晕、食欲减退等），对本药或同类药过敏的患者禁用 。

推荐意见：推荐剂量 $5 0 0 { \sim } 1 0 0 0 \mathrm { m g / d }$ （ 级推荐， 级证据）。

$\textcircled{3}$ 钙离子拮抗剂：氟桂利嗪：氟桂利嗪预防，在小规模随机安慰剂对照试验中显示有效［101‑104］ 。3项高质量的RCT结果显示，氟桂利嗪预防EM的效果与普萘洛尔相当［85，105‑106］ 。氟桂利嗪常见不良反应为镇静、体重增加、抑郁、腹痛及锥体外系症状等，并可诱发帕金森综合征，其风险随年龄、存在共病、暴露剂量和暴露时间而增加。应注意使用氟桂利嗪出现的不良反应（嗜睡、疲惫感、体重增加、锥体外系症状等），要动态随访患者的治疗反应，及时调整治疗方案。对本药或同类药物过敏、抑郁、急性脑出血性疾病等患者禁用。

推荐意见：推荐剂量 $5 { \sim } 1 0 ~ \mathrm { m g / d }$ （Ⅰ级推荐，A级证据）。

$\textcircled{4}$ 抗抑郁药：包括以下药物。

阿米替林：至少有 项安慰剂对照的RCT［107‑109］ 、2 项荟萃分析［85，110］ 结果表明阿米替林疗效优于安慰剂，可缓解 $50 \%$ 的EM，其疗效与普萘洛尔［111］ 和托吡酯［91］ 相当，尤其适用于早醒、觉醒次数增多的患者。常见不良反应为口干、嗜睡、便秘及体重增加等，老年患者应警惕意识模糊或谵妄及抗毒蕈碱和抗肾上腺素作用可能会增加心脏传导异常的风险。应注意使用阿米替林出现的不良反应（多汗、口干、便秘、嗜睡、体重增加等），对本药或同类药过敏、近期有心肌梗死发作史、青光眼、尿潴留等患者禁用。

推荐意见：推荐剂量 $1 2 . 5 { \sim } 7 5 . 0 \ \mathrm { m g / d }$ （Ⅱ级推荐， 级证据）。

文拉法辛：文拉法辛是一种 羟色胺和去甲肾 上 腺 素（norepinephrine， NE）再 摄 取 抑 制 剂项对无先兆偏头痛患者进行的随机安慰剂对照试验结果表明， $1 5 0 \mathrm { m g }$ 的文拉法辛［112］ 可能会减少偏头痛的发作频率。 项比较文拉法辛和阿米替林的随机双盲交叉研究结果显示，二者的有效性差异无统计学意义［113］ 。应注意使用文拉法辛出现的不良反应（多汗、口干和恶心等），对本药或同类药过敏、同时服用单胺氧化酶抑制剂等患者禁用。

推荐意见：推荐剂量 $7 5 { \sim } 1 5 0 \ \mathrm { m g / d }$ （ 级推荐，级证据）。

$\textcircled{5}$ 血管紧张素转换酶抑制剂/血管紧张素Ⅱ受体 拮 抗 剂（angiotensin converting enzyme inhibitor/angiotensin II receptor antagonists，ACEI/ARB) :主要药物如下。

坎地沙坦：坎地沙坦是一种血管紧张素AT1型受体阻滞剂。2项回顾性队列研究［114‑115］ 结果表明坎地沙坦对 具有一定的预防作用，疗效不低于普萘洛尔，耐受性好，不良反应主要表现为头晕和疲倦［114］ 。应注意使用坎地沙坦出现的不良反应（血管性水肿、晕厥和意识丧失、急性肾功能衰竭、血钾升高、肝功能恶化或黄疸、粒细胞减少、横纹肌溶解等），对本药或同类药过敏、严重肝肾功能不全或胆汁淤滞患者、孕妇或有妊娠可能的妇女等禁用。

推荐意见：推荐剂量 $8 { \sim } 1 6 ~ \mathrm { m g / d }$ （Ⅱ级推荐，B级证据）。

赖诺普利：证明赖诺普利治疗 有效的

RCT少于3项。1项随机安慰剂对照交叉研究结果表明，与安慰剂相比，赖诺普利显著减少偏头痛的天数和降低头痛严重程度［116］ 。常见不良反应有咳嗽、头昏、头痛、心悸、乏力等症状。对本药或其他同类药物过敏、高钾血症、双侧肾动脉狭窄、孤立肾伴有肾动脉狭窄患者以及妊娠中期或末期 个月妇女等禁用。

推荐意见：推荐剂量 $2 0 \mathrm { m g / d }$ （Ⅲ级推荐，C级证据）。

$\textcircled{6}$ 其他：主要包括以下药物。

镁剂：在小规模安慰剂对照研究中发现每天补充 $2 0 \ \mathrm { m m o l }$ 镁，对 无效［117］ 。另 项安慰剂对照研究发现每天补充 $2 4 ~ \mathrm { m m o l }$ 镁对EM有效［118］ 。另1项对照研究发现，每日补充 $6 0 0 \mathrm { m g } \big ( 2 4 . 6 9 \mathrm { m m o l } \big )$ ）镁与安慰剂相比未减少偏头痛天数，但在头痛程度和头痛影响评分的改善方面优于安慰剂［119］ 。 项荟萃分析结果支持口服镁剂预防偏头痛的疗效［120‑121］ 。 镁剂有多种剂型，如柠檬酸镁、苹果酸镁、甘氨酸镁、氧化镁等，不良反应有腹泻、胃肠激惹等。硫酸镁口服溶液胃肠吸收极少，用于导泄利胆，不用于治疗偏头痛。应注意使用镁剂出现的不良反应（恶心、呕吐、腹泻、呼吸困难、心律失常等），对本药或其他同类药物过敏、心脏病、胃肠疾病和肝肾功能不全等患者禁用。",2658,['CN 中国偏头痛诊断与治疗指南2023_1773147405'],"['c5f6d5c9-f8eb-4880-9972-3bb50f919e50'
 'bc837053-52fd-4f31-957c-524663285995'
 '205033e7-ce21-4198-898a-f0b7413c4cde'
 'f1eb9799-f1a6-48ad-ac82-8c60f17c3892'
 '4dfa20f3-b6e7-4a28-af18-7efd3b407b66'
 'ca2880cb-291b-4a6c-afda-ea32ecaf3e5d'
 '04566857-388a-425f-a025-8ee6aaf0017e'
 '68c355a0-8e8f-4c73-8c57-373ebb9c4985'
 '02a31426-53f8-4465-9eb2-624bcdcb5e20'
 '7581c677-da32-426c-bdd3-58934d6317b8'
 'cdf48a29-a8b7-4f6c-8aa2-b9375c62cdea'
 'fcd999d5-cda3-48b3-94c2-ee4ca18a1956'
 '4d234477-1e3a-49e8-b67f-81f8461506b9'
 'fd532f91-580a-401c-b6bb-2dffd3df3207'
 '21d15f43-9cd1-4442-9a7b-e38c8b380bcc'
 '70fc8486-dc74-4a3a-abe5-91b77db649e6'
 '9cf6c72b-438e-4403-a92a-a6b12f7874b2'
 'fd1294e8-142a-40aa-9830-d12a270f8a07'
 'eec36c44-9460-435c-b8b0-96c5f8c6c1e0'
 '1528595f-918d-4ce9-8701-4149deeb92d4'
 '68f9ef79-438b-4539-9925-bba1490d0b04'
 '7ad64e84-caaf-400a-a47d-cd154bf42ce2'
 '0cf0060a-5c69-46f4-9926-01e20ade354f'
 'ce593958-40cc-4a64-adeb-b894e53c8515']","['554b0264-83c7-4fec-87ca-af210fa8aa14'
 'd5a84ddb-e409-46ea-933b-c6621bcade23'
 '5f1bb9aa-6bfa-4c03-aba5-c1fab81035de'
 'cbdd6b26-e7fb-4b70-89b9-dba7f21d959e'
 'be724efe-f11d-4b30-acb2-6e2858d43309'
 '6314cdd7-cd0e-41e5-8a5e-315b9fbb91b3'
 '634f0b6e-951d-4192-a5b6-78fcfcd40124'
 '3f5f0bcc-fa3e-4cc9-8157-224fe7543d09'
 '2c2c96ff-83c3-4fa7-b955-11b40b57e479'
 '4f5b673a-b607-4b9a-809f-aef0221ad507'
 'c7a0ab7b-b793-40da-84e9-b088be67a5d0'
 '5c473e37-c9dc-4ed2-881e-6cd36baa201c'
 '89abcd7c-8676-4249-8290-358666daa052'
 '8005c0e7-ac29-46dc-b1b2-d2a5212bcb54'
 'a832b3f4-08e4-4925-ab51-cd2d8c819ddf'
 'de7bb1ec-8306-45f9-a7c9-9c2132013678'
 '752f2276-f419-4867-a3b5-17cde76b36ee']",[]
27669660dd2ef05fcd56fd9631f4b9b50b8b6797e69e1e92b945a1dad58714790f64a4bcac88c34640d5aaed32120d47e43547f248dd610ee6a0f16f02c0c9aa,93,"METADATA:
{
  ""parent_headings"": [
    ""# （二）预防性药物治疗""
  ]
}

CONTENT:
推荐意见：推荐剂量 $2 4 \mathrm { m m o l } / \mathrm { d }$ （ 级推荐， 级证据）。

核黄素：在 项小型对照试验中，每天$4 0 0 \ \mathrm { m g }$ 核黄素较安慰剂组减少了头痛发作频率和头痛天数，增加了头痛频率下降至少 $50 \%$ 的患者比例［122］ 。在 2 项小型研究中，每日补充 $4 0 0 \ \mathrm { m g }$ 核黄素和不同剂量的镁、辅酶 或小白菊，与对照组相比均未能减少偏头痛的天数，但可缓解头痛严重程度［119，123］ 。1 项小型非安慰剂对照研究发现核黄素预防偏头痛与丙戊酸盐相当［124］ 。应注意使用核黄素出现的不良反应（皮肤瘙痒、麻痹、流鼻血、灼烧感、男性乳房增大和女性月经增多等），对本药或其他同类药物过敏、肝肾功能不全等患者禁用。

推荐意见：推荐剂量 $4 0 0 \mathrm { m g / d }$ （ 级推荐， 级证据）。

辅酶 ：在 项小型对照试验中，每天服用$3 0 0 \ \mathrm { m g }$ 和 $4 0 0 \ \mathrm { m g }$ 辅酶 较安慰剂组可有效减少头痛发作频率和头痛天数［125‑126］ 。另一项研究发现，每天服用 $1 5 0 \mathrm { m g }$ 辅酶 ，与安慰剂相比未减少偏头痛天数，但头痛程度和 评分改善［119］ 。

应注意使用辅酶Q10出现的不良反应（食欲减退、恶心、腹泻、心悸、皮肤瘙痒和过敏性红斑等），对本药或同类药物过敏、肝肾功能不全等患者禁用。

推荐意见：推荐剂量 $3 0 0 { \sim } 4 0 0 ~ \mathrm { m g / d }$ （Ⅲ级推荐，C级证据）。

EM预防性治疗药物推荐详见表10。

$\textcircled{7}$ EM预防性治疗新型药物：主要药物如下。

及其受体的单克隆抗体： 是一种由37个氨基酸组成的具有血管舒张作用的神经肽，在偏头痛中发挥重要作用。靶向CGRP途径的单 克 隆 抗 体（monoclonal antibodies targeting the， ）作为一种新的特异性治疗近年来被广泛关注，目前获批用于预防偏头痛的有 CGRP 单克隆抗体 eptinezumab、fremanezumab和 galcanezumab，以 及 CGRP 受 体 单 克 隆 抗 体

。除 采用静脉注射，其他 种药物采用皮下注射，注射部位为腹部、大腿或上臂。应注意使用CGRP‑mAbs出现的不良反应（注射部位反应、便秘和高血压等），对本药或其他同类药物过敏的患者禁用。根据药物可及性与药物经济学因素做出以下推荐。

a.CGRP单克隆抗体：包括以下药物。

（a）eptinezumab：eptinezumab 是 一 种 能 与CGRP配体两种亚型结合的人源化单克隆抗体。1项高质量的RCT（PROMISE‑1）的数据支持该药预防 EM 轻度有效［127］ 。2021 年 2 项关于 eptinezumab的 荟 萃 分 析 结 果 也 显 示 出 其 有 效 性 及 安全性［128‑129］ 。

推荐意见：推荐剂量为 $1 0 0 ~ \mathrm { m g / }$ 季度（Ⅱ级推荐，A级证据）。

表10 发作性偏头痛预防性治疗药物推荐  
Table 10 Recommendations of pharmacological prophylaxis in episodic migraine   


<!-- TABLE_METADATA: {""type"": ""table"", ""page"": 0, ""table_idx"": 8, ""caption"": ""表10 发作性偏头痛预防性治疗药物推荐 Table 10 Recommendations of pharmacological prophylaxis in episodic migraine "", ""footnote"": ""注： ：血管紧张素转化酶抑制剂； ：血管紧张素 受体拮抗剂"", ""extracted_from"": ""mineru_api""} -->
<table><tr><td>药物名称</td><td>推荐强度</td><td>证据等级</td><td>每日剂量</td><td>主要不良反应</td><td>主要禁忌证</td></tr><tr><td>β-受体阻断剂</td><td></td><td></td><td></td><td></td><td></td></tr><tr><td>普萘洛尔</td><td>I</td><td>A</td><td>20~240 mg/d</td><td rowspan=""4"">常见:心动过缓、低血压、嗜睡、无力、运动耐量降低等;少见:失眠、噩梦、阳痿、抑郁、低血糖等</td><td rowspan=""4"">对本药或同类药过敏、哮喘、心力衰竭、房室传导阻滞、心动过缓等</td></tr><tr><td>美托洛尔</td><td>I</td><td>A</td><td>50~200 mg/d</td></tr><tr><td>阿替洛尔</td><td>II</td><td>B</td><td>50~200 mg/d</td></tr><tr><td>比索洛尔</td><td>III</td><td>B</td><td>5~10 mg/d</td></tr><tr><td>抗癫痫药</td><td></td><td></td><td></td><td></td><td></td></tr><tr><td>丙戊酸盐</td><td>I</td><td>A</td><td>500~1 500 mg/d</td><td>恶心、体重增加、嗜睡、震颤、脱发、肝功能异常等</td><td>对本药或同类药过敏、肝病或明显肝功能损害等</td></tr><tr><td>托吡酯</td><td>I</td><td>A</td><td>25~200 mg/d</td><td>共济失调、嗜睡、认知和语言障碍、感觉异常、体重减轻等</td><td>对本药或同类药过敏</td></tr><tr><td>左乙拉西坦</td><td>III</td><td>C</td><td>500~1 000 mg/d</td><td>嗜睡、乏力、头晕、食欲减退等</td><td>对本药或同类药过敏</td></tr><tr><td>钙离子拮抗剂</td><td></td><td></td><td></td><td></td><td></td></tr><tr><td>氟桂利嗪</td><td>I</td><td>A</td><td>5~10 mg/d</td><td>嗜睡、疲惫感、体重增加、锥体外系症状等</td><td>对本药或同类药过敏、抑郁、急性脑出血性疾病等</td></tr><tr><td>抗抑郁药</td><td></td><td></td><td></td><td></td><td></td></tr><tr><td>阿米替林</td><td>II</td><td>A</td><td>12.5~75.0 mg/d</td><td>多汗、口干、便秘、嗜睡、体重增加等</td><td>对本药或同类药过敏、近期有心肌梗死发作史、青光眼、尿潴留等</td></tr><tr><td>文拉法辛</td><td>II</td><td>B</td><td>75~150 mg/d</td><td>多汗、口干和恶心等</td><td>对本药或同类药过敏、同时服用单胺氧化酶抑制剂者等</td></tr><tr><td>ACEI/ARB</td><td></td><td></td><td></td><td></td><td></td></tr><tr><td>坎地沙坦</td><td>II</td><td>B</td><td>8~16 mg/d</td><td>血管性水肿、晕厥和意识丧失、急性肾功能衰竭、血钾升高、肝功能恶化或黄疸、粒细胞减少、横纹肌溶解等</td><td>对本药或同类药过敏、严重肝肾功能不全或胆汁淤滞患者、孕妇或有妊娠可能的妇女等</td></tr><tr><td>赖诺普利</td><td>III</td><td>C</td><td>20 mg/d</td><td>咳嗽、头昏、头痛、心悸、乏力等</td><td>对本药或其他同类药物过敏、高钾血症、双侧肾动脉狭窄、孤立肾伴有肾动脉狭窄者、妊娠中期或末期3个月等</td></tr><tr><td>其他</td><td></td><td></td><td></td><td></td><td></td></tr><tr><td>镁剂</td><td>III</td><td>C</td><td>24 mmol/d</td><td>恶心、呕吐、腹泻、呼吸困难、心律失常等</td><td>对本药或其他同类药物过敏、心脏病、胃肠疾病和肝肾功能不全等</td></tr><tr><td>核黄素</td><td>III</td><td>C</td><td>400 mg/d</td><td>皮肤瘙痒、麻痹、流鼻血、灼烧感、男性乳房增大和女性月经增多等</td><td>对本药或其他同类药物过敏、肝肾功能不全等</td></tr><tr><td>辅酶Q10</td><td>III</td><td>C</td><td>300~400 mg/d</td><td>食欲减退、恶心、腹泻、心悸、皮肤瘙痒和过敏性红斑等</td><td>对本药或其他同类药物过敏、肝肾功能不全等</td></tr></table>",3329,['CN 中国偏头痛诊断与治疗指南2023_1773147405'],"['2d369837-9fd2-4cd4-bc6e-c6ec00c7de94'
 'bc837053-52fd-4f31-957c-524663285995'
 '205033e7-ce21-4198-898a-f0b7413c4cde'
 'cd70c412-3d4d-4191-9ae7-d932e0a6a20a'
 '6a99b9a3-3396-4137-bfaf-fb0580b64626'
 'f1eb9799-f1a6-48ad-ac82-8c60f17c3892'
 '4dfa20f3-b6e7-4a28-af18-7efd3b407b66'
 'ca2880cb-291b-4a6c-afda-ea32ecaf3e5d'
 '04566857-388a-425f-a025-8ee6aaf0017e'
 '156c9098-3ec1-4d85-8eb9-709a533cb410'
 '68c355a0-8e8f-4c73-8c57-373ebb9c4985'
 '02a31426-53f8-4465-9eb2-624bcdcb5e20'
 '7581c677-da32-426c-bdd3-58934d6317b8'
 '333d8555-e4da-4b52-a294-7e7129ccd31c'
 'cdf48a29-a8b7-4f6c-8aa2-b9375c62cdea'
 '0f73a62a-de50-45a1-a015-4184a2936bb6'
 'd3a99111-f675-4bb5-a8f5-3c4de6ef216a'
 '4d234477-1e3a-49e8-b67f-81f8461506b9'
 'fd532f91-580a-401c-b6bb-2dffd3df3207'
 '21d15f43-9cd1-4442-9a7b-e38c8b380bcc'
 '9cf6c72b-438e-4403-a92a-a6b12f7874b2'
 'fd1294e8-142a-40aa-9830-d12a270f8a07'
 'eec36c44-9460-435c-b8b0-96c5f8c6c1e0'
 '7ad64e84-caaf-400a-a47d-cd154bf42ce2'
 'c2c08e1c-1b57-4087-b8bc-b95c01738e97'
 '4b74457b-80c7-4a47-8242-3db71e2ed1dc'
 'f358c2cb-a95d-44ba-a619-52e284a1d7a5'
 '058b5264-4fa7-42c6-893c-7c98274cb38e'
 '648d8919-f200-43d9-8087-f828a8b369de'
 'e616dfa5-4371-46c2-acbb-44a046ad3749'
 '6b624f35-4316-46a1-99cf-4cdce38689a4']","['c571d059-7149-4b93-aa02-ff923a80baf7'
 '85132b6e-20be-4308-9e8a-ce4f7364c409'
 'ed188aeb-c1db-4e52-b275-ff38d9d43828'
 '4c833747-c443-4066-a0aa-700035decfcc'
 'cb6974d9-4ba8-4a4b-a3c0-7448c5f0d7ee'
 '13e01d4c-2153-450b-99be-0862539f061b'
 '01300490-e8fd-4123-bd93-decccfb9b26a'
 '7785ba3c-2f41-4967-a445-e875ff53df3a']",[]
824fa1d939d9f4365de203d19b45200969da44ea4f970f3976bff33840fbce6c3f6e083beb7a818d8a4931e3d62deee198ab5524f4accc431cbc98bf553962a7,94,"METADATA:
{
  ""parent_headings"": [
    ""# （二）预防性药物治疗""
  ]
}

CONTENT:
注： ：血管紧张素转化酶抑制剂； ：血管紧张素 受体拮抗剂

（b）fremanezumab：fremanezumab 也是一种能与配体两种亚型结合的人源化单克隆抗体，最常见的不良反应是注射部位反应。2项随机对照研究结果均显示 fremanezumab 预防 EM 具有有效性及安全性［130‑131］ 。

推荐意见：推荐剂量为皮下注射 $2 2 5 ~ \mathrm { m g / }$ 月或$6 7 5 ~ \mathrm { m g / }$ 季度，注射部位为腹部、大腿或上臂（ 级推荐，A级证据）。

（c）galcanezumab：galcanezumab 是 一 种 结 合配体的人源化单克隆抗体，目前有 项高质量RCT研究结果显示该药预防EM具有较高的有效性和安全性［132‑135］ 。

推荐意见：推荐治疗开始时的负荷剂量为$2 4 0 ~ \mathrm { m g }$ ，之后每月给药 $1 2 0 ~ \mathrm { m g }$ ，皮下注射（Ⅱ级推荐，A级证据）。

b.CGRP 受体单克隆抗体 erenumab：erenumab是靶向 受体的全人源单克隆抗体。目前至少有 项高质量的随机对照研究结果显示该药预防 EM 的有效性［136‑137］ 。与托吡酯相比，erenumab 显示出更少的不良反应以及更多的偏头痛减少天数［138］ ，但目前仍没有足够的证据证明其长期的安全性［139］ 。

推荐意见：推荐剂量为 $7 0 \mathrm { m g }$ ，皮下注射，次 月，根据需要，可将剂量增至 $1 4 0 \mathrm { m g } , 1$ 次 月（ 级推荐， 级证据）。

受体拮抗剂： 类药物是受体的小分子拮抗剂，目前研究证实，rimegepant、atogepant均显示对预防偏头痛有效。2021年美国食品药品监督管理局批准了 rimegepant 和 atogepant用于预防偏头痛。

（ ） ：目 前 有 项 高 质 量（2/3期）结果显示，rimegepant预防 EM 具有较高的有效性和安全性［140］ 。

推荐意见：推荐 $7 5 ~ \mathrm { m g }$ ，隔日口服给药 次，持续12周（Ⅱ级推荐，B级证据）。

（） ：目前有 项高质量 结果显示（ $2 \mathrm { b } / 3$ 期），atogepant预防EM具有较高的有效性和安全性［141］ 。

推荐意见：推荐口服剂量 $\mathrm { 1 0 { \sim } 6 0 ~ m g / d }$ （Ⅱ级推荐， 级证据）。

（） 的预防治疗： 在普通人群的发病率为 $1 . 4 \% \sim 2 . 2 \%$ ，占所有偏头痛患者的 $8 \%$ 。每年约$2 . 5 \%$ 的 转化为 ，其中，约有一半的 患者存在药物过度使用而演变为 MOH［66，142‑144］ 。同时，

合并精神、心理、呼吸以及心脑血管等疾病的风险约为 EM 的 2倍［145］ 。临床医师在诊疗过程中，识别 的促进与保护因素，对降低偏头痛慢性化风险至关重要。 的促进因素包括：肥胖、打鼾、睡眠障碍、咖啡因的过量摄入、精神疾病、基线头痛频率水平较高、药物过度使用、生活变故、头颈部损伤、皮肤痛觉超敏、女性、共患其他疼痛障碍疾病等。 的保护因素包括：坚持服用偏头痛预防药物、基线头痛频率较低、无皮肤痛觉超敏、适当的体育锻炼及停止药物过度使用等。

$\textcircled{1}$ A型肉毒毒素：A型肉毒毒素是肉毒杆菌释放的嗜神经毒素，通过破坏突触相关膜蛋白，抑制周围运动神经末梢突触前膜乙酰胆碱释放，阻断神经肌肉接头的信号传递来缓解疼痛。 项高质量的随机双盲试验结果显示 型肉毒毒素预防 有效［146‑149］ 。 近 期 的 项 荟 萃 分 析 结 果 显 示 ，和 型肉毒毒素在 的预防治疗中具有相似的疗效［150］ 。 应注意注射 型肉毒毒素出现的不良反应（注射部位疼痛、肌无力、颈部僵硬或疼痛等），重症肌无力、肌萎缩侧索硬化等患者禁用。

推荐意见：在面部、颅骨和颈部 块肌肉个位点共注射 ，每个位点 （ 级推荐， 级证据）。

$\textcircled{2}$ 托吡酯：1项小规模对照试验发现每天服用$5 0 { \sim } 2 0 0 ~ \mathrm { m g }$ 托吡酯对 有效［151］ 。 项大规模对照试验发现每天服用 $1 0 0 ~ \mathrm { m g }$ 托吡酯对 有效［152］ 。另外2项小规模研究发现托吡酯每天服用 $5 0 \mathrm { m g } ^ { [ 1 5 3 ] }$ 或 $1 0 0 \mathrm { m g ^ { [ 1 5 4 ] } }$ ］对合并 的 有效。应注意使用托吡酯出现的不良反应（共济失调、嗜睡、认知和语言障碍、感觉异常、体重减轻等），对本药或其他同类药物过敏的患者禁用。

推荐意见：推荐口服剂量 $5 0 { \sim } 2 0 0 ~ \mathrm { m g / d }$ （Ⅰ级推荐， 级证据）。

$\textcircled{3}$ 丙戊酸盐（丙戊酸钠 丙戊酸镁）：项小规模对照试验结果显示丙戊酸盐对慢性每日头痛（ ， ）的疗效，且对 的效果优于慢性紧张型头痛［155］ 。 项随机非安慰剂对照试验结果显示，丙戊酸盐预防CM优于左乙拉西坦［156］ 。应注意使用丙戊酸盐出现的不良反应（恶心、体重增加、嗜睡、震颤、脱发、肝功能异常等），对本药或同类药过敏、肝病或明显肝功能损害等患者禁用。

推荐意见：推荐口服剂量 $5 0 0 { \sim } 1 5 0 0 \mathrm { m g } / \mathrm { d }$ （Ⅲ

级推荐， 级证据）。

$\textcircled{4}$ 普萘洛尔：普萘洛尔预防 CM 可能有效。项 结果显示普萘洛尔与坎地沙坦对预防偏头痛有一定疗效，受试者中包含CM患者［114］ 。最近的 1 项随机双盲对照试验结果显示普萘洛尔（ $1 6 0 \mathrm { m g / d ) }$ ）在 CM 的预防性治疗上不弱于托吡酯（ $\mathrm { 1 0 0 \ m g / d ) ^ { [ 1 5 7 ] } }$ 。2019年1项荟萃分析结果表明，普萘洛尔对CM的预防性治疗有效，疗效与丙戊酸盐和氟桂利嗪相当［70］ 。",2652,['CN 中国偏头痛诊断与治疗指南2023_1773147405'],"['ee08258f-7327-46f1-9459-c1bbd95e644d'
 '2d369837-9fd2-4cd4-bc6e-c6ec00c7de94'
 '205033e7-ce21-4198-898a-f0b7413c4cde'
 '4dfa20f3-b6e7-4a28-af18-7efd3b407b66'
 '68c355a0-8e8f-4c73-8c57-373ebb9c4985'
 'c509df1a-423a-4663-b945-98f74cb899f9'
 '7581c677-da32-426c-bdd3-58934d6317b8'
 'd74fcdc9-bea4-4735-b832-5e42f2cbbac4'
 'cdf48a29-a8b7-4f6c-8aa2-b9375c62cdea'
 'fcd999d5-cda3-48b3-94c2-ee4ca18a1956'
 '9cf6c72b-438e-4403-a92a-a6b12f7874b2'
 'fd1294e8-142a-40aa-9830-d12a270f8a07'
 'dcb6917f-a93d-45cf-8cb0-337ce4865ad1'
 '1bc74a87-d11f-4539-bc25-023325bbd397'
 '2aacd743-c84a-422c-a589-07fa930e8922'
 '624529d9-3c3f-4a39-a576-f0b25bd75400'
 'e91cd220-52b5-4161-a028-c2b7a2f78e38'
 '89a1218c-2856-4ec5-a436-4ea1be4ac8d7'
 'ae7f87af-d32c-401b-8815-cee92a622240'
 '7217729e-8c4c-4e8d-862b-9d088ae13d36']","['05c77fe8-c04a-459a-a300-fc69d41a3bb8'
 'ee365471-3b4e-4c0a-a9e2-4510da36a2dd'
 '517bc954-66b5-4947-ab1d-1ee84fc4e0e1'
 '99c4eb49-13b8-4de4-bd96-3186d5d8a9c5'
 '4c10686c-3ea4-40f6-9856-2597ec3a4dd7'
 'f70f64f3-b3b8-4443-87fa-851c7302e2d9'
 '25975ee2-13a6-4ef8-acd1-f214a6e47aa9'
 '9d33f073-b746-4776-8d62-0d829c357a14']",[]
1d122b3bada9b702ba09aa102394d4359ead374a3c12e3bdc2a3dd991f3b8ddd94a81ade0f079f91bfb5c84ba3e384469b85a8db5d907c53216a4bd7168b5d3f,95,"METADATA:
{
  ""parent_headings"": [
    ""# （二）预防性药物治疗""
  ]
}

CONTENT:
推荐意见：推荐口服剂量 $2 0 { \sim } 2 4 0 ~ \mathrm { m g / d }$ （Ⅲ级推荐， 级证据）。

$\textcircled{5}$ 阿替洛尔：阿替洛尔预防 可能有效。1项为期3个月的开放标签研究评估了阿替洛尔（ $5 0 \mathrm { m g / d }$ ）预防 的疗效和耐受性，结果证实其安全有效［158］ 。

推荐意见：推荐口服剂量 $5 0 { \sim } 2 0 0 \ \mathrm { m g / d }$ （ 级推荐，C级证据）。

$\textcircled{6}$ 坎地沙坦：坎地沙坦在 项 中显示对预防治疗有效［114］。最近的 项随机安慰剂对照试验结果也显示坎地沙坦对预防偏头痛有效，该研究中有 $70 \%$ 受试者患有 $\mathrm { C M } ^ { [ 1 1 5 ] }$ 。

推荐意见：推荐口服剂量 $8 { \sim } 1 6 ~ \mathrm { m g / d }$ （Ⅲ级推荐， 级证据）。

$\textcircled{7}$ 阿米替林：项大型随机安慰剂对照试验结果显示阿米替林对CM的预防性治疗有效［159］。1项随机非安慰剂对照试验结果显示阿米替林在预防的疗效与肉毒毒素相当［160］ 。应注意使用阿米替林出现的不良反应（多汗、口干、便秘、嗜睡、体重增加等），对本药或同类药过敏、近期有心肌梗死发作史、青光眼、尿潴留等患者禁用。

推荐意见：推荐口服剂量 $2 5 { \sim } 7 5 \ \mathrm { m g / d }$ （Ⅲ级推荐，C级证据）。

$\textcircled{8}$ 文拉法辛：项对小样本随机安慰剂对照试验结果表明， $1 5 0 ~ \mathrm { m g }$ 的文拉法辛可减少CM的发作频率［112］ 。但仍需多中心大样本的临床试验证据进一步证实其有效性。应注意使用文拉法辛出现的不良反应（多汗、口干和恶心等），对本药或同类药过敏者、同时服用单胺氧化酶抑制剂者等患者禁用。

推荐意见：推荐口服剂量 $7 5 { \sim } 2 2 5 \ \mathrm { m g / d }$ （Ⅲ级推荐，C级证据）。

$\textcircled{9}$ 替扎尼定： 项多中心、随机对照双盲试验结果表明替扎尼定可有效减少CDH的头痛天数、头痛严重程度和持续时间［161］ 。但目前针对替扎尼定预防 的研究较少。应注意使用替扎尼定出现的不良反应（口干、嗜睡、疲劳等），同时服用强效抑制剂的患者禁用。

推荐意见：推荐口服剂量 $2 { \sim } 2 4 ~ \mathrm { m g / d }$ （Ⅲ级推荐，C级证据）。

$\textcircled{10}$ 氟桂利嗪：目前仅 项随机非安慰剂对照试验结果显示氟桂利嗪对CM预防治疗有效［162］。

推荐意见：对 患者可考虑使用氟桂利嗪，推荐口服剂量 $5 { \sim } 1 0 \ \mathrm { m g / d }$ 。应注意使用氟桂利嗪出现的不良反应（嗜睡、疲惫感、体重增加、锥体外系症状等），对本药或同类药过敏、抑郁、急性脑出血性疾病等患者禁用（ 级推荐， 级证据）。

预防性治疗药物推荐详见表 。

⑪CM预防性治疗新型药物：主要有以下药物。

A.CGRP单克隆抗体：主要药物如下。

（a）eptinezumab：2 项高质量大样本 RCT 结果

表11 慢性偏头痛预防性治疗药物推荐   
Table 11 Recommendations of pharmacological prophylaxis in chronic migraine   


<!-- TABLE_METADATA: {""type"": ""table"", ""page"": 0, ""table_idx"": 9, ""caption"": ""表11 慢性偏头痛预防性治疗药物推荐  Table 11 Recommendations of pharmacological prophylaxis in chronic migraine "", ""footnote"": """", ""extracted_from"": ""mineru_api""} -->
<table><tr><td>药物名称</td><td>推荐强度</td><td>证据等级</td><td>推荐剂量</td><td>主要不良反应</td><td>主要禁忌证</td></tr><tr><td>A型肉毒毒素</td><td>I</td><td>A</td><td>需在头面部和颈部7块肌肉31~39个位 点共注射155~195U,每个位点5U</td><td>注射部位疼痛,肌无力,颈部僵硬或疼痛等</td><td>重症肌无力、肌萎缩侧索 硬化等</td></tr><tr><td>托吡酯</td><td>I</td><td>A</td><td>50~200mg/d</td><td>同表10</td><td>同表10</td></tr><tr><td>丙戊酸盐</td><td>III</td><td>C</td><td>500~1500mg/d</td><td>同表10</td><td>同表10</td></tr><tr><td>普萘洛尔</td><td>III</td><td>C</td><td>20~240mg/d</td><td>同表10</td><td>同表10</td></tr><tr><td>阿替洛尔</td><td>III</td><td>C</td><td>50~200mg/d</td><td>同表10</td><td>同表10</td></tr><tr><td>坎地沙坦</td><td>III</td><td>C</td><td>8~16mg/d</td><td>同表10</td><td>同表10</td></tr><tr><td>阿米替林</td><td>III</td><td>C</td><td>25~75mg/d</td><td>同表10</td><td>同表10</td></tr><tr><td>文拉法辛</td><td>III</td><td>C</td><td>75~225mg/d</td><td>同表10</td><td>同表10</td></tr><tr><td>替扎尼定</td><td>III</td><td>C</td><td>2~24mg/d</td><td>口干、嗜睡、疲劳</td><td>同时服用强效 CYP1A2 抑制剂者</td></tr><tr><td>氟桂利嗪</td><td>III</td><td>C</td><td>5~10mg/d</td><td>同表10</td><td>同表10</td></tr></table>

显示 对 预防同样有效，静脉给予eptinezumab 后的 0、12、24 周，CM 的头痛天数均显著减少［163‑164］ 。

推荐意见：皮下注射首次 $2 4 0 ~ \mathrm { m g }$ ，随后 120mg/季度（Ⅱ级推荐，A级证据）。

（） ： 项高质量 结果显示可显著减少 的头痛天数，且疗效持久［130，165‑166］ 。  
推荐意见：皮下注射 $2 2 5 ~ \mathrm { m g / }$ 月或 $6 7 5 ~ \mathrm { m g / }$ 季度（Ⅱ级推荐，A级证据）。  
（c）galcanezumab：3 项 高 质 量 的 RCT 结 果 显示，galcanezumab对CM的预防性治疗具有一定的有效性和安全性［134，167‑168］ 。",2514,['CN 中国偏头痛诊断与治疗指南2023_1773147405'],"['ee08258f-7327-46f1-9459-c1bbd95e644d'
 '2d369837-9fd2-4cd4-bc6e-c6ec00c7de94'
 'bc837053-52fd-4f31-957c-524663285995'
 '205033e7-ce21-4198-898a-f0b7413c4cde'
 '6a99b9a3-3396-4137-bfaf-fb0580b64626'
 'f1eb9799-f1a6-48ad-ac82-8c60f17c3892'
 '4dfa20f3-b6e7-4a28-af18-7efd3b407b66'
 '04566857-388a-425f-a025-8ee6aaf0017e'
 '156c9098-3ec1-4d85-8eb9-709a533cb410'
 '7581c677-da32-426c-bdd3-58934d6317b8'
 '333d8555-e4da-4b52-a294-7e7129ccd31c'
 'cdf48a29-a8b7-4f6c-8aa2-b9375c62cdea'
 'fd532f91-580a-401c-b6bb-2dffd3df3207'
 'fd1294e8-142a-40aa-9830-d12a270f8a07'
 'eec36c44-9460-435c-b8b0-96c5f8c6c1e0'
 'f358c2cb-a95d-44ba-a619-52e284a1d7a5'
 'e91cd220-52b5-4161-a028-c2b7a2f78e38'
 'cc4480e9-1185-407c-b55f-46e5a4ca832b'
 '77670464-8b85-4ed0-b385-55f48eb96266']","['ec41ab6b-e635-4342-b1e3-eeb577a9aa35'
 '377755a1-e6d4-42b1-ac31-4b2c0c967b50'
 '52a038be-b471-4903-b01c-417c8e51e308'
 '4fabd67b-3358-4605-aa5b-03179599a584'
 '8f3d340f-fe72-4933-a624-16df0da378ca'
 '31407fca-cc25-4b29-96d6-58404ba218ae'
 'ad577335-efb0-4696-8792-174dca57b1b5'
 'ff4c20af-216f-4321-8196-880979c9b193'
 '547d4ca5-1f6f-419f-93bf-9084df694762']",[]
238dd9495214c1f5dabc20718c46f30b60e954190220bd99189450cd340b3ae336482beca52b26e8653e82062dffe95c5d2a0e85373cc3f8dcef7e787492ee35,96,"METADATA:
{
  ""parent_headings"": [
    ""# （二）预防性药物治疗""
  ]
}

CONTENT:
推荐意见：皮下注射首月 $2 4 0 \mathrm { m g }$ ，随后月（ 级推荐， 级证据）。

受体单克隆抗体 ： 项高质量的研究结果显示，与安慰剂相比， 可显著减少CM的偏头痛天数，且长期有效［169‑170］ 。即使在 和有先前偏头痛预防药物治疗无效的情况下，erenumab 仍表现出较好的疗效［171‑173］ 。

推荐意见：皮下注射 $7 0 { \sim } 1 4 0 ~ \mathrm { m g / }$ 月（Ⅱ级推荐，A级证据）。

（）中药与偏头痛预防性治疗：在中医药发展的历程中，中医师积累了大量的头痛诊治经验，目前中药防治偏头痛仍需要更多高质量的临床研究来证实疗效。近年来，项多中心 研究使用天舒胶囊预防性治疗偏头痛，结果显示头痛频率降低 $50 \%$ 以上受试者的比例高于安慰剂组，且具有较好的安全性和耐受性［174］ 。其他中药如养血清脑颗粒、都梁软胶囊等［175］ ，其在预防偏头痛的疗效仍需按照国际偏头痛预防性治疗指南设计高质量的临床研究来证实。

推荐意见：中药的偏头痛预防性治疗，可用天舒胶囊（ 级推荐， 级证据）。",560,['CN 中国偏头痛诊断与治疗指南2023_1773147405'],"['c5f6d5c9-f8eb-4880-9972-3bb50f919e50'
 'ee08258f-7327-46f1-9459-c1bbd95e644d'
 '2d369837-9fd2-4cd4-bc6e-c6ec00c7de94'
 '521366c5-e60a-458b-84c0-5ab0bbafacf6'
 '33c452b8-37f7-4d54-bd00-23d0a94e2aa8'
 '9890419a-57c6-4a97-830e-09c74644b912'
 '7581c677-da32-426c-bdd3-58934d6317b8'
 '8cfb8f68-a949-4139-8c13-d3e1ff0a46a8'
 'dd7f45c5-8d46-4c22-b754-fc3601eade29'
 'e4692399-7eb4-4f42-9219-58fec44538d7'
 '76ad7c36-db5b-44b1-b261-e9673b2d1389'
 'c90c2514-399d-486c-b9c5-4dfbc02eef36']","['7d112779-aef6-4c01-9dd7-1e8c603cebf4'
 '723fe3f5-0089-4b5a-868d-c12968afbcde'
 '7d1bfc46-e948-49ba-b4a7-9a31dd11e78f'
 '97a45719-8433-4045-b600-5943038e73a0'
 'e1c92b99-2d02-4845-afc5-7c1cb1745dbe'
 '180a059a-4065-4afc-92bb-ad041e2d666e'
 '8bc0b2e4-453a-413a-ac7a-6b97540a505f'
 '5a6b9837-6d19-443b-91ed-e80ac31a00eb']",[]
88308954a8d2d7586ca8cc75b1b11f9449934357376dc59c92ced6f46cf1845fa46e9148292d5c59387ef0e4995324fa9a855891a896a148c086de27d054fc7a,97,"METADATA:
{
  ""parent_headings"": [
    ""# 三、神经调控治疗""
  ]
}

CONTENT:
近期发表的 项系统评价和荟萃分析［176］ 对神

经调控技术的有效性进行了评估。 项高质量研究结果显示，远隔电神经调控（remote electricalneuromodulation， REN）可显著缓解偏头痛急性发作期的症状［177‑178］ 。 项高质量 结果显示，单脉冲 经 颅 磁 刺 激（single pulse transcranial magnetic， ）可降低 患者的头痛天数和严重程度，但对CM无效［179］。5项RCT研究结果显示，初 级 运 动 皮 质 区 高 频 重 复 经 颅 磁 刺 激（high‑frequency repetitive transcranial magneticstimulation， rTMS）可减少偏头痛的头痛天数［180‑184］ 。项系统回顾 项随机对照安慰剂试验和 项前瞻性 病 例 分 析 的 结 果 表 明 ，眶 上 神 经 电 刺 激可显著减少 和 发作的天数，降低 和发作的严重程度［185］ 。1 项高质量 RCT 研究结果显示，经皮神经电刺激（， ）可减少 的头痛天数［186］ 。对药物不耐受或疗效不佳的患者，可给予神经调控技术治疗。急性期治疗可选择REN、sTMS及TENS，预防性治疗可选择 、初级运动皮质区 及经皮眶上电刺激。推荐意见见表 。",527,['CN 中国偏头痛诊断与治疗指南2023_1773147405'],"['c5f6d5c9-f8eb-4880-9972-3bb50f919e50'
 'ee08258f-7327-46f1-9459-c1bbd95e644d'
 '8867eaba-c420-4807-a9b8-1b2f94fd7bb2'
 '2d369837-9fd2-4cd4-bc6e-c6ec00c7de94'
 'f66745a3-d094-4b42-8267-17359cd3be4f'
 'fcf4aaa9-b870-4324-b06d-f1f5acfceb91'
 '0762af96-9360-4fa3-a857-d4cb1d13fe40'
 '945c63bd-be4b-4cc1-9147-01ed60bbe86b'
 '611637b2-1a99-4213-80e3-44e6a867179d'
 '05ff00c2-9a18-4c18-b4f6-2203e7d10b2e']","['dbd8fd17-507b-476e-b81d-85694aaad1ef'
 '2482b1e4-fbca-4079-9f45-288efabf98b1'
 'a240430e-dcdb-4003-896a-e519a6382b1d'
 '394a0554-257a-4f3f-aa57-7b8270ff439e'
 '50dd5665-dce7-40e6-9c1b-95ee71e1a7dc'
 '7c0bb987-83d1-48db-b8fd-64085f084f7a'
 '8047d5a2-0ca3-41e3-a80f-2b831e1751aa'
 'a95301be-72f1-432c-a89b-1f2c26d9dfab'
 '14234a8b-70a8-49dc-8157-062c85c7abfb'
 'c25d0746-a7a6-49ff-8f36-db5876cc0996'
 'bd5e6859-1e99-4b8e-ae50-bc56d875b34d'
 'ea93cbff-f4f8-4cae-8dc1-1ac662e97916'
 'cf5153f5-7775-41e6-a202-c2640c80ddad'
 '559aa577-0e8d-4568-af35-1ab78f08ef21'
 'd8bb46f7-55f6-447a-8f08-28f4a1b3791c'
 'f1701ca2-3a65-4927-9d17-2ceab4ed2016'
 '09980a5b-dc93-4c9a-9202-e59b49f33bde']",[]
b1ee9fca7026d9a451701ab580130239412496d9c903653e2dffdb84d5e68840671b7da965cc3cea481a2b77c5e406d3237826861317b0a52491a46758b864ff,98,"METADATA:
{
  ""parent_headings"": [
    ""# 四、急性发作与预防双重疗效治疗方法""
  ]
}

CONTENT:
此治疗方法超越急性发作和预防性治疗之间传统界限，既可用于急性发作期治疗，也可用于预防性治疗。常用的治疗方法如下：（）神经调控治疗；（）生物反馈治疗；（）夫罗曲普坦（用于偏头痛的急性发作期治疗及月经性偏头痛的短期预防）；（4）部分 gepants 药物。",159,['CN 中国偏头痛诊断与治疗指南2023_1773147405'],"['c5f6d5c9-f8eb-4880-9972-3bb50f919e50'
 '2d369837-9fd2-4cd4-bc6e-c6ec00c7de94'
 '400b7f31-13c8-438e-a58d-6a47292d02c1'
 'b3e93546-76ab-4e44-ad7a-aac2e9a6b094'
 '30bcee41-10a3-459b-8a16-b812fb7ae27f'
 '610aa711-e5eb-4070-87ea-d957c5dbddbb'
 'c5f6587e-8a5d-42ad-866f-d19d9bd5a965'
 'a6b9c741-3fba-4306-b69e-fca1673301f8'
 'c2b3c508-5ed6-4bec-86aa-453d83323d50']","['500bb295-ff5a-4026-975e-57da7b56fb21'
 '436781ef-b79d-498e-9816-ddca301f24c8'
 'd0553bca-e89f-4e0c-b431-6b37b542be83'
 'f55dda2e-b5e1-4689-a7f0-d2ef3f0d5421'
 '7076d7a3-640e-4a63-8667-1b20fc0c8182'
 '128cdce0-5145-40a7-94a4-d420c369e659'
 '7482f869-4ba6-4a53-afc2-05d19005f01e'
 '2d05a21a-d459-4747-8e62-c8c3a5b6ad86'
 '43ec47f5-3f4b-465f-b8ac-281f5922a8b7'
 'b38c2a57-20a7-4218-b128-f1fef511c278'
 '5dcf5ea9-33f9-476c-ac49-27f8f68a9a19']",[]
23fb6bb01b39562a2f5493105ef2668bd91bc439253ab79da46be14980613e5e77186648ab6cdc7fb1a630b35f030ed5d1c263991d555d9ca25230eb0ef80a7b,99,"METADATA:
{
  ""parent_headings"": [
    ""# 五、其他治疗""
  ]
}

CONTENT:
药物治疗在偏头痛的防治中发挥重要作用，但对药物治疗依从性差或无法耐受药物不良反应的部分患者，非药物治疗可以作为有效补充［187］ 。常用的非药物治疗包括针刺治疗、运动、饮食调节、神经调控治疗、行为疗法和正念疗法。",147,['CN 中国偏头痛诊断与治疗指南2023_1773147405'],"['c5f6d5c9-f8eb-4880-9972-3bb50f919e50'
 'dff3ffe1-c797-49a5-a7d4-29dfebe42ec8'
 '1b06acc6-60bd-4cdb-ace3-310f3c9f4cb0'
 '6085507d-6cd0-4b04-bb2f-bbfe677f2e0b'
 '30bcee41-10a3-459b-8a16-b812fb7ae27f'
 '65d934f8-c31b-4493-af8b-78aebe90c5ec'
 'c4566bb0-2531-4c11-900e-f9b64a859ca5'
 'e850e845-e1d1-4404-8149-ee4ecf9e640d'
 '536d6d9d-9693-4a17-8d42-4c7f4a9f5966']","['3131dfda-47b5-4685-88be-15e312f98f13'
 '9eb7fe1f-812e-45d7-af6a-bc16c281e893'
 '31895d0f-f952-4eb4-a888-e87425e24815'
 'c335410e-d1b4-4b9b-a1d5-e466f8b581ca'
 '144a4e56-627d-44ed-8049-f51254942b9b'
 'b91e01ed-1bd3-4838-b753-9efae1e9537e'
 'd8f87adb-8cff-4251-909a-bf976061930f'
 '8baf106f-2ac8-45e8-b8ac-ef8253b4d613']",[]
e4bdaf3274859fefc17e03819e07cdfc1499b7c702c170402f77909a62e84fff67860e324f4de8c7d3be920148c0a9e004b2a837b69790702ade5d2b83674266,100,"METADATA:
{
  ""parent_headings"": [
    ""# （一）针刺治疗""
  ]
}

CONTENT:
3 项未区分有无先兆偏头痛的 RCT 研究发

表12 偏头痛的神经调控治疗推荐意见  
Table 12 Recommendations of neuromodulations treatment in migraine   


<!-- TABLE_METADATA: {""type"": ""table"", ""page"": 0, ""table_idx"": 10, ""caption"": ""表12 偏头痛的神经调控治疗推荐意见 Table 12 Recommendations of neuromodulations treatment in migraine "", ""footnote"": """", ""extracted_from"": ""mineru_api""} -->
<table><tr><td>神经调控方法</td><td>急性发作期治疗</td><td>预防性治疗</td></tr><tr><td>远隔电神经调控</td><td>II级推荐,A级推荐</td><td></td></tr><tr><td>单脉冲经颅磁刺激</td><td>II级推荐,B级证据</td><td></td></tr><tr><td>眶上神经电刺激</td><td>II级推荐,B级证据</td><td>III级推荐,B级证据</td></tr><tr><td>初级运动皮质区高频重复经颅磁刺激</td><td></td><td>II级推荐,B级证据</td></tr><tr><td>经皮神经电刺激</td><td></td><td>III级推荐,B级证据</td></tr></table>

现，针刺组与假针刺组对偏头痛的治疗效果无明显差异［188‑190］ 。我国 2 项针对无先兆偏头痛的研究结果显示，针刺组预防偏头痛发作的疗效优于假针刺组［191‑192］ 。1项荟萃分析结果显示，针刺联合急性治疗药物可减少偏头痛发作频率［193］ 。对药物不耐受或疗效不佳的患者可考虑针刺治疗，但针刺方法、穴位、针刺深度及时间尚无法标准化，应视个人接受度及医师经验决定。

推荐意见：对药物不耐受或疗效不佳的患者可考虑针刺治疗，但针刺方法、穴位、针刺深度及时间尚无法标准化，应视个人接受度及医师经验决定（ 级推荐， 级证据）。",760,['CN 中国偏头痛诊断与治疗指南2023_1773147405'],"['c5f6d5c9-f8eb-4880-9972-3bb50f919e50'
 '786aee20-368c-47af-a372-405ce47433b1'
 '2d369837-9fd2-4cd4-bc6e-c6ec00c7de94'
 'f66745a3-d094-4b42-8267-17359cd3be4f'
 '6085507d-6cd0-4b04-bb2f-bbfe677f2e0b'
 '400b7f31-13c8-438e-a58d-6a47292d02c1'
 '9cf6c72b-438e-4403-a92a-a6b12f7874b2'
 '058b5264-4fa7-42c6-893c-7c98274cb38e'
 '648d8919-f200-43d9-8087-f828a8b369de'
 'fcf4aaa9-b870-4324-b06d-f1f5acfceb91'
 '0762af96-9360-4fa3-a857-d4cb1d13fe40'
 '945c63bd-be4b-4cc1-9147-01ed60bbe86b'
 '611637b2-1a99-4213-80e3-44e6a867179d'
 'be03db3f-d8c3-46f5-826d-bb50ab23ccfe'
 '0c0f1c86-c3de-4618-b8da-4c93ab8a0769'
 'c1b79b44-8122-4a39-bf0b-ea33865ca6e3'
 '23abdcdc-614e-44b2-b110-881b6142c030'
 '4548c37b-bf0b-4087-adea-65057bf2b50d'
 'b7f22f7a-fee8-4444-bba4-f297d2d97b52'
 'c94a06eb-e548-4572-9a1d-8bb8347f8917'
 '561737d0-fd6e-4efc-a706-884ad5ac27b2']","['f7c5fe67-dbb4-4acc-a485-25197dfd4a0c'
 '01da2827-f583-41de-ab67-8cf0e580cdde'
 '57b94d40-694e-4cbf-a3b0-4f9bcc82b606'
 '9ee8df50-93f6-4a66-94aa-987dd85861ee'
 '4560eb85-f9b4-490a-b4d3-88352346bc0f'
 '00a6469d-40b4-4be3-8b59-fc38876ab7da'
 'b9afa126-f87e-4599-a2d5-07973663a92b'
 'aed2ab68-8dcb-4a17-8276-ca472ca2f6f5']",[]
cf6560c767b9165c044e09371c8f7ee8b1b362c41d3972f1359a4a04bdf6c98613429167ddc37d13b276146275fe8dbef99bf59168f48c665d44b1108e8b33b2,101,"METADATA:
{
  ""parent_headings"": [
    ""# （二）运动""
  ]
}

CONTENT:
项系统评价和荟萃分析结果显示有氧运动可 减 少 偏 头 痛 发 作 天 数 ，提 高 患 者 生 活 质量［187，194‑195］ 。具体运动形式不限，但偏头痛患者坚持数周的有氧运动有明确获益。有研究者建议每次中等强度运动 $3 0 { \sim } 5 0 ~ \mathrm { m i n }$ ，每周运动 次，至少持续 周［15］ 。近期研究结果显示，瑜伽也可作为偏头痛预防的辅助治疗［196］。

推荐意见：建议偏头痛患者每周进行有氧运动（ 级推荐， 级证据）。",248,['CN 中国偏头痛诊断与治疗指南2023_1773147405'],"['c5f6d5c9-f8eb-4880-9972-3bb50f919e50'
 'c8e290c2-773a-4d9a-a3ab-65555f84fc8a'
 'e4cb597a-c7ee-4438-9f3d-3a005865f82b'
 '9b6e30ef-3db1-434f-86a4-196fd6c79b16'
 '88c5c67f-2e8f-404d-8c2a-bb258721caf6'
 '5099e95d-5423-484e-ae86-cda8318029a6'
 'c188f575-9676-43e9-bc1b-8e0220f9f2a9'
 '2ec1851e-043d-4b41-a23b-2eab6c1590c9']","['a8d13390-f611-4ef7-8956-463dfe237e18'
 'a467b35b-a4e8-485a-93a6-aac414613f21'
 '0d517bbf-17d9-454d-8c75-da981e4be4d6'
 '2828b48a-a7de-4aa2-8a78-178105a199d2'
 '2174d97a-7629-41e1-935d-eb270a432603'
 'bbad620b-5cc9-4c83-b359-69055599c8d0']",[]
ccbf411f1a66481699252f8cb9e85d8df150e97c43a6b3c3f919ffbc45859680e8bf5b6f2d63ef233da57cdc721b8950ef6a39a756dc89bd366ef297bf01c26a,102,"METADATA:
{
  ""parent_headings"": [
    ""# （三）饮食""
  ]
}

CONTENT:
虽然多项研究结果显示饮食干预可影响偏头痛发作的频率及程度，特殊类型饮食如低血糖指数饮食、生酮饮食、二十二碳六烯酸（acid， DHA）、二 十 碳 五 烯 酸（eicosapntemacniocacid， EPA）饮食等可缓解头痛症状［197‑201］ ，但是上述研究均为小样本研究，证据等级不充分。

推荐意见：建议偏头痛患者规律健康饮食（级推荐， 级证据）。",219,['CN 中国偏头痛诊断与治疗指南2023_1773147405'],"['c5f6d5c9-f8eb-4880-9972-3bb50f919e50'
 'c8e290c2-773a-4d9a-a3ab-65555f84fc8a'
 '2ec1851e-043d-4b41-a23b-2eab6c1590c9'
 '52cea7c6-3651-4c13-84cb-4a213217b2ae'
 '5c158e90-3323-41f5-977c-05c6a6a732de'
 '6f370ebc-28c3-47b9-9483-6e13112c6f7e'
 '004382e9-1c54-4ad4-86c2-25f99f03b4c2'
 'd823897a-d102-4442-8b09-7cb1c1735459'
 '783f8712-f67d-4966-a90c-852d6da33fda']","['934fdb79-d525-49ae-876b-7392e8af1d7e'
 '88c9b818-c602-4f00-8096-ab69f24111e7'
 '690f08c5-006b-443f-ae16-60864ed89e1f'
 'ea30d79b-77b5-4e53-9520-a8806e48c6a7'
 '9fe4a5b8-8c03-4b9a-acbe-18212b6c7cb1'
 'fbf3e1bf-068d-4aa0-ab03-51595e880f7b'
 '4d029dd9-b9f3-4f50-bdca-8a99c19a7732'
 '4b8bf56d-784a-4cae-8c6a-60244500250c'
 '89b1c0ad-c895-4e15-afd5-cda1225e55ac'
 'bac83cf8-3677-49d1-8165-1c0bc1ea3191'
 '0fc9099c-b1a0-47b5-8ed9-16fd29c1964d'
 '881d9bb6-ae70-4643-965c-c87ba7a92890']",[]
ff40d9d77831c63126abcff57c0dc9b00a0481a114fd14b41eb87b1817126e86e2d78f953b428ca1a255ba69368d9aad3a9cfb384173b77490f104c4d8e6c2c0,103,"METADATA:
{
  ""parent_headings"": [
    ""# （四）行为疗法和正念疗法""
  ]
}

CONTENT:
行为疗法包括放松训练、生物反馈和认知行为疗法，目前相关高质量临床研究较少。 项包括所有头痛类型的荟萃分析结果显示心理治疗对偏头痛预防有效，认知行为疗法可用于药物治疗的辅助治疗［202］ 。 项荟萃分析结果显示生物反馈技术可显著减少头痛发作频率，改善患者的焦虑症状，减少服用止痛药次数。最新的 项随机研究结果显示正念减压疗法对于减少偏头痛失能、改善患者生活质量是有益的［203‑204］ 。

推荐意见：对偏头痛可考虑行为疗法或正念减 压疗法作为辅助治疗，共病焦虑抑郁患者优先推荐

（ 级推荐， 级证据）。

（五）卵圆孔未闭（patent foramen ovalen， PFO）封堵

在偏头痛患者中较常见，然而，关于封堵对偏头痛患者疗效的相关RCT研究均未得出阳性结论［205‑208］ ，且术后可能会出现少见但严重的并发症，如心房颤动、卒中、心包填塞等，故不作推荐［15］ 。",488,['CN 中国偏头痛诊断与治疗指南2023_1773147405'],"['c5f6d5c9-f8eb-4880-9972-3bb50f919e50'
 '2d369837-9fd2-4cd4-bc6e-c6ec00c7de94'
 '4fdbff3b-8fb9-4242-b878-952ab619daf4'
 '95c2221c-a8d4-4c4b-92c4-2d0063b59b45'
 'c8e290c2-773a-4d9a-a3ab-65555f84fc8a'
 'e850e845-e1d1-4404-8149-ee4ecf9e640d'
 '2ec1851e-043d-4b41-a23b-2eab6c1590c9'
 '7a381b76-fbfd-42f1-a833-2c1e2af94c7c'
 '0196593f-1074-44d5-905a-74c773856591'
 '8ed535ff-fa7d-4491-8f37-28ab1beb5c8c'
 'bea21670-a3c2-48d6-8673-c62d7aeaa345'
 'e41cbe5b-bb87-4b39-baf6-faef9091bb30'
 '19f6e404-7539-4495-b9df-559faea92871']","['589a9805-0eb2-4ef1-a5e7-8f0439a242c7'
 '2dd1bd4f-9985-438d-8be8-b4186f1fd157'
 'cdd6a807-177c-4492-8e48-156b56b33810'
 'bd460988-54ba-494b-a9d0-8ce55b872cc6'
 'e6818396-5508-48ae-8888-7aaf4da61e27'
 'ab6ef276-7615-4e12-9c38-30fb4dcb444b'
 'cec8b1a5-c57e-457f-9e84-a1d5c05f146e'
 '7cfce2a7-4b28-4b67-b263-ec063aa8ecd5'
 '711a4faa-be88-49ca-beeb-532e1c688241']",[]
838241ab5933736345582486aa6a3c6ef34a8b5a5925ec6ed7838c7f2497326ae8b621d6dde31f95ad5e05a336393553e96c0d236222b23ad140bc513bf0cfd7,104,"METADATA:
{
  ""parent_headings"": [
    ""# （六）外科手术治疗""
  ]
}

CONTENT:
目前关于外科手术与偏头痛的研究多是小样本或回顾性及非盲法研究［209‑210］，故不作推荐。

主要执笔（排名不分先后） 王永刚（首都医科大学附属北京天坛医院）、肖哲曼（武汉大学人民医院）、刘恺鸣（浙江大学医学院附属第二医院）、赵红如（苏州大学附属第一医院）专家委员会成员（按姓名汉语拼音顺序） 蔡晓杰（北京医院）、常贺生（首都医科大学附属北京朝阳医院）、陈宁（四川大学华西医院）、陈滢（福建医科大学附属协和医院）、崔丽英（中国医学科学院北京协和医院）、邓幼清（南昌市第一医院）、董强（复旦大学附属华山医院）、葛朝莉（深圳市第二人民医院）、管阳太（上海交通大学医学院附属仁济医院）、桂韦（中国科学技术大学附属第一医院安徽省立医院）、郭淮莲（北京大学人民医院）、郭力（河北医科大学第二医院）、韩登峰（新疆医科大学第一附属医院）、何俐（四川大学华西医院）、何志义（中国医科大学附属第一医院）、黄旭升（解放军总医院第一医学中心）、康慧聪（华中科技大学同济医学院附属同济医院）、李军杰（首都医科大学宣武医院）、李磊（哈尔滨医科大学附属第二医院）、李明欣（山东大学齐鲁医院）、李子孝（首都医科大学附属北京天坛医院）、刘军（上海交通大学附属瑞金医院）、刘永辉（广西中医药大学第一附属医院）、米玛顿珠（西藏自治区人民医院）、彭斌（中国医学科学院北京协和医院）、蒲传强（解放军总医院第一医学中心）、戚晓昆（解放军总医院第六医学中心）、秦海强（首都医科大学附属北京天坛医院）、任丽（天津医科大学总医院）、沈航（中国医学科学院北京协和医院）、施福东（天津医科大学总医院）、唐春花［陆军军医大学大坪医院（陆军特色医学中心）］、汪敬业（安徽医科大学第一附属医院）、汪昕（复旦大学附属中山医院）、王丹（北部战区总医院）、王佳伟（首都医科大学附属北京同仁医院）、王蕾（兰州大学第二医院）、王延江（第三军医大学大坪医院）、王拥军（首都医科大学附属北京天坛医院）、王玉平（首都医科大学宣武医院）、吴春华（昆明医科大学第一附属医院）、肖波（中南大学湘雅医院）、徐运（南京大学医学院附属鼓楼医院）、焉传祝（山东大学齐鲁医院）、杨弋（吉林大学第一医院）、姚刚（吉林大学第二医院）、余传勇（南京脑科医院）、曾进胜（中山大学附属第一医院）、张宝荣（浙江大学医学院附属第二医院）、张杰文（河南省人民医院）、张亮（青岛大学附属医院）、张萌琦（中南大学

湘雅医院）、张清秀（南京大学医学院附属鼓楼医院）、张锐（郑州大学第一附属医院）、张通（中国康复研究中心北京博爱医院）、张亚清（首都医科大学附属北京天坛医院）、张作慧（徐州医科大学附属医院）、赵钢（第四军医大学西京医院）、赵性泉（首都医科大学附属北京天坛医院）、赵元琛（温州市中西医结合医院）、朱丽平（首都医科大学附属北京同仁医院）、朱遂强（华中科技大学同济医学院附属同济医院）

指南学术秘书 王玮（首都医科大学附属北京天坛医院）

利益冲突 所有作者声明无利益冲突


<!-- IMAGE_METADATA: {""type"": ""image"", ""page"": 15, ""image_idx"": 0, ""caption"": """", ""context_before"": ""利益冲突 所有作者声明无利益冲突"", ""context_after"": """", ""extracted_from"": ""mineru_api""} -->
![](images/8bf589f3fdb4710b0c4584db13732c216bf2c3af93bbcd659463d742185bebfa.jpg)",1695,['CN 中国偏头痛诊断与治疗指南2023_1773147405'],"['c5f6d5c9-f8eb-4880-9972-3bb50f919e50'
 'abc6ab7a-56c6-43b5-be23-9a5d90c036fd']",['85304052-0833-4fe6-a24a-447f98356bdc'],[]
00a0c1db6485e7cbac54a732052006a67c99da84f0e4ae3b0b5ef4c9c184759efc49103ab0655d3717b6119de694b25d045ac14ada547d3f5696cd69ad0fcb0b,105,"METADATA:
{
  ""parent_headings"": []
}

CONTENT:
•指南与规范•",8,['CN 中国偏头痛诊治指南2022版_1773147365'],"['c5f6d5c9-f8eb-4880-9972-3bb50f919e50'
 'ee08258f-7327-46f1-9459-c1bbd95e644d'
 '8867eaba-c420-4807-a9b8-1b2f94fd7bb2'
 '2d369837-9fd2-4cd4-bc6e-c6ec00c7de94'
 '8fec9e94-e0e9-4c89-877f-ccbe997a65c0'
 '040c3094-f31d-4a80-b933-24d4768fea3f'
 '51862798-7f77-4ff0-909a-eb5eccf12f02'
 '40ceff21-0f0e-4f3d-8b22-bb51c4bfcaae'
 '4131fa2c-601d-4b4b-b5c2-02a2787938c7'
 'fc297dd7-8622-45d7-a1ad-882cdb335581'
 '4f2e19fd-e88b-4f5a-b1c1-ff6800e73d9b'
 '03cfef45-1fcc-406a-b00e-4b9430639a4c']","['b7913743-28ae-4ec2-bad5-0336edd00995'
 '34d7eb03-b872-4876-a471-926d49bb40fa'
 'ca6b5b9d-9915-448c-830b-7e6527422b61'
 'c2bb6ac1-8d7e-4542-b575-7caa668dbf04'
 '28ba99a8-c6fc-4ddb-a20c-ed8b45748878'
 '9ffe2770-6bda-4d3a-a90d-85595ad7216d'
 '1bcdf37d-c92c-4912-9de5-529db0c2638e'
 '2e8e835c-42af-40dc-afbd-49b66c562424'
 '0838926a-3866-4b99-aefc-e438e136d9b2'
 '76581cee-099e-4a65-a7c4-a5c7f73e3708'
 '78edf4da-3789-4694-96fb-e18c4a81d7f5'
 'db7c45c0-10f3-43b6-b165-b628cffc2e67'
 '6787e4eb-b79c-4798-a3ca-a047cce7d902'
 'c4dd4885-e56c-40bb-9f11-a6cddd3b16ee'
 '1ce8087a-de6c-4bb2-8a13-a0dd311e5746']",[]
d19fccabb943e5d8c1308d240fc605b6240a28438a298546a35dd33f5bc6582658081ad0351a8748a5dc19573d8114ce86a48897f22c5caf58445d8459cb004f,106,"METADATA:
{
  ""parent_headings"": [
    ""# 中国偏头痛诊治指南（2022 版）""
  ]
}

CONTENT:
中国医师协会神经内科医师分会

中国研究型医院学会头痛与感觉障碍专业委员会

摘 要 偏头痛是位列第二的常见神经系统失能性疾病，但国内仍存在诊断正确率低、治疗不规范等问题。近年来随着偏头痛机制的深入研究，其分类、诊断及治疗方法均有所更新。本指南由中国医师协会神经内科医师分会、中国研究型医院学会头痛与感觉障碍专业委员会组织编写制订，在2011年、2016年第一、二版《中国偏头痛诊治指南》基础上，通过更新与评估偏头痛高质量文献并综合国内相关领域专家意见，针对偏头痛的定义、流行病学、发病机制、临床表现、分类及诊断、鉴别诊断及治疗进行详细阐述，以进一步提高疾病诊治效率及临床管理质量。

关键词 偏头痛；规范化诊治；临床循证实践指南

偏头痛 (migraine) 是一种常见的神经系统疾病，其临床特征为反复发作性的、多为单侧的中重度搏动性头痛，常同时伴恶心、呕吐、畏光和畏声等症状 [1]，我国 1/7 的偏头痛病人可有先兆症状 [2~4]。根据 2016 年全球疾病负担 (global burden of diseases,GBD) 研究，偏头痛是第二大常见的神经系统失能性疾病[5]，与焦虑抑郁、睡眠障碍等存在共病关系，部分研究亦发现其可能增加罹患认知功能障碍和心脑血管疾病的风险 [6,7]。我国既往数据显示偏头痛的诊断和治疗仍然存在较大不足，病人就诊率仅为$5 2 . 9 \%$ ，医师正确诊断率仅为 $1 3 . 8 \%$ ，且普遍存在

预防性治疗不足、镇痛药物使用过度等情况 [3,8~10]。近年来，随着国内外偏头痛相关研究进展，特别是降 钙 素 基 因 相 关 肽 (calcitonin gene related peptide,CGRP) 等新型治疗靶点的发现，偏头痛的治疗手段日益更新。因此，制订偏头痛规范化临床诊治流程，更新诊疗理念，对疾病的正确诊断、评估及有效治疗具有重要意义。",950,['CN 中国偏头痛诊治指南2022版_1773147365'],"['c5f6d5c9-f8eb-4880-9972-3bb50f919e50'
 '040c3094-f31d-4a80-b933-24d4768fea3f'
 '1fc63076-9dca-4766-ab98-75846da2623a'
 '3c9b5a4f-bc65-4a90-b1cb-640efd2d4d84'
 '03799adc-c962-4fc4-b2f7-1dbf785e4da3']","['845ea2f8-b558-4251-8820-f08706038f4e'
 '5cb26232-3e2f-42c0-b521-bfff11c19a50'
 '3149e024-cf0d-4ab9-8007-554109b7edae']",[]
33adf6669c49ae17123199758ecf1487a0e24187cf6dbde030ff357cd1e47a649457fae65658e881b9b0899b0a295f4aa42389d01e4bf17584c84704d42b1d3c,107,"METADATA:
{
  ""parent_headings"": [
    ""# 1. 指南涵盖的范围和目的""
  ]
}

CONTENT:
# 1. 指南涵盖的范围和目的

为进一步指导和规范我国临床医师对偏头痛的诊断及治疗，本指南在 2016 年《中国偏头痛防治

指南》[11] 的基础上编写制订，涵盖的临床问题包括：偏头痛的定义、流行病学、发病机制、临床表现、分类及诊断、鉴别诊断及治疗等，根据我国自身特点，结合相关治疗措施在我国的有效性和可行性，为偏头痛的规范化诊治提供指导，供神经内科、疼痛科、全科及普通内科医师参考。",242,['CN 中国偏头痛诊治指南2022版_1773147365'],"['c5f6d5c9-f8eb-4880-9972-3bb50f919e50'
 'e84c83c6-54f7-4eb3-91f6-dd7846895841'
 '4c388c65-8e37-422e-bcd3-ddc02edb754b'
 '945b09f1-ebe8-419e-87cb-606ce9556323'
 '39a316a5-0cf6-401c-bb63-11711db362a8']","['c36a3f9f-f824-444f-af49-81c05017a18f'
 'e920f05d-5459-4e31-8bc0-d41ef456f11f'
 'b469e881-8e3a-4c8d-a3e4-5d3bad814405']",[]
08d3c6363a013e4d4f51f6820225fefd251fef961c5b7312ce9e7171d05ecad3e1cb332ad9a5a2613943cdfbe0a7c6c94aac61b2c609458a593d80ffd07df048,108,"METADATA:
{
  ""parent_headings"": [
    ""# 2. 指南发起和支持单位""
  ]
}

CONTENT:
该指南制订由中国医师协会神经内科医师分会、中国研究型医院学会头痛与感觉障碍专业委员会共同发起，中国人民解放军总医院等 65 家医院为支持单位。",86,['CN 中国偏头痛诊治指南2022版_1773147365'],"['040c3094-f31d-4a80-b933-24d4768fea3f'
 '51862798-7f77-4ff0-909a-eb5eccf12f02']",['ca6b5b9d-9915-448c-830b-7e6527422b61'],[]
4a919c2eaa6622de2df650fbdb22bbca02a71a9afa49b9f801247e9714978bd7937f1df2f4f17db269de1997fb6f0f467567220ba371628962cbee4507970af5,109,"METADATA:
{
  ""parent_headings"": [
    ""# 3. 指南制订专家组""
  ]
}

CONTENT:
指南编写组成员以中国人民解放军总医院神经内科医学部人员为主，同时邀请来自全国各地的神经内科及其他相关学科专家成立指南制订专家组，包括临床医师、指南制订方法学专家、临床流行病学和循证医学专家等共69名。",114,['CN 中国偏头痛诊治指南2022版_1773147365'],['dfedc6b1-e56b-46ea-a632-f5c3d9662611'],['154e4564-1f0b-422c-a8ee-98ce277c4589'],[]
c52d4fb3c1c2a58fb99dfeeb78bfe51da638a27a4abfcef7d0cb3948c51de50d2729c8ee4cee4f8adf245630d4023485532b131e9d6003d6ee0a8955a0dd2a5c,110,"METADATA:
{
  ""parent_headings"": [
    ""# 4. 指南注册与计划书撰写""
  ]
}

CONTENT:
本指南已在国际实践指南注册平台 (http://www.guidelines-registry.cn) 注 册（ 注 册 号：IPGRP-2022CN297）。指南的制订方法和步骤主要基于2022 年中华医学会发布的《中国制订/修订临床诊疗指南的指导原则（2022 版）》和 2014 年世界卫生组织发布的《世界卫生组织指南制订手册》，广泛检索和评价近年来国内外偏头痛相关研究进展及证据，并结合我国一线临床医师的实际诊疗过程经验及我国偏头痛诊疗现状，经过多轮专家意见调研，共同起草并议定诊疗推荐意见，同时依据国际实践指南报告标准 (Reporting Items for PracticeGuidelines in Healthcare, RIGHT) 和指南研究与评价(Appraisal of Guidelines for Research and EvaluationII, AGREE II) 工具撰写全文。",312,['CN 中国偏头痛诊治指南2022版_1773147365'],"['c5f6d5c9-f8eb-4880-9972-3bb50f919e50'
 '3d96cb59-0236-4102-a6cd-ce40f0854545'
 '34e931c1-a57b-4071-b06b-485bcd3b4f02'
 '73128169-dc85-498a-96b4-3640b7b2710d'
 'd02d071d-d772-4506-91c4-60ba68816908'
 'e92a5cbe-208d-4e57-8c42-0bbf41458f4c']","['0bedf740-e307-481e-a80d-ef19febfb189'
 'bd3e5c26-7ae9-4a53-b0ec-b7da55400de1'
 '7570bec0-8789-477e-a06c-7b68fee14323'
 '516c9852-8f4a-4ed0-917e-07055a6be4d0']",[]
c3f6d83d2ebd726a336da083ea57191d386f3dd09b4028d8f25be210bd0d0c1cc525ebefe037be08523445ec8f6458d3bcc1e0889571b471d5471a657e9d35e6,111,"METADATA:
{
  ""parent_headings"": [
    ""# 5. 证据的检索、评价与分级""
  ]
}

CONTENT:
本指南遵循循证医学原则严格检索相关证据并进行证据质量评估与分级。鉴于国际头痛协会(International Headache Society, IHS) 的分类诊断标准为 1988 年首次颁布，1990 年前后在我国推广，确定检索范围为 1988 年后发表的国外文献和 1990 年后发表的国内文献。本指南对 2022 年 11 月以前的PubMed、Medline、Cochrane、Embase 等外文数据库、中国知网 (CNKI)、维普等中文数据库进行检索，对设计严密、研究质量较高的文献进行分析总结，基于最高等级的研究数据制订证据评级，并结合指南制订专家组的一致意见和我国临床诊疗现状及相关诊疗措施的可行性制订相关推荐意见。按照推

荐分级的评估和制订与评价 (The Grading of Recom-mendations Assessment Development and Evaluation,GRADE) 的要求将证据质量分为 4 级，采用证据到推荐表方式，结合证据质量、医疗措施的可行性与适用性、医疗成本与资源、病人价值观念与偏好等因素，在此基础上经专家讨论给出 2 级推荐意见（见表 1、图 1）。",447,['CN 中国偏头痛诊治指南2022版_1773147365'],"['8fec9e94-e0e9-4c89-877f-ccbe997a65c0'
 'd3d2f364-00f8-4a32-ab40-eee342929470'
 '6d0178be-cb7e-44ae-b377-78ed0c60bdfa'
 'ef88ce60-fadb-4293-80ad-f280bbd14c02']","['f77133a4-2b35-46f0-b7a4-0730ea1ce854'
 '07d02a1e-af2e-47ea-9da8-3d05c5208b3b'
 'b9ca9767-6e96-4dc6-bb33-19db1b7e54d6'
 'd092ff4e-46c5-4d01-ad7d-254292c793d1'
 'd65bb930-4fd5-4406-8797-fe3aad044af1'
 '3b071b9a-620b-4a13-aea6-227d56eb7617']",[]
b6978ecd73eb039a3d5f6955b3e9166b875eefe1f277baed3f7b3270d87d5bc929a91f1edf19c20b6a2a48d4ea9ed42d5bbdb824426fdda4bbf3a8748a5125ef,112,"METADATA:
{
  ""parent_headings"": [
    ""# 6. 指南的发布、传播与更新""
  ]
}

CONTENT:
指南草案形成后经相关学科多轮专家论证形成最终指南并完成发布。指南工作组将主要通过以下方式传播与推广指南： $\textcircled{1}$ 在相关学术期刊发表； $\textcircled{2}$ 在国内不同地区、不同学科领域进行指南解读与学术会议宣讲，以便临床医师充分了解并正确应用本指南； $\textcircled{3}$ 通过网络或其他媒体宣传推广。本指南将根据国际指南更新报告规范 (Checklist for the Reporting of UpdatedGuidelines, Check Up) 进行定期更新，根据指南发布后相关研究证据的更新、证据更新对指南推荐意见的影响、药物上市状态，以及指南相关推荐意见的强

表1 证据质量分级  


<!-- TABLE_METADATA: {""type"": ""table"", ""page"": 0, ""table_idx"": 0, ""caption"": ""表1 证据质量分级"", ""footnote"": """", ""extracted_from"": ""mineru_api""} -->
<table><tr><td>证据级别</td><td>详细说明</td></tr><tr><td>证据质量分级</td><td></td></tr><tr><td>高</td><td>未来研究几乎不可能改变现有疗效评价结果的可信度</td></tr><tr><td>中</td><td>未来研究可能对现有疗效评估有重要影响，可能改变评价结果的可信度</td></tr><tr><td>低</td><td>未来研究很有可能对现有疗效评估有重要影响，改变评估结果可信度的可能性较大</td></tr><tr><td>极低</td><td>任何疗效的评估都很不确定</td></tr><tr><td>推荐强度分级</td><td></td></tr><tr><td>强</td><td>明确显示干预措施利大于弊或弊大于利</td></tr><tr><td>弱</td><td>利弊不确定或无论质量高低的证据均显示利弊相当</td></tr></table>


<!-- IMAGE_METADATA: {""type"": ""image"", ""page"": 1, ""image_idx"": 0, ""caption"": ""图1 指南制订流程"", ""context_before"": """", ""context_after"": """", ""extracted_from"": ""mineru_api""} -->
![](images/dac2f0ff61083478b8fec591121b97b681aa72ab38007edc2aa2efbc8ea95677.jpg)  
图1 指南制订流程

度是否改变等问题，结合临床诊疗现状定期完成更新，以更好地指导临床实践并形成技术规范。",802,['CN 中国偏头痛诊治指南2022版_1773147365'],"['7c25e444-4557-469d-9773-1b20830eafc5'
 '07ed842d-e6cc-46ee-92cb-0c29b384b55a'
 'cd6505e4-932b-4f8b-847d-a7ff14903196'
 '79e78e9a-5954-4673-a275-d1e16ec5133c'
 '822dde82-1ba0-4f3f-b01d-685da750f520'
 '92e8550b-ac92-4e2e-a8cd-6e08024ea6d3'
 'a884c45c-6b60-44dd-9f88-d9075065a05e'
 '29b586e8-a59e-4058-a81c-bc306e2e0889']","['2613afe7-0844-4990-9fd4-91fc9c56090f'
 '9ab97057-8eb2-4322-a68e-3b3453324942'
 '26b0266f-dedc-40a0-b61b-d347fd9e1759'
 'a6bd1797-7291-4de8-92ba-66ced0c7e752'
 'ebfd5649-ba27-412f-a2f2-a98dfc16e06e'
 'e1fa0b5c-4a6b-48bc-960a-5ff0b9fdcc1b']",[]
9aa94102f7aba158ea3d373dbed33256cdf4db0dc5ffab4f7b99e7762c42772dde40488fb6f98144b7fb43ac908c855ac1adefb19d619a368ad6190b2a5f6666,113,"METADATA:
{
  ""parent_headings"": [
    ""# 二、流行病学""
  ]
}

CONTENT:
既往研究显示普通成年人群的偏头痛年发病率为 $0 \sim 3 3 / 1 0 0 0$ 例 [12~14]，女性的发病率整体比男性高，在发病高峰年龄段，女性发病率是男性的 $2 \sim 3$ 倍 [12~14]。2016年的GBD研究显示偏头痛的年患病率为 $1 4 . 4 \%$ ，其中女性为 $1 8 . 9 \%$ ，男性为 $9 . 8 \%$ [15]。2009 年的流行病学调查显示我国 $1 8 \sim 6 5$ 岁人群偏头痛年患病率为 $9 . 3 \%$ ，男女之比为1:2.2，年患病率峰值在 $4 0 \sim 4 9$ 岁[16]。偏头痛在青少年及老年人中的年患病率偏低，有研究显示青少年及50岁以上人群年患病率约为 $5 \%$ ，同时50岁以上人群的新发偏头痛样头痛需警惕继发性头痛[6,17]。偏头痛具有一定的家族聚集性，其遗传率为 $42 \%$ [18]，我国研究显示遗传率为 $4 6 . 0 \sim 5 2 . 1 \% ^ { [ 1 9 , 2 0 ] }$ 。",458,['CN 中国偏头痛诊治指南2022版_1773147365'],"['c5f6d5c9-f8eb-4880-9972-3bb50f919e50'
 'e7089b88-114b-4106-a9bc-1cb868d81fbd'
 '894ec75b-5b9a-42ac-9f86-8d357ec6473c'
 '03dabc9f-42bb-41f0-9fff-836fbad1b2f7'
 '082d392d-41f1-451d-9b86-8b2d9ddee321'
 'fb0ca29f-77bc-4651-9df4-e5247c7bc30c'
 '9c1ab6e3-ec01-4859-ba70-b2564e27c436'
 'c14079f6-f7de-42fe-8423-2d3b85cf1112']","['930911ce-13e5-4fa0-9fa0-e2e54817a59c'
 'a31d152d-ab38-4a03-aec7-93e29a3fd578'
 '838c7e3c-a90a-4666-aa87-b7bbe8338bae'
 '338ba3dd-9d3c-4254-a9ea-c329f0ead893'
 '63c6b517-c8ab-4e9e-8cdc-af14cad86f98'
 'a9772ecc-3970-463f-8420-4da9782314e2'
 'c7da3bb3-3a12-465a-b509-3730d679913a']",[]
6eb2b8b1524c28bc0053cbf873e3f40259309b5b241c9683197232afd54506ef35025bdf2e5057b9d6599f2a444874e8de0ded9c45c717c0766a48884f2aee4b,114,"METADATA:
{
  ""parent_headings"": [
    ""# 三、发病机制""
  ]
}

CONTENT:
偏头痛的发病机制目前尚不完全清楚，有部分证据支持偏头痛起源于外周三叉神经传入纤维的激活和敏化 [21,22]，而更多证据表明偏头痛发作可能源于中枢神经系统如下丘脑 [23] 或脑干 [24] 在前驱期的激活。目前较公认的观点是，皮层扩散性抑制(cortical spreading depression, CSD) 参与偏头痛的先兆发生[25~28]，并可能进一步激活三叉神经血管系统，从而将痛觉信号传递至脑干、丘脑和大脑皮层等高级中枢[22,26]，并促进多种血管活性物质的释放[26,29,30]，共同参与偏头痛发作。偏头痛发作的脑网络可塑性变化包括不同脑区结构或功能连接改变，涉及疼痛感知、处理与情绪调控等多种环路 [31~34]。",349,['CN 中国偏头痛诊治指南2022版_1773147365'],"['c5f6d5c9-f8eb-4880-9972-3bb50f919e50'
 'd2d87cd6-f006-46a0-9f4e-84783a2215c5']",['fd57f56a-1e84-47d2-8b0d-e6298f00d18f'],[]
25b18de388931f8903d37959a37f3008502eecf4bb47d5e0221a8a2b9580f0a624fb2dc29dadc578ed1b3c682a20fea6cb4dc22e498bd0aa6214ce408fa6a9a2,115,"METADATA:
{
  ""parent_headings"": [
    ""# 四、临床表现""
  ]
}

CONTENT:
根据偏头痛发作的临床表现可分为前驱期、先兆期、头痛期和恢复期，不同时期的症状可能会有重叠，亦有部分病人仅存在部分分期，如仅有先兆症状而无头痛。",94,['CN 中国偏头痛诊治指南2022版_1773147365'],"['c5f6d5c9-f8eb-4880-9972-3bb50f919e50'
 '7e96821e-3b06-4dee-9489-c33b7815ea01'
 '1ca1ef63-ced8-47cc-a49d-b0f24af994b4'
 '4c01ed94-9bbb-4838-a49a-50ba1bfaa8a1'
 '5c897264-c436-4784-9cf3-39fc7b4ea2b5']","['e28648d9-b35c-4341-b7b5-cc7204c9dffc'
 'f49593b4-481d-4ba7-b710-036742a46ad2'
 'ac94ff29-71e9-4475-b958-b56f2bb8786d'
 'a161a5e6-7b91-4e15-8c90-cb0128df44c3']",[]
5b63b873de549d6d344f447abc1cb558376d4c89df8f6bba2193c6cb5828e68bacf693edd8957d0daede6afd8fdc9d428cfa79a86ff7eda644f9e280c67e8dee,116,"METADATA:
{
  ""parent_headings"": [
    ""# 1.前驱期""
  ]
}

CONTENT:
前驱症状通常在头痛发作前数小时或数天出现，如疲乏、注意力差、颈部僵硬感、思睡、焦虑、抑郁、易怒、畏光、流泪、频繁打哈欠、尿频、恶心、腹泻等[35]，多与下丘脑功能异常有关[36]。我国的一项研究显示， $2 1 . 5 \%$ 的病人存在至少一种前驱症状，多于头痛发生前的数小时至2天内出现，最常见的前驱症状包括颈部僵硬感、头晕、频繁打哈欠和困倦感等[19]。

另外，偏头痛发作前常常存在诱因，我国的一项研究表明 $70 \%$ 的偏头痛病人至少具有一个诱因，最常见的是情绪紧张、劳累、睡眠障碍，其余还包

括环境因素（如冷、热、日晒、风吹等）、饮食（如酒精、巧克力、富含硝酸盐的食物等）、特殊气味、密闭空间、体育活动等 [2]。由于诱因和前驱症状均出现在头痛发作之前，且两者的临床意义不同，问诊和宣教时应提醒病人注意区分 [19]。",461,['CN 中国偏头痛诊治指南2022版_1773147365'],"['c5f6d5c9-f8eb-4880-9972-3bb50f919e50'
 'b965c0f0-9ddb-43a1-add7-a5a5fe6da189']",['8d9c65a4-a511-43fa-9b9e-857159ad1edf'],[]
13046f9064048acb39bcef50de6cf0c45d5b418de024f3e1704a61780c983d0d4838faa851858ce6c44a7a1a9bcfad91edd28813f168eab1f4c032b560f040a9,117,"METADATA:
{
  ""parent_headings"": [
    ""# 2.先兆期""
  ]
}

CONTENT:
多项研究发现东亚地区偏头痛病人中先兆症状的比例低于欧美人群 [37~39]。我国 $14 \%$ 的偏头痛病人存在先兆 [2~4]，主要表现为视觉、感觉、语言或脑干功能障碍等相关症状，通常持续 $5 \sim 6 0$ 分钟，多于头痛前数十分钟发生，也可与头痛发作同时或在其之后。少数家族性偏瘫型偏头痛病人的症状可持续超过 60 分钟 [40]。

视觉先兆是最常见的先兆类型，表现为单侧闪光、暗点或水波纹等。感觉异常是第二位常见的先兆类型，表现为自一侧肢体、面或舌的某点开始并逐渐波及同侧肢体、面和/或舌的其他区域的阳性感觉（如麻刺感）或阴性感觉（如发木感），感觉先兆较少作为唯一先兆症状出现。部分病人可出现语言先兆，多表现为语言表达困难。脑干先兆极罕见，可表现为复视、眩晕、耳鸣、共济失调（非感觉损害引起）、构音障碍等。视网膜先兆表现为单眼的视觉先兆症状，临床较少见。",473,['CN 中国偏头痛诊治指南2022版_1773147365'],"['c5f6d5c9-f8eb-4880-9972-3bb50f919e50'
 '1db79f12-1a98-49e7-a434-d1014d4b2855'
 '254a579b-29d8-4d11-b485-4f1869a72115'
 'a656925e-4f69-495f-b46d-cb5c496e940c'
 'e658dc88-621c-4d49-a8b7-149933ec7659'
 'de2353b2-9db4-4812-bcb5-5f5cb80786f9'
 'b6ae97f6-8c02-4ea4-ada3-50dc2cd2a96c']","['35b40ffa-f6fc-443d-9c4b-23d5e4d97005'
 '738b00f9-8474-4848-93a2-07acd6f774ee'
 '466179d3-97f7-46f8-b4f0-246e8dfe2b84'
 'e9c799c5-de2d-4541-9304-761b4fc86f2a'
 '6a26b586-d788-47b7-8c94-1dbb0b014013'
 'aaa9777b-dacd-4ed6-8d00-e1a82fff627d']",[]
6f662532be4c0657b471a6a0599a8ae2e2fd00fe3ddec932213106de821e247de0ad8656a2d6d72dfe5dcb0b590d3896c78793f6b7be0f7ae110d1bc00f0c1f9,118,"METADATA:
{
  ""parent_headings"": [
    ""# 3.头痛期""
  ]
}

CONTENT:
偏头痛的典型头痛表现为单侧搏动性疼痛，但也有双侧或全头部疼痛，可因日常活动加重或由于头痛而愿意休息，头痛部位可在同次发作内或不同发作间转换。头痛程度多为中-重度，VAS 评分多为 4 分以上，成人偏头痛持续时间为 $4 \sim 7 2$ 小时，儿童为 $2 \sim 4 8$ 小时，中位持续时间为 24 小时 [40]。偏头痛发作时可伴有多种症状， $60 \%$ 以上的病人有恶心、呕吐、畏光、畏声，少部分病人也可出现眼红、流涕、流泪、烦躁不安等症状，我国数据显示$7 0 . 4 \%$ 的偏头痛病人有皮肤异常性疼痛 (allodynia) [41]。$6 . 4 \% \sim 5 9 . 6 \%$ 的偏头痛病人在前驱期及头痛期常常会伴发眩晕、头晕等前庭症状[42]。研究显示 $7 7 \%$ 的病人在偏头痛发作时可合并颈痛[43]。",421,['CN 中国偏头痛诊治指南2022版_1773147365'],"['c5f6d5c9-f8eb-4880-9972-3bb50f919e50'
 'b2f87ed5-886e-49ea-8e08-60740102f5d1'
 'cc7fa090-1e9f-40f8-8f54-9657e50c1e29'
 '89d8236f-c157-44c6-b483-657d06bff2eb'
 'edc66e3e-dc28-4ac5-a5fb-f22456fc60e5'
 '6b15a320-7946-4420-9e9a-1ceaeefe77b9']","['01f3ed6a-0e22-451c-aaae-2ed075368638'
 'eb363d01-4dcb-49f4-b5ea-239d4357060e'
 'a8f847c6-0732-476d-8c8d-6239a9165703'
 '9a3c5be4-1303-43f6-a32e-074187aa4380'
 '2fcd3365-08e7-4ba7-99f9-3737aeb47155']",[]
6ec1ad07ab8fecc0b8b02363481c854b1b2c8755a4c92262c87b3e229378c526669403d98a93798f22e1b61557b4e90ed2a33dcbb7ea60da9bf7325a848a7b85,119,"METADATA:
{
  ""parent_headings"": [
    ""# 4.恢复期""
  ]
}

CONTENT:
主要指头痛症状消失至完全恢复至基线感觉之间，多数病人存在恢复期表现 [44]，表现为疲乏、思睡、注意力差、畏光、易怒、恶心等症状，可持续至头痛停止后12小时。",98,['CN 中国偏头痛诊治指南2022版_1773147365'],"['5c897264-c436-4784-9cf3-39fc7b4ea2b5'
 '2fdb164e-50c1-43ff-ab4c-c7dbcb61169f']",['392da3e6-0b3f-48e9-b33f-67c80017b9bd'],[]
d8d9a3197934f8295d637c2c482897a99e4b3b409fad0b67cd330937748967043e87566364fe646776d66e6aa13690b27f5474d37c5dc9c1ab29a2c41ecb3b68,120,"METADATA:
{
  ""parent_headings"": [
    ""# 五、分类及诊断""
  ]
}

CONTENT:
在第三版国际头痛疾病分类 (The InternationalClassification of Headache Disorders, 3rd edition,

ICHD-3) 中，偏头痛被分为 6 种亚型（见表 2），常见类型详细诊断标准如下[1]。",80,['CN 中国偏头痛诊治指南2022版_1773147365'],"['c5f6d5c9-f8eb-4880-9972-3bb50f919e50'
 'deda2e9a-1349-4962-9394-e5f9634ed1a5']","['a19810f9-3c05-4969-9b80-fdbecfe370f2'
 '15d6d10d-07ef-419a-b22d-d1af33fd734b']",[]
aed057aba2e0b48680fd5107a000a96f330cea037e1f30cf8359ed248fdb5ab53f12a6ea4132359db4c88dfdb0114262e9efd16d750fd50d140c53c36fb35915,121,"METADATA:
{
  ""parent_headings"": [
    ""# 1.无先兆偏头痛""
  ]
}

CONTENT:
诊断标准：A. 符合B-D标准的头痛至少发作 5次；B. 头痛发作持续 $4 \sim 7 2$ 小时（未治疗或治疗效果不佳）；C. 至少符合4 项中的 2 项（单侧、搏动性、中重度疼痛、日常体力活动加重头痛或因头痛而避免日常活动如行走或上楼梯）；D. 至少符合 2项中的1项（恶心和/或呕吐、畏光和畏声）；E.不能用 ICHD-3 中的其他诊断更好地解释。",206,['CN 中国偏头痛诊治指南2022版_1773147365'],"['786aee20-368c-47af-a372-405ce47433b1'
 '318ddcad-6d8d-40cd-855c-4f8acd163f90'
 '1511e19f-7039-4ba1-8926-3126d97784db']","['ae4e8483-ade7-49df-a2c8-45eb25cf25f3'
 '9bc28940-e7d9-4a7d-9b7a-390935ec74ae']",[]
83cd69793a48e458eea070d74fb1a7edcb3f4cc252aa7bbc4dc37dc197a720cb83155cf35853fc6670ca22fb08f452b6d0e61c3c678484b41ab914efab295ef8,122,"METADATA:
{
  ""parent_headings"": [
    ""# 2. 有先兆偏头痛""
  ]
}

CONTENT:
诊断标准：A. 至少 2 次发作符合 B 和 C；B.至少有 1 个可完全恢复的先兆症状（视觉、感觉、言语和/或语言、运动、脑干、视网膜）；C. 至少符合 6 项中的 3 项（至少有 1 个先兆持续超过 5 分钟、2 个或更多的症状连续发生、每个独立先兆症状持续 $5 \sim 6 0$ 分钟、至少有一个先兆是单侧的、至少有一个先兆是阳性的、与先兆伴发或在先兆出现60分钟内出现头痛）；D. 不能用 ICHD-3 中的其他诊断更好地解释。先兆症状通常发生在头痛前，较少情况下也可以和头痛伴随出现或出现于头痛发作后。部分病人可既出现有先兆偏头痛发作，也有无先兆偏头痛发作，此时两种头痛应同时诊断。具体可分为以下4种亚型：

2.1 典型先兆偏头痛：先兆发生应同时满足完全可逆的视觉、感觉和/或语言症状，且无运动、脑干或视网膜症状。若头痛伴随先兆出现或在先兆出现 60 分钟内发作，不论是否符合偏头痛特征均可诊断为典型先兆伴头痛；若先兆发生 60 分钟内无头痛出现，应诊断为典型先兆不伴头痛。

2.2 脑干先兆偏头痛：曾命名为“基底动脉偏头痛”“基底型偏头痛”等，其先兆满足 $\geqslant 2$ 项完全可逆的脑干症状，包括构音障碍、眩晕、耳鸣、听力减退、复视、非感觉损害引起的共济失调、意识水平下降即格拉斯哥昏迷评分法 (Glasgow coma scale,GCS) 评分 $\leqslant 1 3$ ，且不伴有运动及视网膜症状。  
2.3 偏瘫型偏头痛：分为家族性偏瘫型偏头痛及散发性偏瘫型偏头痛。先兆症状包括肢体力弱，及视觉、感觉、言语/语言症状之一。运动症状通常持续时间小于72小时，但部分病人可达数周。家族性偏瘫型偏头痛根据其突变基因可具体分为1型（CAC-NA1A 突变）、2 型（ATP1A2 突变）、3 型（SCN1A突变）及其他基因位点。  
2.4 视网膜型偏头痛：先兆表现为反复发作的单眼视觉症状，包括闪光、暗点或黑矇等，且须经过临床视野检查或自画单眼视野存在缺损（得到充分指导）证实；需要注意的是，有部分病人描述“单眼”先兆，实为双眼的同侧视觉先兆，而非视网膜型先兆，应注意区分；注意排除其他导致一过性黑矇的疾病。",1107,['CN 中国偏头痛诊治指南2022版_1773147365'],"['c514bd28-682f-421b-adfe-90a509606492'
 'aca72720-5173-4cc6-82d3-203e632c4f0a'
 '2e93eb43-b70c-4e1d-9ca9-95c84112cb45'
 '93d0075b-d3ab-4f54-9584-b27bf4f7f1b6'
 'dfae3fd9-cac4-4f98-8ecf-7c3c5b591b40']","['b894659e-54bd-440a-bb55-14ab46d4c46b'
 '03fcef3e-ef03-4ba0-9618-a44577ddfa81'
 '9471570a-5387-4285-93ea-808317045892'
 '59d3666e-9dab-44db-a37c-e053dd0775c1'
 '52dc0a64-0f3f-444d-a43b-501f20a23032']",[]
a13cbfe31f44cd531f4537bae79d1abeaa9ad11b4da8df319a25c2f0d8899e5ab4519ba231129ec7e09f6ecadc0526ee9bbc2b7f4d9b71e67b88375a9cb53402,123,"METADATA:
{
  ""parent_headings"": [
    ""# 3. 慢性偏头痛""
  ]
}

CONTENT:
诊断标准：A. 符合 B 和 C 的头痛（偏头痛样头痛或紧张型样头痛）每月发作至少15天，至少持续3个月；B. 符合无先兆偏头痛诊断B-D标准和/或有先兆偏头痛 B 和 C 标准的头痛至少发生 5 次；C. 头痛符合下列 $\textcircled{1}$ ～ $\textcircled{3}$ 任意 1 项，且每月发作大于8 天，持续时间大于 3 个月： $\textcircled{1}$ 无先兆偏头痛的 C和D； $\textcircled{2}$ 有先兆偏头痛的B 和C； $\textcircled{3}$ 病人所认为的偏头痛发作可通过服用曲普坦类或麦角类药物缓解；D.不能用 ICHD-3 中的其他诊断更好地解释。慢性偏头痛多无先兆。发作性偏头痛病人常因过度服用镇痛

表 2 偏头痛分类 (ICHD-3) [1]  


<!-- TABLE_METADATA: {""type"": ""table"", ""page"": 0, ""table_idx"": 1, ""caption"": ""表 2 偏头痛分类 (ICHD-3) [1]"", ""footnote"": """", ""extracted_from"": ""mineru_api""} -->
<table><tr><td>偏头痛分类</td><td>偏头痛分类</td></tr><tr><td>1.无先兆偏头痛</td><td>3.慢性偏头痛</td></tr><tr><td>2.有先兆偏头痛</td><td>4.偏头痛并发症</td></tr><tr><td>2.1典型先兆偏头痛</td><td>4.1偏头痛持续状态</td></tr><tr><td>2.1.1典型先兆伴头痛</td><td>4.2不伴脑梗死的持续先兆</td></tr><tr><td>2.1.2典型先兆不伴头痛</td><td>4.3偏头痛性脑梗死</td></tr><tr><td>2.2脑干先兆偏头痛</td><td>4.4偏头痛先兆诱发的痫样发作</td></tr><tr><td>2.3偏瘫型偏头痛</td><td>5.很可能的偏头痛</td></tr><tr><td>2.3.1家族性偏瘫型偏头痛</td><td>5.1很可能的无先兆偏头痛</td></tr><tr><td>2.3.1.1家族性偏瘫型偏头痛1型</td><td>5.2很可能的有先兆偏头痛</td></tr><tr><td>2.3.1.2家族性偏瘫型偏头痛2型</td><td>6.可能与偏头痛相关的周期综合征</td></tr><tr><td>2.3.1.3家族性偏瘫型偏头痛3型</td><td>6.1反复胃肠功能障碍</td></tr><tr><td>2.3.1.4家族性偏瘫型偏头痛，其他基因位点</td><td>6.1.1周期性呕吐综合征</td></tr><tr><td>2.3.2散发性偏瘫型偏头痛</td><td>6.1.2腹型偏头痛</td></tr><tr><td>2.4视网膜型偏头痛</td><td>6.2良性阵发性眩晕</td></tr><tr><td></td><td>6.3良性阵发性斜颈</td></tr></table>

药物而导致头痛发作逐渐频繁，因此诊断慢性偏头痛时应考虑到是否还同时存在药物过度使用性头痛。",1215,['CN 中国偏头痛诊治指南2022版_1773147365'],"['786aee20-368c-47af-a372-405ce47433b1'
 'c514bd28-682f-421b-adfe-90a509606492'
 'ee08258f-7327-46f1-9459-c1bbd95e644d'
 '68c355a0-8e8f-4c73-8c57-373ebb9c4985'
 'de47c0c9-473a-44ea-8d31-73a8c89b74f7']","['dad5744b-efdd-43aa-bb4d-87fb06f29a25'
 'a3a7978c-5b14-44e6-b92e-c729e4b0f4a8'
 'a5e88dd2-089a-45a6-b7fa-fb5af8dd7ca3'
 'a2b5b548-759e-4c9e-abea-83b630e4cdbd'
 'fba33295-b9e7-406b-b210-b0140ebbea77']",[]
cc09d1f4596f98345b4183088ac2458e5b0aff5531c7bba220023ccd01d156715d0223bc4b4a65304138bd7c8a98640a1ce1aa94bdfc8079a57959f1e6872eab,124,"METADATA:
{
  ""parent_headings"": [
    ""# 4.偏头痛并发症""
  ]
}

CONTENT:
4.1 偏头痛持续状态 (status migrainosus)：若某次发作持续时间超过 72 小时，头痛程度较重，且头痛或伴随症状使其日常活动能力下降，则可诊断为偏头痛持续状态，但需要与可逆性脑血管收缩综合征、蛛网膜下腔出血、动脉夹层等引起的继发性头痛进行鉴别。  
4.2 不伴脑梗死的持续先兆 (persistent aura with-out infarction)：较为罕见，是指先兆持续时间超过1 周且头颅影像学 (CT、MRI) 检查无异常发现。此类病人的先兆症状通常表现为双侧。诊断时需要与偏头痛性脑梗死相鉴别，并除外其他原因可能导致的症状性先兆。  
4.3 偏头痛性脑梗死 (migrainous infarction)：一般发生在后循环，年轻女性多见。病人有典型先兆偏头痛病史，此次先兆持续时间超过 60 分钟，神经影像学检查证实责任脑区存在新发梗死。其诊断须满足在典型的有先兆偏头痛发作过程中发生脑梗死，才可考虑偏头痛性脑梗死，若因其他典型危险因素而致缺血性卒中者则不属此类。  
4.4 偏头痛先兆诱发的痫样发作 (migraine aura-triggered seizure)：临床少见，又称之为偏头痛性癫痫 (migralepsy)，是指偏头痛病人先兆期间或发作后1 小时内发生痫样发作。目前没有证据表明这种痫样发作与无先兆偏头痛有关。",642,['CN 中国偏头痛诊治指南2022版_1773147365'],"['9652603a-8fc6-405f-ab72-db639dd42c9d'
 '7a79304a-cb99-4fc0-8442-88b7341a0861'
 '7b8082c3-f4c0-4e4e-af5e-7a51cf4bbad4'
 'f8a90ad7-5191-48b5-8586-d0028cc60046'
 'd1699ff4-4946-4eaa-8117-5690c10dc606'
 'ea48d82c-0085-43b3-8e92-10d31da66617'
 '79a2352a-139c-4a7c-861a-c7cd8940e7b7']","['54e77f9b-a6a0-432a-a83b-57efe2ba849e'
 'cd23cdbe-f962-45ea-a860-e36cbccb8380'
 'd578f579-6782-4b98-9bef-4d684e970dfd'
 'f76ea26c-fcc0-4267-9b72-32e3316f3f7a'
 '63721a20-5d55-4095-9f8e-79e533477bf2'
 '5a1ed9e6-63d0-4748-802c-f3b97bf55f0d'
 'c9fb03d9-33aa-408c-83bd-1df9b27213c1'
 '7f49c22a-feee-4e79-897f-a8d52dac4a1c']",[]
29b42c77a75f75214e91fc897164ece3a818f406fb35fdd0ebcef96c7e1569e187c10bd59b8b2ee6499e5627bd49b0f71e15b6719f460c63cd96d72840065dba,125,"METADATA:
{
  ""parent_headings"": [
    ""# 5.很可能的偏头痛""
  ]
}

CONTENT:
当偏头痛样发作表现仅有 1 项不符合上述偏头痛各亚型诊断标准，且不满足其他类型头痛诊断时，应诊断为很可能的偏头痛。  
6. 可能与偏头痛相关的周期综合征 (episodic syndromes that may be associated with migraine)   
既 往 称 儿 童 周 期 综 合 征 (childhood periodicsyndromes)，以儿童多见，但成人亦可出现。具体可分为以下3种亚型：  
6.1 反复胃肠功能障碍 (recurrent gastrointestinaldisturbance)：反复发作的腹痛和/或腹部不适、恶心和/或呕吐，可能和偏头痛发作相关，主要包括周期性呕吐综合征和腹型偏头痛。周期性呕吐综合征(cyclic vomiting syndrome) 多见于儿童，为典型的儿童自限性发作性疾病，恶心、呕吐呈刻板性、周期性发作，发作时患儿多面色苍白、精神萎靡，发作间期症状完全缓解；恶心、呕吐每小时出现 $\geqslant 4$ 次，发作持续1小时至10天，且发作间隔 $> 1$ 周。腹型

偏头痛 (abdominal migraine) 主要表现为反复发作性的中重度腹痛，疼痛位于腹中线、脐周或难以定位，持续 $2 \sim 7 2$ 小时，多为钝痛，可伴有食欲减退、恶心、呕吐或面色苍白等，发作间期可完全缓解；病史和体格检查无胃肠或肾脏疾病征象；多数患儿后续会发展为常见的偏头痛类型。

6.2 良性阵发性眩晕 (benign paroxysmal vertigo)：儿童多见，但成人亦不少见。近期名称更新为儿童复发性眩晕 (recurrent vertigo of childhood)，表现为儿童出现的反复发作性眩晕，部分儿童可表现为单纯的发作性眩晕而不伴头痛，持续数分钟至数小时可自行缓解，无意识丧失，发作时可有眼球震颤、共济失调、呕吐、面色苍白或恐惧；发作间期无神经系统阳性体征，且听力与前庭功能检查正常。  
6.3 良性阵发性斜颈 (benign paroxysmal torticol-lis)：一般发生于1 岁以内的婴幼儿，表现为反复发作的头部向一侧倾斜，可伴轻微旋转，可伴有（面色）苍白、易激惹、精神萎靡、呕吐等，数分钟或数天后自行缓解，且有每月发作的倾向。",965,['CN 中国偏头痛诊治指南2022版_1773147365'],"['c5f6d5c9-f8eb-4880-9972-3bb50f919e50'
 '621bab2d-b669-41d3-a004-864dd404842c'
 '9cf49957-d2f4-46ab-aef0-4e9896b6ea8d'
 'da21d5fe-aabe-414b-af0f-ccc23b19f038'
 '762b3c95-9a8c-412a-8021-92f8f1a8a925']","['b49f7e82-3daf-4864-9058-350c9900239c'
 'c9a43437-c896-41a1-a1a7-ba48eb1cb4fb'
 '4790da9e-a9bd-47d4-a1af-65d9b7b522ac'
 '709ae23b-74d4-4a50-9563-97d6ae403861'
 'c5150d86-5437-483c-8a1f-6320a8d03c3e'
 '74c0054b-db7a-437f-a5dc-7ec608c0a9ca'
 'b3c8101d-a602-43a9-a11c-fe4595662b9d'
 '0f57b4d3-e108-4c88-9447-43c5986f8d87']",[]
9f81bb0dfa68383ef965a49ec91f6381dd3ee979affcba00e97739485898f4879f056536be963c4b75267f7db88acc08239fdabffc0c8e50fe78058d83d6a55b,126,"METADATA:
{
  ""parent_headings"": [
    ""# 7.其他类型""
  ]
}

CONTENT:
7.1 月经性偏头痛：ICHD-3 附录中根据月经性偏头痛的类型、发作频率、以及非月经期是否发生偏头痛等，将月经性偏头痛分为单纯月经性偏头痛（仅发生在月经期）、月经相关性偏头痛（月经期和非月经期都有发作）和非月经性偏头痛（只发生在非月经期）。头痛性质须符合偏头痛性质（有或无先兆），头痛频率须符合 3 个月经期中至少有 2次头痛发作，且头痛发生在月经期-2至 $+ 3$ 天范围内。临床上较多女性报告偏头痛与月经的关系密切，但应符合上述诊断标准才可诊断。需要注意的是偏头痛与月经的关系在女性偏头痛整个病程中形式并不固定。  
7.2 前庭性偏头痛：前庭症状可表现为自发性眩晕、位置性眩晕、视觉诱发眩晕、头部运动引发的眩晕或头部运动诱发的头晕伴恶心，多持续数分钟到数小时，很少超过 72 小时，且至少 $50 \%$ 的前庭症状发作顺伴有偏头痛发作。前庭症状发作可出现在偏头痛发作之前、之中或之后。多数前庭功能检查结果在正常范围之内[45]。",504,['CN 中国偏头痛诊治指南2022版_1773147365'],"['b3e93546-76ab-4e44-ad7a-aac2e9a6b094'
 'fc7b4882-bed6-4fd3-8c7a-8c5e2391788e'
 'fbc7cd84-3753-46b0-9700-39bb036a4fdd'
 '7f681f7a-7925-4600-a72b-b9de0e2344c6'
 'dc28fb86-b7a7-45fd-87c1-38a4332ca991']","['31baf1a5-c48a-481e-9f7e-8661558809cd'
 '3d04e0e8-ca98-404b-9e71-ed193746b59d'
 'd549081b-3c14-4024-88b6-28754e3dcedb'
 'edbcd376-0715-47f5-b982-cffee8672d7e'
 'e673c9b3-83f8-4318-8886-2a94155c7c61']",[]
f944982c19751a636cf523ae9ce5e3ee3c531fbead528a83438f2fac78559a2c3d2b3ad69e202489723ad8579e9bd563ac72000f93c3817ed57ca782e5b2509e,127,"METADATA:
{
  ""parent_headings"": [
    ""# 1.紧张型头痛""
  ]
}

CONTENT:
# 1.紧张型头痛

表现为轻-中度、双侧、压迫性或紧箍样头痛，不因日常活动而加重，多数无偏头痛相关性伴随症状。因 $40 \%$ 的偏头痛病人可表现为双侧头痛， $7 7 \%$ 可有颈项部疼痛或压痛 [43]，且病人可以同时存在多

种类型的原发性头痛，尤其是头痛程度较轻的无先兆偏头痛，与紧张型头痛表现类似，故需鉴别。偏头痛发作时，日常活动会使头痛加重，且可伴有恶心、呕吐、畏光、畏声，均为与紧张型头痛鉴别的要点。",270,['CN 中国偏头痛诊治指南2022版_1773147365'],"['c5f6d5c9-f8eb-4880-9972-3bb50f919e50'
 '786aee20-368c-47af-a372-405ce47433b1'
 '6fbc8125-0d15-45ba-b17a-748a619d68d0']","['6cfcca66-5973-4cc3-86ac-01c95897b495'
 'eb14e5e0-a7a9-4fe1-bcc4-6e3dccb36b25']",[]
9a5bce7c4b2093cdafaa92a7bc6374c323df0722adba465e9ab0083793d222455f7c4e1e318d2c8f8ba06374eabc88bc19cbe28552a4b45f5013dd3c5e4869ce,128,"METADATA:
{
  ""parent_headings"": [
    ""# 2.丛集性头痛""
  ]
}

CONTENT:
表现为固定偏侧的眶、眶上和/或颞部的剧烈疼痛，表现刻板，伴痛侧自主神经症状（如结膜充血、流泪、流涕、瞳孔缩小、上睑下垂等）和/或躁动不安感，每次头痛持续时间 15 分钟至 3 小时，男性多于女性。头痛发作具有周期性、节律性特点，频率从隔日 1 次至每日 8 次不等，丛集期常于每年春季和/或秋季，发作间期为数月或数年。丛集性头痛与偏头痛在临床表现上有相似之处，均可由饮酒诱发、曲普坦类与CGRP或其受体类药物可能有效、可有自主神经症状等，但在患病性别优势、周期节律性、发作频率、持续时间、是否伴烦躁不安等方面均有不同，可帮助鉴别。",346,['CN 中国偏头痛诊治指南2022版_1773147365'],"['c5f6d5c9-f8eb-4880-9972-3bb50f919e50'
 'de47c0c9-473a-44ea-8d31-73a8c89b74f7'
 'c44d8218-87be-4e52-b2c8-6193f264762b'
 '8cfd6047-688b-4abc-b9f1-43444b8abce4']","['b1a13b79-1970-4123-bd8f-e0ee65a1c6e7'
 'd250f719-3693-4a49-8653-c20f1a4ae1f4'
 '256c5a9c-bce4-45d7-8ee8-34c0bc802775']",[]
bb1a3a620ad8c9b31515c381365490a46bcb0260b708dd91af194d4fe365f38f47b9db95f3e58f05d916c2f0e23cef7de3a93c8bc39b22fdad94a5369947915a,129,"METADATA:
{
  ""parent_headings"": [
    ""# 3.继发性头痛""
  ]
}

CONTENT:
继发性头痛可能表现为搏动样疼痛等偏头痛性质，尤其是缘于头颈部血管性疾病的头痛，如高血压、未破裂颅内动脉瘤或动静脉畸形、慢性硬膜下血肿等，但其头痛发作的表现、持续时间及过程等特点不典型，部分病例存在局限性神经功能缺损体征、癫痫发作或认知功能障碍，脑 CT、MRI 及DSA 等检查可帮助发现引起继发性头痛的病因。对具有以下情况的头痛，应谨慎排除继发性头痛可能： $\textcircled{1}$ 50 岁以后的新发头痛； $\textcircled{2}$ 高凝风险病人出现新发头痛； $\textcircled{3}$ 肿瘤或艾滋病史者出现的新发头痛； $\textcircled{4}$ 突然发生的、迅速达到高峰的剧烈头痛； $\textcircled{5}$ 与体位改变相关的头痛； $\textcircled{6}$ 伴有发热； $\textcircled{7}$ 伴有视盘水肿、神经系统局灶症状和体征（除典型的视觉、感觉先兆外）或认知障碍； $\textcircled{8}$ 头痛性质在短时期内发生变化等 [17]。",490,['CN 中国偏头痛诊治指南2022版_1773147365'],"['1bce0cdd-740c-4409-a78b-78d6cc9b2563'
 'c522c507-5071-4468-b097-986cf03eeddb'
 '72037f24-ef81-4192-90d2-cde23dd21363'
 '068745fc-4762-46df-ac9a-735ee66d5a71'
 '6c2dfe96-aea9-4d31-83f6-aaabdf9d5b10'
 'd3bf323e-14d9-46d9-93a0-cc03cbf7474b'
 '4980d5d7-a4b0-4d8c-a7dd-b55f111e246a']","['de6fa9f5-7d52-48db-a949-035ea37932d1'
 '2c66974d-79d7-4dfa-886a-e5f2fee5e07a'
 '4c791adc-2c6d-4fda-bb87-df53e794a8e4'
 'aa07870a-b033-40c7-baa6-03e6a44e120f'
 'f3abea96-c828-4090-a5ce-33508494b462'
 '6dd13fdf-5d97-4206-a124-bb448fb6193a']",[]
70a2289e3d01e3539fe24bc8816199ec843e6167c86c98eab9ae712b137d41c9258075897a7e3e9b5e140cfbf8f001570f2de182562d0fd13781b8f0c716aae2,130,"METADATA:
{
  ""parent_headings"": [
    ""# 七、治疗""
  ]
}

CONTENT:
偏头痛的临床治疗推荐采取分级诊疗，基层或初级医疗机构的内科或全科医师负责偏头痛病人治疗的启动和维持，对于诊断和治疗困难的偏头痛病人，可转诊至头痛门诊（中心）由头痛专科医师进一步诊治。根据治疗手段，可分为药物治疗和非药物治疗；根据应用时机和目的，可分为急性期治疗与预防性治疗。近年基于偏头痛机制的新型特异性药物亦极大地丰富了偏头痛的治疗手段。",245,['CN 中国偏头痛诊治指南2022版_1773147365'],"['c5f6d5c9-f8eb-4880-9972-3bb50f919e50'
 '8867eaba-c420-4807-a9b8-1b2f94fd7bb2'
 '2d369837-9fd2-4cd4-bc6e-c6ec00c7de94'
 'dff3ffe1-c797-49a5-a7d4-29dfebe42ec8'
 '134438a7-322b-43ce-a196-f5fc45cc0ddf'
 'ead5f36a-c804-410d-90a1-ad7f80275a90'
 '26ce4ca0-b019-43e1-8cdd-6458c93ec9ce'
 '05a89ffa-263b-4c54-81f3-f6d20654cc05'
 'acc4b8b9-d043-42ab-a3b8-175792a05b83'
 'e2fc7f56-f260-470f-a1f7-f2dc1235bf18'
 '0ca9a0ac-77de-4636-9689-dddb16e8f259'
 '6aa78213-6a6f-4d6d-a64f-676896a30265'
 'ea05b7fd-e716-4d5d-b102-de834fd84031']","['500bb295-ff5a-4026-975e-57da7b56fb21'
 '34d7eb03-b872-4876-a471-926d49bb40fa'
 '3131dfda-47b5-4685-88be-15e312f98f13'
 '9eb7fe1f-812e-45d7-af6a-bc16c281e893'
 '922cc63b-5b61-48b3-a015-de0ab94fff5f'
 'fa1c171f-9098-431c-bb2f-b205b27d19e0'
 '38e5290f-d0cb-473c-aff3-2f30d8e7a53e'
 'e3c44599-a7b0-40ad-a459-2f0a4ecbf843'
 'e2316f0d-202b-49ee-9804-74cfb1a9715e']",[]
b44a4ead047386c338b7678f85cb9392b9d674b5c104be8a0592089fa80df3858cc5d9b8c8d89ff2e63f744bae5fe9466942cfd8b18c682a1e5da046033ccbd8,131,"METADATA:
{
  ""parent_headings"": [
    ""# 1. 病人教育""
  ]
}

CONTENT:
病人教育和生活方式调整是偏头痛管理的基石。规律作息、定期锻炼、均衡营养及合理膳食、

充足睡眠、寻找并避免诱发因素以及合理的压力管理，均对偏头痛的预防起重要作用。目前偏头痛是可防、可治但无法根除的疾病，应向病人普及相关知识，帮助确立科学理性的防治观念与目标，建立切合实际的期望，同时避免镇痛药物的过度使用，并鼓励病人记录头痛日记，以协助头痛的诊断与治疗方案的制订与调整。",250,['CN 中国偏头痛诊治指南2022版_1773147365'],"['c5f6d5c9-f8eb-4880-9972-3bb50f919e50'
 '2d369837-9fd2-4cd4-bc6e-c6ec00c7de94'
 '24ff9078-2512-4055-a4c1-83b37a3d0d20'
 'f7afeb90-29e5-4f8f-adf9-8b482f4438a8']","['695ed0c0-e21d-4504-b691-e5e104288789'
 '8d573f7b-0df7-4aa0-ad67-36eacbe18ffd'
 '17956abb-921f-4f96-8544-f9fca4771f19']",[]
66fafb979e4741dbb83cfb0ca734aaa23ede790ff25a511a005a58515b4535623120fb9baa7f15c331ad249821458a0f77372a614c234d1309dfdfc250b296dd,132,"METADATA:
{
  ""parent_headings"": [
    ""# 2. 急性期治疗""
  ]
}

CONTENT:
2.1 治疗目的：旨在快速和持续地解除头痛及相关伴随症状，恢复生活、职业、学习及社会能力。  
2.2 常用的评价治疗有效性标准： $\textcircled{1}$ 2 小时无疼痛； $\textcircled{2}$ 2 小时内最困扰的伴随症状（即恶心、呕吐、畏光或畏声）消失； $\textcircled{3}$ 2 小时后疼痛缓解，由中重度疼痛转为轻度或无痛； $\textcircled{4}$ 在治疗成功后的 24小时内无头痛再发或镇痛药的使用 [46]。

原则上，建议使用非甾体抗炎药 (nonsteroidalanti-inflammatory drugs, NSAIDs) 或对乙酰氨基酚治疗轻-中度的发作；对于中重度发作或对非甾体抗炎药治疗效果不佳者，可选用含咖啡因的复方制剂（如阿司匹林 + 对乙酰氨基酚 + 咖啡因）或偏头痛特异性药物（如曲普坦类）等 [47,48]。

无论选择何种急性期治疗，都应在头痛初期启动，以提高治疗有效率，并减少对生活、职业、学习及社会的影响 [49]。急性期用药时需注意避免药物过度使用，若病人在应用预防性治疗的情况下仍存在药物过度使用的情况，需相应调整急性期和预防性治疗方案。易导致药物过度使用性头痛的急性期药物及其用药频率通常为： $\textcircled{1}$ 非甾体抗炎药每月使用超过15天； $\textcircled{2}$ 曲普坦类药物每月使用超过10天；$\textcircled{3}$ 阿片类药物每月使用超过 10 天； $\textcircled{4}$ 含咖啡因的复方制剂每月使用超过10天。",678,['CN 中国偏头痛诊治指南2022版_1773147365'],"['c5f6d5c9-f8eb-4880-9972-3bb50f919e50'
 '8867eaba-c420-4807-a9b8-1b2f94fd7bb2'
 'e2b51cdc-bb66-4388-80c7-2c503528ad2f'
 '92e42688-265e-4203-902a-19615b559fcb'
 'de47c0c9-473a-44ea-8d31-73a8c89b74f7'
 'c1b2e10b-6cb2-4a40-bcfe-863d06a02842'
 'bf691558-ed9c-483a-9da6-b7d1f0922747']","['34d7eb03-b872-4876-a471-926d49bb40fa'
 '4cbeae98-5827-4814-ad75-c481196a7d6a'
 'edce154c-738a-407d-a4b3-1573c8d9556e'
 'fbafc357-00c7-47b9-86b5-50c606061e7e'
 'c75daa64-8218-4e6d-8769-8f40d9fced4c'
 'e43116f8-aefb-4778-a78a-d050349f7cb7'
 '624c1290-df4a-445d-b84a-e217c150bacb'
 '9d6f6b25-331e-40a2-bc10-96741c07fff4'
 'b2416e54-62b4-4a89-b1a3-e284c913c4f4'
 '06fde4d4-6da7-4cc6-9ec2-7008686d3e01']",[]
eb23a2a465336b5ec6faea7509e9d96170613d5d7809facc0263e3da0a323f991faad9182bbef36140b0c9d2dcbdac84f118f661ee526045ce28f1a77a0c11b6,133,"METADATA:
{
  ""parent_headings"": [
    ""# 2.3.1非特异性药物""
  ]
}

CONTENT:
# 2.3.1非特异性药物

（1）非甾体抗炎药 (NSAIDs)：NSAIDs 是偏头痛急性期治疗使用最广泛的药物，主要包括布洛芬、双氯芬酸、阿司匹林、萘普生。其有效性已得到证明，特别是对轻中度的疼痛发作， $7 6 \%$ 的病人可通过急性期用药完全缓解 [50~53]。主要不良反应是胃肠道不适，少数可出现胃溃疡及出血、肝肾损伤及粒细胞减少等。此外，阿司匹林及其他 NSAIDs 均有可能诱发哮喘，需排除禁忌后应用。

（2）对乙酰氨基酚：对乙酰氨基酚是一种较为安全且耐受性较好的药物，适用于轻-中度的头痛发作，3个月以上婴儿及儿童也可应用 [54]。  
（3）含咖啡因复方制剂：含咖啡因的复方制剂

表3 成人偏头痛发作急性期药物治疗推荐  


<!-- TABLE_METADATA: {""type"": ""table"", ""page"": 0, ""table_idx"": 2, ""caption"": ""表3 成人偏头痛发作急性期药物治疗推荐"", ""footnote"": ""* 仅推荐国内上市药物及剂型，非上市未推荐  & 新型药物目前均未在国内上市，由于其中部分药物仍无确切的中文名称，故均为音译。"", ""extracted_from"": ""mineru_api""} -->
<table><tr><td>药物及治疗方式</td><td>每次推荐剂量(mg)</td><td>每日最大剂量(mg)</td><td>证据级别</td><td>推荐等级</td><td>注意事项</td></tr><tr><td colspan=""6"">非特异性治疗</td></tr><tr><td colspan=""6"">非甾体抗炎药（口服）</td></tr><tr><td>布洛芬[53]</td><td>200~400</td><td>800</td><td>高</td><td>强</td><td rowspan=""2"">不良反应：胃肠道反应、消化道出血、消化道溃疡、皮疹、肝损伤、粒细胞减少等</td></tr><tr><td>萘普生[52]</td><td>500</td><td>1000</td><td>高</td><td>强</td></tr><tr><td>双氯芬酸[50]</td><td>50~100</td><td>150</td><td>高</td><td>强</td><td rowspan=""2"">禁忌：此类药物过敏、对阿司匹林过敏的哮喘、消化道出血穿孔、严重肝肾功能不全</td></tr><tr><td>阿司匹林[51]</td><td>300~1000</td><td>4000</td><td>高</td><td>强</td></tr><tr><td colspan=""6"">乙酰苯胺类解热镇痛药（口服）</td></tr><tr><td>对乙酰氨基酚[54]</td><td>1000</td><td>4000</td><td>高</td><td>强</td><td>不良反应：皮疹、荨麻疹、药热、粒细胞减少等，长期大量使用易导致肝肾损伤</td></tr><tr><td colspan=""5"">含咖啡因的复合制剂（口服）</td><td>禁忌：严重肝肾功能不全</td></tr><tr><td>对乙酰氨基酚/阿司匹林/咖啡因[48]</td><td>1片</td><td>2片</td><td>高</td><td>强</td><td>不良反应：同阿司匹林及对乙酰氨基酚</td></tr><tr><td colspan=""6"">特异性治疗</td></tr><tr><td colspan=""6"">曲普坦类*</td></tr><tr><td>舒马普坦（口服）[71]</td><td>25~100</td><td>200</td><td>高</td><td>强</td><td>不良反应：疲劳、虚弱、感觉迟钝、心悸、脸红、呼吸困难、高血压、胸痛、腹泻、呕吐</td></tr><tr><td>利扎曲普坦（口服）[55]</td><td>5~10</td><td>30</td><td>高</td><td>强</td><td>严重不良事件：心肌梗死、心律失常、卒中</td></tr><tr><td>佐米曲普坦（口服）[72]</td><td>2.5~5</td><td>10</td><td>高</td><td>强</td><td rowspan=""2"">禁忌证：冠心病、缺血性卒中、缺血性外周血管疾病、控制不佳的高血压、与单胺氧化酶抑制剂合用、严重肝损害</td></tr><tr><td>佐米曲普坦（鼻喷）[72]</td><td>2.5~5</td><td>15</td><td>高</td><td>强</td></tr><tr><td colspan=""6"">麦角胺及其衍生物（口服）</td></tr><tr><td>双氢麦角胺[73]</td><td>5</td><td>/</td><td>中</td><td>弱</td><td rowspan=""2"">不良反应：恶心、呕吐、血管痉挛、感觉异常、麻木和眩晕</td></tr><tr><td>麦角胺[59]</td><td>0.5~2</td><td>6</td><td>中</td><td>弱</td></tr><tr><td colspan=""6"">地坦类（口服）</td></tr><tr><td>拉米地坦&amp;[60-63]</td><td>50或100或200</td><td>24小时内最多服用200mg；每30天使用超过4次的安全性尚未建立</td><td>高</td><td>弱</td><td>不良反应：驾驶能力损伤、中枢神经系统抑制、嗜睡</td></tr><tr><td colspan=""6"">吉泮类（口服）</td></tr><tr><td>瑞美吉泮[69]</td><td>75，按需服用</td><td>24小时内不超过75mg；每30天使用超过18次的安全性尚未建立</td><td>高</td><td>强</td><td>不良反应：恶心、鼻咽炎、尿路感染和上呼吸道感染</td></tr><tr><td>乌布吉泮&amp;[67,68]</td><td>50或100，首剂后至少间隔2小时可加服1剂</td><td>24小时使用总剂量不能超过200mg；每30天使用超过8次的安全性尚未明确</td><td>高</td><td>强</td><td>不良反应：恶心、嗜睡、口干和头晕</td></tr></table>

* 仅推荐国内上市药物及剂型，非上市未推荐   
& 新型药物目前均未在国内上市，由于其中部分药物仍无确切的中文名称，故均为音译。

在国内应用较为普遍，对中-重度头痛发作的疗效较单一成分制剂更好 [48]。但长期频繁应用需警惕药物依赖及药物过度使用性头痛。",2404,['CN 中国偏头痛诊治指南2022版_1773147365'],"['c5f6d5c9-f8eb-4880-9972-3bb50f919e50'
 '7c25e444-4557-469d-9773-1b20830eafc5'
 '07ed842d-e6cc-46ee-92cb-0c29b384b55a'
 '8867eaba-c420-4807-a9b8-1b2f94fd7bb2'
 '599ef6e7-b688-4e19-80a1-0274ae6f9411'
 '1327d89e-633b-4bf1-90a9-6f8fb2d785c2'
 '65d3d7dc-e834-4a59-af35-999ce69134b8'
 'e2b51cdc-bb66-4388-80c7-2c503528ad2f'
 'f14e4999-0be7-4428-8f98-488d5518439b'
 '4ed8504c-8726-4713-bcc7-8b9a723b3a02'
 '545da2a4-1bb8-4191-9eb9-6c1e2306dd98'
 'f8bca620-6c35-47f5-8315-792dc1e86a9f'
 '822dde82-1ba0-4f3f-b01d-685da750f520'
 '92e8550b-ac92-4e2e-a8cd-6e08024ea6d3'
 '92e42688-265e-4203-902a-19615b559fcb'
 'de47c0c9-473a-44ea-8d31-73a8c89b74f7'
 'ec43d0e8-8720-4486-919d-8a87b808fb99'
 'fd28b7e2-ff46-4c3f-873d-7d902620849b'
 '5a667348-2a12-49d8-b0b6-3dee2bfd3d02'
 '83bd63b1-4f41-4200-b013-c85ce73dd94a'
 'f51280e7-1b2f-4006-bd95-4865347ee07d'
 '40ceff21-0f0e-4f3d-8b22-bb51c4bfcaae'
 'b0fe4d0e-bde5-4e81-aaa8-74aaced5ed07'
 '522264ef-7fba-4a27-b206-e7d86ff360c4'
 '0a784197-0f60-41cd-aa93-27e5c9e059bb'
 '1488962c-209f-4d96-a396-e129cf81440a'
 '0d0b17a0-378c-4e7a-a35f-70f5ec6d61ba'
 '5127bd32-dc8d-474f-9fd3-81ae53bc153f']","['6b26b5f3-799e-47c1-852d-1fb73a997f81'
 'c4bf3527-0889-4cd6-900e-bf7be55a9f90'
 '1289cb3b-7cc3-4519-b24a-b6fba6bedb34'
 '2b681b94-a1ae-4f38-aa71-84291b203a92'
 'e4ae1af8-5fca-4ac9-9b9f-f7ac87656f50'
 '4856c92d-c6ba-48bf-b8d1-a7dc13056479'
 '1bcd2cb7-d82a-4cc6-8aba-4ec20225c022'
 'ae8a7139-9182-474a-991f-9018fd127a26'
 'e22334bd-ad35-401d-8bdd-ac28c2fb431a'
 '5edb94d8-76f2-4b03-b2cc-d08d455b5849'
 '9b4fcf14-c207-4797-a894-bcbf45c90167'
 'a77a18a9-a1f3-4754-a47a-9d98d4ad38c4'
 '5978b509-6d83-41ef-af7e-d2e45d973471'
 'd7731d2d-41f4-42d1-80ec-c9a8dd4ae174'
 '530aa98c-e231-48a4-bbcb-e0baf9adca9d'
 '2f7301cd-7d20-4bc0-b2b8-39ac176b5a8e'
 '0e7121ed-b8b1-4dcf-aac6-e6f8f706c681'
 'dc055c1c-09b1-4c0f-b61b-fe91351934f2'
 'b9e6f7b1-646c-43e5-a2d5-c435299cbc01'
 '5697b1c6-9ca9-4f86-ac8a-7f6976a1f620']",[]
7b28720f03d13bef2702c66cb2c05b381e779fa77183aa5ec27590e416bac4b2f4f5d08c8f297dbe2195c0c8ee280baa612ae77afa79f7a6238aafdc10aef424,134,"METADATA:
{
  ""parent_headings"": [
    ""# 2.3.2 特异性药物""
  ]
}

CONTENT:
（1）曲普坦类：曲普坦类药物为 ${ 5 \mathrm { - H T _ { 1 B / 1 D } } }$ 受体激动剂 [55]。目前国内上市的口服剂型有舒马普坦、利扎曲普坦和佐米曲普坦，鼻喷剂型有佐米曲普坦。其中利扎曲普坦可用于对急性期非特异性药物无效或效果不佳的 6 岁以上儿童。曲普坦类药物（如利扎曲普坦）作用迅速、头痛复发率较低，在头痛期

的任何时间应用均有效，但越早应用效果越好。如果以单次最大推荐剂量口服一种曲普坦类药物治疗3 次偏头痛发作均未成功，应建议病人改为口服另一种曲普坦类药物。如果口服曲普坦对疼痛的缓解有效但效果不佳，可将曲普坦与速效非甾体抗炎药联合使用（如舒马普坦和萘普生）[56]。如果头痛早期即出现严重的恶心呕吐，建议应用非口服剂型或合用止吐药物。需注意具有缺血性冠状动脉疾病、缺血性脑血管病和缺血性外周血管病等病史以及不易控制的高血压病人禁用[57]。

（2）麦角胺类：麦角胺类药物为强效 ${ 5 \mathrm { - H T _ { 1 B / 1 D } } }$ 受体激动剂，是最早用于偏头痛急性发作的药物[58]。由于不良反应较多、易产生药物依赖而逐渐退出市场，目前国内已较难获取 [59]。  
（3）地坦类 (ditans) 药物：地坦类药物为 ${ 5 { \mathrm { - } } \mathrm { H T } _ { \mathrm { 1 F } } }$ 受体激动剂，主要包括拉米地坦 (lasmiditan)，由于其没有 ${ 5 { \mathrm { - } } \mathrm { H T } _ { \mathrm { 1 B } } }$ 受体活性，不存在曲普坦类药物收缩血管的不良反应 [60]。目前已有多项临床试验表明其治疗偏头痛急性发作的安全性及有效性 [61,62]，尤其对患有心脑血管疾病或有心脑血管疾病风险的偏头痛病人。需要注意的是，地坦类药物存在中枢抑制作用，可能导致病人无法评估自己的驾驶能力及该药物所造成的损伤程度，因此建议服药后至少 8 小时不要驾驶车辆；同时，该药物也具有导致药物过度使用性头痛的风险 [63]。  
（4）吉泮类药物 (gepants)：吉泮类药物是CGRP 受体拮抗剂，其脂溶性较弱，不易透过血脑屏障 [64]，与曲普坦类药物相比较，无血管收缩作用和患药物过度使用性头痛的风险 [65,66]。目前获得FDA 批准用于成人有或无先兆偏头痛的急性治疗的吉泮类药物包括瑞美吉泮 (rimegepant) 和乌布吉泮(ubrogepant)。多项研究显示上述两种药物在偏头痛急性期治疗中安全有效且耐受性良好 [67~69]。此两种药物适用于有非甾体抗炎药和曲普坦类药物使用禁忌或治疗无效的病人 [70]。同时，瑞美吉泮还有预防性治疗偏头痛的作用，是目前唯一获批偏头痛急性期治疗和预防性治疗双重适应证的药物，且该药物剂型为口腔崩解片，具有服用方便、起效快、生物利用度高的优点。  
2.3.3 辅助用药：氯丙嗪、异丙嗪与甲氧氯普胺等止吐药及多潘立酮等促胃动力药可缓解恶心、呕吐等偏头痛伴随症状，并有利于其他药物的吸收，有研究表明氯丙嗪等多巴胺受体拮抗剂可用于预防有明显前驱症状（如打哈欠、情绪变化）的偏头痛发作[74,75]。苯二氮䓬类、巴比妥类镇静剂可通过镇静抗焦虑作用来缓解头痛，但因氯丙嗪等多巴胺受体拮抗剂药物依赖性及镇静、体重增加等不良反应，建议适用于其他药物治疗无效的难治病人[75]。阿片类药物因具有依赖性，易导致药物过度使用性头痛并诱发病人对其他药物的耐药性，仅适用于其他药物治疗无效的严重头痛者，应在综合考量利弊后使用。  
2.3.4 孕期、哺乳期用药推荐：有证据表明对乙酰氨基酚在孕期应用相对安全，为孕期首选的急性期治疗用药，但仍建议尽可能的减少服用 [76]；其他NSAIDs，包括布洛芬和萘普生，仅孕中期可用[77]；

一些基于人口学的数据支持曲普坦类药物作为孕期的二线用药 [78,79]；甲氧氯普胺可作为止吐剂于孕期使用 [76]。哺乳期时，推荐应用对乙酰氨基酚，布洛芬和双氯芬酸作为一线治疗；研究表明曲普坦药物尤其舒马普坦在乳汁中浓度较低，可作为二线治疗[77,80]。",2089,['CN 中国偏头痛诊治指南2022版_1773147365'],"['c5f6d5c9-f8eb-4880-9972-3bb50f919e50'
 '1327d89e-633b-4bf1-90a9-6f8fb2d785c2'
 '65d3d7dc-e834-4a59-af35-999ce69134b8'
 'e2b51cdc-bb66-4388-80c7-2c503528ad2f'
 '5145a6db-710e-4c5c-b97d-50967b3c6861'
 'f14e4999-0be7-4428-8f98-488d5518439b'
 '4ed8504c-8726-4713-bcc7-8b9a723b3a02'
 '545da2a4-1bb8-4191-9eb9-6c1e2306dd98'
 'f8bca620-6c35-47f5-8315-792dc1e86a9f'
 '8ec8617f-d3b0-44f0-9d4f-1ecc352e77a4'
 'de47c0c9-473a-44ea-8d31-73a8c89b74f7'
 'fd28b7e2-ff46-4c3f-873d-7d902620849b'
 '13fe2ba8-ad27-4696-8fb4-7d8180755698'
 'abd6db10-c263-434a-bc9b-aa64cfe694c0'
 '5a667348-2a12-49d8-b0b6-3dee2bfd3d02'
 '83bd63b1-4f41-4200-b013-c85ce73dd94a'
 'b0fe4d0e-bde5-4e81-aaa8-74aaced5ed07'
 'c8091bb6-6255-4866-a6ed-d8cf7b74b088'
 'aa6a2b04-6f9d-473c-bc21-b77ec33692bd'
 'd446b0a9-fbd5-4e9e-92d4-68da78e6b6a7'
 '9603fefd-9820-45e8-9569-3c89bd5b1565'
 '6951799d-12af-43be-839f-ca719fcd68a0'
 'bf691558-ed9c-483a-9da6-b7d1f0922747'
 'd345a8db-d0f7-4704-8f14-62f9759e017c'
 'ebdeb97c-8b79-4073-b5ad-2d2dd1c1907b'
 '478a00dc-5534-42e0-8c3c-49c21a1cde55'
 '49c3c44f-b76c-4f23-997c-77e8c5018978'
 '9318d600-b9a2-46cf-9fda-145ede2b8ea7'
 'b28170fc-e97d-4915-81b1-4b06cc80447c'
 '9e53157d-fba0-4219-8d12-e5454bebec8a'
 'a593b7e3-8367-4f98-86ac-a14a7f556935'
 '2b8ad0fc-7a0c-4ff3-9228-9feab92622ab'
 'ba04ac31-03fc-4d1f-a865-3cab6583f12b'
 'df874528-f48a-4e74-b6f5-2e8458b80df4'
 '81e62043-1cd1-486e-853b-0cf840abf960'
 '6bcb0204-aee2-43b2-8932-555680077e51'
 '3bf4edfc-e49d-43fb-bca6-52ead6ed53c7']","['48943eba-1526-41be-8083-921ff4147768'
 'c7c12847-1f62-4d89-b0e1-e642738f3c9e'
 'd61aefd7-199e-4ec6-805a-4433d4de4177'
 'e0ff1c4e-0f33-44d6-8f37-2716886e6c18']",[]
3f782c82580d6e62e08d2748ae50d379c9ad01c81d9265f50b9abe64ef32dd96ddc92b0a6cb55092a728e73bf9bba8a93ed4b1306fab2fe207936fee806ea0a0,135,"METADATA:
{
  ""parent_headings"": [
    ""# 3. 预防性治疗""
  ]
}

CONTENT:
3.1 治疗目的：预防性治疗旨在降低偏头痛发作的频率、持续时间及严重程度，改善偏头痛相关性失能，提高生活质量，减少频繁或慢性头痛引发的相关心理疾患，同时提高对急性期治疗的应答率并减少对急性期治疗的依赖，避免药物过度使用性头痛的发生 [47]。  
3.2 预防性治疗有效性指标：主要包括偏头痛发作频率、头痛持续时间、头痛程度、头痛的功能损害程度及对急性期治疗的反应 [70]。满足以下任意1 条可以认为预防性治疗有效：偏头痛或中重度头痛天数显著减少（如减少 $50 \%$ ）；程度显著减轻；持续时间显著缩短；对急性期治疗的反应改善；偏头痛相关失能的改善；偏头痛引起的心理痛苦减少[47]。对每种药物应给予足够的观察期以判断疗效，对口服药物需要在达到目标剂量后至少观察 8 周，对每月注射 1 次的 CGRP 或其受体单克隆抗体需要观察至少 3 个月，对于每 3 个月注射 1 次的需要观察至少6个月 [47]。  
3.3 预防性药物治疗指征（见表 4）： $\textcircled{1}$ 每月 2次以上的偏头痛发作； $\textcircled{2}$ 急性期治疗无效或不能耐受； $\textcircled{3}$ 存在药物过度使用风险； $\textcircled{4}$ 严重影响生活、工作或学习； $\textcircled{5}$ 存在频繁、时间较长或令病人极度不适的先兆； $\textcircled{6}$ 特殊类型的偏头痛，如偏头痛性脑梗死、偏瘫型偏头痛、脑干先兆偏头痛、偏头痛持续状态等； $\textcircled{7}$ 病人的自我要求等[72]。  
3.4 预防性治疗选择和使用原则：医师在使用预防性治疗药物之前需与病人进行充分的沟通，根据病人个体情况进行选择，注意药物的治疗效果与不良反应，同时结合病人的共病、与其他药物的相互作用、每日用药次数及经济情况综合考虑。通常首先考虑证据确切的强推荐药物，若治疗失败、存在禁忌证或病人存在弱推荐药物可治疗的合并症时，方才考虑使用弱推荐药物。避免使用共病的禁忌药物，或可能加重偏头痛发作的药物，如硝酸甘油等血管扩张药。  
药物治疗应从单药、小剂量开始，根据病人对药物的耐受程度，缓慢加量至推荐剂量或最大耐受剂量，同时需注意对每种药物应给予足够的观察期以评估疗效。为避免回忆偏倚，病人需要记录头痛日记以评估治疗效果。若达到最大可耐受剂量时仍

表4 识别预防性药物治疗的指征[47]  


<!-- TABLE_METADATA: {""type"": ""table"", ""page"": 0, ""table_idx"": 3, ""caption"": ""表4 识别预防性药物治疗的指征[47]"", ""footnote"": ""a 可以通过偏头痛残疾评估量表 (migraine disability assessment scale, MIDAS)、偏头痛身体功能影响日记 (migraine physical function impactdiary, MPFID) 或头痛影响测试 (headache impact test, HIT-6) 进行评估。"", ""extracted_from"": ""mineru_api""} -->
<table><tr><td>预防治疗</td><td>每月头痛天数</td><td>失能程度a</td></tr><tr><td rowspan=""3"">需要应用</td><td>6天或更多</td><td>无失能</td></tr><tr><td>4天或更多</td><td>部分失能</td></tr><tr><td>3天或更多</td><td>严重失能</td></tr><tr><td rowspan=""3"">需要考虑应用</td><td>4或5天</td><td>无失能</td></tr><tr><td>3天</td><td>部分失能</td></tr><tr><td>2天</td><td>严重失能</td></tr></table>

a 可以通过偏头痛残疾评估量表 (migraine disability assessment scale, MIDAS)、偏头痛身体功能影响日记 (migraine physical function impactdiary, MPFID) 或头痛影响测试 (headache impact test, HIT-6) 进行评估。

无效，应试用其他预防性治疗药物。若数种药物单用均无效，或病人的病史提示其头痛难治或为慢性头痛，可考虑多种药物联合治疗，同样每种药物均需从小剂量开始[81]。

有效的预防性治疗需要持续至少 6 个月，评估疗效后决定是否缓慢减量或停药。若再次出现发作频繁，可重新使用既往有效的药物。然而，对已确诊且病程较长的慢性偏头痛病人，或前期多次预防治疗失败的病人，减量或停药需谨慎，过早的停药可能导致病情反复，且在重新启用既往有效治疗药物时可能疗效欠佳。因此慢性偏头痛病人的预防用药减量或停药需咨询头痛专科医师。",1976,['CN 中国偏头痛诊治指南2022版_1773147365'],"['c5f6d5c9-f8eb-4880-9972-3bb50f919e50'
 'ee08258f-7327-46f1-9459-c1bbd95e644d'
 '2d369837-9fd2-4cd4-bc6e-c6ec00c7de94'
 '9fce3bdb-2664-44e9-93aa-4ecd2bcd6b48'
 'aca72720-5173-4cc6-82d3-203e632c4f0a'
 '2e93eb43-b70c-4e1d-9ca9-95c84112cb45'
 '491fe218-8df0-4553-b4b7-be71ef2348a8'
 '4aab4d03-ce66-4db6-a788-9003c27b2b31']","['b7913743-28ae-4ec2-bad5-0336edd00995'
 '500bb295-ff5a-4026-975e-57da7b56fb21'
 'e705416d-d5a4-4fb2-8b63-79f0e7ed149f'
 '52abb12b-5205-490e-91e1-a3ac49451635'
 '60636a32-57fa-40ca-849d-5b52ba02770e'
 'e4de01bd-00c0-4f94-973f-094a3f0a37be'
 'a091a03c-1a7d-4422-ba73-9b0f8500a82b'
 '3aa62561-ecfc-41b0-b850-a9fd3997c093']",[]
caa24a7186ba46d267f4c153375d46218d52154d378553ff6c732c0f3c8c6453ce1501e3e04e8f0f7bd9265300b413e652f3adce375c8ee1ba81dfab387fa675,136,"METADATA:
{
  ""parent_headings"": [
    ""# 3.5 预防性治疗评价及推荐（见表5）""
  ]
}

CONTENT:
3.5.1 钙通道拮抗剂：氟桂利嗪是证据级别较强的预防性药物 [82]，一项荟萃分析显示每日 $1 0 ~ \mathrm { m g }$ 氟桂利嗪可有效预防发作性偏头痛且耐受性良好，其有效性与普萘洛尔相当，最常见的不良事件是镇静和体重增加 [82]，长期、大剂量使用可能导致锥体外系反应，推荐疗程不超过 6 个月。其他钙通道拮抗剂（如硝苯地平、维拉帕米、尼莫地平等）均证据不足或证据不支持。  
3.5.2抗癫痫药：主要包括托吡酯和丙戊酸钠。针对成人发作性偏头痛，多项高质量研究证实托吡酯和丙戊酸钠有效，且与氟桂利嗪、普萘洛尔的疗效无明显差异 [83,84]。托吡酯在慢性偏头痛中效果显著，但其不良反应较多 [85]。最常见的不良反应是嗜睡、认知和语言障碍、感觉异常和体重减轻，另外泌尿系结石是需要关注的不良事件及禁忌证。  
除上述药物外，其他抗癫痫药物的证据极少。卡马西平和左乙拉西坦各有一项小样本随机对照安慰剂研究，显示头痛频率降低显著优于安慰剂，余均无效 [86]。  
$3 . 5 . 3 \ \beta$ 受体阻滞剂：常用的是普萘洛尔和美托洛尔，其中普萘洛尔的疗效最为确切，对头痛频率、程度、持续时间均有明显改善，其次证据较为充分的是美托洛尔[87]。研究表明在慢性偏头痛中，普萘洛

尔疗效与氟桂利嗪、丙戊酸钠等相当 [87]。常见的不良反应包括心动过缓、头晕、疲劳和抑郁等，故有高血压或心动过速的病人可优先考虑。

3.5.4 钙通道调节剂：一项 meta 分析显示单独应用加巴喷丁预防成人发作性偏头痛效果不佳 [88]，但仍有两项小样本随机对照试验证实其有效 [89,90]。普瑞巴林相关研究较少，仅有一项预防性治疗成年人发作性偏头痛的随机双盲对照临床试验显示普瑞巴林每次 $5 0 \mathrm { m g }$ ，每日2次，在降低偏头痛的频率、强度和发作持续时间方面与丙戊酸钠每次 $2 0 0 ~ \mathrm { m g }$ ，每日2次疗效相当 [91]。  
3.5.5抗抑郁药：三环类抗抑郁药阿米替林预防偏头痛效果显著优于安慰剂，是证据最为充分的抗抑郁药 [92]，但耐受性不佳，主要的不良反应包括口干、嗜睡、体重增加、排尿异常、便秘等。选择性5-羟色胺再摄取抑制剂 (selective serotonin reuptakeinhibitor, SSRIs) 缺乏高质量的证据支持 [93]。一项小样本研究显示，5-羟色胺-去甲肾上腺素再摄取抑制剂 (serotonin and norepinephrine reuptake inhibitors,SNRIs) 文拉法辛可显著降低头痛天数及镇痛药的应用，但头痛程度和头痛持续时间改善不显著[94]。因此，SNRI类药物适用于偏头痛合并抑郁障碍的病人。  
3.5.6 A型肉毒毒素：研究证实A型肉毒毒素对慢性偏头痛治疗有效，可显著降低偏头痛发作频率、头痛天数、头痛严重程度及偏头痛相关失能[95]。有研究提示对于发作性偏头痛，A型肉毒毒素不能降低头痛频率，但可能降低头痛严重程度[96]。推荐注射方法为头颈部相关肌肉 $3 1 \sim 3 9$ 个注射点，每个注射点5个单位(0.1 ml)，单次总剂量 $1 5 5 { \sim } 1 9 5$ 单位 [96]。不良反应主要包括上睑下垂、局部肌肉无力、注射部位和颈部疼痛，但通常为轻度且持续时间短暂。",1649,['CN 中国偏头痛诊治指南2022版_1773147365'],"['ee08258f-7327-46f1-9459-c1bbd95e644d'
 '2d369837-9fd2-4cd4-bc6e-c6ec00c7de94'
 'bc837053-52fd-4f31-957c-524663285995'
 '205033e7-ce21-4198-898a-f0b7413c4cde'
 'cd70c412-3d4d-4191-9ae7-d932e0a6a20a'
 '14ba2b08-777f-481a-90a4-26a983a7faf2'
 '4dfa20f3-b6e7-4a28-af18-7efd3b407b66'
 '9d3c2661-1151-4a6f-a939-fe48b78e4c34'
 'ca2880cb-291b-4a6c-afda-ea32ecaf3e5d'
 '04566857-388a-425f-a025-8ee6aaf0017e'
 '6390545a-c6e1-49e4-9c2e-6ba364daacb5'
 '68c355a0-8e8f-4c73-8c57-373ebb9c4985'
 'd3a99111-f675-4bb5-a8f5-3c4de6ef216a'
 'fd532f91-580a-401c-b6bb-2dffd3df3207'
 '7ad64e84-caaf-400a-a47d-cd154bf42ce2'
 'e91cd220-52b5-4161-a028-c2b7a2f78e38'
 'a02ea489-50e8-4afa-b5c3-bf074f82c48e'
 '4857489e-21f6-44d4-b1cd-341580e48111'
 '0ff45bae-7bc9-4f6b-b492-20eb8c27ffaa'
 '2d2d2b0b-6f60-4a07-b1f8-27b331992b9b'
 'e693a412-fa40-46c5-a27e-50ce50d9a2f7'
 '3b156613-7ad3-4a7e-bb4f-70d0c22b7546'
 '7275c4aa-6507-4d64-89c6-5184dd16b2ca'
 '97deeb8e-fefb-47dd-a31f-feba784eee9d'
 '452294d2-b6ac-4c16-822e-63849bea4bfb'
 '8655baed-ffc8-410d-96ce-fd41e93c14a0'
 '471c071a-9bf3-4c99-812a-911a92c176a8']","['be724efe-f11d-4b30-acb2-6e2858d43309'
 '25975ee2-13a6-4ef8-acd1-f214a6e47aa9'
 '0194d4e3-1e83-432b-8201-b8192b67feec'
 'd2e79932-e494-48e1-9be2-d7407ce67f15'
 'f7c1e671-6509-42e4-bc1e-1d0c9042cb11'
 '7ede6e83-b915-4e60-afc1-5116fa434b01'
 '751d1c36-7f63-4c61-b50f-4ecb213c267d'
 '394ad0b4-73cb-4b82-87d9-5119a4eeea11']",[]
ab880573e023cb66c0c136752d5e7ffccf0d4932be602d2e2448ad1fc7dce1cfb7fb5662f82d464e25e609ddd708ccdd5f4804c4c1a77efd91ebfe395094477b,137,"METADATA:
{
  ""parent_headings"": [
    ""# 3.5.7 吉泮类""
  ]
}

CONTENT:
（1）瑞美吉泮 (rimegepant)：瑞美吉泮是目前唯一获批偏头痛急性期治疗和预防性治疗双重适应证的药物，目前已有随机对照研究证明其预防性治疗偏头痛的有效性 [97]。需要注意的是，当使用该药

表5 偏头痛预防性治疗推荐  


<!-- TABLE_METADATA: {""type"": ""table"", ""page"": 0, ""table_idx"": 4, ""caption"": ""表5 偏头痛预防性治疗推荐"", ""footnote"": ""* 针对于慢性偏头痛  & 新型药物目前均未在国内上市，由于其中部分药物仍无确切的中文名称，故均为音译。 # 单次剂量，非每日剂量"", ""extracted_from"": ""mineru_api""} -->
<table><tr><td>药物</td><td>每日推荐剂量(mg)</td><td>每日最大剂量(mg)</td><td>证据级别</td><td>推荐级别</td><td>注意事项</td></tr><tr><td colspan=""6"">钙通道拮抗剂</td></tr><tr><td>氟桂利嗪[82]</td><td>5~10</td><td>10</td><td>高</td><td>强</td><td>不良反应:常见:嗜睡、体重增加;少见:抑郁、锥体外系症状禁忌证:抑郁、锥体外系症状总疗程不超过6个月</td></tr><tr><td colspan=""6"">抗癫痫药</td></tr><tr><td>丙戊酸钠[84]</td><td>500~1000</td><td>1800</td><td>高</td><td>强</td><td>不良反应:恶心、体重增加、嗜睡、多囊卵巢、震颤、脱发、肝功能异常禁忌证:肝病</td></tr><tr><td>托吡酯[83]</td><td>25~100</td><td>200</td><td>高</td><td>强</td><td>不良反应:嗜睡、认知和语言障碍、感觉异常、体重减轻、泌尿系结石禁忌证:泌尿系结石、托吡酯过敏</td></tr><tr><td colspan=""6"">β受体阻滞剂[87]</td></tr><tr><td>美托洛尔</td><td>50~100</td><td>200</td><td>高</td><td>强</td><td>不良反应:常见:心动过缓、低血压、嗜睡、无力、运动耐量降低;少见:失眠、噩梦、阳痿、抑郁、低血糖</td></tr><tr><td>普萘洛尔</td><td>40~240</td><td>240</td><td>高</td><td>强</td><td>禁忌证:哮喘、心衰、房室传导阻滞、心动过缓;慎用于使用胰岛素或降糖药者</td></tr><tr><td colspan=""6"">钙通道调节剂</td></tr><tr><td>加巴喷丁[88]</td><td>900~1800</td><td>2700</td><td>高</td><td>弱</td><td>不良反应:恶心、呕吐、抽搐、嗜睡、共济失调、眩晕禁忌证:活性成分及辅料过敏</td></tr><tr><td>普瑞巴林[91]</td><td>150~300</td><td>600</td><td>中</td><td>弱</td><td>不良反应:头晕、嗜睡、共济失调、意识模糊、乏力、思维异常禁忌证:活性成分及辅料过敏</td></tr><tr><td colspan=""6"">抗抑郁药</td></tr><tr><td>阿米替林[92]</td><td>25~75</td><td>300</td><td>高</td><td>强</td><td>不良反应:口干、嗜睡、体重增加、排尿异常、便秘等禁忌证:青光眼、严重心脏病、近期有心肌梗死发作史、癫痫、肝功能损害、前列腺增生等</td></tr><tr><td>文拉法辛[94]</td><td>75~225</td><td>225</td><td>中</td><td>弱</td><td>不良反应:恶心、口干、出汗(包括盗汗)等禁忌证:对本药过敏、与单胺氧化酶抑制剂(MAOIs)合用</td></tr><tr><td colspan=""6"">吉泮类</td></tr><tr><td>瑞美吉泮[69]</td><td>75,隔日</td><td>/</td><td>高</td><td>强</td><td>不良反应:恶心、鼻咽炎、尿路感染、上呼吸道感染</td></tr><tr><td>阿托吉泮&amp;[119]</td><td>10、30或60</td><td>/</td><td>高</td><td>强</td><td>便秘、恶心</td></tr><tr><td colspan=""6"">CGRP或其受体单克隆抗体</td></tr><tr><td>依瑞奈尤单抗(皮下注射)[99-101]</td><td>70或140/月</td><td>/</td><td>高</td><td>强</td><td>不良反应:注射部位反应(如疼痛或红斑)、上呼吸道感染、鼻咽炎、便秘</td></tr><tr><td>瑞玛奈珠单抗(皮下注射)[102,103]</td><td>225/月或675/季度</td><td>/</td><td>高</td><td>强</td><td>不良反应:注射部位反应(如疼痛或红斑和出血)、上呼吸道感染、鼻咽炎、尿路感染、恶心</td></tr><tr><td>加卡奈珠单抗(皮下注射)[105-108]</td><td>首月240,之后120/月</td><td>/</td><td>高</td><td>强</td><td>不良反应:注射部位反应(如疼痛或红斑)、呼吸道感染</td></tr><tr><td>艾普奈珠单抗(静滴)[74,109,110]</td><td>100或300/季度</td><td>/</td><td>高</td><td>强</td><td>不良反应:注射部位反应(如疼痛或红斑)、呼吸道感染、疲劳</td></tr><tr><td colspan=""6"">其他药物</td></tr><tr><td>坎地沙坦[111,112]</td><td>16</td><td>/</td><td>高</td><td>强</td><td>不良反应:血管性水肿、晕厥和意识丧失、急性肾功能衰竭、血钾升高、肝功能恶化或黄疸、粒细胞减少、横纹肌溶解禁忌证:对本药或同类药过敏者、严重肝肾功能不全或胆汁瘀滞病人</td></tr><tr><td>赖诺普利[113]</td><td>20</td><td>/</td><td>中</td><td>弱</td><td>不良反应:咳嗽、头昏、头痛、心悸、乏力禁忌证:对本药或其他同类药物过敏、高钾血症、双侧肾动脉狭窄、孤立肾有肾动脉狭窄者</td></tr><tr><td>A型肉毒毒素(肌内注射)*[95,96]</td><td>155~195 IU#</td><td>195 IU#</td><td>高*</td><td>强*</td><td>不良反应:上睑下垂、肌肉无力、注射部位疼痛和颈部疼痛禁忌证:对药物过敏、重症肌无力或Lambert-Eaton综合征、注射部位感染</td></tr></table>",2623,['CN 中国偏头痛诊治指南2022版_1773147365'],"['c5f6d5c9-f8eb-4880-9972-3bb50f919e50'
 '7c25e444-4557-469d-9773-1b20830eafc5'
 '07ed842d-e6cc-46ee-92cb-0c29b384b55a'
 'ee08258f-7327-46f1-9459-c1bbd95e644d'
 '8867eaba-c420-4807-a9b8-1b2f94fd7bb2'
 'bc837053-52fd-4f31-957c-524663285995'
 '205033e7-ce21-4198-898a-f0b7413c4cde'
 'cd70c412-3d4d-4191-9ae7-d932e0a6a20a'
 'f1eb9799-f1a6-48ad-ac82-8c60f17c3892'
 '4dfa20f3-b6e7-4a28-af18-7efd3b407b66'
 '9d3c2661-1151-4a6f-a939-fe48b78e4c34'
 '04566857-388a-425f-a025-8ee6aaf0017e'
 '7cdc4baf-1688-4b5c-bf35-7db16295d1e2'
 '4ec719e6-20e3-4c4a-a8b3-bba27866d6c0'
 '545da2a4-1bb8-4191-9eb9-6c1e2306dd98'
 '822dde82-1ba0-4f3f-b01d-685da750f520'
 '92e8550b-ac92-4e2e-a8cd-6e08024ea6d3'
 'ec43d0e8-8720-4486-919d-8a87b808fb99'
 'd3a99111-f675-4bb5-a8f5-3c4de6ef216a'
 'fd532f91-580a-401c-b6bb-2dffd3df3207'
 '21d15f43-9cd1-4442-9a7b-e38c8b380bcc'
 '7ad64e84-caaf-400a-a47d-cd154bf42ce2'
 'e91cd220-52b5-4161-a028-c2b7a2f78e38'
 '491fe218-8df0-4553-b4b7-be71ef2348a8'
 '0ff45bae-7bc9-4f6b-b492-20eb8c27ffaa'
 '2d2d2b0b-6f60-4a07-b1f8-27b331992b9b'
 'e693a412-fa40-46c5-a27e-50ce50d9a2f7'
 '3b156613-7ad3-4a7e-bb4f-70d0c22b7546'
 '5d558f3b-f96a-4fb0-b399-9efe6b57615c'
 'f254997e-2e24-4ddb-ada2-d67f15fc28ae'
 '3a4d3391-a9df-4486-9ddb-956db27597a9'
 'cdbb91f9-d408-48e2-9c89-d125ca8b25a7']","['f7c1e671-6509-42e4-bc1e-1d0c9042cb11'
 'e3f3d484-1ca7-47b1-9776-3f109f2f78ee'
 'd5564635-1c28-4b76-bdcd-5aaf59729564'
 '885cf08c-9a88-4957-84db-24f48e7d0b8b'
 '4641ce34-7a34-4fb0-ba01-9085eded0b34'
 'de50a2fd-07ba-420a-b94b-faf97844233d']",[]
f2d956b3558601f0e70fdc3346118b9293d283043264f63f9cbcfff22c35753ec9c3813f6ce97ba179ab425243bf20419f3faea8377896065191a30feb4031f9,138,"METADATA:
{
  ""parent_headings"": [
    ""# 3.5.7 吉泮类""
  ]
}

CONTENT:
* 针对于慢性偏头痛   
& 新型药物目前均未在国内上市，由于其中部分药物仍无确切的中文名称，故均为音译。  
# 单次剂量，非每日剂量

物预防性治疗偏头痛时为 $7 5 \mathrm { m g }$ ，隔日口服。

（2）阿托吉泮 (atogepant)：是一种口服小分子吉泮类药物，在既往临床试验中已经证明其有效性，可显著降低每月偏头痛天数 [98]，但仍然需要开展更长时间、更大规模的试验来确定其预防偏头痛的疗效和安全性。

3.5.8 CGRP 或其受体单克隆抗体：CGRP 或其受体的注射型单克隆抗体主要包括四种：依瑞奈尤单抗 (erenumab)、瑞玛奈珠单抗 (fremanezumab)、加卡奈珠单抗 (galcanezumab) 和艾普奈珠单抗 (eptin-ezumab)。主要通过选择性阻断 CGRP 或其受体而抑制该通路的生物学活性以发挥治疗作用。其中依瑞奈尤单抗为全人源的 CGRP 受体单克隆抗体，其他 3 种为人源化的 CGRP 单克隆抗体。这 4 种药物在预防发作性和慢性偏头痛的随机试验中均被证实有效，且安全易耐受。在目前已经上市的国家（如美国、丹麦等）因 CGRP 或其受体的单克隆抗体价格昂贵，其临床应用设有严格的适应证。具体预防性治疗方案应根据医生的临床判断和病人的个体需求制定。这些也是在我国上市后需要进一步讨论和规范的问题。  
（1）依瑞奈尤单抗 (erenumab)：在欧美人群中已证明依瑞奈尤单抗在发作性和慢性偏头痛病人中的有效性和安全性 [99,100]。最新的 DRAGON 研究显示，在亚洲慢性偏头痛病人中，依瑞奈尤单抗同样可显著降低每月偏头痛的天数并改善其生活质量[101]。 其主要不良反应为便秘、注射部位瘙痒与红斑或疼痛，以及肌肉痉挛，但均为一过性，一般持续不超过1周，特别在与致胃肠动力减弱药物合用时，需要注意其可能增加便秘的风险和便秘相关并发症[99]。  
（2）瑞玛奈珠单抗 (fremanezumab)：既往已有研究证明瑞玛奈珠单抗在发作性和慢性偏头痛病人中的有效性和安全性 [102,103]。一项荟萃分析显示，瑞玛奈珠单抗在12周内较安慰剂显著减少了偏头痛天数和头痛天数[104]。最常见的不良反应是注射部位疼痛、硬结、红斑和出血、上呼吸道感染、鼻咽炎、尿路感染和恶心等[102]。 。  
（3）加卡奈珠单抗 (galcanezumab)：目前已有多项研究证明加卡奈珠单抗在发作性、慢性及难治性偏头痛病人中的有效性和安全性[105]，近期的PERSIST研究显示加卡奈珠单抗可使偏头痛病人每月头痛天数明显降低[106]。同时其可减少偏头痛发作的频率、强度和持续时间，减轻其合并的抑郁或焦虑症状，提高病人生活质量，且对于既往已尝试 $2 \sim 4$ 种预防性药物治疗失败的病人仍部分有效 [107,108]。最常见的不

良反应是注射部位反应及呼吸道感染等 [107,108]。

（4）艾普奈珠单抗 (eptinezumab)：已有多项多中心、随机、双盲、安慰剂对照研究显示，艾普奈珠单抗可显著降低成人偏头痛发作频率，且耐受性良好并具有安全性。最常见的不良反应是注射部位反应及呼吸道感染、疲劳等 [109,110]。 C  
3.5.9 其他：有研究显示坎地沙坦可有效预防偏头痛，且与普萘洛尔疗效相当 [111,112]；赖诺普利也可显著降低偏头痛频率，但其咳嗽、头晕及晕厥等不良反应发生率较高 [113]。以上两种药物可推荐应用于合并高血压的偏头痛病人。

有研究表明辅酶Q10 可降低偏头痛病人的发作频率、头痛天数及相关伴随症状 [114,115]；大剂量核黄素 $\mathrm { 4 0 0 ~ m g ) }$ 可能对偏头痛发作有预防作用 [116]，部分研究表明其对儿童偏头痛无明显效果[117,118]；口服镁剂对偏头痛预防性治疗的研究结果不一致[119~122]。上述药物疗效仍需更多研究证实。

3.5.10 孕期、哺乳期用药推荐：不建议推荐偏头痛病人孕期应用预防性药物治疗，只有在治疗需要显著超过潜在风险时才考虑开始或继续使用。怀孕期间可首选低剂量普萘洛尔、美托洛尔[77,123,124]，二线治疗药物可选择阿米替林[123,125]，当合并焦虑抑郁时亦可考虑使用文拉法辛[117,123,126]；丙戊酸钠、托吡酯、赖诺普利和坎地沙坦均被证实与胎儿畸形有关，孕期应禁用[77]。

哺乳期主要推荐普萘洛尔作为一线治疗 [123]，二线用药可考虑托吡酯或丙戊酸钠，托吡酯相关证据较少[127]，服药期间需监测婴儿生命体征及不适反应；丙戊酸钠有致畸风险，若需要使用，应避孕；阿米替林由于其镇静作用且在婴儿体内半衰期较长，应在普萘洛尔无效或有禁忌的情况下考虑使用[123]。",2341,['CN 中国偏头痛诊治指南2022版_1773147365'],"['ee08258f-7327-46f1-9459-c1bbd95e644d'
 '2d369837-9fd2-4cd4-bc6e-c6ec00c7de94'
 '205033e7-ce21-4198-898a-f0b7413c4cde'
 'cd70c412-3d4d-4191-9ae7-d932e0a6a20a'
 'f1eb9799-f1a6-48ad-ac82-8c60f17c3892'
 '4dfa20f3-b6e7-4a28-af18-7efd3b407b66'
 '9d3c2661-1151-4a6f-a939-fe48b78e4c34'
 '04566857-388a-425f-a025-8ee6aaf0017e'
 '7cdc4baf-1688-4b5c-bf35-7db16295d1e2'
 '4ec719e6-20e3-4c4a-a8b3-bba27866d6c0'
 '68c355a0-8e8f-4c73-8c57-373ebb9c4985'
 'ec43d0e8-8720-4486-919d-8a87b808fb99'
 '40ceff21-0f0e-4f3d-8b22-bb51c4bfcaae'
 'fd532f91-580a-401c-b6bb-2dffd3df3207'
 '21d15f43-9cd1-4442-9a7b-e38c8b380bcc'
 'c2c08e1c-1b57-4087-b8bc-b95c01738e97'
 '4b74457b-80c7-4a47-8242-3db71e2ed1dc'
 '491fe218-8df0-4553-b4b7-be71ef2348a8'
 '5d558f3b-f96a-4fb0-b399-9efe6b57615c'
 'f254997e-2e24-4ddb-ada2-d67f15fc28ae'
 '3a4d3391-a9df-4486-9ddb-956db27597a9'
 '1e3e4db3-9f81-417a-896e-d94870a42597'
 '6c45c2e2-c363-45d2-b918-2e8b933ccdf6'
 'a8ee3bb8-346f-4a30-892f-a32bcdc119e9'
 '68ac7742-856d-4faa-ae85-23f8b31ca4cf'
 '74e2dae4-7e58-48e7-a8f2-1bb4db73b872'
 'd08fa8e0-e4a7-4c1e-b093-21f8ae3108b3'
 '601ec978-ea79-4699-a7f8-714aac4973dd'
 '8d023b8d-e703-404f-a449-c9dba7e3b6b6']","['de50a2fd-07ba-420a-b94b-faf97844233d'
 '2233f609-e778-4f67-937a-649e22b95507'
 'e641c357-fcff-430d-bdc5-8e1bb6ba7b5e'
 '28b54489-4a20-4038-bc05-dd6e17923255'
 'd68281ad-01ff-4399-bde3-0e47f25be804'
 'b598bfae-8994-4524-9b71-e892b98d92b2'
 '969f9dae-688c-4934-b450-e72e92ba320a'
 '679d5e29-d324-471d-9edf-16375b0d7f6b'
 '0d0a0763-ff42-4dab-ac24-7b24ebe59476'
 '63e124b3-ecc8-4b25-b875-d9328989b993'
 'edd01558-1d55-40a1-81b9-2c2fddc0b7b5'
 '6c3af0e9-e31a-4ff7-82ef-fcda6cd56c87'
 '7e989111-635b-4af8-99f3-7f30ae7727af']",[]
4e10a447ddaf2c74684d2a22401890d0f1eed1fd11ac887c4f65b340f4348db607f77e46c4ba8d22a4abe8dd27f016378deada950d2c72edfa41699ac96ba87b,139,"METADATA:
{
  ""parent_headings"": [
    ""# 4. 其他（替代）治疗""
  ]
}

CONTENT:
主要包括中医药治疗、无创或有创神经调控、生物行为疗法等。部分替代治疗既可作为急性期和预防性药物治疗的辅助疗法，也可在常规药物治疗不耐受或存在药物禁忌时单独应用。目前对物理治疗[128] 或饮食方法 [129,130] 等手段的证据较少，且对孕期的胎儿安全性不明。

4.1 中医药治疗：中成药对偏头痛的治疗作用近年来逐渐凸显。一项随机双盲安慰剂对照试验显示，针对成人发作性偏头痛，天舒胶囊（每次 $1 . 3 6 \mathrm { g }$ ，每日 3 次）显著缓解了偏头痛频率、程度及伴随症状，且疗效在停药后仍持续至少 4 周 [131]。此外，有研究表明头痛宁胶囊对偏头痛预防治疗同样安全有效 [132]。针对慢性每日头痛，包括慢性偏头痛及慢

性紧张型头痛，一项随机双盲安慰剂对照试验显示，都梁软胶囊可显著降低头痛频率及头痛相关的功能损害[133]。一项研究系统评价了 11 种口服中成药联合氟桂利嗪治疗偏头痛的疗效，结果显示联合用药均优于单用氟桂利嗪 [134]。但今后仍需要更多高质量的多中心、大样本、随机双盲试验及真实世界研究加以验证。针灸治疗既可以作为急性期治疗[135]，也可作为预防性治疗。曾有研究表明针灸在偏头痛中的作用并不优于假针刺 [136]，但近期我国多项研究证实针灸治疗可明显降低发作性偏头痛病人的发作频率，其相较于假针刺和空白对照组起效更快、效应值更大、疗效更持久 [137~139]。  
4.2 神经调控：神经调控通过用电流或磁场刺激中枢或周围神经以缓解头痛，可单独或与药物同时用于急性期或预防性治疗，已有多项临床试验结果支持神经调控的有效性和安全性，目前有4种神经调控装置（三叉神经电刺激[140,141]、非侵入性迷走神经刺激 [142]、经颅磁刺激 [143] 及远程电神经调节 [144,145]）可用于偏头痛急性期治疗，其中前3种装置亦被批准用作偏头痛预防性治疗。同时也有研究提示前庭神经刺激 (caloric vestibular stimulation, CVS) 和经皮乳突电刺激 (percutaneous mastoid electrical stimulator,PMES)对偏头痛有一定预防性治疗作用 [146,147]。   
4.2.1 经皮眶上神经刺激 (transcutaneous supra-orbital nerve stimulation, tSNS)：tSNS 是三叉神经电刺激 (electrical trigeminal nerve stimulation, eTNS) 的主要手段 [140,141]，通过精确微脉冲刺激作用于三叉神经第一支的末梢支眶上神经和滑车上神经可以预防偏头痛发作及降低镇痛药物用量 [148,149]。该疗法具有较好的满意度及耐受性，不良反应主要包括前额皮肤刺痛感、嗜睡、疲劳、失眠及刺激后头痛等[141]。  
4.2.2 非侵入性迷走神经刺激 (non-invasive va-gus nerve stimulation, nVNS)：nVNS 可用于偏头痛急性期或预防性治疗，多项研究表明其可降低头痛程度或每月头痛天数[142,150]，主要不良反应包括刺激部位皮肤的疼痛感、接触部位皮肤过敏、口唇或面部抽搐及味觉异常等。  
4.2.3 经皮枕神经电刺激 (transcutaneous occipi-tal nerve stimulation, tONS)：我国开展的随机对照研究显示高、中或低频的 tONS 对无先兆偏头痛病人均有显著的预防疗效，tONS 组的 $50 \%$ 反应率和头痛程度降低幅度均显著优于假刺激组 [151]。  
4.2.4 单脉冲经颅磁刺激 (single-pulse transcrani-al magnetic stimulation, sTMS)：sTMS 是通过引起相应脑区微小感应电流以产生单脉冲刺激，使神经元

去极化，调节远隔部位皮质的可塑性而缓解头痛，国外多项研究显示 sTMS [143,152] 可用于偏头痛急性期或预防性治疗。

4.2.5 远程电神经调节 (remote electrical neuro-modulation, REN)：REN 通过经皮电刺激上臂达到治疗偏头痛的效果，具体机制不明，可用于急性期治疗。多项随机对照研究和真实世界研究均证实了REN 在偏头痛治疗中的有效性及安全性，在缓解头痛的同时可减少镇痛药物的使用和随之而来的药物滥用风险 [144,145,153]，常见不良反应为感觉异常。  
4.3 生物行为疗法：生物行为疗法主要包括认知行为疗法 [154]（通过指导病人更好地处理与头痛相关的应激反应及其他伴随心理疾患来治疗偏头痛）、生物反馈 [155]（通过描记、加工、反馈躯体信息给病人，使病人能够有意识的控制及改变自身躯体机能，从而达成由生物反馈促进的放松）和放松疗法[156]（通过训练有意识地控制自身心理生理活动，降低身体各系统的唤醒水平，从而改善因紧张而紊乱的机体功能）。目前有研究表明生物行为疗法作为偏头痛的预防性治疗，可单独使用或与药物或其他非药物治疗结合使用，以提高治疗效果[155,156]。  
4.4. 卵圆孔封堵术：虽然偏头痛病人尤其有先兆性偏头痛病人，合并卵圆孔未闭 (patent foramenovale, PFO) 的发生率较高 [157]，但迄今完成的 3 项经皮卵圆孔未闭封堵术治疗偏头痛的随机对照临床试验均未达到研究终点，未能证实封堵 PFO 对缓解偏头痛有显著效果 [158~160]。因此目前对于既往无PFO 相关卒中的偏头痛病人，建议首先使用偏头痛常规药物治疗；对于未能从常规治疗中获益的难治性偏头痛病人，在经过严格评估后认为 PFO 封堵的获益较高而风险较低，可合理选择卵圆孔封堵术[159]。",2606,['CN 中国偏头痛诊治指南2022版_1773147365'],"['c5f6d5c9-f8eb-4880-9972-3bb50f919e50'
 '786aee20-368c-47af-a372-405ce47433b1'
 'ee08258f-7327-46f1-9459-c1bbd95e644d'
 '8867eaba-c420-4807-a9b8-1b2f94fd7bb2'
 '521366c5-e60a-458b-84c0-5ab0bbafacf6'
 '33c452b8-37f7-4d54-bd00-23d0a94e2aa8'
 'b69cef27-ffa9-443f-a355-765a26f65d6b'
 'bc837053-52fd-4f31-957c-524663285995'
 '8b0a0624-8a9e-4bee-8b84-fe837d7575d8'
 '4fdbff3b-8fb9-4242-b878-952ab619daf4'
 '52a27b22-b7b4-4966-9cd2-52c9e357f1f4'
 '95c2221c-a8d4-4c4b-92c4-2d0063b59b45'
 '6fbc8125-0d15-45ba-b17a-748a619d68d0'
 '1e3e4db3-9f81-417a-896e-d94870a42597'
 'e1a0fd01-14c2-41b0-b177-3854448da233'
 'a9a1b9fd-d43b-4677-8e91-56d09afaf86a'
 '45429502-a136-4ced-be34-4688362bc10a'
 '82347a52-5103-45ff-a860-a60909a8ccb9'
 '12d48c3e-f05f-412e-8155-7a8792cf549b'
 '81fc68c9-a31d-4115-8095-b01013232a98'
 'ee2174ae-c13d-446d-b283-0466fb73394f'
 '3d4b89ee-e0db-46eb-8df8-eb0896022b0b'
 '9118066f-d994-4fed-ade5-f044aa5ff5ca'
 '305c6f34-3ced-46ff-bdcb-ca0e60a88275'
 '2b63595c-16da-494c-ba2e-542134529e80'
 '342636f6-0650-4f33-8ad0-8e5e0a1f6093'
 '70ed7674-ece0-400d-95ea-18bdb9831bcb'
 '0316de55-46bd-4c4d-8307-2460389fa953'
 'feb73870-c664-4209-b0b2-e08a45586be2'
 'caf0b36c-f207-4717-8f90-91063d902b98'
 '388bd4e3-c693-4c18-965f-aa3c84831d03'
 'f2ca414d-81b9-4e52-9c1a-a9ad8f2aed48'
 '324ffeeb-208a-4769-ba02-695a270457c7'
 '67df2520-04b3-459c-992c-566153e386b2'
 'ae727e62-e47a-4695-9fb8-4097c3dd2611'
 'f6edf5bc-6122-4221-aac1-be03fb399479'
 'c2802efc-7334-4059-a4bb-d9a0e68a387a'
 '20e545ea-4e91-48ad-8315-0056d613c28b']","['9c899d98-07f0-4979-bc55-b907309393c4'
 'eeed07de-3c49-4a7b-a99b-084a1f47559f'
 '77932b89-0c41-4eef-9874-84e56b15c036'
 'be176fbf-ff57-4b81-9b2e-c6c415a10734'
 '7f83111c-21af-47c8-af20-22d956135e13'
 '6b3b4319-8d42-498f-94a5-5bce9e5e8d2d'
 '26f5d8c8-b1c5-4cc8-b3eb-33dd80c4b67c'
 '51d10945-44d3-498e-9592-824c27803222'
 '9980d3c4-d2ce-49b7-90c5-f9668a3f1556'
 '02aae632-d49c-4aa9-9494-5c7b28c03b78'
 '39fbef74-eb2b-45c8-ac6a-9142397eb7d4'
 'a931deeb-80e9-4bc6-83df-24f6371b0e9d']",[]
53fabd6061d68e4f513b61c3e6477b9cd8b31132a56304cced1927d39a54705928a4758e66e5cb83e1bee5033ada82da615495d4b0c574a901944fd41135269c,140,"METADATA:
{
  ""parent_headings"": [
    ""# 八、总结""
  ]
}

CONTENT:
本指南是我国关于偏头痛诊治的临床实践指导，严格按照国际标准循证指南的制订方法和规范完成。鉴于偏头痛的高失能性及高疾病负担，需结合其疾病特点及诊疗进展形成规范化诊治体系，通过诊断、鉴别诊断及有效治疗提高其临床管理质量。近年来随着对偏头痛发病机制的深入研究，针对机制靶点的新型药物逐渐开始应用，因其尚未在国内上市，缺乏国内相关用药经验，部分推荐意见级别可能与药物本身疗效存在偏差，因此未来在国内上市后，临床医师应综合考量所在医院的实际条件、病人治疗意愿、病人对药物反应及经济负担等综合做出判断。非药物治疗作为药物治疗的辅助手段，有其独特优势，因临床研究制约未给予相应推荐级

别，需要根据医院的配备情况、病人意愿等选择使用。同时也推荐有条件的医院开展临床随机试验、用药观察等研究以提高新型药物临床运用的证据级别。

利益冲突声明：作者声明本文无利益冲突。

声明：本指南由中国医师协会神经内科医师分会、中国研究型医院学会头痛与感觉障碍专业委员会共同牵头制订，基于循证指南制定方法和最新的研究证据，结合多家医院专家意见，并邀请多学科专家进行论证和最终制订。但指南中所涉及的推荐意见不代表中国医师协会神经内科医师分会及中国研究型医院学会头痛与感觉障碍专业委员会所有成员及专家的观点，同时本版指南难免仍存在不足和缺陷，非常欢迎指南使用者提出宝贵的建议和意见，我们将在下一版继续完善。此外，我们也郑重声明，本指南所涉及观点不得用作商业推广和宣传。",774,['CN 中国偏头痛诊治指南2022版_1773147365'],"['c5f6d5c9-f8eb-4880-9972-3bb50f919e50'
 '040c3094-f31d-4a80-b933-24d4768fea3f'
 '3fbdc1d0-a214-4247-823d-9f4024f6847d'
 'bd532165-116e-498f-ab87-7400a2c587bb'
 '4bc97987-3ced-484a-b2ed-8b2a4a42de11'
 'eecfdc3b-88d6-4b22-ba09-0825be6cc3e3'
 '8bcd6534-bd6f-4f68-b951-27396b9f96f9'
 '4f8bfa58-fa7e-4a12-ba8d-0da80dec76c8']","['9eb7fe1f-812e-45d7-af6a-bc16c281e893'
 '2864f459-21cc-433f-b15f-e606fcd8b0b3'
 'e817120f-ac36-443b-8356-205d8fb7a7d0'
 'cfaa504a-76f7-48e4-9bb3-d1d90916bcb5'
 '98efc4b1-088a-4bd5-9c9e-35da634016e1']",[]
a10e3127ae46c5fc87a0d0e6d80e9e4352af5af51d8754ebdfedb67fff85250394015f1a98454e2680d179effb52a2d4df029fc36fc5f079a4ba476268891258,141,"METADATA:
{
  ""parent_headings"": [
    ""# • 指南与规范 •""
  ]
}

CONTENT:
# • 指南与规范 •",11,['CN 中国偏头痛诊治指南患者版2025_1773147379'],['5b540674-f91b-4c92-8a8e-1dbcba4734d6'],['e9a98fa1-dece-4b56-ac62-42c56b1c4ce2'],[]
d5d200ef93d93866b561dd8cb03e74a5748e8ae0aaab5cbd52d2ab857fd174e745f411979e64d9bfd7d0aee4e5fdafde72f1564a9a8224b23a51382462516ff6,142,"METADATA:
{
  ""parent_headings"": [
    ""# 中国偏头痛诊治指南（患者版）""
  ]
}

CONTENT:
中国研究型医院学会头痛与感觉障碍专业委员会

摘 要 偏头痛是一种普遍且严重影响生活质量的神经系统疾病，在我国成年人中的年患病率高达$9 . 3 \%$ 。为了更好地指导患者及其照护者进行科学管理，中国研究型医院学会头痛与感觉障碍专业委员会组织编制了《中国偏头痛诊治指南（患者版）》。本指南综合了临床专家、患者以及公众的意见，依据最新的科学证据和实践经验，围绕30个核心问题展开，内容覆盖偏头痛的基本认知、诊断、急性发作处理、预防性治疗方案以及生活方式管理建议。此外，指南还特别关注了药物过度使用性头痛、月经性偏头痛和卵圆孔未闭等特殊情况。本指南旨在提升患者的自我管理能力，促进医患之间的有效沟通，共同制订个性化的治疗方案，从而改善患者的生活质量。

关键词 偏头痛；指南；患者版；诊断；治疗；预防",434,['CN 中国偏头痛诊治指南患者版2025_1773147379'],"['c5f6d5c9-f8eb-4880-9972-3bb50f919e50'
 '8ec8617f-d3b0-44f0-9d4f-1ecc352e77a4'
 'b3e93546-76ab-4e44-ad7a-aac2e9a6b094'
 'd0acb291-5ca1-4c8b-8b88-229172464051'
 'e7914035-4e45-4eea-bd61-fc12ead633a0'
 '9ad44886-2f91-4932-bc3c-135edafd0f8b'
 '2d7195bb-3b37-4f46-8d3d-329b972a09c8'
 'fc5d538a-f36e-49d3-af9b-875374d57f4f'
 'a94914b4-e645-4bba-ba52-aec949735173'
 '1f186de6-5994-45dc-9588-d7d4712cafe4'
 'a4335263-11b7-4d8b-a3cd-433618568da2']","['38a30e6d-9a66-420c-b79f-4ac7bce7f606'
 'cb3ae2a0-4f03-4153-9cec-450a275ad783'
 '580ddb4f-78c1-4e7d-9980-39e076862fbb'
 'c2fd19ce-15b2-47cb-82d0-39a03ed953c5'
 'b145f1b7-8544-405f-a8c6-d236b5c9aaec'
 '5ea0263a-0ae9-4aa7-ad33-496303346784'
 '479375e7-b443-4baa-a9ee-8ae3ecdf9497'
 '833ea81c-ac89-457e-9583-fe16ba698825'
 '6e772f7c-2d9b-4822-8cf7-4666d8f36bbb']",[]
f72233ede15c2dc81218d7f98944f4209aa7e8bb9f6126c542a9998661b0591c528ba82b118b3431299cd79041f10bc9c4b3ae009e206f21a3c91060b5431cae,143,"METADATA:
{
  ""parent_headings"": [
    ""# 一、为什么需要制订患者版的医学指南？""
  ]
}

CONTENT:
近年来，中国医师协会神经内科医师分会和中国研究型医院学会头痛与感觉障碍专业委员会相继发布了4部偏头痛领域权威医学指南或专家共识（以下简称“医师版指南”），包括《中国偏头痛诊治指南（2022 版）》《中国偏头痛急性期治疗指南（第一版）》《中国药物过度使用性头痛诊治指南（第一版）》及《月经性偏头痛诊断和治疗中国专家共识（2025 版）》[1~4]，为临床医疗专业人员提供了详尽而规范的指导。

然而，随着医疗信息的日益公开和患者自我管理意识的增强，迫切需要为众多偏头痛患者提供具有针对性的健康指导。《健康中国行动（ $2 0 1 9 \sim 2 0 3 0$ 年）》[5] 明确提出，鼓励个人和家庭在面对健康问题时，主动获取、理解和应用相关健康信息。同时该行动也倡导医务人员开发健康教育材料，以满足患者及公众日益增长的健康信息需求。因此，编制科学、权威的患者版医学指南已成为提升全民健康素养的关键举措。为顺应这一趋势，并助力患者更有效地管理偏头痛，中国研究型医院学会头痛与感觉障碍专业委员会组织编制了《中国偏头痛诊治指南（患者版）》。本指南融合最新科学证据和专家实践经验，内容通俗易懂、实用可靠，旨在帮助患者在日常生活中作出明智的健康决策，并积极参与自身的诊治过程。",656,['CN 中国偏头痛诊治指南患者版2025_1773147379'],"['c5f6d5c9-f8eb-4880-9972-3bb50f919e50'
 '040c3094-f31d-4a80-b933-24d4768fea3f'
 '8ec8617f-d3b0-44f0-9d4f-1ecc352e77a4'
 'c764a205-1179-4f72-9e1b-c7291c1ba2fe'
 'b3e93546-76ab-4e44-ad7a-aac2e9a6b094'
 '5416006b-d192-41d2-b3de-db370ee596a0'
 'b0dc68e4-5ac1-4ac6-9e09-dffb2b04c744'
 '0e38d715-07d4-4139-a116-41b7cee3d30c'
 '631f2f54-2522-4c01-bc3a-1074a9bcc833'
 '4e64d414-bce4-43ed-8ea5-3da276928f91']","['d63bf935-2c72-4a96-ac8e-ddfbd356e52d'
 '38a30e6d-9a66-420c-b79f-4ac7bce7f606'
 '272c768b-e7a0-42ec-bdb3-b44c9f2442ab'
 '4c8d1a8a-2302-43e5-8438-c773e02856a8'
 'e4cae90b-a266-405d-ac35-d0405a85d02d'
 '3d800304-d28e-46c6-9a25-f8f236db2543'
 'd0a4b3b8-1166-4a73-b75c-21a56b195e8e'
 '5c5317a6-0596-4440-9c46-c2f79dfed508'
 '6851bd59-a061-4001-a243-79a91be572ca'
 '610a9be6-0fde-41b2-a542-524d7b839139']",[]
381147c160e708531edd5fe9dfe37f5429a16e1dd6e0e313cace6027de42a9bac0ee5197a83256ff01f43c8964450a46e6001cba4bd330d3292c346da34460dd,144,"METADATA:
{
  ""parent_headings"": [
    ""# 二、本指南适用人群""
  ]
}

CONTENT:
已确诊或疑似偏头痛的成人患者；偏头痛患者

的家属及照护者；健康管理者及健康教育从业者；头痛相关领域的医护人员。",82,['CN 中国偏头痛诊治指南患者版2025_1773147379'],"['c5f6d5c9-f8eb-4880-9972-3bb50f919e50'
 '3d96cb59-0236-4102-a6cd-ce40f0854545'
 'f9234eb6-3b70-48f2-9977-52e371d0459e'
 '0da6a23e-5660-4819-9d13-9756fdcc51c8'
 '89429e49-8cff-4b22-b24b-9e95a1ee03bc'
 '5a342ca6-ae74-48c6-8a44-56a1e0be741d']","['6bda612f-4ee7-4b06-a977-7c2f0faf2cc6'
 '0550e5af-47b0-4408-bb17-7466c14ef2ea'
 'e35e0828-20f2-4b82-b507-7f6a54ac4fe7'
 '3e18cfd5-e495-4c87-8e0e-815b816b2c54']",[]
b1d4faedf560c52d85be2a2602b480cfe19179a3538441c8e84f5b4c2fdff082a3bbe1a22e3e1ff1f9837c1dfd6a21dcf70d931b5b49fc0c6e36afc5305e6434,145,"METADATA:
{
  ""parent_headings"": [
    ""# 1. 如何确定患者需求？""
  ]
}

CONTENT:
# 1. 如何确定患者需求？

作为头痛领域首部患者版指南，其制订工作的首要目标在于切实满足患者需求。为此，指南执笔团队首先对临床医师和患者展开了系统调研，并通过集中讨论，初步拟定了 38 个临床问题。随后，在11个偏头痛患者社群中（总计成员超过5000人）发起了电子问卷调查，邀请患者对这些问题的重要性进行评价，并补充提交其他开放性临床问题。通过此过程，共收集到 669 份有效问卷，其中包含507 条开放性反馈意见。在综合分析所有调研数据的基础上，最终遴选出 30 个核心问题，涵盖 10 个主要专题。",276,['CN 中国偏头痛诊治指南患者版2025_1773147379'],"['c5f6d5c9-f8eb-4880-9972-3bb50f919e50'
 '71232442-b935-4d3e-9ea1-b561b553b27f']",['1628a434-85bb-4c3a-af52-2c54805c6248'],[]
12cc92b244fb719c597c724312e29eb64d5223e12466d22aa755d560a5c41b122565191de5abcdc210334538dc6974ba156f00f50a162499a1643a487900c50d,146,"METADATA:
{
  ""parent_headings"": [
    ""# 2. 如何形成推荐意见？""
  ]
}

CONTENT:
确定临床问题列表之后，在制订推荐意见的过程中基于最新的科学研究证据和临床专家经验，同时充分考虑患者的经济及用药偏好、治疗的可获得性及相关的利弊因素。对于 4 部医师版指南能够直接回答的问题，本指南在原有内容基础上进行了适当改编；对于未涵盖的问题，则通过广泛的文献检索，参照国内外最新的科学证据，构建新的推荐意见。制订专家组全体成员进行集体评价和反馈，在多次修订后达成共识。为提高内容的可读性，邀请偏头痛患者、医学编辑、非医学背景的普通公众进行文本测试，并根据反馈调整语言，使其更加通俗

易懂。此外，为提升易读性，本指南在治疗药物推荐部分仅列出了原指南中“强推荐”的方案，确保信息的实用性和可操作性。",339,['CN 中国偏头痛诊治指南患者版2025_1773147379'],"['c5f6d5c9-f8eb-4880-9972-3bb50f919e50'
 '3d96cb59-0236-4102-a6cd-ce40f0854545'
 '60a73060-9ddd-4068-83bd-3da506c4f1b1'
 '4b72067b-2403-45b4-9481-39aa1081dafd']","['d173d2f8-1f07-44ec-aae8-f77b8da5e6d0'
 'bd92236a-bfe9-4da8-9a7e-6d8a13e5de66']",[]
b92b2af553e1b0fd9d9e7d6af986865eddcd8a9a0f2721897a47f2b0e08b5769340a6de26aec0532682a8eee09efb9f657ee2a70e3ee9bd3fa42fb553702f27a,147,"METADATA:
{
  ""parent_headings"": [
    ""# 3. 指南注册""
  ]
}

CONTENT:
本指南已按规范在国际实践指南注册平台(http://www.guidelines-registry.cn) 完成注册（注册号：PREPARE-2025CN144）。",46,['CN 中国偏头痛诊治指南患者版2025_1773147379'],['f4ed6bc9-4a52-44a0-809c-e6844bf288fd'],['254befae-048f-43a6-b2a2-6787555d46d4'],[]
148bb5ee1d2a73e26a81fe913e4da61f1347f1bc2dd855a432013c63e266eed6d08d8d2527f8195020d488dedebf886e6ad42aeaaf088b7a0af40376a96f29b8,148,"METADATA:
{
  ""parent_headings"": [
    ""# 1. 认识偏头痛""
  ]
}

CONTENT:
# 1. 认识偏头痛

问题（1）：什么是偏头痛？

偏头痛是一种常见而复杂的神经系统疾病，其主要特征是反复发作的中至重度头痛，约 $60 \%$ 的患者表现为单侧头痛，其余则为双侧或全头痛 [6]。需要注意的是，不能望文生义地认为只要是单侧的头痛就是偏头痛。虽然头痛是偏头痛的核心症状，但偏头痛的表现远不止于此。偏头痛发作时还会伴有恶心、呕吐，以及对光亮和响声的厌恶和躲避，即所谓“畏光”和“畏声”。偏头痛发作时的疼痛及其他症状会显著影响患者的日常生活和工作效率。在中国，成年人偏头痛年患病率约为 $9 . 3 \%$ ，女性的患病率明显高于男性。因此，偏头痛不仅是个人的健康问题，也是一项值得关注的公共卫生问题[7]。

问题（2）：偏头痛有哪些不同类型？

首先，根据发作前是否有先兆表现，偏头痛分为无先兆偏头痛和有先兆偏头痛。先兆是一种发作性神经系统症状，发作后可完全缓解。在国内约$14 \%$ 的偏头痛患者会经历先兆，其中超过 $90 \%$ 的先兆表现为视觉改变，例如视野中出现暗点、闪光、水波纹或锯齿状光斑 [1,8]（见图 1）。少数人还可能出现一侧肢体感觉异常（如麻木或刺痛）、肢体无力，甚至言语困难。这些先兆通常持续 $5 \sim 6 0$ 分钟，随


<!-- IMAGE_METADATA: {""type"": ""image"", ""page"": 1, ""image_idx"": 0, ""caption"": ""图1 典型视觉先兆示例"", ""context_before"": ""首先，根据发作前是否有先兆表现，偏头痛分为无先兆偏头痛和有先兆偏头痛。先兆是一种发作性神经系统症状，发作后可完全缓解。在国内约$14 \\%$ 的偏头痛患者会经历先兆，其中超过 $90 \\%$ 的先兆表现为视觉改变，例如视野中出现暗点、闪光、水波纹或锯齿状光斑 [1,8]（见图 1）。少数人还可能出现一侧肢体感觉异常（如麻木或刺痛）、肢体无力，甚至言语困难。这些先兆通常持续 $5 \\sim 6 0$"", ""context_after"": ""后出现头痛。同一患者，偏头痛发作可有时表现为无先兆偏头痛，有时表现为有先兆偏头痛。"", ""extracted_from"": ""mineru_api""} -->
![](images/5ffa68ddbc5dc3ce74cfff8fc130bde30850d152bf1ab1ed457abaa6d62af165.jpg)  
图1 典型视觉先兆示例

后出现头痛。同一患者，偏头痛发作可有时表现为无先兆偏头痛，有时表现为有先兆偏头痛。

其次，偏头痛还可以根据发作频率分为发作性偏头痛和慢性偏头痛。发作性偏头痛指每月头痛不足15天；慢性偏头痛指每月头痛达到或超过15天，其中至少有 8 天的症状符合偏头痛的临床特征，并且这种情况持续超过3个月。

问题（3）：除头痛外，偏头痛还有哪些症状？[1,9]

偏头痛不仅仅表现为头痛，它常常伴随一系列其他症状，这些症状可出现在偏头痛发作的不同阶段。一般而言，偏头痛可分为 3 个或 4 个阶段：前驱期、先兆期、头痛期和恢复期（见图 2）。需要注意的是，这些阶段中出现的症状可能有所重叠，而且并非每位患者都会经历上述全部阶段。

前驱期：通常出现在头痛发作前的几小时至2 天内。常见症状包括颈部僵硬、疲乏、注意力下降、思睡、焦虑、抑郁、易怒、对光敏感、流泪、频繁打哈欠、尿频、恶心和腹泻等。需注意的是，部分患者可能因某一前驱症状被误诊为其他系统疾病（如因颈部僵硬感而诊断为颈椎病），从而辗转至非神经科就诊。

先兆期：这是有先兆偏头痛患者特有的阶段，通常出现在头痛发作前数分钟至 1 小时内。需注意的是，尽管前驱期和先兆期的症状都可能发生在头痛前，但它们是两个不同的概念。前驱症状可以出现在所有类型偏头痛患者中，而先兆症状仅出现于有先兆偏头痛的患者。具体的先兆特征已在问题（2）中描述。

头痛期：成人偏头痛通常持续 4 至 72 小时，以单侧、中重度搏动性头痛为显著特征。头痛在日常活动中可能会加重，许多患者因此选择休息。在


<!-- IMAGE_METADATA: {""type"": ""image"", ""page"": 1, ""image_idx"": 1, ""caption"": ""图2 偏头痛临床分期"", ""context_before"": ""头痛期：成人偏头痛通常持续 4 至 72 小时，以单侧、中重度搏动性头痛为显著特征。头痛在日常活动中可能会加重，许多患者因此选择休息。在"", ""context_after"": """", ""extracted_from"": ""mineru_api""} -->
![](images/6b2c76fd3c17dad857a251686f3d014c21bee06b54b787ca342d90a87dce7cf8.jpg)  
图2 偏头痛临床分期

此期间，超过 $60 \%$ 的患者会感到恶心、呕吐，并对光和声音变得敏感。

恢复期：指头痛消失之后到身体和精神状态完全恢复的这段时间，通常可持续 $2 4 \sim 4 8$ 小时。常见症状包括持续的疲乏、嗜睡、注意力不集中、对光敏感、易怒和恶心等。",2243,['CN 中国偏头痛诊治指南患者版2025_1773147379'],"['c5f6d5c9-f8eb-4880-9972-3bb50f919e50'
 'e7089b88-114b-4106-a9bc-1cb868d81fbd'
 '786aee20-368c-47af-a372-405ce47433b1'
 'c514bd28-682f-421b-adfe-90a509606492'
 'ee08258f-7327-46f1-9459-c1bbd95e644d'
 '68c355a0-8e8f-4c73-8c57-373ebb9c4985'
 '40ceff21-0f0e-4f3d-8b22-bb51c4bfcaae'
 '03dabc9f-42bb-41f0-9fff-836fbad1b2f7'
 '7e96821e-3b06-4dee-9489-c33b7815ea01'
 '1ca1ef63-ced8-47cc-a49d-b0f24af994b4'
 '4c01ed94-9bbb-4838-a49a-50ba1bfaa8a1'
 '5c897264-c436-4784-9cf3-39fc7b4ea2b5']","['6cfcca66-5973-4cc3-86ac-01c95897b495'
 'afe163ec-ae90-477f-89d2-af6a807910fc'
 'b7913743-28ae-4ec2-bad5-0336edd00995'
 'a2931329-dc5a-4276-be1d-2e9e93f661bd'
 '99705a94-eafb-4e86-87e3-8f3d5d0378cd'
 'a31d152d-ab38-4a03-aec7-93e29a3fd578'
 'e28648d9-b35c-4341-b7b5-cc7204c9dffc'
 'ac94ff29-71e9-4475-b958-b56f2bb8786d'
 'a161a5e6-7b91-4e15-8c90-cb0128df44c3'
 '791a9fb8-36ae-4682-8d17-d865dac2b1db'
 '8db98057-437d-4e45-b654-a2e7da45c80e']",[]
c979a3a204d93c2e785f5f2dc98fd008a078b1b7ef9112abbc41cbb096d54f0232e5e102855f16c5b2d52d24d2ef44f907fadf5cf6d0cab6792f1d984a5a1561,149,"METADATA:
{
  ""parent_headings"": [
    ""# 2.偏头痛如何诊断""
  ]
}

CONTENT:
问题（4）：如何初步判断自己是否患有偏头痛？[10]

以下 3 个问题可以帮助患者初步筛查是否为偏头痛： $\textcircled{1}$ 近 3 个月内，是否至少有 1 天因为头痛影响到工作、学习或日常活动（如无法完成家务、工作或学习效率降低、请假、避免或减少社交活动等）？ $\textcircled{2}$ 头痛发作时，是否感到恶心或者胃部不适？$\textcircled{3}$ 头痛发作时，是否对光线特别敏感（畏光）？

解读：如果有2个或以上问题的回答为“是”，意味着患者可能患有偏头痛，风险可能高达 $9 3 \%$ （敏感度 0.81，特异度 0.75），建议及时就医以获取进一步确诊；如果只有1个或没有问题回答为“是”，患偏头痛的可能性较低，但如有持续症状，仍建议咨询医师以获得专业判断。

问题（5）：为了确诊偏头痛应该做什么检查？

偏头痛属于原发性头痛，是多因素参与的脑功能障碍性疾病，没有明确的器质性病变。这与继发性头痛不同，后者通常是由脑出血、脑膜炎或脑外

伤等一系列器质性疾病引发的，头痛只是这些疾病的症状之一。

医师诊断偏头痛时，核心依据是详细的病史采集，而非依赖某项检查直接确诊。具体检查方案需结合患者的个体情况：若患者有典型偏头痛症状，但无其他疾病征象，通常无需进行太多检查；但如果存在特殊警示征象，医师会建议进行相应的影像学检查或实验室检查，以排查继发性头痛的可能。

值得注意的是，即使确诊为偏头痛，为全面评估潜在诱因、合并症或心脑血管风险等，医师可根据需要建议进一步检查，以制订更精准的管理方案。

问题（6）：偏头痛与“普通头痛”有什么区别？

几乎每个人在生活中都经历过头痛，如劳累或熬夜后的头部不适。这类头痛中最常见的是紧张型头痛，也就是人们常说的“普通头痛”。然而，偏头痛和紧张型头痛是两种不同类型的原发性头痛，原因不同，表现不同，对生活的影响也不同。相较之下，偏头痛对人的影响通常更为显著。偏头痛和紧张型头痛的鉴别见表1。",983,['CN 中国偏头痛诊治指南患者版2025_1773147379'],"['c5f6d5c9-f8eb-4880-9972-3bb50f919e50'
 '1bce0cdd-740c-4409-a78b-78d6cc9b2563'
 '6fbc8125-0d15-45ba-b17a-748a619d68d0']",['d648ae34-e722-47e0-82da-5026cc379346'],[]
2aa059af0406bde6deb813ec2ee74914115f3f343dd645a759a13a158dda1904a92560987f03f1e8f31d83a29de89ffb5bd5dc9c23908575889ea7ab3d1004ae,150,"METADATA:
{
  ""parent_headings"": [
    ""# 3. 为什么会患偏头痛""
  ]
}

CONTENT:
问题（7）：偏头痛是遗传的吗？

遗传因素确实是导致偏头痛的重要原因之一。除罕见的偏瘫型偏头痛属于单基因遗传病（已找到确切的致病基因）之外，绝大多数偏头痛属于多基因遗传性疾病，这意味着它不是由某一个基因决定

表1 偏头痛和紧张型头痛的鉴别  


<!-- TABLE_METADATA: {""type"": ""table"", ""page"": 0, ""table_idx"": 0, ""caption"": ""表1 偏头痛和紧张型头痛的鉴别"", ""footnote"": """", ""extracted_from"": ""mineru_api""} -->
<table><tr><td>特征</td><td>偏头痛</td><td>紧张型头痛</td></tr><tr><td>头痛位置</td><td>多为单侧</td><td>多为双侧</td></tr><tr><td>头痛性质</td><td>搏动样或胀痛</td><td>压迫性或紧箍样</td></tr><tr><td>持续时间</td><td>4~72小时</td><td>30分钟至7天</td></tr><tr><td>疼痛强度</td><td>中重度</td><td>轻中度</td></tr><tr><td>活动后头痛加重</td><td>多有</td><td>无</td></tr><tr><td>恶心</td><td>多有</td><td>无</td></tr><tr><td>怕光怕吵</td><td>多有</td><td>偶尔</td></tr></table>",509,['CN 中国偏头痛诊治指南患者版2025_1773147379'],"['c5f6d5c9-f8eb-4880-9972-3bb50f919e50'
 '2e93eb43-b70c-4e1d-9ca9-95c84112cb45'
 '6fbc8125-0d15-45ba-b17a-748a619d68d0'
 '4318568b-ffad-4602-adf3-efb276e0a543'
 '6c5c4b5d-f43d-4e33-8942-fd1868267515']",['60636a32-57fa-40ca-849d-5b52ba02770e'],[]
83cf6962c20483778fbd6251a054ccead28d13f98bdd95ff3df5e4190d2ebe17c49c49e769e8b29f970f85ee84c91aa5569c9e390ca6d6547ad29dd36502530d,151,"METADATA:
{
  ""parent_headings"": [
    ""# 警示语：需警惕的头痛症状""
  ]
}

CONTENT:
在判断是否为偏头痛之前，若出现以下任何一种情况，请务必尽快就医，排查其他可能的健康风险：

■突然出现的剧烈头痛   
■首次出现的头痛，或这次的头痛与既往明显不同  
■持续不缓解或越来越严重的头痛   
■头痛同时出现神经系统症状（如意识障碍、一侧身体无力或麻木、言语不清、视物模糊或失去平衡能力等）  
■头痛与体位或姿势变化有关（如躺下或起身时加重）  
■咳嗽、打喷嚏或用力排便等增加腹压的动作引发的头痛  
■头部外伤后出现的头痛   
■伴随发热的头痛   
■妊娠期或产后出现的头痛

的，而是像“身高”一样，由多个基因共同影响。虽然单个基因变异对偏头痛的影响较小，但当多个基因变异叠加时，患偏头痛的风险会增加。总体来说，如果父母一方有偏头痛，子女患病的风险约为$40 \%$ [11]。然而，正如身高还受到营养、运动等后天因素的影响一样，偏头痛的发病不仅取决于遗传，还受到环境、压力、睡眠、饮食习惯等多种因素的影响。

问题（8）：哪些因素可能诱发偏头痛发作？[12,13]

偏头痛的诱因非常多，而且因人而异。同样的因素对不同人可能产生不同影响，有些人对多个诱因同时敏感。常见的诱因包括睡眠异常（如睡眠不足或过多）、劳累、月经周期变化、情绪波动和心理压力。此外，环境因素对偏头痛的影响也很显著，如天气变化（包括高温、寒冷、潮湿、气压变化）、噪音、强光、闪光、刺激性气味以及高海拔环境。某些药物也可能引发偏头痛样头痛（如硝酸甘油、西洛他唑等血管活性药物）。

在饮食方面，一些特定食物和成分可能引发偏头痛。例如，柑橘类水果、味精、高脂肪食物、冰淇淋、酒精（特别是红酒），咖啡因戒断也可诱发偏头痛。同时，含有酪胺（成熟奶酪、腌制品、熏制品、发酵食品）、亚硝酸盐和亚硫酸盐（腌制品、熏制品、泡菜、发色剂和防腐剂）、苯乙胺（奶酪、巧克力）和组胺（酸奶、泡菜）食品也可能成为诱因。此外，长时间禁食或漏餐也可能诱发偏头痛。

综上所述，建议养成记录头痛日记的习惯，详细记录头痛每次发作前后的作息、环境变化、饮食及情绪状态，以便精准识别并规避偏头痛诱发因素。",1133,['CN 中国偏头痛诊治指南患者版2025_1773147379'],"['c5f6d5c9-f8eb-4880-9972-3bb50f919e50'
 '4aab4d03-ce66-4db6-a788-9003c27b2b31'
 'feefc672-655c-4aff-b2ee-c64cb61d94c6'
 'c3f3e0a2-b439-418c-8e3a-dfe05188e92e'
 '7d777bb2-0c76-4ac1-8785-7129d390adca'
 '3acafcc5-ef29-4bf3-b0bf-08c344c8b974'
 '4f1c0085-a439-48cf-bf54-fc60e20072de'
 'b1e81cc1-f898-4d8f-81e5-5e616c823016'
 'bffe8fae-74bb-4f73-a514-82260e8fdf3a'
 '2c812533-1cac-4757-86ec-a4fa90725e7e'
 'd14c01b3-4038-4981-bc73-a3bc16d1650b'
 '66d4fce7-68da-448b-afbe-f5b410881b51'
 '8af4de3f-2a72-400a-9ce8-0552e05b4e4f'
 '3704a4b0-c397-4015-90a1-2abab80369df'
 'b7de3528-4187-4590-8766-991c08cdeccd'
 '93063cf4-9878-46e0-b89f-19f983c715fb'
 '8aa7d0c6-42b1-401d-8ded-643435f13cfa'
 'b00f31ac-da4f-45a9-9625-8c6a5d5cdd6b'
 'e027b1d0-e3e1-4b30-a7a7-f758fe298fb7'
 '515c98ea-4425-4aab-87e8-192b43a48525']","['90327990-fb84-48db-a15c-54143a784a1a'
 '66372d36-d54b-4014-8fb4-8bb59a5b1faa'
 '084bf73b-164a-4dd1-a4eb-57d951ad98c4'
 '10196252-f8ed-4bf5-b5da-b204b2379658'
 'a23d7646-14cc-45d5-a00f-90a825353989'
 'ed136419-71d6-4b71-a231-6fbaa1bc2324'
 '88ed6d4e-489b-4eb5-9b8b-84a4045def18'
 '37be96da-88d1-4f09-a970-08a6ab53a90f'
 'fc959d42-92fe-4449-a1d2-62cba77f6e32'
 'f0687221-dd65-425c-bfac-114893023fac'
 '34374e9f-6fa6-499e-83bf-857bb3e7f6b4']",[]
2653331ae1a0ba2677f7f7fede8c932f4b673f0e7e38b666bf8abe90cb1a55923a96232e869023bd456e3c3629127c57fc4c106fb80ebee74e25f5e088d36f51,152,"METADATA:
{
  ""parent_headings"": [
    ""# 4. 偏头痛的影响""
  ]
}

CONTENT:
问题（9）：为什么说偏头痛是一种失能性疾病？

偏头痛被视为严重失能性疾病，因为它在发作期和发作间期均对患者的生活造成显著影响。在发作期，剧烈头痛常常迫使患者中断日常活动，严重时甚至需要卧床休息。伴随症状（如恶心、呕吐），以及对光线和声音的敏感，会明显加重患者的不适。此外，注意力不集中、乏力和嗜睡等问题也进一步妨碍了日常功能。对于有先兆偏头痛患者，视觉干扰或肢体无力可能在发作前或发作时出现，严重影响视觉功能和运动能力。

在发作间期，许多患者因担心下一次偏头痛何时来袭而产生焦虑情绪，尤其缺乏来自家人或周围人的理解和支持时，心理负担更加沉重。频繁的头痛可能导致反复请假或缺勤，严重者甚至面临失业或辍学的风险。在家庭中，偏头痛还可能限制患者

参与家庭活动或承担家务责任，进而引发误解与家庭矛盾。总体而言，偏头痛不仅带来身体上的痛苦，也在心理和社会层面产生了显著的负面影响。

问题（10）：偏头痛长期频繁发作，会不会引起别的疾病？

如果偏头痛长期得不到有效控制，反复发作可能导致一系列身心健康问题。患者可能面临焦虑、抑郁和睡眠障碍等心理和躯体症状，不仅影响情绪，也会进一步加重头痛本身。更值得注意的是，长时间频繁的发作还可能导致头痛慢性化，也就是说，头痛的天数越来越多、恢复期越来越长，甚至变成几乎每日头痛。研究表明，每年有 $2 . 5 \% \sim 3 \%$ 的偏头痛患者从发作性偏头痛转变为慢性偏头痛，使治疗变得更加复杂 [14]。

虽然偏头痛在过去被认为是一种良性的、反复发作的脑功能障碍性疾病，但近年来的研究表明，偏头痛患者更易罹患一些严重的健康问题。例如，与普通人群相比，偏头痛患者在头颅磁共振检查中更容易发现无症状的脑白质病变。有先兆偏头痛患者则面临更高的心脑血管疾病风险，其中缺血性脑卒中（包括脑梗死和短暂性脑缺血发作）的风险是普通人群的 2 倍 [15]。因此，对于有先兆偏头痛的患者，建议严格戒烟，并避免使用含有雌激素的复方激素类避孕药，以免进一步增加脑卒中风险[15,16]。

问题（11）：偏头痛可以治愈吗？

目前，偏头痛尚不能完全治愈，但通过积极干预可显著减少发作频率，减轻头痛严重程度，从而使偏头痛的影响降到最低。值得欣慰的是，如果管理得当，偏头痛的症状可以随着年龄增长而逐渐缓解。国外流行病学研究显示，偏头痛的患病率在青春期开始显著上升，并在生育年龄的女性中达到最高水平。通常，40 岁左右是偏头痛的活跃高峰期，而在 50 岁以后，多数患者的症状会逐渐好转，老年人群中患偏头痛的情况较为少见[9]。

但这一自然缓解趋势并不意味着可以消极对待—若管理不当（忽视生活方式调整、长期过度使用镇痛药或未规范进行预防性治疗），可能导致偏头痛症状加重或慢性化，使病程发展背离年龄增长（50岁后）伴随的缓解趋势，持续影响生活。",1542,['CN 中国偏头痛诊治指南患者版2025_1773147379'],"['c5f6d5c9-f8eb-4880-9972-3bb50f919e50'
 '22d225b1-76ff-426f-947a-ff0ac592f5e5'
 '2204a97f-dc1e-4a8c-af51-3898e309d8b3'
 'c514bd28-682f-421b-adfe-90a509606492'
 'ee08258f-7327-46f1-9459-c1bbd95e644d'
 '68c355a0-8e8f-4c73-8c57-373ebb9c4985'
 '45634f2b-61bb-4499-bcc2-e16d456622be'
 '5d9d0d25-0832-4ae4-8ef1-f7b48ddba1df'
 'f3eb32df-f80a-40c2-96af-f4905808eb17'
 '738eb7c6-01a4-4be8-9d9d-ce776e1d05f5']","['99482d7e-b368-4c48-b92d-a7bf7b5ac08d'
 'dad5744b-efdd-43aa-bb4d-87fb06f29a25'
 '3fe3c0c6-674e-4c87-8d45-0aa03cf35548'
 'da7cd9fd-2206-421f-8506-73ec1250ca80'
 'c9c90aed-253b-4f00-ba95-af613cb46edc'
 '437a0361-bdab-41a4-a16e-d904ac217b31'
 '10310953-c3e8-4633-accc-2b9b887cd4ba'
 '3fa55471-1c10-4364-add2-85baa5c9625c'
 '701245e3-533a-4332-b924-aee5b85e42fb']",[]
b7e036cfc0af89cf534a04c0ac3f2fbc6e874136c11185ada17d5096022d926e9e2a09a1ed4b0e1ea393f799d3d6d782ee1649ce5ddcc0bd974e684c92a1a789,153,"METADATA:
{
  ""parent_headings"": [
    ""# 5. 偏头痛的日常管理与自我帮助""
  ]
}

CONTENT:
问题（12）：为什么需要记录头痛日记？

记录头痛日记是管理偏头痛的重要方法。通过日记，患者可以记录头痛的频率、持续时间、严重程度、伴随症状，还可以记录发作前的饮食、活动、睡眠情况以及情绪变化等。这样，患者有机会识别

可能的诱发因素，例如特定的食物、各种压力或环境变化。头痛日记还能帮助评估现有治疗的效果，为医师提供具体信息，以便优化治疗计划。坚持记录头痛日记有助于增强患者自我管理能力，使其在治疗中更加积极主动。通过这样的系统记录，患者不仅能更好地管理自己的健康状况，还能为医师提供更有力的诊断和治疗依据。

问题（13）：为了减少偏头痛，应如何调整日常生活？ [17]

生活方式调整是管理偏头痛的基础，适用于所有偏头痛患者。正如在问题（8）和（12）中提到的，识别并规避偏头痛的诱因至关重要。但更为关键的是我们不仅要学会“避开诱因”，还要学会“主动应对”。首先，保持生活的规律性十分重要，确保充足且规律的睡眠时间，固定的用餐时间，避免禁食或跳餐，并保持充足的水分摄入。运动有助于提升整体健康，还可以减轻偏头痛的频率和强度，中等强度的有氧运动和瑜伽都是不错的选择 [18]。建议从小量有氧运动开始，在不诱发头痛的前提下逐步增加运动强度和时间，规律坚持是取得良好效果的关键。压力管理也是重要的一环。心理和行为干预，如放松训练、冥想和认知行为疗法，已被证明在缓解压力和改善偏头痛方面有一定疗效。最后，在进行这些生活方式调整时，请不要给自己施加过大的压力。偏头痛是一种复杂的疾病，由多种因素引起，

即使患者已尽最大努力去调整，偏头痛仍可能会反复发作，这并不意味着失败。在这种情况下，应结合其他治疗手段进行辅助干预。",829,['CN 中国偏头痛诊治指南患者版2025_1773147379'],"['c5f6d5c9-f8eb-4880-9972-3bb50f919e50'
 '4fecd4c7-5f5d-46fe-aeb4-add079b62a68'
 '95c2221c-a8d4-4c4b-92c4-2d0063b59b45'
 '7cd243f9-a35e-4f44-a071-dfccdb964aee'
 '9b6e30ef-3db1-434f-86a4-196fd6c79b16'
 'f7afeb90-29e5-4f8f-adf9-8b482f4438a8'
 '3f35d186-2ef8-4ccc-991b-fb60b0b68e3a'
 'f346902a-dee6-4c31-82da-0df2e2e5d439'
 '98eaadbe-1576-453a-8240-cc09d8de394d']","['2dd1bd4f-9985-438d-8be8-b4186f1fd157'
 'aa3b2929-729e-4b9d-a35f-cfc74684b7e8'
 'a467b35b-a4e8-485a-93a6-aac414613f21'
 '8d573f7b-0df7-4aa0-ad67-36eacbe18ffd'
 '095ad7d0-9ab2-4370-bbcb-55eb684024ea'
 '03972645-5713-42f4-be4a-9586cc081673'
 '61edec98-ac98-4caf-bfbe-881eef073530'
 '5ee2d0ba-78b2-455d-8ea8-a5c2bb3cd6f1'
 '231ea0b6-c12b-4447-b676-7288989d29af'
 '2e331034-f2e6-4fbd-b4bd-95a7881f9826']",[]
363b6f4fe840a82e2f2626f490dcb8da3de821cda42ac4f70ba0da92fba6668706d3e8bf6ad7f088fd38c3486b672b17640aefe778000d68b857659286405ea0,154,"METADATA:
{
  ""parent_headings"": [
    ""# 6. 偏头痛的镇痛方法 [1,2]""
  ]
}

CONTENT:
问题（14）：有哪些非药物的镇痛方法？

在偏头痛发作时，非药物的镇痛方法可以作为有效的辅助手段来缓解症状。首先，消除已知诱因并保持充足的休息是关键。如果条件允许，建议在黑暗且安静的房间中休息，有助于缓解不适。此外，头部按摩、使用冰帽或热敷等物理疗法可能有助于减轻头痛。穴位点按、针灸、神经阻滞和神经调控等方法，也在一些研究中被证实对缓解偏头痛有效，是可以考虑的治疗选择。这些方法可以根据个人的体验和偏好，单独使用或与药物治疗联合应用来帮助减轻偏头痛。

问题（15）：有哪些镇痛药可供选择？

在偏头痛发作时，可选择使用非特异性药物、特异性药物以及止吐药来缓解症状。非特异性药物主要包括非甾体抗炎药、对乙酰氨基酚和含咖啡因的复方镇痛药，适用于各种类型的疼痛（如关节痛、腰背痛等），不局限于偏头痛（见表2）。特异性药物是专门针对偏头痛发病机制而研发的，主要包括曲普坦类药物和降钙素基因相关肽 (calcitonin generelated peptide, CGRP) 受体拮抗剂（见表 3）。关于CGRP 靶向药物的详细介绍可参考问题（21）中的

表2 非特异性镇痛药物  


<!-- TABLE_METADATA: {""type"": ""table"", ""page"": 0, ""table_idx"": 1, ""caption"": ""表2 非特异性镇痛药物"", ""footnote"": """", ""extracted_from"": ""mineru_api""} -->
<table><tr><td>药物名称</td><td>关键信息</td><td>常见不良反应</td></tr><tr><td>布洛芬</td><td>·轻中度头痛首选</td><td></td></tr><tr><td>双氯芬酸</td><td>·依赖/过度使用的风险相对较低</td><td rowspan=""3"">通常耐受性良好，以胃肠道反应为主</td></tr><tr><td>萘普生</td><td>·缓释剂型不适用于快速镇痛需求</td></tr><tr><td>阿司匹林</td><td>·恶心、呕吐明显时，可选择肛门栓剂</td></tr><tr><td>对乙酰氨基酚</td><td>同上</td><td>通常耐受性良好</td></tr><tr><td rowspan=""3"">含咖啡因的复方制剂</td><td>·适用于中重度头痛</td><td></td></tr><tr><td>·使用前应关注药物成分，避免重复用药引起不良反应叠加</td><td rowspan=""2"">与具体药物成分相关</td></tr><tr><td>·含苯巴比妥的复方制剂不推荐使用</td></tr></table>

表3 特异性镇痛药物  


<!-- TABLE_METADATA: {""type"": ""table"", ""page"": 0, ""table_idx"": 2, ""caption"": ""表3 特异性镇痛药物"", ""footnote"": """", ""extracted_from"": ""mineru_api""} -->
<table><tr><td>药物名称</td><td>关键信息</td><td>常见不良反应</td></tr><tr><td>利扎曲普坦（口服）</td><td>·适用于中重度头痛</td><td rowspan=""2"">·通常耐受性良好，偶有服药后喉咙或胸部紧缩感，虚弱乏力等症状</td></tr><tr><td>佐米曲普坦（口服、口腔崩解片、鼻喷剂）</td><td>·对于有先兆偏头痛患者，不建议在先兆期使用曲普坦类药物</td></tr><tr><td>舒马普坦（口服）</td><td>·如呕吐明显，可用佐米曲普坦鼻喷剂</td><td>·严重心脑血管疾病患者禁用</td></tr><tr><td>瑞美吉泮（口腔崩解片）</td><td>无依赖/过度使用风险</td><td>通常耐受性良好</td></tr></table>",1476,['CN 中国偏头痛诊治指南患者版2025_1773147379'],"['c5f6d5c9-f8eb-4880-9972-3bb50f919e50'
 '599ef6e7-b688-4e19-80a1-0274ae6f9411'
 '1327d89e-633b-4bf1-90a9-6f8fb2d785c2'
 '65d3d7dc-e834-4a59-af35-999ce69134b8'
 'e2b51cdc-bb66-4388-80c7-2c503528ad2f'
 '3634babb-dcfa-44b0-b42f-5f1844803469'
 '05f8eef9-d144-455b-b6ad-50889ba85614'
 '5a667348-2a12-49d8-b0b6-3dee2bfd3d02'
 '672b065c-f3ef-4bf7-a1d6-bd58bf3cc96b'
 'c77afdf4-4824-4763-94c2-c1786b8a5ed5'
 'af9b8a0d-41ea-4ebf-ac48-0f3c83d33e60'
 '495fc0d7-99db-4d45-8d4e-a3ddf3af6a64'
 '16e4f1c7-2d67-4915-9f50-6e850cd5590a'
 '46daa996-b846-4691-ad40-514d58beb302'
 '768df263-ee92-4d77-b4fb-7bb4b1ef636b'
 '47f38979-4778-474e-b4e9-aadaecfd60be']","['7e1b0fd8-39fc-48a0-8240-21a18abbf766'
 '72269967-2d36-4acc-a3d4-2cdd801275fc'
 '1b71dc44-7650-471b-a788-5ba0d6aec287'
 'b6588989-2963-4138-b52c-dad9d1569c20'
 '3f16e940-ea6d-46b0-8394-a848e8f896db'
 '54930a6e-0bc4-4324-bf98-020d4a063a0b'
 '416a429a-28dc-4133-bdd6-a5f9bdaccbea'
 '510a7bb6-8863-488b-8c66-333e9105da30'
 '72017cf0-21c7-436b-9448-d8ad6140c4ca'
 '960bed26-a82a-4e1f-a0a9-ce8e2e37a05b'
 '4ae4e3f7-dc47-4f10-81d1-d85b06cbba9a'
 '29c4017d-317e-4710-af93-57d47266ab65'
 '6230a754-dca7-44bb-8ca5-26c379b67202'
 '884cb84f-b17c-4c09-b1e7-fbbf2fb9f587'
 'd76b6cfc-b5fe-4196-8753-8f8eb73a41f8']",[]
00f6ae08bfe86a45fb0a5b9bb0c1af4689dc9a8bf3e904dafc085247d4891d45662af08314d8f37937a0c4846545bd0e0f2b558d3b42b0faee320aca0426b1c1,155,"METADATA:
{
  ""parent_headings"": [
    ""# 警示语：""
  ]
}

CONTENT:
每周使用镇痛药的天数不应超过2天，否则可能导致药物过度使用性头痛。对于曲普坦类和复方镇痛药，使用时应更加谨慎。需注意，即使交替使用不同种类的镇痛药，如果整体使用频率过高，仍可能引发药物过度使用性头痛。

特别提醒：不可滥用镇痛药物，建议在医师指导下规范用药。

对应章节。除此之外，甲氧氯普胺、氯丙嗪、异丙嗪、多潘立酮等止吐药不仅能有效缓解偏头痛伴随的恶心、呕吐等症状，还能促进其他药物的吸收，从而提高头痛的整体治疗效果。

问题（16）：什么是药物过度使用性头痛？[3]

药物过度使用性头痛是指由于频繁规律使用镇痛药物而导致原有头痛症状加重或出现新的头痛。这种情况表现为：头痛天数增加，镇痛药疗效的下降，不得不服用越来越多的镇痛药，但头痛却愈发严重，进入了“越吃越疼，越疼越吃”的恶性循环，使头痛的管理变得更加困难。当患者在 1 个月内出现 15 天及以上的头痛发作，并且在连续 3 个月内规律使用过量的镇痛药时，即可被诊断为药物过度使用性头痛。在这种情况下，建议及时就医，在医师的指导下戒断镇痛药物，并根据情况增加必要的预防性治疗。

问题（17）：如何快速镇痛？

尽早用药：在头痛出现时，应尽早使用药物，因为当头痛程度升至中至重度时，药物的镇痛效果可能会明显下降。选择快速剂型：避免选用缓释剂型，优先考虑口腔崩解片、冲剂、混悬液、鼻喷剂或注射等快速起效的剂型。非经口途径用药：当恶心呕吐明显时，建议采用注射、鼻喷剂或肛门栓剂，以确保药物能够有效吸收并发挥作用。联合用药：可以考虑将不同机制的药物联合使用，例如非特异性药物联合特异性药物可增强镇痛效果。然而，应警惕联合用药可能增加药物过度使用性头痛的风险，因此须谨慎使用并在医师指导下进行。

7. 偏头痛的预防治疗 [1,19]

问题（18）：什么是偏头痛的预防治疗？

偏头痛的预防治疗是一种长期、规律的管理策略，旨在通过使用药物或非药物方法，有效减少偏头痛发作的频率、严重程度和持续时间，从而提升

生活质量。与仅在疼痛时使用的急性镇痛药不同，预防治疗需要患者持续进行，即便在没有头痛的日子里也需坚持。

问题（19）：成功的预防治疗能达到哪些效果？

在接受预防治疗时，患者需要建立合理的预期：预防治疗的目标并不是彻底治愈偏头痛，而是有效地控制其发作，减轻影响，让生活更加轻松、有序和高效。一般来说，当偏头痛的严重程度和发作频率降低 $50 \%$ 及以上时，即可认为预防治疗是成功的。理解这一关键要点，有助于患者积极配合治疗方案，从而实现更理想的长期管理效果。

问题（20）：哪些人需要进行预防治疗？

如患者满足以下任一情况时，建议与医师讨论预防方案（见表4）。

预防治疗的主要目标是减轻偏头痛对日常生活的负面影响，而不是仅仅关注发作的次数。因此，即使偏头痛发作次数较少，但如果对患者的生活功能造成严重干扰，预防性治疗可能仍然是必要的。反之，如果发作相对频繁但对日常生活的影响较小，则可能无需采取预防治疗。

这种治疗决策需要患者与医师共同讨论，以达成最佳方案。在这个过程中，需全面考虑患者的整体健康状况、用药的潜在风险和不良反应、治疗的可行性以及预期收益等多个因素。

问题（21）：可以使用哪些治疗来预防偏头痛?

预防性治疗多为处方药，口服药物通常需从低剂量开始，并根据患者的耐受情况逐步调整至目标剂量。由于个体差异，剂量需求可能不同，因此具体用药方案应由医师根据患者的个人情况进行制订。基于这一点，在此不列出具体药物剂量，不建议自行购药或调整用药，请务必遵循医师的指导进行治疗。

需要注意的是，一方面，并非所有人都会出

表4 预防治疗指征  

<table><tr><td>适用情况</td><td>具体表现示例</td><td>患者行动建议</td></tr><tr><td>发作频繁或影响生活</td><td>·每月头痛≥2次
·常因头痛缺勤/缺课、取消社交活动</td><td>记录头痛日记，标注缺勤/缺课等天数</td></tr><tr><td>镇痛药效果差或不良反应大</td><td>·服用镇痛药后2小时仍无法缓解
·不良反应难以耐受</td><td>整理用药清单，携带就诊</td></tr><tr><td>需频繁使用镇痛药</td><td>·每周使用镇痛药&gt;2天
·出现“镇痛药越吃越频繁、越吃效果越差”的现象</td><td>立即就诊评估药物过度使用风险</td></tr><tr><td>特殊类型偏头痛</td><td>确诊为以下类型：
·偏瘫型偏头痛
·脑干先兆偏头痛
·偏头痛先兆期延长
·偏头痛性脑梗死</td><td>·记录发作特征（视频+文字）
·建立个人医疗档案</td></tr><tr><td>主动寻求长期控制</td><td>重要人生阶段（如升学、换工作等）需稳定控制头痛</td><td>列出生活改善目标，与医师共同制订方案</td></tr></table>

现表 5 中列出的不良反应；另一方面，这些不良反应仅涵盖了相对较常见或重要的部分，并不代表所有可能的不良反应。如有疑虑，或在治疗过程中出现任何问题或不适，请务必及时咨询医师。此外，鉴于大多数预防药物可能影响胎儿和婴儿的发育，或相关安全性目前尚不明确，孕妇、哺乳期女性及有备孕计划的男女均应在用药前与医师进行充分沟通，以确保用药的安全性。",2576,['CN 中国偏头痛诊治指南患者版2025_1773147379'],"['c5f6d5c9-f8eb-4880-9972-3bb50f919e50'
 '2d369837-9fd2-4cd4-bc6e-c6ec00c7de94'
 '9fce3bdb-2664-44e9-93aa-4ecd2bcd6b48'
 '5145a6db-710e-4c5c-b97d-50967b3c6861'
 '52a27b22-b7b4-4966-9cd2-52c9e357f1f4'
 '8ec8617f-d3b0-44f0-9d4f-1ecc352e77a4'
 'de47c0c9-473a-44ea-8d31-73a8c89b74f7'
 'aa6a2b04-6f9d-473c-bc21-b77ec33692bd'
 'd446b0a9-fbd5-4e9e-92d4-68da78e6b6a7'
 '9603fefd-9820-45e8-9569-3c89bd5b1565'
 'aca72720-5173-4cc6-82d3-203e632c4f0a'
 '2e93eb43-b70c-4e1d-9ca9-95c84112cb45'
 '495fc0d7-99db-4d45-8d4e-a3ddf3af6a64'
 '0f70279f-773a-4497-aaa6-2b0dc542b908'
 'e9fe0c78-2557-4f34-9099-5646a0100122'
 'c07bad11-ceea-4fcc-8802-422e4bd12d14'
 'fca0831b-0909-4c40-b802-553f8fa9c1b5']","['0995acf5-ee3b-41cf-8453-b7cabbd2d4ed'
 'cdff8b69-3418-488f-9717-8d172c16a8d5'
 'dd066af6-96a1-4311-8212-d0af592d323d'
 '60636a32-57fa-40ca-849d-5b52ba02770e'
 'e4de01bd-00c0-4f94-973f-094a3f0a37be'
 'a8391c48-4bab-4ab8-83e5-ddb6281c17d1'
 'fcf8294c-97be-4266-9b33-58997d52d4dd'
 'b63764fc-bee8-40b6-bb0a-128d0e7e0468'
 '6ef9408d-b8b7-4063-8b5f-c56975fa2481'
 '0fbd6ab3-d150-4e5e-a35a-f8849bb342bc'
 'e6345d48-7d79-4a79-b40a-384cbbd9e4fb'
 'bf9a8a6e-8055-4005-825e-3bb0bd6ffc34'
 'c643a39b-86ee-44eb-9ee0-56f777ebf366'
 '87a6e8f5-1342-4acd-96f5-63872309bb3a'
 'db2666fe-91f1-4b32-b4b3-0330f3aa3643'
 '598dd15b-4ca3-4ef1-8511-8a162f275ca2'
 '645d5bb5-4b66-44f4-86f8-bb8718405c3a'
 '0fd54c77-6835-4990-aa6d-4a98730b37c4']",[]
ce245f775d35ff93a0b71a0da8c38a9daf1441422fdbfc3b5693c0258a3a739d2f29f767a98cf04d1296d0fdc62d345c27fba81c543d719ce7dd4624b66b865d,156,"METADATA:
{
  ""parent_headings"": [
    ""# 警示语：""
  ]
}

CONTENT:
传统预防治疗药物：传统用于预防偏头痛的药物包括抗惊厥药、抗抑郁药、降血压药和肉毒素等，虽然这些药物最初并非专门为偏头痛研发，然而，通过大量临床研究和长期观察，发现它们在偏头痛预防方面具有一定疗效（见表 5）。因此，这些药物现已用于偏头痛的预防治疗。这种使用方式称为“适应证拓展”，其基础是严格的医学研究和循证医学原则。

CGRP 靶向药物：CGRP 是一种重要的多肽类神经递质，研究表明其在偏头痛的发生过程中起到

了关键作用。基于这一发现，科学家们开发了专门针对 CGRP 的药物，称为 CGRP 靶向药物。该类药物通过精准阻断 CGRP 与其受体的结合，干扰其异常信号传导，从而改善偏头痛症状，降低发作频率，成为目前偏头痛治疗的重要创新选择。

预防性的 CGRP 靶向药物主要有两类：一类是单克隆抗体，包括依瑞奈尤单抗 (Erenumab)、瑞玛奈珠单抗 (Fremanezumab)、加卡奈珠单抗 (Galcane-zumab) 和艾普奈珠单抗 (Eptinezumab)，这些药物通过注射给予，周期为每月 1 次或每 3 个月 1 次；另一类是小分子 CGRP 受体拮抗剂，包括瑞美吉泮和阿托吉泮，它们为口服药物。截至2025年5月，中国大陆已批准上市的相关药品包括瑞美吉泮、依瑞奈尤单抗以及加卡奈珠单抗（见表6）。

其他药物：一些营养补充剂如辅酶 Q10、核黄素（维生素 $\mathrm { B } _ { 2 }$ ）和镁已在部分研究中用于偏头痛的预防。虽然初步研究表明这些补充剂可能有一定益处，但其整体疗效证据有限。

表5 偏头痛传统预防治疗药物  

<table><tr><td>药物名称</td><td>关键信息</td><td>常见不良反应</td></tr><tr><td>氟桂利嗪</td><td>·钙通道拮抗剂
·因可能有嗜睡不良反应，氟桂利嗪多在晚上服用
·考虑长期应用的不良反应，建议总疗程应不超过6个月</td><td>·不良反应：嗜睡、体重增加
·禁用于抑郁症、帕金森病患者</td></tr><tr><td>丙戊酸钠</td><td>抗惊厥药</td><td>·不良反应：恶心、体重增加、嗜睡、月经失调、手抖、脱发、肝功能异常
·禁用于肝病患者</td></tr><tr><td>托吡酯</td><td>·抗惊厥药
·因部分患者有减轻体重的不良反应，可能是肥胖患者的优先选择</td><td>·不良反应：嗜睡、认知和语言障碍、异常感觉（麻刺感）、体重减轻、泌尿系结石</td></tr><tr><td>美托洛尔</td><td>·为β受体阻滞剂，具有降低心率和血压的作用</td><td>·不良反应：心动过缓、低血压、嗜睡、无力、运动耐量降低</td></tr><tr><td>普萘洛尔</td><td>·对于合并高血压或心律失常的患者，可能是优先选择</td><td>·禁用于哮喘、房室传导阻滞、心动过缓患者</td></tr><tr><td>阿米替林</td><td>·抗抑郁药
·因可能有嗜睡不良反应，阿米替林多在晚上服用
·对于合并抑郁的患者，可能是优先选择</td><td>·不良反应：口干、嗜睡、体重增加、排尿异常、便秘
·禁用于青光眼、严重心脏病、癫痫、肝功能损害、前列腺增生患者</td></tr><tr><td>坎地沙坦</td><td>·降血压药
·对于合并高血压的患者，可能是优先选择</td><td>不良反应：血管性水肿、低血压</td></tr><tr><td>A型肉毒毒</td><td>·每3个月注射1次
·推荐用于慢性偏头痛患者</td><td>不良反应：上睑下垂、肌肉无力、注射部位疼痛和颈部疼痛</td></tr></table>

表6 偏头痛CGRP靶向预防治疗药物  

<table><tr><td>药物名称</td><td>关键信息</td><td>常见不良反应</td></tr><tr><td>瑞美吉泮</td><td>• CGRP受体拮抗剂
• 含服（口腔崩解片）
• 既可用于预防治疗，也可用于急性镇痛
• 预防治疗用法为：隔日服用1次</td><td>通常耐受性良好</td></tr><tr><td>依瑞奈尤单抗</td><td>• CGRP受体单克隆抗体
• 皮下注射（自动注射笔）
• 每月注射1次</td><td>注射部位疼痛或红斑、便秘，通常耐受性良好</td></tr><tr><td>加卡奈珠单抗</td><td>• CGRP单克隆抗体
• 皮下注射（自动注射笔）
• 每月注射1次</td><td>注射部位疼痛或红斑，通常耐受性良好</td></tr></table>

非药物治疗：除了药物治疗之外，偏头痛的预防还可以通过多种非药物方法来实现，这些方法可以单独使用，也可以与药物治疗联合应用，以辅助缓解偏头痛。神经调控技术：通过电流或磁场刺激神经系统，包括三叉神经电刺激、非侵入性迷走神经刺激、经颅磁刺激和远程电神经调节。生物行为疗法：如认知行为疗法、生物反馈和放松疗法，通过对心理和生理的调整来缓解症状。其他辅助方式：物理疗法、针灸和健康生活方式等也有助于缓解偏头痛。适当结合这些非药物治疗方法，不仅可以有效减少对药物的依赖，还能提升整体疗效，从而改善生活质量。",2405,['CN 中国偏头痛诊治指南患者版2025_1773147379'],"['c5f6d5c9-f8eb-4880-9972-3bb50f919e50'
 'ee08258f-7327-46f1-9459-c1bbd95e644d'
 '2d369837-9fd2-4cd4-bc6e-c6ec00c7de94'
 'bc837053-52fd-4f31-957c-524663285995'
 '205033e7-ce21-4198-898a-f0b7413c4cde'
 'cd70c412-3d4d-4191-9ae7-d932e0a6a20a'
 'f1eb9799-f1a6-48ad-ac82-8c60f17c3892'
 '4dfa20f3-b6e7-4a28-af18-7efd3b407b66'
 '9d3c2661-1151-4a6f-a939-fe48b78e4c34'
 '04566857-388a-425f-a025-8ee6aaf0017e'
 '7cdc4baf-1688-4b5c-bf35-7db16295d1e2'
 '4ec719e6-20e3-4c4a-a8b3-bba27866d6c0'
 '545da2a4-1bb8-4191-9eb9-6c1e2306dd98'
 '7ad64e84-caaf-400a-a47d-cd154bf42ce2'
 '4b74457b-80c7-4a47-8242-3db71e2ed1dc'
 'e91cd220-52b5-4161-a028-c2b7a2f78e38'
 '5d558f3b-f96a-4fb0-b399-9efe6b57615c'
 'f254997e-2e24-4ddb-ada2-d67f15fc28ae'
 '3a4d3391-a9df-4486-9ddb-956db27597a9'
 'e36ec160-f227-4556-8290-48352bc4390c'
 '32c369f2-8672-46da-a872-71274288b7d1'
 'f8001f1c-8620-4fbf-82cd-85e94af54bb2'
 'e0690bb3-26da-45d7-a8c6-2d4ff50bddde'
 '124a7201-42b5-413c-afe9-8f521aa6772a'
 '1bf903fe-b13b-4783-b4f8-0ef58a18d439'
 '86cdea0a-acbf-4fb9-854e-d3e58cee8156'
 '5e7ec8de-14ae-45ad-abce-6f0222cdd276'
 '59fa2bc8-5ccd-4817-8637-f6e62c57a3bd'
 'a9c9e451-3bca-4ddb-aeb9-0a989d552f79'
 'e17357b3-03dc-468a-90bb-50f313e71d8f']",,[]
96c1d632d42d78b15760ba4e1da4df401b53c363449c8289a6c5a8655253b6e3367dc93e0498869705de3a1078f9431e54990c712a7219ef6884c8a8885a035c,157,"METADATA:
{
  ""parent_headings"": [
    ""# 警示语：""
  ]
}

CONTENT:
问题（22）：如何与医师共同制订适合自己的偏头痛预防方案？

在制订偏头痛预防治疗方案时，医师会综合评估多方面因素，并与患者保持密切沟通。通过充分交流，患者与医师可以共同确定最适合其个人的药物或非药物治疗策略。表 7 是患者需要关注的重点内容。

问题（23）：预防治疗的疗程？

当患者开始偏头痛的预防治疗时，可能期望发作能立刻停止，但实际上，预防治疗通常需要一定的时间才能显示效果。对于口服预防药物，通常从单一药物和小剂量开始，根据患者的耐受程度逐渐增加剂量，直至达到推荐剂量或最大耐受剂量。在达到目标剂量后，需至少观察 8 周以判断疗效。注射类药物通常需要使用至少 3 个月后才能进行疗效评估。无论是口服药物还是注射类药物，如果显示出疗效，建议继续使用，总疗程至少为6个月。因此，开始新的预防治疗计划时，需要保持耐心，并与医师定期沟通，以便有效评估和适时调整治疗方案，从而达到最佳效果并提高生活质量。

8. 偏头痛与卵圆孔未闭 [20~22]

问题（24）：什么是卵圆孔未闭？

卵圆孔未闭 (patent foramen ovale, PFO) 是一种常见的先天性心脏结构异常。在胎儿期，左右心房之间存在一个正常的缝隙，称为卵圆孔，通常在出生后自然闭合。如果在 3 岁以后仍未闭合，则称为卵圆孔未闭。在成年人中，约每 4 人中就有 1 人存在这种情况。

问题（25）：卵圆孔未闭与偏头痛有关吗？

PFO 与偏头痛之间确实存在一定的关联，尤其是在有先兆偏头痛的患者中，PFO 的发生率相对较高。部分患者在接受 PFO 封堵术后，偏头痛症状有所改善，这也提示两者之间可能存在某种联系。然而，偏头痛是一种由多种因素引发的复杂疾病，PFO 与偏头痛的关联在不同人群中可能表现出较大差异。迄今为止，有关 PFO 封堵术治疗偏头痛的 3个随机对照试验结果均为阴性，即未能证实 PFO 手术较常规的药物治疗能更有效地改善偏头痛的发作频率及危害。因此，对于个体而言，PFO的存在不一定与偏头痛有直接因果关系，目前也没有可靠的方法来区分“致病性”或“无辜性”的 PFO。因此，在评估和处理PFO与偏头痛之间的关系时，需要神经内科、心内科、心外科等多学科合作，根据每位患者的具体情况进行个体化分析和判断，而不是一概而论。

问题（26）：偏头痛患者有必要筛查卵圆孔未闭吗 ?

并不是所有偏头痛患者都需要进行 PFO的筛查。一般情况下，筛查更适用于以下人群：患有先兆偏头痛、合并脑梗死以及难治性偏头痛的患者。对于这些特定类型的患者，进行 PFO 筛查可能有助于进一步明确病因或指导后续治疗，因此在这些情况下，考虑进行PFO筛查可能是一个合理的选择。

表7 预防治疗的选择策略  


<!-- TABLE_METADATA: {""type"": ""table"", ""page"": 0, ""table_idx"": 6, ""caption"": ""表7 预防治疗的选择策略"", ""footnote"": """", ""extracted_from"": ""mineru_api""} -->
<table><tr><td>关键因素</td><td>解释与建议</td></tr><tr><td>疗效证据</td><td>首先选择经指南推荐的一线药物，确保疗效得到验证</td></tr><tr><td>合并健康问题</td><td>如果患者有其他健康问题（如抑郁、焦虑、肥胖、高血压、低血压、失眠、癫痫、青光眼、肾结石、肝功能损坏等），优先选择能兼顾这些问题的药物，或避免使用会加重这些问题的药物</td></tr><tr><td>耐受性</td><td>了解不同药物的不良反应，选择患者能够耐受的药物，便于长期使用</td></tr><tr><td>头痛类型</td><td>针对患者的头痛类型（如发作性或慢性），选择适合这种情况的药物</td></tr><tr><td>其他药物</td><td>如果患者正在服用其他药物，确保新药物不会与其冲突，避免不良反应</td></tr><tr><td>个人偏好</td><td>与医师分享患者的用药偏好（如剂型和给药频率）；若处于中高考、职业资格考试等对认知功能要求较高的关键时期，应提前告知医师，尽量规避可能影响注意力、记忆力或反应能力的药物</td></tr><tr><td>过去用药经验</td><td>告诉医师患者过去对特定药物的疗效及不良反应</td></tr><tr><td>过敏和禁忌证</td><td>注意药物的禁忌证和过敏反应，如有相关历史，应告知医师</td></tr><tr><td>费用与保险</td><td>了解药物费用和保险报销情况，选择在经济上可承受的方案</td></tr></table>",1989,['CN 中国偏头痛诊治指南患者版2025_1773147379'],"['c5f6d5c9-f8eb-4880-9972-3bb50f919e50'
 'ee08258f-7327-46f1-9459-c1bbd95e644d'
 '52a27b22-b7b4-4966-9cd2-52c9e357f1f4'
 'dff3ffe1-c797-49a5-a7d4-29dfebe42ec8'
 '1b06acc6-60bd-4cdb-ace3-310f3c9f4cb0'
 '68c355a0-8e8f-4c73-8c57-373ebb9c4985'
 'd0acb291-5ca1-4c8b-8b88-229172464051'
 '5f4447ce-6308-4f27-868d-d03aa826eb14'
 '49447b96-f34d-4c8b-b5f0-67fb2d2a687f'
 'd262aeb9-b731-4120-9a04-1171d194d8b4'
 '4b715d4b-aa90-4594-93e8-cbcda6a191af'
 '3d89cad9-e294-4680-9d0b-0ad09e28ce65']","['dad5744b-efdd-43aa-bb4d-87fb06f29a25'
 'c21a566d-e9ba-4527-9291-8d1b82166cf8'
 'd1c90309-ee9d-471a-a8b6-32e3f59eb44f'
 '8045aac9-33a9-4492-8384-9544ac17ffb7'
 'fb2154d4-af7a-4044-b038-7c55964166c4'
 '82cba27d-f8ff-4c6d-87de-c294998fdc2c'
 'e70c47f6-79d9-4149-a00f-63b6ffa2d231'
 '256e2776-c099-4013-9437-db6d1d2fb83c'
 'ff937259-ca62-4296-9b4d-a7fdbd778bd0'
 'bffbe131-d155-407d-a5b7-f9a5d8cec20b'
 'dda56a22-9682-419d-9bd3-7e333e45c592']",[]
e39433eef3f59bb2bbddbab5bdebd461a1380645820dfc011d01cc24749184bd0555fd7e8aed1306a32718535e5ec92c234dee2031f4b07f8a3e1357dc93c88f,158,"METADATA:
{
  ""parent_headings"": [
    ""# 9. 月经期出现的偏头痛 [4,23]""
  ]
}

CONTENT:
问题（27）：什么是月经性偏头痛？

月经性偏头痛是一种特殊的偏头痛类型，通常没有先兆，发作时间较长，疼痛更为剧烈，并伴有更多的失能症状（如无法工作、必须卧床休息）。多发生在“围经期”，即从月经前 2 天到月经第 3天的这个时间段（共 5 天）。如果偏头痛频繁且规律地在这段时间发作（连续 3 次月经周期中至少 2次头痛），就有可能是月经性偏头痛。建议记录头痛日记，帮助医师判断偏头痛与月经周期的关联，进一步明确诊断。

目前的研究表明，月经来潮前雌激素水平的显著下降是诱发月经性偏头痛的关键因素。同时，月经第 1 天时子宫内膜释放大量前列腺素进入血液循环，也可能是导致月经性偏头痛发作的重要原因。如果偏头痛仅在围经期出现，则称为单纯月经性偏头痛；如果在围经期外的其他时间也有偏头痛发作，则称为月经相关性偏头痛。

问题（28）：月经性偏头痛如何治疗？

急性镇痛治疗：月经性偏头痛的急性镇痛方法与普通偏头痛相似，但由于症状通常更为严重且持续时间较长，服用镇痛药后复发的可能性也更高，因此建议优先选择较强效且长效的药物。对于合并痛经的患者，非甾体抗炎药可能是优先选择，因为其能够抑制前列腺素的生成，从而同时缓解痛经。

围经期短程预防治疗：由于月经性偏头痛具有一定的周期规律性，因此可以在围经期采用短程预防治疗。与需要长期服药的长期预防治疗不同，短程预防集中在月经期周围的特定时间段进行。有研究结果表明，非甾体抗炎药、曲普坦类药物等镇痛药以及镁剂可用于短程预防。需要注意的是，连续使用镇痛药物也可能增加药物过度使用性头痛的风险，特别是在月经期之外头痛也频繁发作的患者中。在这种情况下，可考虑使用 CGRP 受体拮抗剂（如瑞美吉泮）。该类药物具有急性镇痛和预防治疗的双重适应证，同时不会引发药物过度使用性头痛，是一个值得考虑的选择。

规律长期预防治疗：如果偏头痛在围经期之外也频繁发作，建议首先采用常规的偏头痛预防原则进行规律的长期预防，相关内容参见问题（ $1 8 { \sim } 2 3$ ）。经过标准疗程治疗后，如果仍无法有效控制围经期的偏头痛发作，可以在发作时尝试急性镇痛治疗。如果效果仍不理想，可联合围经期的短程预防进行综合管理。",1113,['CN 中国偏头痛诊治指南患者版2025_1773147379'],"['545da2a4-1bb8-4191-9eb9-6c1e2306dd98'
 '92e42688-265e-4203-902a-19615b559fcb'
 '672b065c-f3ef-4bf7-a1d6-bd58bf3cc96b'
 'b3e93546-76ab-4e44-ad7a-aac2e9a6b094'
 'fc7b4882-bed6-4fd3-8c7a-8c5e2391788e'
 'fbc7cd84-3753-46b0-9700-39bb036a4fdd'
 '328bfdfa-a105-49ad-b834-31ba9109d422'
 '16d66934-2f34-47c2-a976-dc5f2fc31119'
 'cdccccdf-64c9-4add-b3ea-05df9140c861'
 '76dc1358-42a1-48ff-9c05-d2aea6cbf68b'
 'f51a431a-39ec-47bd-8b50-c0bcc4ab8f85'
 '4d513558-0c54-478d-b9cb-f1cc0be151bf'
 'fe442815-00a6-4755-b782-359219b53b5c']","['31baf1a5-c48a-481e-9f7e-8661558809cd'
 '3d04e0e8-ca98-404b-9e71-ed193746b59d'
 '737bffcf-f6ff-4fa3-8bd7-d2421ae34313'
 'c9608d92-6d96-4f4a-9415-b9d38f5cc4e2'
 '146900ca-5182-4fa0-acbb-ccccac433d8e'
 'e78cc797-d98a-4864-89bb-6f0d8f2da07f'
 'c98a1eda-08fa-49b2-98e6-dd193890969d'
 '52c74de9-8c88-4428-97d6-914101e1a5a6'
 '11a0f96d-39b1-4fe9-956c-0a80efa405d5'
 'a572471b-b4a6-4533-ba66-529f5bf73bbd'
 '09aee9ef-3ffc-4886-99c6-2f4b47696d6c'
 'e3f92052-22fb-47be-ba2f-c9bf851286e5']",[]
e46eeb2680b79e516b9870bd93fa65eb50a69dcbfbd682f8bb828d016a324780c9c265003b55b9cb07448c5efa8cec73db9c6f2731ad970ba367c73234d0121d,159,"METADATA:
{
  ""parent_headings"": [
    ""# 10. 如何就医""
  ]
}

CONTENT:
问题（29）：如何找到专业看头痛的医师？

根据既往流调数据，我国偏头痛诊断和治疗方面仍然存在较大不足，医师的正确诊断率仅为$1 3 . 8 \%$ [24]。为改善这一现状，2022 年中国研究型医院学会头痛与感觉障碍专业委员会正式启动《中国头痛防控基地及体系建设》项目，其后初步建成了一个覆盖全国的头痛防控网络，相关工作于 2023年获“十四五”国家重点研发计划支持。经过严格的培训和评估，参与的医疗机构能够提供高水平的头痛诊疗服务。截至2025年3月，该项目在全国31个省级行政区建立了498家头痛中心和头痛门诊[25]。这些中心和门诊被整合成《中国头痛地图》，只需扫描下方二维码（见图 3），即可轻松找到离其最近的头痛领域相关医师和诊疗机构。


<!-- IMAGE_METADATA: {""type"": ""image"", ""page"": 8, ""image_idx"": 2, ""caption"": ""图 3 中国头痛地图"", ""context_before"": ""根据既往流调数据，我国偏头痛诊断和治疗方面仍然存在较大不足，医师的正确诊断率仅为$1 3 . 8 \\%$ [24]。为改善这一现状，2022 年中国研究型医院学会头痛与感觉障碍专业委员会正式启动《中国头痛防控基地及体系建设》项目，其后初步建成了一个覆盖全国的头痛防控网络，相关工作于 2023年获“十四五”国家重点研发计划支持。经过严格的培训和评估，参与的医疗机构能够提供高水平的头痛诊疗服务。截至2"", ""context_after"": ""问题（30）：就医时应做好哪些准备？"", ""extracted_from"": ""mineru_api""} -->
![](images/7072d628f83b629bb735c87ae298e5c09c13e5ba0b0fff057e03ef7a14db407e.jpg)  
图 3 中国头痛地图

问题（30）：就医时应做好哪些准备？

为了高效与医师沟通，建议患者在就医前做好以下准备：首先，整理相关病史资料，包括头痛日记、既往的检查结果和病历。其次，准备一份当前和之前使用药物的清单，注明剂量和使用时间，以便医师了解患者的药物反应和用药历史。最后，提前列出希望向医师咨询的问题和具体的担忧或需求，例如可能的治疗方案、用药方法及其药物不良反应等。",958,['CN 中国偏头痛诊治指南患者版2025_1773147379'],"['c5f6d5c9-f8eb-4880-9972-3bb50f919e50'
 '71232442-b935-4d3e-9ea1-b561b553b27f'
 '09ce15cb-75b4-4d3e-a092-dcb5fd130e30'
 'cbbd71dc-b390-473b-8454-c24407cdc9e9'
 '6c58efd3-7023-4b35-ab47-4c798a231d12']","['1628a434-85bb-4c3a-af52-2c54805c6248'
 '15920554-6ccd-41c2-9d90-3f3f75a90a21'
 '3ba1580e-1d05-4fec-949e-82c49ca2732a'
 '6cd69304-07ef-4139-aaf8-41387aa363ac']",[]
e5186bb6d352a27917ac8367b8fb3678ef25aaa7f613b8bb0aefd254e410395d49875a159c5a4455a5a92f145688b7d02107af25020f5a8a10ae594a37c49c85,160,"METADATA:
{
  ""parent_headings"": [
    ""# 五、总结""
  ]
}

CONTENT:
本指南作为我国首部以患者需求为导向的偏头痛管理指南，整合最新科学证据与临床专家共识，系统覆盖疾病认知、诊断、治疗及生活方式管理等核心内容。旨在为患者及照护者提供全流程科学指导，通过兼具实用性与可操作性的内容设计，帮助提升自我管理能力。指南鼓励患者主动参与治疗决策，与医师充分沟通以制订个体化方案，实现更佳的偏头痛控制效果。期望本指南成为偏头痛患者日常管理的实用工具，持续助力改善生活质量。同时，也诚恳欢迎读者提出宝贵意见和建议，以便后续版本进一步改进完善。

利益冲突声明：所有作者声明本指南无任何利益冲突。

声明：本指南由中国研究型医院学会头痛与感觉障碍专业委员会制订。指南中所包含的意见并不代表中国研究型医院学会头痛与感觉障碍专业委员会所有成员和专家的观点。此外，我们郑重声明，本指南中的观点不得用于商业推广和宣传。",429,['CN 中国偏头痛诊治指南患者版2025_1773147379'],"['c5f6d5c9-f8eb-4880-9972-3bb50f919e50'
 '71232442-b935-4d3e-9ea1-b561b553b27f'
 '3bb8f887-c2e4-4c1f-8dc8-8e37bda23e8d'
 '888a8b05-79dc-479c-b918-af589e0ee022'
 '60e256e2-2bfc-48d6-921e-72de0b62f21b']","['d173d2f8-1f07-44ec-aae8-f77b8da5e6d0'
 '8c2b1810-bef7-4d58-b88c-79c016f81e55'
 'f3a142eb-c028-4a67-9513-a601f842a070'
 'bed7a7d7-fd8b-420b-8fd0-64593390ae3c'
 '50409e0f-50d0-450e-8378-52df129b9b68'
 'aae8066b-257a-4fc7-b977-9c3e29b15114'
 '79b0686d-9d30-4fb1-8d82-09b0924c1021']",[]
66209208e2347a494df585b3043c733e732556f0fb1c59d136397a89b7e5072224d9acd0be409bc30047755f31cd366f0c432821c50e393acbfd3e15b53fb4de,161,"METADATA:
{
  ""parent_headings"": [
    ""# 《中国偏头痛诊治指南（患者版）》编写委员会名单：""
  ]
}

CONTENT:
指南专家组成员（按姓氏笔画排序）：

于生元（中国人民解放军总医院）、于挺敏（吉林大学第二医院）、万东君（中国人民解放军联勤保障部队第 940 医院）、万琪（江苏省人民医院）、王丹（中国人民解放军北部战区总医院）、王哲（大连医科大学附属第一医院）、王贺波（河北省人民医院）、王盛书（中国人民解放军总医院）、王小娟（广州市第一人民医院）、王晓琳（中国人民解放军总医院）、叶钦勇（福建医科大学附属协和医院）、付剑亮（上海市第十人民医院）、左世伦（陆军军医大学附属第二医院）、毕伟（暨南大学附属第一医院）、刘洋（齐齐哈尔医学院附属第二医院）、刘若卓（中国人民解放军总医院）、刘恺鸣（浙江大学医学院附属第二医院）、刘振国（上海交通大学医学院附属新华医院）、刘红星（南京脑科医院）、江名芳（内蒙古医科大学附属医院）、曲红丽（厦门大学附属第一医院）、陈玲（昆明医科大学第一附属医院）、陈敏（郑州大学第一附属医院）、陈晨（山西省心血管病医院）、陈莉（广西医科大学第一附属医院）、陈建军（丽水市中心医院）、陈春富（山东省立医院）、何俐（四川大学华西医院）、何秋（辽宁省人民医院）、李丽（晋城大医院）、李磊（哈尔滨医科大学附属第二医院）、李东芳（山西医科大学第二医院）、李自如（内蒙古自治区人民医院）、李军杰（首都医科大学宣武医院）、李明欣（山东大学齐鲁医院）、李现亮（广州医科大学附属第二医院）、李焰生（上海交通大学医学院附属仁济医院）、连亚军（郑州大学第一附属医院）、邱石（航天中心医院）、沈航（中国医学科学院北京协和医院）、肖哲曼（武汉大学人民医院）、杨晓苏（中南大学湘雅医院）、杨嘉君（上海市第六人民医院）、陆正齐（中山大学附属第三医院）、余能伟（四川医学科学院·四川省人民医院）、张明洁（中国人民解放军总医院）、张洁（中南大学湘雅二医院）、张亮（青岛大学附属医院）、张玉

虎（广东省人民医院）、张忠玲（哈尔滨医科大学附属第一医院）、张爱武（广东省第二人民医院）、范志亮（邢台市人民医院）、罗国刚（西安交通大学第一附属医院）、孟强（云南省第一人民医院）、武剑（清华大学附属北京清华长庚医院）、武力勇（首都医科大学宣武医院）、周志彬（三亚市人民医院）、周道友（广东省中医院）、周冀英（重庆医科大学附属第一医院）、洪道俊（南昌大学第一附属医院）、刘毅（山西省人民医院）、胡冬梅（山东第一医科大学第二附属医院）、胡兴越（浙江大学医学院附属邵逸夫医院）、姚源蓉（贵州省人民医院）、赵红如（苏州大学附属第一医院）、赵红玲（大连市中心医院）、赵传胜（中国医科大学附属第一医院）、高晓玉（烟台毓璜顶医院）、顾萍（江苏省人民医院）、顾群（湖州市第一人民医院）、桂韦（中国科学技术大学附属第一医院）、郭淮莲（北京大学人民医院）、郭晓敏（陕西省人民医院）、聂志余（同济大学附属同济医院）、徐鹏（济宁医学院附属医院）、徐小林（天津市环湖医院）、徐隋意（山西医科大学第一医院）、袁学谦（郑州市第二人民医院）、袁俊亮（北京大学第六医院）、曹云刚（温州医科大学附属第二医院）、曹克刚（北京中医药大学东直门医院）、黄译腺（苏州大学附属第二医院）、梅利（西宁市第一人民医院）、董钊（中国人民解放军总医院）、董铭（吉林大学白求恩第一医院）、童秋玲（温州医科大学附属第一医院）、满玉红（吉林大学第二医院）、渠文生（华中科技大学同济医学院附属同济医院）、蔡宏斌（兰州大学第二医院）、蔡海燕（宁夏回族自治区人民医院）、蔡继福（香港大学深圳医院）、廖松洁（中山大学附属第一医院）、黎佳思（海军军医大学第一附属医院）、冀雅彬（南方医科大学南方医院）、薛战尤（上海冬雷脑科医院）、魏慧星（福建医科大学附属第一医院）执笔人：张庆奎（中国人民解放军总医院）、何孜姿（中国人民解放军总医院）、林晓雪（中国人民解放军总医院）、陈晨（山西省心血管病医院）、苏慧（中国人民解放军总医院）、刘虹（山西省心血管病医院）

基金项目：国家重点研发计划项目 (2023YFC2508705）

通信作者：于生元 yusy1963@126.com；董钊 dong_zhaozhao@126.com",2128,['CN 中国偏头痛诊治指南患者版2025_1773147379'],"['feb1caeb-3404-4349-9971-8685e023b889'
 'b3ef6a6c-5800-4400-be00-5b76d4d50b49']","['4989b104-c057-4275-85a5-7935ca1d386c'
 'c6e97233-810e-49c2-9332-13b20ebba876']",[]
e0d5d87e7e971868201858622b8be0e2105145d6c199eb9ac6979f01aba230c254d1161d9aa9a77676409060d3632db4de8128424e3f3c19ba8a51e305581c97,162,"METADATA:
{
  ""parent_headings"": [
    ""# 偏头痛与抑郁障碍共病诊治中国专家共识*""
  ]
}

CONTENT:
# 偏头痛与抑郁障碍共病诊治中国专家共识*

中国医师协会神经内科医师分会疼痛与感觉障碍学组


<!-- IMAGE_METADATA: {""type"": ""image"", ""page"": 0, ""image_idx"": 0, ""caption"": """", ""context_before"": ""中国医师协会神经内科医师分会疼痛与感觉障碍学组"", ""context_after"": ""一、前言"", ""extracted_from"": ""mineru_api""} -->
![](images/c0fd4f8376875fb754e7ad083357c8b1706702c6b30794726a1a11ce33625ef9.jpg)",197,['CN 偏头痛与抑郁障碍共病诊治中国专家共识_1773147393'],"['c5f6d5c9-f8eb-4880-9972-3bb50f919e50'
 'f4932f30-fa71-4ff6-9c84-ad040e1362b9'
 '3a9fb096-71ea-439a-9820-4b34c716ec50'
 '943b55dd-e426-4bcb-bef9-7c75d248a417']","['9d252019-6bfd-414f-943f-6555f237bfd5'
 '0ec3073b-176b-41e9-8e6f-48102aaa46cf'
 '10c08321-6d47-45ba-8fa7-e29514444c9f']",[]
b3ca485866dc26056066465b2eabd5c67623d4092c30bd65a877bafe69c41234102c63cabd95cdbbaa5c9996c0e94da9595ad2ec9edbcdf80af8a7ac9391ef8f,163,"METADATA:
{
  ""parent_headings"": [
    ""# 一、前言""
  ]
}

CONTENT:
偏头痛是一种常见的原发性头痛，严重影响病人的生活质量 [1]。抑郁障碍同样是严重的致残性疾病 [2]。研究表明由于共享多种发病机制，偏头痛与抑郁障碍共病颇为常见，且二者共病可能导致更复杂的症状和更差的预后 [3]，病人饱受痛苦。目前多数临床医师对二者共病的认识不足，缺乏识别诊断能力，使得偏头痛病人合并的抑郁障碍或抑郁状态常被忽视，而抑郁障碍病人中相当部分的偏头痛未被识别，这种忽视可能导致治疗效果不佳，亟需提高临床认知。加之二者分别归属不同学科疾病范畴，为共病的识别诊断及综合管理带来困难。从文献检索结果看，国内外尚缺乏针对偏头痛与抑郁障碍共病的指南或共识等指导性报道，为了更好地诊断及管理偏头痛与抑郁障碍共病，本共识编写组特邀请神经科及精神科临床专家共同参与，首次就偏头痛与抑郁障碍的共病进行系统的阐述和总结，并首次制定了筛查诊断路径，对治疗提供建议，以期提高临床医师对共病的识别诊断和综合管理能力，给予病人更有针对性的治疗，改善预后。",581,['CN 偏头痛与抑郁障碍共病诊治中国专家共识_1773147393'],"['c5f6d5c9-f8eb-4880-9972-3bb50f919e50'
 'f4932f30-fa71-4ff6-9c84-ad040e1362b9'
 '3a9fb096-71ea-439a-9820-4b34c716ec50'
 '26011183-cf1f-4247-aa8e-b318c6e3260d']","['9e2acb00-1222-4a13-a8c8-2e0d0e650f53'
 '41a8c400-6585-44c1-b922-cfc6921fb295'
 'ca6e05b7-9abe-404d-a1df-5c7c5dcb0e77'
 'fd605037-7543-4b36-85d3-cd292e2e6e71']",[]
55a10d2794ee69c451012e44ecfbbb5a8f608d0b5357030d506f20708b3c0ce2bc2e52fdced5a132300f441ba8ef197e7e5f7b55642edbc68b35acd72963c75c,164,"METADATA:
{
  ""parent_headings"": [
    ""# 二、流行病学""
  ]
}

CONTENT:
国外数据显示，偏头痛的全球患病率为 $1 1 { \cdot } 6 \%$ [4]，抑郁障碍的全球患病率为 $4 { \cdot } 4 \%$ [5]。国内流行病学调查显示，我国偏头痛年患病率为 $9 . 3 \%$ ，其中女性年患病率达 $1 2 { \cdot } 8 \%$ [1]；抑郁障碍终生患病率为$6 { \cdot } 8 \%$ [2]。

偏头痛与抑郁障碍关系密切。早在 20 世纪 90年代，Breslau 等开展的大规模流行病学研究显示，偏头痛病人（与非偏头痛人群相比）患抑郁障碍的风险更高（相对风险RR, 3.2; $9 5 \% C I ,$ , 2.3-4.6），同样，抑郁障碍病人（与非抑郁人群相比）患偏头痛的风险也更高 (RR, 3.1; 95%CI, 2.0-5.0)（Mark 等，2013）。该研究首次揭示了偏头痛与抑郁障碍存在双向相关，互为危险因素。2019 年一项纳入 4 项队列研究和 12 项横断面研究的大样本系统综述和Meta 分析为偏头痛和抑郁障碍之间的关系提供了真实可靠的结果，分析数据显示，无论在纵向研究还是在横断面研究中，偏头痛均使抑郁障碍风险增加2 倍 [6]。 C

目前缺乏中国人群的偏头痛与抑郁障碍相关性的大规模流行病学调查，有小样本横断面研究揭示偏头痛人群中抑郁的发生率高于健康对照（张蓉等，2010）。此外，与发作性偏头痛相比，慢性偏头痛更容易合并抑郁（ $3 0 { \cdot } 0 \%$ vs. $5 6 . 6 \%$ ; OR, 3.05;95%CI 2.74-3.40；PHQ-9 量表评价）（Adams 等，2015）。相比较无先兆偏头痛，女性先兆偏头痛病人更容易合并抑郁 （Oedegaard 等，2006）。抑郁障碍伴偏头痛病人焦虑、抑郁及躯体症状量表得分较高（Hung 等，2015）。

不同研究间存在一定异质性，但总体来说，偏头痛病人的抑郁障碍患病风险是非偏头痛病人的$2 \sim 4$ 倍，抑郁障碍病人的偏头痛患病风险也约为$2 \sim 4$ 倍，两者存在双向相关性。",996,['CN 偏头痛与抑郁障碍共病诊治中国专家共识_1773147393'],"['c5f6d5c9-f8eb-4880-9972-3bb50f919e50'
 '786aee20-368c-47af-a372-405ce47433b1'
 'ee08258f-7327-46f1-9459-c1bbd95e644d'
 '68c355a0-8e8f-4c73-8c57-373ebb9c4985'
 '5f4447ce-6308-4f27-868d-d03aa826eb14'
 '3a9fb096-71ea-439a-9820-4b34c716ec50'
 'f31e4c51-2e2f-48b4-8466-c14597dcf075']","['41a8c400-6585-44c1-b922-cfc6921fb295'
 '1387505b-e20a-4ec2-9697-71242b6c11de'
 '6e702351-437c-4361-b18c-56ed5d1240ec'
 '8e3106f3-c89e-449b-b060-0b517e5e0255'
 '054e7882-c0c3-4f9f-af72-ac3cbddc611b']",[]
bca8fa5027c8e1746de107e238f45011e36372dca01c37e40539a58e715f29845d3eb6826b13ae576427b31f2f21c95d7b4987fa0ba1c5e78828dd10ac555cff,165,"METADATA:
{
  ""parent_headings"": [
    ""# 专家共识一：""
  ]
}

CONTENT:
偏头痛与抑郁障碍相互增加发病风险，两者存在双向相关性，需引起重视。",44,['CN 偏头痛与抑郁障碍共病诊治中国专家共识_1773147393'],"['c5f6d5c9-f8eb-4880-9972-3bb50f919e50'
 'f4932f30-fa71-4ff6-9c84-ad040e1362b9'
 '3a9fb096-71ea-439a-9820-4b34c716ec50']","['9e2acb00-1222-4a13-a8c8-2e0d0e650f53'
 '41a8c400-6585-44c1-b922-cfc6921fb295'
 'ca6e05b7-9abe-404d-a1df-5c7c5dcb0e77']",[]
486f8a3445f82739b48b2d88f0689cd9f83a8b402cd4cab663aaa55848e2ffd3c3d0af270adba939808175ad5cb986a9ba12636a5baf02444314158e3a272e28,166,"METADATA:
{
  ""parent_headings"": [
    ""# 三、病因及发病机制""
  ]
}

CONTENT:
偏头痛与抑郁障碍共病的病因尚未完全明确，两者双向增加患病风险可能与他们共享遗传、环境、病理机制有关，也可能是一种障碍为另一种障碍所引发 [3]。",97,['CN 偏头痛与抑郁障碍共病诊治中国专家共识_1773147393'],"['c5f6d5c9-f8eb-4880-9972-3bb50f919e50'
 'f4932f30-fa71-4ff6-9c84-ad040e1362b9'
 '3a9fb096-71ea-439a-9820-4b34c716ec50']","['9e2acb00-1222-4a13-a8c8-2e0d0e650f53'
 '41a8c400-6585-44c1-b922-cfc6921fb295'
 'ca6e05b7-9abe-404d-a1df-5c7c5dcb0e77']",[]
0de3c81ea080361763a263dbd5e9dd2dc059c9c9636b275d80daa9a533b6e7f0b6976102a24bff16afaeeb92af067b86386abf213cdbeeff7fce6f423d4ff6f1,167,"METADATA:
{
  ""parent_headings"": [
    ""# 1.大脑结构基础""
  ]
}

CONTENT:
神经影像研究显示，异常的大脑结构和脑区功能连接为偏头痛与情感障碍共病的结构学基础。偏头痛病人疼痛网络灰质体积降低，前扣带回、杏仁核、海马旁回灰质体积的降低与头痛发作频率相关[7]，这些区域与应激网络有重合。在偏头痛的间歇期或发作期，存在多脑区过度活化，包括前扣带回皮层、前岛叶、前额叶皮层、海马和杏仁核 [8]，这些脑区同样也与抑郁相关。抑郁障碍病人接受选择性 5-羟色胺及去甲肾上腺素再摄取抑制剂 (SNRI) 如去甲文拉法辛治疗后，丘脑-皮质-导水管周围灰质(PAG)的疼痛网络连接密度降低，且与疼痛评分的下降呈正相关，提示抑郁障碍中存在疼痛通路异常，也佐证了SNRI类药物对与抑郁相关疼痛的治疗作用 [9]。",408,['CN 偏头痛与抑郁障碍共病诊治中国专家共识_1773147393'],"['c5f6d5c9-f8eb-4880-9972-3bb50f919e50'
 'b2b82dcf-cf38-449d-af31-7822570bf272'
 '155c094e-d12c-437f-be39-a32cb976de80'
 '714e16e1-a03c-4079-9843-6b9f00a51ada'
 'e14d7fc9-1a54-4ea1-b606-5fde07ba6ce2'
 'd1e57fb7-1134-42d1-918a-173fd2a3ecde']","['dd28ef9d-d7bb-4654-a234-643a78a3c404'
 '03b3a79d-fdd1-4564-8df7-f816aeb8c1b7'
 '9d503d25-6b71-49b4-ab92-ef008ea657ce'
 '53b81d78-38fc-4e6a-944a-ebb81a995316'
 '9ca2b1a9-0701-4c84-849f-9df58f96edd7']",[]
088f82ffaee5685f7330690f9ba754ac2b0833a2a86c352c8ed1168f836fdb9beeaf74ccd6bba5b719d18621ee6736e2316e82552594004c36faa302bd473491,168,"METADATA:
{
  ""parent_headings"": [
    ""# 2. 神经递质异常""
  ]
}

CONTENT:
神经递质，尤其单胺递质异常是抑郁障碍发病机制的重要因素，也对偏头痛的发生发展有重要意义。无论情感网络的前额叶、海马、杏仁核，还是疼痛传导相关的 PAG、延髓头端腹内侧区 (RVM)、蓝斑 (LC)，均包含 5-羟色胺 (5-HT) 能、去甲肾上腺素 (NE) 能、多巴胺 (DA) 能神经元，其相互之间构成复杂联系，共同参与情感、行为、疼痛的调节。

（1）5-HT：为研究最为广泛的神经递质，具有调节 5-HT 或其受体作用的药物可用于治疗偏头痛（如曲普坦类）和抑郁障碍（如选择性 5-HT 再摄取抑制剂，即 SSRI 类药物）。但抑郁障碍病人脑内 5-HT 呈低下水平，而偏头痛病人脑内 5-HT 处于巨大的波动状态（Ferrari 等，1993），SSRI 类药物虽可显著缓解抑郁症状，但对偏头痛治疗无效 [10]，提示导致共病的递质异常不单纯集中于5-HT系统。  
（2）NE：NE 能神经元起源于蓝斑，既是疼痛下行传导通路的组成部分，也是情感通路的关键环节，NE系统的异常可能为共病的机制之一（Stahl等，2002）。  
（3）DA：偏头痛前驱症状多对多巴胺敏感[11]，抑郁也与多巴胺能系统紊乱相关 [11,12]。

（4） $\gamma \mathrm { . }$ -氨基丁酸 (gamma-aminobutyric acid, GABA)：是中枢神经系统中重要的抑制性神经递质，研究表明无论抑郁障碍病人还是偏头痛病人，扣带回皮质的 GABA 均处于低水平 [13,14]。托吡酯和丙戊酸既可作为偏头痛的预防药物，也可作为情感稳定剂治疗双相情感障碍，被认为与其可增加GABA能系统效率有关。",777,['CN 偏头痛与抑郁障碍共病诊治中国专家共识_1773147393'],"['c5f6d5c9-f8eb-4880-9972-3bb50f919e50'
 '4dfa20f3-b6e7-4a28-af18-7efd3b407b66'
 'de47c0c9-473a-44ea-8d31-73a8c89b74f7'
 '3a9fb096-71ea-439a-9820-4b34c716ec50'
 '161b5639-e30c-4197-b803-302021a475cd'
 '4bb2b862-78f0-4f1e-a3bc-add658c87bd5'
 '030054f1-5a98-417e-9d45-86fdb30665c2'
 '3ea4e624-afaf-449c-93c2-d46b45a94c6c'
 '9d917f78-95f0-4186-adfd-41804059ff34'
 '6d23bdd2-19cd-4bce-8178-810920126250'
 '177028ee-8535-476e-8a5e-dc9c3df28682'
 'a1a98b5f-7245-45e6-bc2d-fbd4fffcfe4b']","['edce154c-738a-407d-a4b3-1573c8d9556e'
 '41a8c400-6585-44c1-b922-cfc6921fb295'
 'ab69aed8-396d-484e-9e1a-1b02dee7d374'
 'b2afcfb0-8f4e-4255-8a18-463f697aecf7'
 'eb749cfa-8a59-495a-903b-91ed05772a70'
 '7e86a3cd-f6b3-4c4f-96d5-10ae746b741d'
 'f1280f63-6d1a-41bd-ab77-bd309de0cbeb'
 'c60ee5f6-f597-4811-b046-72e10de6a6ad'
 '74809475-d9d6-4677-9eda-755232d2bc50'
 'a032fe7f-7ee3-4211-a1fe-0466acf91d75'
 '10e6ccb2-44c3-43a4-a6a0-1e4c90b43e84'
 '11140252-ea0f-4731-a9cd-856c553fa053']",[]
1ffe2d0bab187b0df1646a43533f007cf04968951108797f8a2079c7447cfe2c500113a87e98099ae88711680e4cdef578cde98d34f527406a6338fa908e5f3c,169,"METADATA:
{
  ""parent_headings"": [
    ""# 3. 遗传因素""
  ]
}

CONTENT:
偏头痛和抑郁均存在遗传倾向，且均存在多基因遗传背景。双胞胎研究提示偏头痛和抑郁大约$20 \%$ 的变异发生于共同的基因（Schur等，2009），其共享的遗传背景或可用来解释抑郁及偏头痛共病的原因。目前发现的与抑郁障碍和偏头痛相关的基因包括 5-HT 转运体 (5-HTT) 基因 (SLC6A4) 的启动子区 (5HTTLPR) [15]、多巴胺受体基因等位基因DRD2[16]和 DRD4[17]、GABA 能系统的GABRQ 和GABRA3基因[18]，这同样支持共病中神经递质的参与。另外，编码叶酸代谢关键酶—亚甲基四氢叶酸还原酶 (MTHFR) 基因，其 C677T 变异与有先兆偏头痛显著相关 [19]。研究同样表明此变异与抑郁障碍的发病相关 [20]，提示MTHFR C677T 可能也是偏头痛与抑郁障碍的共享基因之一。",398,['CN 偏头痛与抑郁障碍共病诊治中国专家共识_1773147393'],"['c5f6d5c9-f8eb-4880-9972-3bb50f919e50'
 'c514bd28-682f-421b-adfe-90a509606492'
 'f876774e-8109-4973-ab87-780a0cf26034'
 '74dd9b32-c3ea-4d0e-8dd0-76932b737583']","['3fe3c0c6-674e-4c87-8d45-0aa03cf35548'
 'ed47403c-9279-4482-9cb8-03ae2025ca8e'
 'ba751b0d-c576-4e10-8dca-3f849dd8cccd'
 '51b45072-5e6e-4b31-bb79-5b0e69feb585']",[]
785de8b67ededd4d6c44df527b789753430167dcd3b171c7f6b26154153a00255dae617c61f33eab08a492c1e0e24e70b6d64ad299b4968f99e81ad2301fce5e,170,"METADATA:
{
  ""parent_headings"": [
    ""# 4. 环境和应激因素""
  ]
}

CONTENT:
一项前瞻性队列研究探索多种应激源（如童年创伤、婚姻、经济和工作问题、慢性应激、社会支援的改变等）对偏头痛与抑郁障碍共病的影响，研究显示偏头痛和抑郁障碍之间存在双向相关，但矫正应激源后，二者相关性大幅衰减，提示应激在共病中的作用（Swanson 等，2013）。动物实验也同样证实此观点：不可预测的温和应激会导致大鼠抑郁，且加重上矢状窦电刺激所致的头痛行为学（Zhang等，2013）；反复化学刺激大鼠硬脑膜后，大鼠会产生显著的抑郁情绪，前额叶的 5-HT 及 DA水平显著降低 [21] ，提示头痛同样可能作为一种应激源，导致了抑郁的发生。",347,['CN 偏头痛与抑郁障碍共病诊治中国专家共识_1773147393'],"['c5f6d5c9-f8eb-4880-9972-3bb50f919e50'
 'f4932f30-fa71-4ff6-9c84-ad040e1362b9'
 '3a9fb096-71ea-439a-9820-4b34c716ec50']","['9e2acb00-1222-4a13-a8c8-2e0d0e650f53'
 '41a8c400-6585-44c1-b922-cfc6921fb295'
 'ca6e05b7-9abe-404d-a1df-5c7c5dcb0e77']",[]
ea1083f6adf5fd73507f9c8f7bba9e0766d0dde517044024c9d1564182c5f406f00571f058d93f84dffd8824b4adf826df6e32c60cd4cbeded8dd0790b9d83a0,171,"METADATA:
{
  ""parent_headings"": [
    ""# 专家共识二：""
  ]
}

CONTENT:
偏头痛与抑郁障碍共病的发病机制可能涉及大脑结构及功能改变、神经递质功能异常、遗传因素（共享致病基因）、环境和应激因素等，也提示了未来的药物研发方向。",95,['CN 偏头痛与抑郁障碍共病诊治中国专家共识_1773147393'],"['c5f6d5c9-f8eb-4880-9972-3bb50f919e50'
 'f4932f30-fa71-4ff6-9c84-ad040e1362b9'
 '3a9fb096-71ea-439a-9820-4b34c716ec50']","['9e2acb00-1222-4a13-a8c8-2e0d0e650f53'
 'ca6e05b7-9abe-404d-a1df-5c7c5dcb0e77']",[]
4539c484e5bf2d61749b4d64c10d034e623dd3ef4e3c28a227462428e6862fde175c62c0bdbea123d78990880838c55f2a3fb1f48f7172a9e35b73ec0541a88e,172,"METADATA:
{
  ""parent_headings"": [
    ""# 四、识别与筛查""
  ]
}

CONTENT:
筛查诊断与抑郁障碍共病的偏头痛时，头痛病史、头痛预警信号及头痛特征是重要的判断标准，同时需

结合辅助检查诊断/排除头痛相关原因。对于 $\textcircled{1}$ 伴头痛病史、无明显预警信号的抑郁障碍病人，或 $\textcircled{2}$ 伴头痛病史、头痛发作时虽有预警信号，但经辅助检查可排除导致头痛的其他原因时，若其头痛特征满足偏头痛标准，病人可诊断为偏头痛和抑郁障碍共病。

建议有条件的医院对慢性偏头痛病人、偏头痛规范治疗效果不佳的病人、转诊至头痛亚专科门诊的病人常规筛查，或通过问诊了解病人是否最近2周经常出现情绪低落、兴趣或乐趣丧失等核心症状后，使用如下的工具进行筛查： $\textcircled{1}$ 病人健康问卷-9(PHQ-9)：是临床研究及门诊中较常使用的病人自评工具（见表 1），简单、快速，也适合在头痛门诊中使用， $8 \sim 1 1$ 分作为临界评分可作为诊断参考的界值 [22]； $\textcircled{2}$ PHQ-15：适用于筛查躯体化障碍和评估躯体症状的严重度； $\textcircled{3}$ 其他可用的抑郁筛查工具：如贝克抑郁自评量表 (BDI)，他评量表如汉密尔顿抑郁量表 (HAMD)。以上量表目前仅 PHQ-9 在偏头痛人群中进行过诊断性验证 [23]。",640,['CN 偏头痛与抑郁障碍共病诊治中国专家共识_1773147393'],"['c5f6d5c9-f8eb-4880-9972-3bb50f919e50'
 'ee08258f-7327-46f1-9459-c1bbd95e644d'
 '3a9fb096-71ea-439a-9820-4b34c716ec50'
 '09f840fb-577c-466d-988a-7bdae2b6580d'
 '27ddfe54-c949-4ae8-907c-f6a495d105c8'
 'da1dae88-7c95-4c19-815f-167d7dc03a41'
 'b0ee3359-33be-4018-8f17-731335da3eac']","['b7913743-28ae-4ec2-bad5-0336edd00995'
 'b2fefd16-d6bf-4b52-b49d-4faddaa3f06f'
 '1055a410-991f-4cc9-9279-1a816c01e629'
 '696b876c-b54e-4bd9-a351-fa6eac0c262a'
 '12ff5fc7-f06c-4429-9317-0f03b2a6fd51'
 'bc44cd90-2692-4e02-b1d2-e4592a5894aa'
 '07c785c0-0e65-47e6-b604-0c25695548d9']",[]
940718a57f149467eeba3a2b796e9b3ba59e2fd07e8732249d3549c2e2c4f6dc2d0f638e328ee0e924716273f36322f64fbb63366848282d06b384a976104773,173,"METADATA:
{
  ""parent_headings"": [
    ""# 专家共识三：""
  ]
}

CONTENT:
识别和筛查抑郁障碍病人是否共病偏头痛时，头痛病史、头痛预警信号及头痛特征是重要的判断标准。识别和筛查偏头痛病人是否共病抑郁障碍，尤其对于慢性偏头痛病人、偏头痛规范治疗效果不佳的病人、转诊至头痛亚专科门诊的病人，推荐使用PHQ-9量表进行常规筛查。",182,['CN 偏头痛与抑郁障碍共病诊治中国专家共识_1773147393'],"['c5f6d5c9-f8eb-4880-9972-3bb50f919e50'
 'ee08258f-7327-46f1-9459-c1bbd95e644d'
 '3a9fb096-71ea-439a-9820-4b34c716ec50'
 '6f8076d2-ef30-4962-aa5b-341d358353e0'
 'b56837c2-8110-4603-8932-798e0cc2f26e'
 'c0ffde70-d31b-435e-a133-981868cbfb3f'
 'd470f047-b6e4-4c8b-8460-c57c88c5297b'
 'b95d9bf4-cd78-4317-8420-eab36e46df6b'
 'a33bda18-dc64-4420-a376-6a6db0be6b37'
 '45111250-308d-471a-831b-842547fe01df'
 '48c0ec9b-483e-4570-b5d4-9c6ba9e193cd'
 '4f0ae0c6-cf35-4f99-bdc4-30e11faeb73a'
 '1015a069-4582-4511-9da2-50dc53776525']","['54f3cde5-5cca-41a2-9a02-c9aeae61c6df'
 '2bf1fc01-36c7-4afa-9ab7-446e8352f639'
 '8820522c-88ae-4cac-a90b-fa15d0ee9cb2'
 'a6d2c0ad-4a48-4123-a05b-127935828573'
 'beff55be-518b-4a3c-a1ae-13130b0df8d0'
 '38b44eb6-c6ea-4d5c-8e5b-e7827e7b1e74'
 'dbd96c5b-5cb1-4987-9ecb-bd217220d47f'
 '3d4cd906-1ffd-49ff-ae86-622eb883bb33'
 '23d6e875-bd40-4443-8376-03bd543ad9e7'
 'a5ee835e-cc2a-454e-8a24-ff1445894d5a'
 'cc8e2a85-dfb7-4819-9bf4-25598510bad7']",[]
e4178ef0c95bb109cf19aafdc7354a4596585a2218f0d33d296309dc8856d5f3e6b102f406f3858c3e827b883383448b6ddfbd58d654a4affd0875f3f615769a,174,"METADATA:
{
  ""parent_headings"": [
    ""# 五、诊断及鉴别诊断""
  ]
}

CONTENT:
对共病的诊断需要同时符合偏头痛和抑郁障碍各自的诊断标准。二者的诊断均主要依据临床症状和体征，且两种疾病都具有发作性、易慢性化和易复发的特点。",97,['CN 偏头痛与抑郁障碍共病诊治中国专家共识_1773147393'],"['c5f6d5c9-f8eb-4880-9972-3bb50f919e50'
 '3a9fb096-71ea-439a-9820-4b34c716ec50']","['b2fefd16-d6bf-4b52-b49d-4faddaa3f06f'
 '1055a410-991f-4cc9-9279-1a816c01e629']",[]
8af246d5d04738aa8c9599b12c878506030941cc6a5621f9adbbb8d98c1fb4880084e5c5284116edaf802611d683dee4a814ada069156187b3d41d3af28bf19c,175,"METADATA:
{
  ""parent_headings"": [
    ""# 1.偏头痛诊断标准""
  ]
}

CONTENT:
在国际头痛疾患分类第三版 (ICHD-3) 中，偏头痛主要包括无先兆偏头痛、有先兆偏头痛和慢性偏头痛，具体诊断标准分别见表 2、3 [24]。慢性偏头痛指病人每个月至少有15天头痛，至少有8天偏头痛发作，并至少持续3个月。慢性偏头痛一般由发作性偏头痛转化而来 [25]。偏头痛需要与丛集性头痛、紧张型头痛等其他原发性头痛相鉴别（见表4）。",216,['CN 偏头痛与抑郁障碍共病诊治中国专家共识_1773147393'],"['c5f6d5c9-f8eb-4880-9972-3bb50f919e50'
 '786aee20-368c-47af-a372-405ce47433b1'
 'c514bd28-682f-421b-adfe-90a509606492'
 'ee08258f-7327-46f1-9459-c1bbd95e644d'
 '68c355a0-8e8f-4c73-8c57-373ebb9c4985'
 '6fbc8125-0d15-45ba-b17a-748a619d68d0'
 'c44d8218-87be-4e52-b2c8-6193f264762b']","['d648ae34-e722-47e0-82da-5026cc379346'
 'afd05625-8f4c-4b6f-910c-2ad20ae85674'
 'dad5744b-efdd-43aa-bb4d-87fb06f29a25']",[]
709b994d79a73f2f05b03728f1c8605c9f43606ad22eb28853072dbf452454159c5a26147224a8f886a8590098f8dbc222e7d77dea991a15274167a37700bad1,176,"METADATA:
{
  ""parent_headings"": [
    ""# 2.抑郁障碍诊断标准""
  ]
}

CONTENT:
目前国际权威的2个分类诊断系统ICD和DSM对抑郁障碍的诊断都是基于关键症状的定义 [26,27]，其症状可以大致分为情感症状、躯体症状和神经认知症状，这 3 个维度的症状在其他精神和躯体疾病也可出现。

抑郁障碍包括多种疾病，最常见或具代表性的是重性抑郁障碍 (major depressive disorders, MDD)，即通常所说的抑郁症，其诊断标准见表 5。当抑郁症状存在，但数量或严重程度不足以被诊断为抑郁障碍时，可以诊断为阈下抑郁。",258,['CN 偏头痛与抑郁障碍共病诊治中国专家共识_1773147393'],"['3a9fb096-71ea-439a-9820-4b34c716ec50'
 'a85d6512-a52d-4d74-a7ac-2ed343e057d9'
 '3694925e-7749-4c81-9f81-faa681b58caf'
 'cab1877d-980e-49d0-bfe5-a76bcb67bf9f'
 '0dec5013-b9a0-42f4-ac3a-778fa558c140']","['8872b6b8-5e7f-4dc4-acb5-b421bfad7f18'
 '1bb029a3-9448-4658-a1dc-bf941840cee7']",[]
cedeff15161c228ccc9c0559c6e432a076020c6240e0542a3adf08006d8664ee70bcd0f302b4bde6bedd09c0da5254a5152eb1cf0c3418c71b20e872faebd6f3,177,"METADATA:
{
  ""parent_headings"": [
    ""# 3.偏头痛与抑郁障碍共病的筛查诊断路径""
  ]
}

CONTENT:
本共识提供了 2 个筛查诊断路径供临床医师参考：偏头痛病人的抑郁障碍筛查诊断路径（见图 1）及抑郁障碍病人的偏头痛筛查诊断路径（见图 2）。",95,['CN 偏头痛与抑郁障碍共病诊治中国专家共识_1773147393'],"['c5f6d5c9-f8eb-4880-9972-3bb50f919e50'
 '3a9fb096-71ea-439a-9820-4b34c716ec50'
 '881755d2-bb6b-479f-be31-79c337627010'
 'b6b2dc10-7be0-4304-9edc-4a56d8d63899'
 '61bbc4b9-9a76-4a6e-b723-6ddc8c37aa2a'
 '5c0a2943-8278-4ad0-83c1-e01f3d2c0bc6']","['41a8c400-6585-44c1-b922-cfc6921fb295'
 'be69baf9-573d-4203-bed8-22b6e6a97f5b'
 '36de8e90-4044-4dbc-80da-345d9669ab5a'
 'f64cdd3e-1d12-4624-9851-f302a07ecf23'
 'e43e9d95-f8a6-4556-8233-fe6fedcf6d49'
 '068d55cb-83a1-4ff3-b398-a25bc9a80033'
 'bda097cf-d20c-40e7-bae4-e6e6d2ad0d69']",[]
bf3b18b221f08d6f38387de8ff6e0db5ffb3d41823100511752e2c9a16f3295eca95c3b48e0fba0afde87f986530e3bac3e9455bdbc47fba26852e335f056bc4,178,"METADATA:
{
  ""parent_headings"": [
    ""# 专家共识四：""
  ]
}

CONTENT:
当病人临床表现同时符合偏头痛和抑郁障碍的诊断标准时，即可诊断为偏头痛与抑郁障碍共病。二者的诊断标准：偏头痛可依据ICHD-3诊断，此外，应与紧张型头痛和丛集性头痛等其他原发性头痛及其他继发性头痛相鉴别；诊断抑郁障碍目前最常用的是DSM-5 诊断标准。

表 1 PHQ-9 量表  


<!-- TABLE_METADATA: {""type"": ""table"", ""page"": 0, ""table_idx"": 0, ""caption"": ""表 1 PHQ-9 量表"", ""footnote"": """", ""extracted_from"": ""mineru_api""} -->
<table><tr><td>在过去的两周里，你的生活中以下症状出现的频率有多少？</td><td>完全不会</td><td>好几天</td><td>超过1周</td><td>几乎每天</td></tr><tr><td>1.做事时提不起劲或没有兴趣</td><td>0</td><td>1</td><td>2</td><td>3</td></tr><tr><td>2.感到心情低落、沮丧或绝望</td><td>0</td><td>1</td><td>2</td><td>3</td></tr><tr><td>3.入睡困难、睡不安稳或睡眠过多</td><td>0</td><td>1</td><td>2</td><td>3</td></tr><tr><td>4.感觉疲倦或没有活力</td><td>0</td><td>1</td><td>2</td><td>3</td></tr><tr><td>5.食欲不振或吃太多</td><td>0</td><td>1</td><td>2</td><td>3</td></tr><tr><td>6.觉得自己很糟——或觉得自己很失败，或让自己和家人失望</td><td>0</td><td>1</td><td>2</td><td>3</td></tr><tr><td>7.对事物专注有困难，例如阅读报纸或看电视时</td><td>0</td><td>1</td><td>2</td><td>3</td></tr><tr><td>8.动作或说话速度缓慢到别人已经察觉？或正好相反——烦躁或坐立不安、动来动去的情况更胜于平常</td><td>0</td><td>1</td><td>2</td><td>3</td></tr><tr><td>9.有不如死掉或用某种方式伤害自己的念头</td><td>0</td><td>1</td><td>2</td><td>3</td></tr></table>",844,['CN 偏头痛与抑郁障碍共病诊治中国专家共识_1773147393'],"['c5f6d5c9-f8eb-4880-9972-3bb50f919e50'
 'f4932f30-fa71-4ff6-9c84-ad040e1362b9'
 '3a9fb096-71ea-439a-9820-4b34c716ec50']","['9e2acb00-1222-4a13-a8c8-2e0d0e650f53'
 'ca6e05b7-9abe-404d-a1df-5c7c5dcb0e77']",[]
a273030661a96ecbdcd506391fdd65a62dff5c58ebe9dc9d5a5d988a5ec21a61597b93aaa369fea575f760a5f95940c98aea36bf399c204dba5c8264e826cf7d,179,"METADATA:
{
  ""parent_headings"": [
    ""# 六、偏头痛与抑郁障碍共病的治疗""
  ]
}

CONTENT:
对共病治疗的目标是：早诊早治、兼顾精神症状和躯体症状、提高生存质量、恢复社会功能。由于偏头痛与抑郁障碍分属神经科和精神科疾病范

畴，治疗时在传统专科治疗的同时，应两个学科甚至多学科合作，尤其对于药物治疗效果不佳或不良反应明显者，应多学科全面综合有效评估，合理选择治疗手段，优势互补，形成个体化治疗方案。

表 2 无先兆偏头痛诊断标准 (ICHD-3) [24]

A. 至少有5次满足标准B-D的头痛发作  
B. 发作持续 4~72 h（未经治疗或治疗效果不佳）  
C. 头痛至少具有下列4项特征中的2项：

$\textcircled{1}$ 偏侧分布； $\textcircled{2}$ 搏动性； $\textcircled{3}$ 中或重度疼痛程度； $\textcircled{4}$ 日常活动导致头痛加重或头痛导致日常活动受限（如行走或登梯）

D. 头痛发作时至少具有下列1项：  
$\textcircled{1}$ 恶心和（或）呕吐； $\textcircled{2}$ 畏光和畏声

E. 不能用ICHD-3中的其他诊断更好地解释

表 3 有先兆偏头痛诊断标准 (ICHD-3) [24]

A. 至少有2次符合标准B和C的发作  
B. 至少有1个可完全恢复的先兆症状：

$\textcircled{1}$ 视觉； $\textcircled{2}$ 感觉； $\textcircled{3}$ 言语和（或）语言； $\textcircled{4}$ 运动； $\textcircled{5}$ 脑干； $\textcircled{6}$ 视网膜

C. 下列6项特征中至具少有3项：

$\textcircled{1}$ 至少1种先兆症状逐渐进展 $\geqslant 5 \mathrm { m i n }$ ； $\textcircled{2}$ 两种或多种症状相继出现； $\textcircled{3}$ 每个先兆症状持续 $5 { \sim } 6 0 ~ \mathrm { m i n }$ ； $\textcircled{4}$ 至少1个先兆症状是单侧的； $\textcircled{5}$ 至少有一个先兆是阳性的； $\textcircled{6}$ 与先兆伴发或在先兆出现 $6 0 \mathrm { { m i n } }$ 内出现头痛

D. 不能用ICHD-3中的其他诊断更好地解释

表4 常见原发性头痛的鉴别 [38]  
表 5 MDD 诊断标准 (DSM-5) [26]  


<!-- TABLE_METADATA: {""type"": ""table"", ""page"": 0, ""table_idx"": 1, ""caption"": ""表4 常见原发性头痛的鉴别 [38] 表 5 MDD 诊断标准 (DSM-5) [26]"", ""footnote"": """", ""extracted_from"": ""mineru_api""} -->
<table><tr><td></td><td>偏头痛</td><td>紧张型头痛</td><td>丛集性头痛</td></tr><tr><td>家族史</td><td>多有</td><td>可有</td><td>多无</td></tr><tr><td>性别</td><td>女性多于男性</td><td>女性略多于男性</td><td>男性远多于女性</td></tr><tr><td>持续时间</td><td>4~72 h</td><td>30 min~7 d</td><td>15~180 min</td></tr><tr><td>头痛部位</td><td>多单侧</td><td>多双侧</td><td>固定单侧眶部、眶上、颞部</td></tr><tr><td>头痛性质</td><td>搏动性</td><td>压迫、紧缩、钝痛</td><td>锐痛、钻痛</td></tr><tr><td>头痛程度</td><td>中重度</td><td>轻中度</td><td>重度或极重度</td></tr><tr><td>活动加重头痛</td><td>多有</td><td>多无</td><td>多无</td></tr><tr><td>伴随症状</td><td>多有恶心、呕吐、畏光、畏声</td><td>多无。可伴食欲不振、对光线或声音可轻度不适</td><td>同侧结膜充血和（或）流泪、鼻塞和（或）流涕、眼睑水肿、额面部出汗、瞳孔缩小及（或）眼睑下垂</td></tr></table>

A.在同一个2周的时间段内出现5个（或更多）下列症状，并且呈现功能的改变；出现的症状当中至少有1项是 $\textcircled{1}$ 心境抑郁或 $\textcircled{2}$ 兴趣或乐趣丧失。注：明确由其他躯体疾病导致的症状不包括在内

$\textcircled{1}$ 几乎每天大部分时间都心境抑郁，既可以是主观的报告，也可以是他人的观察  
$\textcircled{2}$ 几乎每天或每天的大部分时间，对于所有或几乎所有的活动兴趣或乐趣都明显减少  
$\textcircled{3}$ 在未节食的情况下体重明显减轻，或体重增加，或几乎每天食欲都减退或增加  
$\textcircled{4}$ 几乎每天都失眠或睡眠过多  
$\textcircled{5}$ 几乎每天都精神运动性激越或迟滞  
$\textcircled{6}$ 几乎每天都疲劳或精力不足   
$\textcircled{7}$ 几乎每天都感到自己毫无价值，或过分的、不适当的感到内疚  
$\textcircled{8}$ 几乎每天都存在思考或注意力集中的能力减退或犹豫不决  
$\textcircled{9}$ 反复出现死亡的想法，反复出现没有特定计划的自杀观念，或有某种自杀企图，或有某种实施自杀的特定计划

B.症状导致病人出现具有临床意义的痛苦或社会功能、职业功能或其他重要领域功能的损害  
C.抑郁发作不是由物质或其他疾病导致的心理反应所造成的  
D.抑郁发作不能被分裂情感性障碍、精神分裂症、精神分裂样障碍、妄想障碍、或其他特定和非特定精神分裂症谱系障碍及其他精神病性障碍所解释  
E.病人从未有躁狂发作或轻躁狂发作


<!-- IMAGE_METADATA: {""type"": ""image"", ""page"": 4, ""image_idx"": 1, ""caption"": """", ""context_before"": """", ""context_after"": """", ""extracted_from"": ""mineru_api""} -->
![](images/7718a8647ab8eb54bd3ef27eb04d2142c3f453e7df2f4e3f598d113b3304c015.jpg)  
a：抑郁障碍的核心症状为“情绪低落”和“兴趣或乐趣丧失”


<!-- IMAGE_METADATA: {""type"": ""image"", ""page"": 4, ""image_idx"": 2, ""caption"": ""图1 偏头痛病人的抑郁障碍筛查诊断路径 图2 抑郁障碍病人的偏头痛筛查诊断路径"", ""context_before"": """", ""context_after"": ""1. 药物治疗 "", ""extracted_from"": ""mineru_api""} -->
![](images/e77b96d289d40490caca3d797ae85e61d8727e3afcaf9f7c309639b81035d45e.jpg)  
图1 偏头痛病人的抑郁障碍筛查诊断路径  
图2 抑郁障碍病人的偏头痛筛查诊断路径",2607,['CN 偏头痛与抑郁障碍共病诊治中国专家共识_1773147393'],"['c5f6d5c9-f8eb-4880-9972-3bb50f919e50'
 '786aee20-368c-47af-a372-405ce47433b1'
 'c514bd28-682f-421b-adfe-90a509606492'
 'dff3ffe1-c797-49a5-a7d4-29dfebe42ec8'
 '6fbc8125-0d15-45ba-b17a-748a619d68d0'
 'c44d8218-87be-4e52-b2c8-6193f264762b'
 'f4932f30-fa71-4ff6-9c84-ad040e1362b9'
 '3a9fb096-71ea-439a-9820-4b34c716ec50']","['6cfcca66-5973-4cc3-86ac-01c95897b495'
 'afe163ec-ae90-477f-89d2-af6a807910fc'
 '3131dfda-47b5-4685-88be-15e312f98f13'
 '9e2acb00-1222-4a13-a8c8-2e0d0e650f53'
 'ca6e05b7-9abe-404d-a1df-5c7c5dcb0e77'
 'aeca43ed-75d0-4102-9017-f3f8b1279f71'
 'dc5e1fb6-0d34-4eea-8025-55d2ca854700']",[]
f4b073c881c4fcb05727ee79708bd9cfbb6d3e83237cf1b85e3187dcab07280875c52e63328b7611bc065541e3dd44f41cde68660eeacbdab3bdbfebb4ff5fa2,180,"METADATA:
{
  ""parent_headings"": [
    ""# 1. 药物治疗""
  ]
}

CONTENT:
（1）药物治疗的原则：药物治疗是目前临床治疗偏头痛与抑郁障碍共病的主要治疗方式，其治疗方案的制订建议遵循如下原则 [28,29]： $\textcircled{1}$ 用药种类尽量少，优先选择有多重作用的药物，尽量达到“一石二鸟”的效果； $\textcircled{2}$ 如果多药联合，应充分考虑药物相互作用及不良反应的叠加； $\textcircled{3}$ 避免使用可以治疗一类疾病，但同时可能加重另外一类疾病的药物；$\textcircled{4}$ 在安全性和耐受性之外，应充分考虑病人对治疗的满意度以及依从性； $\textcircled{5}$ 考虑两种疾病的特点和治疗周期：如偏头痛的急性期治疗不宜过频繁，而抑郁障碍的治疗包括急性期、巩固期和维持期，需要

全病程治疗。

共病治疗药物概述：目前缺少针对偏头痛与抑郁障碍共病人群的随机对照研究(RCT)。专家组仅依据偏头痛和抑郁障碍两个疾病领域各自的RCT研究及证据和国内外指南推荐以及临床经验制订[30~34]。要点提炼如下： $\textcircled{1}$ 在偏头痛及抑郁障碍人群各有 2个以上 RCT 疗效证据，并被 2 类指南均推荐的药物为：文拉法辛和阿米替林（其推荐等级见表6）；$\textcircled{2}$ 偏头痛急性期治疗药物和其他预防性治疗药物，未见被推荐用于抑郁障碍的治疗； $\textcircled{3}$ 禁忌或需慎用的药物：抑郁障碍禁用氟桂利嗪；同时使用曲普坦类和 SSRI/SNRI 类等可作用于 5-HT 的药物，尤

其是SSRI类，需谨慎出现5-羟色胺综合征的风险 [35]。

（2）偏头痛急性发作期治疗药物：常用的治疗药物包括非处方药和处方药，按照作用机制分类，包括非甾体类抗炎药 (non-steroidal anti-inflammatorydrugs, NSAIDs)、曲普坦类和麦角胺类等 [36]。

药物选择时应根据头痛的严重程度、伴随症状、既往用药情况及病人的个体情况而定，可以采用分层法或阶梯法用药。药物应在头痛的早期足量使用，延迟使用可使疗效下降、头痛复发及不良反应的比例增高。为预防药物过量性头痛，单纯NSAIDs 制剂每月不超过 15 天，麦角碱类、曲普坦类、NSAIDs 复合制剂每月不超过10天。

（3）偏头痛的预防性治疗：通常偏头痛存在以下情况时应考虑预防性治疗： $\textcircled{1}$ 病人的生活质量、工作和学业严重受损（需根据病人本人判断）； $\textcircled{2}$

每月发作频率 2 次以上； $\textcircled{3}$ 急性期药物治疗无效或病人无法耐受； $\textcircled{4}$ 存在频繁、长时间或令病人极度不适的先兆，或为偏头痛性脑梗死、偏瘫型偏头痛、伴有脑干先兆偏头痛亚型等； $\textcircled{5}$ 连续 2 个月，每月使用急性期治疗 $6 \sim 8$ 次以上； $\textcircled{6}$ 偏头痛发作持续$^ { 7 2 \mathrm { ~ h ~ } }$ 以上。

预防性治疗药物：目前有多种药物可用于偏头痛的预防，包括抗抑郁药、 $\beta$ 受体阻滞剂、非特异性钙离子拮抗剂、抗惊厥药物等 [36,37] ，药物及推荐剂量、证据等级、药物不良反应等见表 7。其中部分药物可能导致抑郁障碍的风险增加应谨用或禁用。 $\textcircled{1}$ 抗抑郁药：阿米替林和文拉法辛，预防偏头痛的疗效均有多个 RCT 证实，二者均被 2009年欧洲偏头痛指南及 2012 年美国偏头痛指南列为偏头痛预防药物 B 类推荐 [30,33]。文拉法辛在预防

表6 偏头痛指南及抑郁障碍防治指南重叠推荐的药物  


<!-- TABLE_METADATA: {""type"": ""table"", ""page"": 0, ""table_idx"": 2, ""caption"": ""表6 偏头痛指南及抑郁障碍防治指南重叠推荐的药物"", ""footnote"": ""* A级：强烈推荐，疗效确切，且疗效安全性平衡；B级：建议，有疗效/疗效安全性平衡欠佳"", ""extracted_from"": ""mineru_api""} -->
<table><tr><td></td><td>偏头痛指南中的推荐等级</td><td>抑郁障碍指南中的推荐等级</td></tr><tr><td>文拉法辛</td><td>B</td><td>A</td></tr><tr><td>阿米替林</td><td>B</td><td>B</td></tr></table>

* A级：强烈推荐，疗效确切，且疗效安全性平衡；B级：建议，有疗效/疗效安全性平衡欠佳

表7 偏头痛预防性治疗处方药物推荐 [36]   


<!-- TABLE_METADATA: {""type"": ""table"", ""page"": 0, ""table_idx"": 3, ""caption"": ""表7 偏头痛预防性治疗处方药物推荐 [36] "", ""footnote"": """", ""extracted_from"": ""mineru_api""} -->
<table><tr><td>药物</td><td>每日剂量(mg)</td><td>推荐级别</td><td>不良反应</td><td>禁忌证</td></tr><tr><td>钙离子拮抗剂</td><td></td><td></td><td></td><td></td></tr><tr><td>氟桂利嗪</td><td>5~10</td><td>A</td><td>常见:嗜睡、体重增加;少见:抑郁、锥体外系症状</td><td>抑郁、锥体外系症状</td></tr><tr><td>抗惊厥药</td><td></td><td></td><td></td><td></td></tr><tr><td>丙戊酸</td><td>500~1200</td><td>A</td><td>恶心、体重增加、嗜睡、震颤、脱发、肝功能异常</td><td>肝病</td></tr><tr><td>托吡酯</td><td>25~100</td><td>A</td><td>共济失调、嗜睡、认知和语言障碍、感觉异常、体重减轻</td><td>对有效成分或磺胺过敏</td></tr><tr><td>加巴喷丁</td><td>1200~2400</td><td>B</td><td>恶心、呕吐、抽搐、嗜睡、共济失调、眩晕</td><td>加巴喷丁过敏</td></tr><tr><td>β受体阻滞剂</td><td></td><td></td><td></td><td></td></tr><tr><td>美托洛尔</td><td>50~200</td><td>A</td><td>常见:心动过缓、低血压、嗜睡、无力、运动耐量降低</td><td></td></tr><tr><td>普萘洛尔</td><td>40~240</td><td>A</td><td>少见:失眠、噩梦、阳痿、抑郁、低血糖</td><td>哮喘、心衰、房室传导阻滞、心动过缓;慎用于使用胰岛素或降糖药者</td></tr><tr><td>比索洛尔</td><td>5~10</td><td>B</td><td>心动过缓、头晕、头痛、肢端发冷或麻木、低血压、胃肠道症状、衰弱、疲劳、</td><td>急性心力衰竭或处于心力衰竭失代偿期需用静脉正性肌力药物治疗、心源性休克者等</td></tr><tr><td>抗抑郁药</td><td></td><td></td><td></td><td></td></tr><tr><td>文拉法辛</td><td>75~225</td><td>B</td><td>恶心、口干、头痛和出汗</td><td>对本药过敏者、禁止同时使用MAOs</td></tr><tr><td>阿米替林</td><td>25~75</td><td>B</td><td>口干、嗜睡、体重增加</td><td>青光眼、前列腺增生</td></tr><tr><td>其他药物</td><td></td><td></td><td></td><td></td></tr><tr><td>坎地沙坦</td><td>16</td><td>B</td><td>血管性水肿、晕厥和意识丧失、急性肾功能衰竭、血钾升高、肝功能恶化或黄疸、粒细胞减少、横纹肌溶解</td><td>对本药或同类药过敏者、严重肝、肾功能不全或胆汁淤滞者、孕妇或有妊娠可能的妇女</td></tr><tr><td>赖诺普利</td><td>20</td><td>B</td><td>咳嗽、头晕、头痛、心悸、乏力</td><td>对本药或其他同类药物过敏、高钾血症、双侧肾动脉狭窄、孤立肾有肾动脉狭窄者、妊娠中期或末期3个月</td></tr></table>",3423,['CN 偏头痛与抑郁障碍共病诊治中国专家共识_1773147393'],"['c5f6d5c9-f8eb-4880-9972-3bb50f919e50'
 '8867eaba-c420-4807-a9b8-1b2f94fd7bb2'
 '2d369837-9fd2-4cd4-bc6e-c6ec00c7de94'
 'bc837053-52fd-4f31-957c-524663285995'
 '205033e7-ce21-4198-898a-f0b7413c4cde'
 'cd70c412-3d4d-4191-9ae7-d932e0a6a20a'
 '14ba2b08-777f-481a-90a4-26a983a7faf2'
 'f1eb9799-f1a6-48ad-ac82-8c60f17c3892'
 '4dfa20f3-b6e7-4a28-af18-7efd3b407b66'
 '04566857-388a-425f-a025-8ee6aaf0017e'
 'dff3ffe1-c797-49a5-a7d4-29dfebe42ec8'
 'de47c0c9-473a-44ea-8d31-73a8c89b74f7'
 '13fe2ba8-ad27-4696-8fb4-7d8180755698'
 '0f73a62a-de50-45a1-a015-4184a2936bb6'
 'fd532f91-580a-401c-b6bb-2dffd3df3207'
 '21d15f43-9cd1-4442-9a7b-e38c8b380bcc'
 '7ad64e84-caaf-400a-a47d-cd154bf42ce2'
 '0ff45bae-7bc9-4f6b-b492-20eb8c27ffaa'
 'f4932f30-fa71-4ff6-9c84-ad040e1362b9'
 '3a9fb096-71ea-439a-9820-4b34c716ec50'
 '030054f1-5a98-417e-9d45-86fdb30665c2'
 'd167da65-5389-460f-9a73-7ee00303984a'
 '4a539c58-9191-4e8a-bc42-13684abb79a0'
 '98d1f4a2-609f-40c2-bb96-29b7150b658a'
 '21756f35-d91e-48b6-a85a-15530ba225fd'
 '0281e489-4716-48fb-941d-cf01bb3575b8'
 '6accad6f-5e59-476c-9cc7-e1a4c84b82de'
 '0336811f-232d-4241-bf6a-b9eb74cd2d97'
 'a424fb8b-735a-4cc9-99c5-f4e811d9eb43'
 '131ec5ee-0439-4037-90c8-1687ecc3bdbf'
 '54d37071-fa8c-4a6f-9879-a038bdfe3a2b'
 '35c8eca1-ed59-4939-8b29-dc2e19161a9c'
 '4ae4a178-aeca-4339-9825-779c0c0a0d5a']","['4f5b673a-b607-4b9a-809f-aef0221ad507'
 '5c473e37-c9dc-4ed2-881e-6cd36baa201c'
 '9e2acb00-1222-4a13-a8c8-2e0d0e650f53'
 '913062b6-680a-413d-b539-5ee7dc330a9c'
 'c38a09a9-60b8-435a-920e-9e71abd57de5'
 '9d68c68d-d3a6-4aa6-8513-2947d16b918d'
 '7d4c1819-e246-4db1-9e24-c8cb4925f748'
 'cf748916-721d-4caa-b569-73740f095154'
 '14af1162-b77e-498c-ad3c-65ab24110bf0'
 '1aa104d2-14a1-4188-ba05-eb5653f393bf'
 'db46aac1-5021-4519-a9e0-c4a85c0997ed'
 'bac7755c-8b79-4d81-8485-3f20719c86dd'
 '7bc71077-1f96-40da-87f4-acad456e1202'
 '151a9ecf-bfe4-46c9-bc69-c0136998c40d'
 'f2eadca1-369e-4279-bea0-f7fe7f492312'
 '64fd0bad-0c07-4d31-86f3-aa35627594c2'
 '8983a7e5-4b1d-4ba2-9075-3994a26621cc'
 '745f23c4-a5a6-4749-b90b-10bf75be7fd4'
 '1bdeeb52-97f3-4ec3-a843-b848c4084c77'
 '931d4013-b1d7-46f9-996f-c52ece59d168']",[]
79037074f25246054dfe6498136b54c0df01452fd049cd956a4f9a9e4c77532c26008d4cf6308be9c579313d6ce60601c5cc6ca776fffcfd68434de296336aac,181,"METADATA:
{
  ""parent_headings"": [
    ""# 1. 药物治疗""
  ]
}

CONTENT:
偏头痛方面疗效与阿米替林相当，但安全性优于阿米替林 [38,39]； $\textcircled{2} \beta$ 受体阻滞剂：在偏头痛预防性治疗方面效果明确，并被多国指南推荐为偏头痛预防治疗的A级推荐药物，但与抑郁障碍之间的关系一直存在争议 [40~42]，故应用时需谨慎； $\textcircled{3}$ 非特异性钙离子拮抗剂：氟桂利嗪对偏头痛的预防性治疗证据充足，为偏头痛预防的多国指南 A 级推荐药物。但合并抑郁为用药禁忌； $\textcircled{4}$ 抗惊厥药：托吡酯和丙戊酸是偏头痛预防性药物的 A 类推荐。双丙戊酸钠/丙戊酸钠可有效预防偏头痛 [43]，无增加抑郁的风险 [44]，托吡酯会增加抑郁发生和再发风险 [45]，应慎用，需小剂量起始缓慢加量。

抑郁障碍的治疗药物：目前指南推荐的常用的抗抑郁药物类别及剂量见表 8，一线药物及 A 级推荐药物主要包括 SSRI 类、SNRI 类和 NaSSA 类药物等 [46]，三环类药物和 MAOIs 因其耐受性与安全性问题较大，临床上已很少使用 [46] 。

除已提及的文拉法辛（SNRI 类）和阿米替林（三环类）被推荐用于偏头痛的预防性治疗之外，

还应注意： $\textcircled{1}$ SSRI 类抗抑郁药物在偏头痛人群的使用目前存在争议。SSRI 类药物最初会加剧偏头痛和紧张型头痛，这些影响有可能在几周内获得改善；继续治疗 SSRI 类可能有助于预防和治疗偏头痛；不建议给接受曲普坦类治疗的偏头痛病人处方SSRI类药物 [32]； $\textcircled{2}$ 药物治疗需要保证足够剂量、全病程治疗；抑郁障碍治疗的全病程策略包括急性期（8～12周）、巩固期（ ${ . 4 } \sim 9$ 个月）、维持期（目前尚无研究定论，一般倾向于至少 $2 \sim 3$ 年） [43]。",883,['CN 偏头痛与抑郁障碍共病诊治中国专家共识_1773147393'],"['c5f6d5c9-f8eb-4880-9972-3bb50f919e50'
 '2d369837-9fd2-4cd4-bc6e-c6ec00c7de94'
 'bc837053-52fd-4f31-957c-524663285995'
 '14ba2b08-777f-481a-90a4-26a983a7faf2'
 '4dfa20f3-b6e7-4a28-af18-7efd3b407b66'
 '04566857-388a-425f-a025-8ee6aaf0017e'
 'de47c0c9-473a-44ea-8d31-73a8c89b74f7'
 'fd532f91-580a-401c-b6bb-2dffd3df3207'
 '3a9fb096-71ea-439a-9820-4b34c716ec50'
 'f28ad453-af00-48d4-afbf-a1c446257c81'
 '610932c4-1e05-4f50-80ba-3a89f784099d'
 '40b3cc05-c9dc-4d8f-a3c5-c04ee3c49f8f'
 '0f72547c-86d5-4d7f-a9c8-670ba9272522'
 '761a74fe-134f-47f2-be03-2e4ff6bbf190'
 '0fe9e96f-158b-4225-b085-01ea92ab99af'
 'ac7fecbf-a24f-4387-9b94-46cca5fbead4'
 '0c609140-df95-4684-99f6-0f85ba4b2ec2'
 '65b3b028-b24c-46a7-a207-91df71a5c4de'
 '99e9f549-213a-4202-b7b3-0f77cf62219d'
 '2d1ed9af-c5ca-45ca-8fa8-fbf7b52924ca'
 '82037508-fe83-4445-a000-edadc7df1be6']","['f2d36576-4ed8-4871-9b88-66658784067a'
 'b4432cee-baa9-4360-8af6-2499ef54b59f']",[]
571033fb76c267906f15ebc5bb424e0f22da46345f9e8d60796f1d2d96929a6859c3df74ee25d5709bc2e5f464a592d92b8f77bf57b9a0d0c1e941963385ad77,182,"METADATA:
{
  ""parent_headings"": [
    ""# 2.非药物治疗""
  ]
}

CONTENT:
基于疗效和安全性考虑，药物治疗存在一定局限性。近年来，可以治疗偏头痛和抑郁障碍的非药物治疗方法不断进步，卓有成效。临床医师可以根据医院条件、病人个体化情况和意愿选择非药物治疗方案，尤其当出现下列情况时，非药物治疗可以作为替代或补充方案考虑： $\textcircled{1}$ 药物不耐受或有药物禁忌证； $\textcircled{2}$ 药物疗效不佳； $\textcircled{3}$ 特殊人群（如妊娠、哺乳、老年、青少年等）。

（1）心理治疗：偏头痛与抑郁障碍共病的病

表8 常用抗抑郁药  


<!-- TABLE_METADATA: {""type"": ""table"", ""page"": 0, ""table_idx"": 4, ""caption"": ""表8 常用抗抑郁药"", ""footnote"": ""5-HT：5-羟色胺；SSRI：选择性 5-羟色胺再摄取抑制剂；SNRI：选择性 5-羟色胺和去甲肾上腺素再摄取抑制剂；NaSSA：去甲肾上腺素和特异性 5-羟色胺能抗抑郁药；NDRI：去甲肾上腺素和多巴胺再摄取抑制剂；NRI：选择性去甲肾上腺素再摄取抑制剂；SARI：选择性 5-羟色胺拮抗/再摄取抑制剂；RIMA：可逆性单氨氧化酶抑制剂；TCA：三环类抗抑郁药；SMA：5-羟色胺平衡抗抑郁药；MAOI：单胺氧化酶抑制剂；MT：褪黑素"", ""extracted_from"": ""mineru_api""} -->
<table><tr><td>抗抑郁药</td><td>药物类别</td><td>日剂量范围 (mg)</td></tr><tr><td>氟西汀</td><td>SSRI</td><td>20~60</td></tr><tr><td>帕罗西汀</td><td>SSRI</td><td>20~50</td></tr><tr><td>氟伏沙明</td><td>SSRI</td><td>100~300</td></tr><tr><td>舍曲林</td><td>SSRI</td><td>50~200</td></tr><tr><td>西酞普兰</td><td>SSRI</td><td>20~60</td></tr><tr><td>艾司西酞普兰</td><td>SSRI</td><td>10~20</td></tr><tr><td>文拉法辛</td><td>SNRI</td><td>75~225</td></tr><tr><td>度洛西汀</td><td>SNRI</td><td>60~120</td></tr><tr><td>米氮平</td><td>NaSSA</td><td>15~45</td></tr><tr><td>米纳普仑</td><td>SNRI</td><td>100~200</td></tr><tr><td>安非他酮</td><td>NDRI</td><td>150~450</td></tr><tr><td>阿戈美拉汀</td><td>MT1 和 MT2 激动剂; 5-HT2拮抗剂</td><td>25~50</td></tr><tr><td>阿米替林</td><td>TCA</td><td>50~250</td></tr><tr><td>氯米帕明</td><td>TCA</td><td>50~250</td></tr><tr><td>多塞平</td><td>TCA</td><td>50~250</td></tr><tr><td>丙米嗪</td><td>TCA</td><td>50~250</td></tr><tr><td>马普替林</td><td>四环类</td><td>50~225</td></tr><tr><td>米安色林</td><td>四环类</td><td>30~90</td></tr><tr><td>曲唑酮</td><td>SMA</td><td>50~400</td></tr><tr><td>瑞波西汀</td><td>NRI</td><td>8~12</td></tr><tr><td>吗氯贝胺</td><td>RIMA</td><td>150~600</td></tr></table>

5-HT：5-羟色胺；SSRI：选择性 5-羟色胺再摄取抑制剂；SNRI：选择性 5-羟色胺和去甲肾上腺素再摄取抑制剂；NaSSA：去甲肾上腺素和特异性 5-羟色胺能抗抑郁药；NDRI：去甲肾上腺素和多巴胺再摄取抑制剂；NRI：选择性去甲肾上腺素再摄取抑制剂；SARI：选择性 5-羟色胺拮抗/再摄取抑制剂；RIMA：可逆性单氨氧化酶抑制剂；TCA：三环类抗抑郁药；SMA：5-羟色胺平衡抗抑郁药；MAOI：单胺氧化酶抑制剂；MT：褪黑素

人有条件时应该接受心理支持治疗。心理治疗的手段有多种，其中认知行为治疗强调改变行为和思想的重要性，这些行为和思想可能是偏头痛与抑郁障碍共病的维持因素（Smitherman 等，2008）。同时病人教育、社会支持在偏头痛与抑郁障碍共病的治疗中同样非常必要。此外，生物反馈治疗抑郁的临床有效性已被多项研究证实（Schoenberg 等，2014）。放松训练可能改善病人负性情绪和疼痛及多种躯体不适。

（2）神经调控技术：神经调控技术中证据比较充分的是经颅磁刺激 (transcranial magnetic stimula-tion, TMS) 和经颅直流电刺激 (transcranial direct-cur-rent stimulation, tDCS)。重复 TMS (rTMS) 目前在有的国家已获批用于治疗抑郁障碍，美国 FDA 先后批准单脉冲 TMS (sTMS) 用于有先兆偏头痛的急性期治疗和偏头痛的预防性治疗，sTMS 也可用于改善慢性偏头痛 [47]。tDCS 是预防和治疗偏头痛的安全、有效手段，能降低头痛发作次数及持续时间，缓解头痛程度，可调节自主神经功能，疗效明显优于单纯药物治疗[48]。

此外，经皮电刺激神经疗法(TENS)是一种非侵入性神经刺激技术，可以改善抑郁症状，近年来也有研究报道其在偏头痛急性发作和预防性治疗中的疗效（Shealy等，2003）。电针治疗是一种侵入性较小的神经调控技术，可用于治疗抑郁障碍，也可用于减轻原发性头痛病人的严重程度、残疾和抑郁评分，是难治性原发性头痛伴发抑郁的有利选择 [49]。迷走神经刺激(VNS)可治疗重性抑郁发作，慢性VNS用于治疗难治性抑郁合并偏头痛严重影响生活质量的病人，是一种有效的替代方案（Cecchini等，2009）。",2429,['CN 偏头痛与抑郁障碍共病诊治中国专家共识_1773147393'],"['c5f6d5c9-f8eb-4880-9972-3bb50f919e50'
 'ee08258f-7327-46f1-9459-c1bbd95e644d'
 '8867eaba-c420-4807-a9b8-1b2f94fd7bb2'
 '2d369837-9fd2-4cd4-bc6e-c6ec00c7de94'
 '4fecd4c7-5f5d-46fe-aeb4-add079b62a68'
 '6c192321-e932-4836-b449-f8716716695b'
 '4790ac3e-dfed-42eb-8924-305202387a12'
 'c3347e3c-c7a6-4669-a9df-84810d21e69c'
 '610aa711-e5eb-4070-87ea-d957c5dbddbb'
 'f4932f30-fa71-4ff6-9c84-ad040e1362b9'
 '3a9fb096-71ea-439a-9820-4b34c716ec50'
 '763f532c-40d0-4ca3-9ab6-c083d4127b96'
 '1ab2e327-8266-405b-9652-4a0e94d68adf'
 '026e4596-df8b-40a7-bc65-f72cc541754f'
 '8526c9ca-1e84-4952-9cd8-9ec0e6200fd0'
 '9ab94aa3-3dd8-4acb-b248-6ec2ee86c6d5'
 'c8fb2a7c-7258-40fd-8357-6be67fba6d69'
 'fd0400f6-8bc0-4ff6-8c38-a6cb0d178bff'
 'c49614fb-55a7-474f-9c23-93b0df7f35c1'
 '9664ff4b-629f-44d3-81cb-63b2ab261a5b'
 '0753ab04-016b-4fa7-9228-05284e7530f9'
 '587bd51b-a6fc-4356-9a97-749bd63c24fd']","['9e2acb00-1222-4a13-a8c8-2e0d0e650f53'
 'ca6e05b7-9abe-404d-a1df-5c7c5dcb0e77'
 'b7f3174d-ba71-448d-91d2-18cda376beb8'
 '257027ff-259a-43c1-9102-866d28ff722b'
 'b9b9e530-b0c2-41e1-8cc4-63d57bc789f8'
 'c892de87-541e-4b75-a7ad-618e9748d814'
 '86539ffc-032e-4c6b-bd09-d255915d532c'
 '1ed66da9-a080-4798-9dd8-be1cccae4233'
 '355b8354-0785-4994-9aad-f565b192740b'
 'bedbe739-de79-4def-9bac-be8c5ab6f05f'
 'a8f08edc-cde1-42dc-a342-35dd001f8289'
 '9dd56e9a-1f44-4943-bf20-2def599d579b'
 'b991bf70-55c5-4aaa-b320-e883ed6db2a9'
 '9718f311-9aa9-4ce0-9dbf-8a09f7b2b120'
 'f13191b5-758e-40b8-8bf6-3d6a0b82d7d7'
 'e9bf9fa4-a072-404d-92ae-33de4aa56434'
 '9f26dde7-9320-4ffe-9d29-9f59fa5552de'
 '18135c83-a430-46d8-a645-f223df851046'
 '093b4553-a80f-404d-a7a7-8d73cabaf5a7']",[]
1d24860ada04c4d10776ec0b26e4fcd3c2332bfc32a9b292cc63daac2aa9e1d819abac5d20f50632f81bbac4af009c22934385848594ceb0631fd65e79533bf6,183,"METADATA:
{
  ""parent_headings"": [
    ""# 专家共识五：""
  ]
}

CONTENT:
药物治疗是对偏头痛和抑郁障碍共病治疗的主要方式，方案的制订原则包括尽量使用对二者共同有效或机制作用可互补的药物，兼顾安全性，药物相互作用及治疗的病程要求等。

非药物治疗主要包括心理治疗和神经调控技术，可进行联合使用或单独使用。

治疗应多学科全面综合有效评估，合理选择治疗手段，优势互补，形成个体化治疗方案。",193,['CN 偏头痛与抑郁障碍共病诊治中国专家共识_1773147393'],"['c5f6d5c9-f8eb-4880-9972-3bb50f919e50'
 'dff3ffe1-c797-49a5-a7d4-29dfebe42ec8'
 '1b06acc6-60bd-4cdb-ace3-310f3c9f4cb0'
 '3a9fb096-71ea-439a-9820-4b34c716ec50'
 '763f532c-40d0-4ca3-9ab6-c083d4127b96'
 '1ab2e327-8266-405b-9652-4a0e94d68adf']","['b2fefd16-d6bf-4b52-b49d-4faddaa3f06f'
 '1055a410-991f-4cc9-9279-1a816c01e629'
 'fa94a2f8-9231-480a-84ec-72cc78c99979'
 '14aab370-6e14-4597-9a5d-1e5f3e929b68'
 'af73f914-70e6-4a8a-a017-65ba2977700d'
 '4d19808b-9ae1-4435-b184-06d77d207575'
 '3da4661b-0ddf-4ed7-8ad6-3ca797ce5b85']",[]
cc7552a4470f83daa567f8735ddbe0b9b9143874dd8993828517b1a5270d0e39dd91dc7919dc1d958c9ed051b71fae43e379d61fed680859f0078e2e96ebdd60,184,"METADATA:
{
  ""parent_headings"": [
    ""# 七、综合管理""
  ]
}

CONTENT:
偏头痛与抑郁障碍均属于慢性疾病，疾病的发生、进展及波动受到多种风险因素的促发，因此对于高危个体或已明确诊断的病人，应进行长期及全

病程管理，以降低疾病的发生和复发风险、提高病人生活质量和治疗预后。管理策略包括：",148,['CN 偏头痛与抑郁障碍共病诊治中国专家共识_1773147393'],"['c5f6d5c9-f8eb-4880-9972-3bb50f919e50'
 '3a9fb096-71ea-439a-9820-4b34c716ec50'
 '27451d97-e9c6-4c48-be89-8110deeb2a03'
 '6394ca1e-ea25-4af0-b53a-1af7f7524b8a'
 '690b67ba-4ddd-4421-9c79-397c19c31094'
 '4214e139-777d-4e0e-bbbd-da449d0d69a8']","['41a8c400-6585-44c1-b922-cfc6921fb295'
 '9ed480c5-d948-42c5-b886-952ba696ad1c'
 '5a38e17f-50f5-4e5c-934d-f72232ab10c5'
 'cd338942-da34-4e4e-a6fa-08589bd88636'
 '1271cd11-936f-446b-8324-ce3bf88e4dcb'
 '25ba805a-6583-4d3a-9ff0-264f32f4d1e4'
 'fdc55fa6-5213-41a1-aa6f-c3a0fc2ee18b'
 '75be5af8-4e4b-4f3a-817a-ab44571e0eac'
 'df7aa2fb-81a9-4eee-87bd-f6c436b5cfba']",[]
2e6a9b2cc0b460f3e432f61ccab7042ff2866448172315609e8d442cbec9074f57761ee897c8e6a7c5dd8403fd86c9f8fb0eac1474a1a8599beaa069239edfb5,185,"METADATA:
{
  ""parent_headings"": [
    ""# 1.健康教育""
  ]
}

CONTENT:
包括偏头痛和抑郁障碍的疾病知识、患病的危险因素、症状表现、病程发展、治疗方法、预后以及治疗依从性的重要性。帮助病人适应全程的治疗，确立科学和理性的防治观念与目标，选择适合于病人个体的现实目标和预期，提高病人生活质量和社会功能。",155,['CN 偏头痛与抑郁障碍共病诊治中国专家共识_1773147393'],"['c5f6d5c9-f8eb-4880-9972-3bb50f919e50'
 '3a9fb096-71ea-439a-9820-4b34c716ec50'
 '33ec2023-dedd-4172-bc20-36c12da20a81']","['41a8c400-6585-44c1-b922-cfc6921fb295'
 '5b4196ae-c593-40e0-a70f-a1ca55cd2e26'
 'a57c4a76-036b-4533-b52e-f85a701cf3fd']",[]
0650d0c8c3f5e03cf26806a290edc43d1f0f07659dd60f808dc21f25e3e5cc2529288c75b03249a611ddf21e2525dd307db2b8b54818427b0be5e9aa902a4431,186,"METADATA:
{
  ""parent_headings"": [
    ""# 2.危险因素管理""
  ]
}

CONTENT:
对于共病病人，需行全面评估，个体化识别危险因素，针对危险因素进行早期的干预和管理。如有阳性家族史、创伤性生活经历或出现前驱症状的个体，可通过行为指导、自我认知调整、专业的心理咨询以及积极的社会支持，帮助个体选择健康生活方式、坚持个体化的运动方案、矫正偏差的认知模式、重建积极的社会支持等，减少偏头痛和抑郁障碍的发病。",198,['CN 偏头痛与抑郁障碍共病诊治中国专家共识_1773147393'],"['c5f6d5c9-f8eb-4880-9972-3bb50f919e50'
 '3a9fb096-71ea-439a-9820-4b34c716ec50'
 '3862c615-2614-4807-99c5-a2e06383baaa'
 'e3a5d4f4-be8a-4ae2-a495-c9db25e6110c'
 '2f181ce8-2cc2-4c00-aeb2-7b5b4f5c227f'
 'bc982d36-8bdf-46ec-80e7-a0952da1e7bf'
 '82d1bc66-2124-4b73-ae85-e3827601b929'
 '982ee36f-1c63-4655-bdfd-f9493e92df8e'
 '1035e0f0-f86b-4813-8d8f-bfb9cb8a83d7']","['41a8c400-6585-44c1-b922-cfc6921fb295'
 'ba2cecfc-d46a-48e6-b6cf-4443b34fd3ac'
 '22a3a58a-1724-41a4-8e32-6e9a78210bab'
 '038ba8c6-ab52-46c9-ac5b-cea84e19fe67'
 'bef3f704-ebc6-48b3-98ec-623eb887ddfa'
 'f08744d7-4513-4e67-b74d-3fd1d0793821'
 'b15dde4b-2e42-4fb9-af45-9a34f16ed88a'
 '2527e1ba-58c1-4ac8-97b4-0773d58a0cc8']",[]
b51298e658d618d4d43d1f3e1ee421cc67ecdeb2bee874c30a1b7f5e5ae15f6bfa2ea9889d68a48470c07748bcfdef63249b689ed46be1af70f08d4eb3d67968,187,"METADATA:
{
  ""parent_headings"": [
    ""# 3.病人的康复期管理""
  ]
}

CONTENT:
偏头痛和抑郁障碍均需要全程综合治疗。定期对病人进行随访，实施基于评估的治疗策略，帮助病人学习应对策略以避免诱发因素对疾病复发的影响，教育并鼓励病人记头痛日记、情绪日记等，发展个人的兴趣爱好，使精神活动能指向积极快乐的事情和环境；增强人际交往。使病人保持痊愈、良好的生活质量和有效的社会功能。",207,['CN 偏头痛与抑郁障碍共病诊治中国专家共识_1773147393'],"['c5f6d5c9-f8eb-4880-9972-3bb50f919e50'
 '3a9fb096-71ea-439a-9820-4b34c716ec50'
 'ef384364-8bbc-43e1-b9b8-73ec91462613'
 '38dd59d7-17c6-4175-8851-304220f55d26'
 '7f07473c-6929-41f2-97cc-792895996bd7'
 '956178a3-16cb-4252-b69e-b4f53652ab59'
 '99aedb0b-0348-4669-942c-274ea402ef0e'
 '8e5b018c-3f7e-43c6-88d9-7c4c24d5d95c'
 'e3b1317c-a355-4924-b5c2-bb83bf26c5da'
 'de5b8b0b-db4d-4a65-8851-db76e2e59e70']","['ec1dfca6-745b-4266-93ca-0947902b8494'
 'd2bd5ea2-c2de-47f5-a446-5e752f9c1508'
 'b8b8859d-c7aa-4098-8274-f9733b6b6fb8'
 '57712f9d-f525-4e3d-a89d-c50ef09836ea'
 'bc06c349-1a93-4cdf-9c87-119ecf1f5467'
 '15ffd26a-ab67-4a54-9503-e4ff54dfb230'
 'b303127d-6f4e-4b54-a94a-bef4dab83d46'
 'd1db6d4d-d499-4697-bf3c-73fa4cb78b9f']",[]
7df96ba999fd86c3f53a2801c1d437c090490d2e6f73ff64a161b03b42a251bca1d0eb837378e411e197af8a32124387943fe543cc06c13bcfc4c61300806918,188,"METADATA:
{
  ""parent_headings"": [
    ""# 专家共识六：""
  ]
}

CONTENT:
偏头痛与抑郁障碍均属于慢性疾病，需要进行长期及全病程管理，以降低疾病的发生和复发风险和改善治疗预后，常见的管理策略包括：健康教育、危险因素管理及病人的康复期管理。",115,['CN 偏头痛与抑郁障碍共病诊治中国专家共识_1773147393'],"['c5f6d5c9-f8eb-4880-9972-3bb50f919e50'
 '3a9fb096-71ea-439a-9820-4b34c716ec50'
 '690b67ba-4ddd-4421-9c79-397c19c31094'
 '4214e139-777d-4e0e-bbbd-da449d0d69a8'
 '33ec2023-dedd-4172-bc20-36c12da20a81'
 '3ec22bd9-e34d-403b-88ab-b35e4f8620fa'
 '6426a627-465e-46e0-9877-7addefcbda8a'
 'eca35bd3-6c28-40c1-a35a-99d02357d0f7']","['41a8c400-6585-44c1-b922-cfc6921fb295'
 '9ed480c5-d948-42c5-b886-952ba696ad1c'
 '5a38e17f-50f5-4e5c-934d-f72232ab10c5'
 '25ba805a-6583-4d3a-9ff0-264f32f4d1e4'
 'fdc55fa6-5213-41a1-aa6f-c3a0fc2ee18b'
 '5b4196ae-c593-40e0-a70f-a1ca55cd2e26'
 'a57c4a76-036b-4533-b52e-f85a701cf3fd'
 '67855d11-a83b-4427-a7b3-cda3fbcb2361'
 '052db005-c1a9-48d0-aa61-c1f679bea04a'
 'c76c8fd1-96c4-4b55-896c-371b07a8c158'
 '70ff349b-2124-4b77-bbe6-607518c9f52b'
 '28c14b24-4e98-4701-9939-1cec50a4be67'
 '3ead1d93-1591-4866-9466-a72d8780b99b']",[]
b0f4d24f6f62309a037dca8b4e0d4157f7e25c6212d4557e1032bbbb74f0891f1e7cc1c5ec2f561f3edcd394c5b050a01fd9c13a3e028f7d204116ce3bc48e9c,189,"METADATA:
{
  ""parent_headings"": [
    ""# 八、小结""
  ]
}

CONTENT:
偏头痛与抑郁障碍的病因尚未完全明确，其双向关联可能与他们共享遗传、环境、病理机制有关。偏头痛与抑郁障碍关系密切，在临床上，二者的共病易被忽视，可能导致治疗效果不佳或疾病迁延加重等，因此，应充分关注偏头痛与抑郁障碍共病的筛查、诊断与管理。偏头痛与抑郁障碍共病的治疗包括药物治疗和非药物治疗等方式。药物治疗考虑的因素包括选择有多重作用的药物、选择对精神症状和躯体症状均有疗效的药物、药物的安全性及相关的不良反应、药物与疾病自身的相互作用和耐受性，后者包括药理学相互作用和病人对治疗的满意程度以及依从性。非药物治疗可根据病人个体化情况和意愿选择，可与药物联合使用或单独使用。",392,['CN 偏头痛与抑郁障碍共病诊治中国专家共识_1773147393'],"['c5f6d5c9-f8eb-4880-9972-3bb50f919e50'
 'dff3ffe1-c797-49a5-a7d4-29dfebe42ec8'
 'f4932f30-fa71-4ff6-9c84-ad040e1362b9'
 '3a9fb096-71ea-439a-9820-4b34c716ec50']","['9e2acb00-1222-4a13-a8c8-2e0d0e650f53'
 '41a8c400-6585-44c1-b922-cfc6921fb295'
 'ca6e05b7-9abe-404d-a1df-5c7c5dcb0e77'
 'dc5e1fb6-0d34-4eea-8025-55d2ca854700'
 'c52dcfff-76fd-4a56-a5f6-97af1aaa0d7a']",[]
2349dda18953f9563fab3df55c4f436871ea226bb67bf0d3db308cab9151359bd08494997e5c2cdd741a28df0ed37c44b0b770267fe1a32a2753ee6544b7daa0,190,"METADATA:
{
  ""parent_headings"": [
    ""# 儿童偏头痛诊断和治疗新进展""
  ]
}

CONTENT:
# 儿童偏头痛诊断和治疗新进展",23,['CN 儿童偏头痛诊断和治疗进展_1773147387'],"['3e7ad9fd-47c4-4353-863b-a25f40c2b493'
 'ae2440d3-69a4-41cb-955c-00e540ed08fe'
 '75d88f51-ea3c-404e-a361-6c9576cacd59']",,[]
ad35013d5762ef15840617220687d42379da7e6c224e4855c141b759801bcfd09828afb47c83e266ef51862cb8425a84f9f1117657d14c607e0bcbe3020d96e4,191,"METADATA:
{
  ""parent_headings"": [
    ""# 相宇 张颖 易致 杨成青 李菲 薛姣 刘凯璇 宋振凤""
  ]
}

CONTENT:
青岛大学附属医院儿童神经内科 山东 青岛

[摘要] 偏头痛是一种儿童常见的失能性神经系统疾病,严重影响着儿童的身心健康。近年来儿童偏头痛发病率及致残率逐年增高 但其发病机制目前尚不完全清楚 本文详细综述了儿童偏头痛的临床表现和最新的分类诊断标准 总结其病理生理学机制及遗传学研究进展 并探讨了儿童偏头痛的急性治疗 预防性治疗以及其他最新治疗方法。

[关键词] 偏头痛;诊断;病因学;治疗学;儿童;综述

[中图分类号] ; [文献标志码]

NEWADVANCESINTHEDIAGNOSISANDTREATMENTOFPEDIATRICMIGRAINE XIANGYu,ZHANGYing,YI Zhi, YANG Chengqing，LIFei，XUEJiao,LIUKaixuan，SONG Zhenfeng（DepartmentofPediatric Neurology，TheAffiliated Hospital of Qingdao University，Qingdao 266555，China)

[ABSTRACT]Migraineisoneof the mostcommon disabling neurological diseases inchildrenand seriouslyaffects the physi calandmentalhealthofchildren.Theincidenceanddisabilityratesofmigrainearegraduallyincreasing inrecentyears，butits pathogenesisremainsunclear.Thisarticlemainlyreviewstheclinicalmanifestationsofpediatric migraineandthelatestclasificationanddiagnosticcriteria，summarizes thepathophysiological mechanismofpediatricmigraineand geneticresearchadvances，and discussestheacutetreatment,reventivetreatment,andlatesttreatmentmethodsfor ediatricmiraine.

[KEYWORDS] ; ; ; ; ;

偏头痛是一种常见的致残性原发性头痛障碍疾病[1]年全球疾病负担研究显示 偏头痛是致残的第二大原因 其致残率超过所有其他神经系统疾病的总和[2] 儿科总体偏头痛患病率约为 $7 . 7 \% , 5 \sim 1 0$ 岁儿童的患病率为 $5 \%$ 青少年的患病率约为 $1 5 \%$ ,并且随着年龄的增长呈上升趋势[3-4],严重影响儿童的生活质量,正确的诊治对患儿自身、家庭 学校以及社会均有重要意义 本文以 国际头痛分类第 版 [1] 美国儿童青少年偏头痛的紧急治疗指南 [5] 美国预防儿童偏头痛药物治疗指南 [6] 中国偏头痛防治指南》[7]、《中国偏头痛诊治指南( 版)》[8]为依据 综述了儿童偏头痛的临床表现和最新的分类诊断标准总结其病理生理学机制及遗传学研究进展 并探讨了儿童偏头痛的急性治疗 预防性治疗以及其他最新治疗方法",1020,['CN 儿童偏头痛诊断和治疗进展_1773147387'],"['c5f6d5c9-f8eb-4880-9972-3bb50f919e50'
 'e84c83c6-54f7-4eb3-91f6-dd7846895841'
 '2d369837-9fd2-4cd4-bc6e-c6ec00c7de94'
 '68ac7742-856d-4faa-ae85-23f8b31ca4cf'
 '3e7ad9fd-47c4-4353-863b-a25f40c2b493'
 '8f2a60b8-4951-45f3-82a8-f4908aa941b0'
 'fd83dc74-8dc3-4289-b036-1044e204832a'
 'bf85aaf3-c7ff-4495-ba7b-2e2c5998a92a'
 '8654bdd7-bf11-40c0-b7ad-f2c102c1619d'
 '48e11257-0add-4dba-af5c-dd8bc20a1563']","['ac54dbc6-a0d0-4080-9dc8-675c4fa08be7'
 'badd6a45-c74d-4752-9793-88ae04e6619b'
 '10675d89-aa10-4b7f-8281-15a1af8ea046'
 '61b7359e-8a4f-4a78-9f97-739d90cfcc34'
 '3bc13dda-43ec-4ab8-9b14-764db43c1705'
 '9b5b0ac5-46ec-47d9-8060-fde1929065b8'
 '9656a0b6-4cea-419b-825f-5f44d2a518cb'
 '7bfcfa0b-39d3-4ccf-ade9-ea83c7170e6c'
 'd3ccf5ab-4860-4a58-ac39-8047462a3a1a'
 '89c42ca5-6db6-45c0-940d-4e516cd7fcd7']",[]
2b384656525832ccf7fcb18f887bf305fc02cd19bd9bfe73ae028b4951f90e37b7e146e308f4a4dc93e2357ad0ed8dc0ae39d88e9ee8e463302ad37ab1e6a1ad,192,"METADATA:
{
  ""parent_headings"": [
    ""# 1 偏头痛的诊断评估""
  ]
}

CONTENT:
偏头痛分为无先兆偏头痛和有先兆偏头痛两种主要类型[1] 无先兆偏头痛是有特征性头痛表现和伴随症状的一种临床综合征 通常为反复头痛发作 每次持续约 $4 \sim 7 2 \mathrm { ~ h ~ }$ ：头痛表现为单侧 搏动性 中重度疼痛或进行日常体力活动时头痛加重,常伴有对光或声音敏感,以及恶心、呕吐、皮肤痛觉超敏等症状[1,9]。需要注意的是小于 岁的患者双侧头痛较多见 儿童偏头痛可持续 $2 \sim 7 2 \textrm { h }$ 如果患者在头痛发作过程中入睡,醒后头痛消失,则头痛结束时间按睡醒时间估算[1] 有先兆偏头痛主要表现为头痛发作前或发作时出现短暂的可完全恢复的视觉、感觉或其他中枢神经系统症

状[1]。视觉先兆是最常见的先兆表现[1],部分患者可能将视觉先兆描述为眼前出现锯齿状线条或闪烁的灯光[9] 可应用视觉先兆评分量表进行评估 其次为感觉先兆 患者常描述为身体某一部位的麻木感 可伴随其他症状出现 也可单独出现[1,9] 临床少见的先兆症状为语言障碍 通常表现为失语 但失语类型难以区分[3]

偏头痛的诊断主要依据患者提供的头痛病史 借助头痛日记来记录头痛的模式和频率及其伴随症状 如恶心 畏光和畏声 以及急性药物使用情况 可帮助临床医师更好地使用 标准来明确诊断[10] 儿童可采用画画的方式来描述头痛特点 通过使用偏头痛筛查工具 可以提高偏头痛的诊断率 临床常用的筛查工具有三项 偏头痛问卷和五项偏头痛筛查问卷( )[10]。

患有偏头痛的儿童均应进行全面的神经系统查体 对于有偏头痛病史且神经系统查体正常儿童 通常不需要进行神经影像学检查[11] 对于有癫痫病史 近期头部外伤史 头痛的性质或持续时间有明显变化 有局部神经功能缺损症状或者眼科检查发现视乳头水肿的患者 则应该考虑进行神经影像学检查[11-12]",961,['CN 儿童偏头痛诊断和治疗进展_1773147387'],"['786aee20-368c-47af-a372-405ce47433b1'
 'c514bd28-682f-421b-adfe-90a509606492'
 '8867eaba-c420-4807-a9b8-1b2f94fd7bb2'
 '2d369837-9fd2-4cd4-bc6e-c6ec00c7de94'
 '254a579b-29d8-4d11-b485-4f1869a72115'
 '68ac7742-856d-4faa-ae85-23f8b31ca4cf'
 '3e7ad9fd-47c4-4353-863b-a25f40c2b493'
 '95d2f906-c4b0-4cbb-9f6e-843dbc5a5438'
 '001efd51-8655-4a46-9117-f0b6de41c99c']","['76f05288-9298-4aad-bbcb-cdab3998430d'
 'a2931329-dc5a-4276-be1d-2e9e93f661bd'
 '1bf5811c-81ef-4d5b-a84d-7079d916bb39'
 'e34065fd-c523-4b8d-a235-5f1cb8018be8'
 '4e56de71-3fa0-4ebb-b5bf-6540eddec680'
 '9c01ee60-88df-46fa-bf2b-212ff3a88207'
 '883f4caf-f3d4-4a60-9071-40eebe3d5a20'
 'f0c66a0e-720f-4856-9605-b8f23b08799b']",[]
fb7370cd12edb63a270ed9c8382de34cfaec86c522dbf0efdf38274477f30c5d574515fc1c2488f84399f206e7414bb0563617bb165d3b6edc4015e80fbfa6eb,193,"METADATA:
{
  ""parent_headings"": [
    ""# 2 偏头痛发生的病理生理学机制""
  ]
}

CONTENT:
目前关于偏头痛发生的病理生理学机制尚无统一观点主要的假说有血管源学说 神经源学说 三叉神经血管学说血管源学说认为血管的异常舒缩是导致偏头痛发生的主要原因 但近年来随着技术的发展 许多研究都显示偏头痛发作期的血管直径与发作间期无明显差异 如 年等[13]通过采用结构和 伪连续动脉旋转标记技术 发现偏头痛患者发作期未观察到大脑灌注明显下降的

现像 目前已较少单独采用该理论解释偏头痛

神经源学说认为皮质扩散抑制 是偏头痛患者主要的病理生理改变[14-15] 是由皮质神经元和神经胶质细胞中缓慢传播的去极化波引发的 随后是超极化波以 $3 \sim$ $5 ~ \mathrm { { m m } / \mathrm { { m i n } } }$ 的速度穿过皮质 这一过程伴随着离子稳态的巨大变化和神经递质释放[16] 影像学证实 可以导致大脑受累半球的初始低灌注和随后发生的高灌注[17] 根据目前研究, 被认为是导致偏头痛先兆症状的主要病理生理学机制[18-19]

三叉神经血管学说认为 一方面 内源性或者外源性因素刺激颅内疼痛敏感组织 包括颅内大血管 硬脑膜等 激活三叉神经血管系统 释放多种血管活性神经肽 其中包括物质、降钙素基因相关肽( )、神经激肽 ,引发瀑布样级联反应 促使血管扩张 血管壁通透性增加 致血浆蛋白渗出,肥大细胞脱颗粒,多种细胞因子释放,产生无菌性神经源性炎症 进而导致头痛发作[20-21] 另一方面 内源性镇痛调节系统通过 羟色胺等神经递质调节三叉神经的疼痛传导通路 从而达到镇痛作用 如果该系统功能发生异常 将导致偏头痛发作[18]",834,['CN 儿童偏头痛诊断和治疗进展_1773147387'],"['c5f6d5c9-f8eb-4880-9972-3bb50f919e50'
 '5324fc85-7081-4174-bdc5-d77fd44757e6'
 '3519be6c-45c0-427c-93a2-5d326e05751f']","['72deefd2-cb18-44ee-97c8-6f3a2df7fe72'
 '31264582-5611-4470-bd9a-22ee16130643']",[]
d84ba703d52a3d914db63991dd7036c3c2cda83c42cefb960e71eeaf2cf5e44b71830be54e88750763636d831cc2e64ba077b2488230c2b9a006fac35bf1bd7e,194,"METADATA:
{
  ""parent_headings"": [
    ""# 3 偏头痛发生的遗传学研究""
  ]
}

CONTENT:
偏头痛患者中,有家族史的比例较高,估计遗传率约为$42 \% ^ { \ [ 2 2 ] }$ 然而 确定偏头痛的相关基因仍然是一项巨大的挑战[15] 基于人群的双生子和家系研究表明 偏头痛是一种复杂的神经系统疾病 其特征可能源于基因 基因和基因环境的相互作用,但也可能还存在着其他未知因素[15,22]。全基因组关联研究已经确定了大约 个与偏头痛相关的基因位点[23] 目前已经明确基因位点的偏头痛单基因遗传病有常染色体显性遗传性脑动脉病伴皮质下梗死和白质脑病视网膜血管病伴白质脑病 家族性睡眠后期综合征和偏瘫型偏头痛[19] 遗传学研究显示 偏头痛大多为多基因遗传 但偏头痛相关的单基因综合征除外,如家族性偏瘫性偏头痛[24] 是一种罕见的单基因常染色体显性偏头痛亚型[14] 该病 个主要致病基因为 CACNA A型 ATP A 型 以及 SCN A 型 [24]",468,['CN 儿童偏头痛诊断和治疗进展_1773147387'],"['c5f6d5c9-f8eb-4880-9972-3bb50f919e50'
 '80f7ff0a-09b0-46d6-a802-a0bcdc67654d'
 '2cc32c75-4ac1-4c3e-be54-cb6c4b8b071f'
 '8b0b89e6-0513-4e1e-8de8-8921f331d244'
 '2c065420-fa9a-48be-b526-01d0cc1c97d2']","['1fa212f0-ddc6-4b86-aeab-c55d875a500a'
 '86760980-7819-4088-ada3-2e61797c76c0'
 '26450361-aafd-4dbf-a7e5-7a47299213ec'
 '88e4d062-a284-4a64-a44c-049089ffa68e']",[]
42781f631e60d5dc978768ac106545507144b9e7739c934b8c58b4e43df91be73d72050987092a86649f7624b77499e7b92b3d0040bae8376c6045c2ba6a4181,195,"METADATA:
{
  ""parent_headings"": [
    ""# 4 儿童偏头痛的治疗""
  ]
}

CONTENT:
儿童偏头痛的治疗应包括识别诱发因素 急性期治疗及预防性治疗 个部分。",50,['CN 儿童偏头痛诊断和治疗进展_1773147387'],"['8867eaba-c420-4807-a9b8-1b2f94fd7bb2'
 '2d369837-9fd2-4cd4-bc6e-c6ec00c7de94'
 '68ac7742-856d-4faa-ae85-23f8b31ca4cf'
 '3e7ad9fd-47c4-4353-863b-a25f40c2b493']","['10675d89-aa10-4b7f-8281-15a1af8ea046'
 '7dcd8daa-8179-4bd8-b701-ece7c4b1bed5']",[]
a755a1d7c7d50241e949f3f67066a071d3040c44026ecbf4204c31719658d38c98068fe0a23f3f70426a030908bdcf57c15191f15e39db46ece7a311ac4175d5,196,"METADATA:
{
  ""parent_headings"": [
    ""# 41 儿童偏头痛诱发因素的识别""
  ]
}

CONTENT:
识别偏头痛的诱发因素对患儿的治疗非常重要 偏头痛的诱发因素很多 主要分为心理诱因 生理诱因和环境诱因 心理诱因包括压力 如患儿繁重的课程安排 与同龄人间的竞争压力等 焦虑和抑郁 如父母关系不和导致家庭关系紧张 父母对患儿过高的要求标准等 生理诱因包括发烧 疲劳 睡眠不足等 环境诱因包括荧光灯 强光 闪烁光气压变化、高海拔或海拔变化、强烈气味以及快速温度变化等[12] 既往研究显示 儿童偏头痛与睡眠障碍呈现双向关

联[25-26] 即儿童偏头痛可导致睡眠障碍 睡眠障碍又可反向加重儿童偏头痛 因此行为干预 如行为认知疗法 可能对治疗儿童偏头痛和睡眠障碍均有效 准确识别儿童偏头痛的诱发因素 并尽量避免诱发因素的刺激 可帮助患儿降低偏头痛发作频率 但无法完全消除偏头痛 而充足的睡眠 健康的饮食、适当的体育活动、合理的时间规划等生活方式的调整均可有效预防偏头痛的发作。",552,['CN 儿童偏头痛诊断和治疗进展_1773147387'],"['c5f6d5c9-f8eb-4880-9972-3bb50f919e50'
 '68ac7742-856d-4faa-ae85-23f8b31ca4cf'
 '5d9d0d25-0832-4ae4-8ef1-f7b48ddba1df'
 '3e7ad9fd-47c4-4353-863b-a25f40c2b493'
 '6d96b062-8cad-4b0f-be08-1e7a956f8f03'
 'ffb85a9d-8556-45c3-abdf-d254805b1153'
 '84713de0-8741-45ee-9573-7bce2d390b55'
 '979885a9-e03c-402e-bddc-4c8f91e5e2ad'
 'af9a1b5a-ac47-4d9e-bdc6-ae8212c03123'
 'c5977058-6d9d-4d97-bd16-1a8f1d7a5c33'
 '3222d7d8-8994-417d-aebb-e6ad00f347d7'
 '665a698f-e705-4b5b-9107-233c8e0bc8bf'
 '34056f7a-6358-4b14-9dc0-08cb84512906']","['8d573f7b-0df7-4aa0-ad67-36eacbe18ffd'
 'b16709db-fed1-4893-bebc-4f0ddb11fc17'
 '8beaa281-d690-428f-bc03-ac4dd93980cb'
 '55d20060-160e-4a06-a08c-e2dc1ee30242'
 '9faadccf-617d-4867-85c3-9d1fb1f30c2f'
 '49bdc82c-b7e1-435f-89f3-a59cfe8aa918'
 'f11597aa-4db1-4c8c-bffb-076e96455b3f'
 '9c0fc78d-5e9e-438f-85e6-c7827fbbb3b9'
 'db4440be-3d5b-42e2-8674-3189b82c1e61'
 'b2204855-9170-4eac-9f99-deb20e135826'
 '2544700b-cacf-4a32-96cf-e84574e32779'
 '353abf11-b75b-4ea2-b5a0-cc4e22127978']",[]
97f704f729baa12c0e2b11bd17d01198b85340ee2d9fc65ac747ebaab61fa6bc63aed99a2ae144e4b0686faa762d4ff03b31c2b12f0ec3c2bf1cda251e23d289,197,"METADATA:
{
  ""parent_headings"": [
    ""# 42 儿童偏头痛急性期的治疗""
  ]
}

CONTENT:
卧床休息可以缓解轻度偏头痛患儿的急性期头痛的症状[10] 患儿头痛发作时 在黑暗 安静环境中休息可有效减轻症状[3] 当患儿偏头痛发作不能耐受或持续头痛加重时应及时进行药物治疗[3] 急性期治疗的目标是通过选择正确的治疗药物来降低患者头痛的程度和持续时间,提高患者的生存质量 同时应为患者及其家属提供头痛急性发作时的应急处理方案[27]

421 一线药物 目前国内外强力推荐的儿童偏头痛急性期治疗一线药物为非甾体抗炎药 包括布洛芬 阿司匹林和双氯芬酸[10] 对乙酰氨基酚可以用于 个月以上婴儿 布洛芬可用于 个月以上儿童 萘普生可用于 岁以上或者体质量 $2 5 ~ \mathrm { k g }$ 以上的儿童[7]  
422 二线药物 非处方镇痛药不能充分缓解头痛时 应服用曲坦类药物( 羟色胺 / 受体激动剂)。目前,对于岁及以上儿童,美国食品药品管理局批准使用阿莫曲坦、舒马曲坦和佐米曲坦 对于 $6 \sim 1 7$ 岁儿童 批准使用利扎曲坦[5]。目前在我国上市的二线药物仅为舒马曲坦、佐米曲坦和利扎曲坦 但只有利扎曲坦说明书中提及可用于 $6 \sim 1 7$ 岁儿童 其他两种药物均不推荐儿童使用

曲坦类药物禁忌证较多,如禁用于缺血性心脏病、冠状动脉狭窄 偏瘫或基底偏头痛的患者[5] 虽然这些禁忌证在儿童中并不常见 但也应引起临床医师注意 以免导致患者病情恶化。

423 三线药物 当二线药物治疗失败(至少连续 次应用二线药物治疗且每次治疗足疗程 但偏头痛仍没有缓解或效果不明显 或者有曲坦类药物使用禁忌时 临床医师可以尝试使用 羟色胺 受体激动剂 或 受体拮抗剂 治疗急性期的偏头痛患儿[10] 拉米地坦是唯一获批应用于成人急性偏头痛治疗的 羟色胺 受体激动剂[10] 针对儿童的 期临床试验结果显示 体质量 $1 5 \sim$ $4 0 ~ \mathrm { k g }$ 患儿使用 $1 0 0 ~ \mathrm { m g }$ 的剂量和体质量 $> 4 0 \ \mathrm { k g }$ 患儿使用$2 0 0 ~ \mathrm { m g }$ 剂量,其安全性和耐受性与成人相当[28],但还需要进一步试验明确该药物在儿童中的安全性[29] 抗 单克隆抗体已被证明对成人偏头痛治疗有效 但长期的安全性数据以及针对儿童患者的数据尚不明确[30-31]",1206,['CN 儿童偏头痛诊断和治疗进展_1773147387'],"['599ef6e7-b688-4e19-80a1-0274ae6f9411'
 '1327d89e-633b-4bf1-90a9-6f8fb2d785c2'
 '65d3d7dc-e834-4a59-af35-999ce69134b8'
 'e2b51cdc-bb66-4388-80c7-2c503528ad2f'
 '6d48a3db-9632-4e1a-ad98-19507731aa1a'
 '536a9a70-a75d-4b95-83dc-34b538126b1a'
 '21193e44-42ae-49d3-9141-f348e2d5ee03'
 '4ed8504c-8726-4713-bcc7-8b9a723b3a02'
 '92e42688-265e-4203-902a-19615b559fcb'
 '5a667348-2a12-49d8-b0b6-3dee2bfd3d02'
 '3e7ad9fd-47c4-4353-863b-a25f40c2b493'
 '1fa096d3-43c8-429e-b66b-83a0ada8f63f'
 '9513102d-cadb-40f4-9775-2c2f3996e0bc'
 '108448c2-6ecd-4841-b703-aea528c1636d'
 '26924fd4-c784-434c-8e91-19492d4832ed'
 '217836bb-ad8b-4385-83b0-2abd2d9a5f27']","['6b26b5f3-799e-47c1-852d-1fb73a997f81'
 'c4bf3527-0889-4cd6-900e-bf7be55a9f90'
 '1289cb3b-7cc3-4519-b24a-b6fba6bedb34'
 '81e764e3-74d3-490c-b949-532065c747bc'
 'd1fa2b9c-5720-4709-935e-029c0ca08a48'
 '6ed067f6-7627-4895-8718-e44cb5f15e26'
 '3e53967d-226b-455b-8520-54ae77f4d9e9'
 '77010d4b-a607-4ec8-999a-c1bdd4374f30'
 '2a409648-98ca-4d50-b0f4-ac2b36408a6a'
 '2ad854a5-fd28-442e-b1d2-b1bae853eb6d'
 '726f2dde-75f9-477a-836a-8072fc9b1a35'
 'b9e15e11-ab1d-494e-be62-5e35dc37de0d']",[]
9d010be2e112d921a8ec409921bb6bf7daae44915d78a6a3a4454af9c7338b2f347bb11cc96b4320ac39dd9287ecab8c98e46701661c327517b831aff8af0e2a,198,"METADATA:
{
  ""parent_headings"": [
    ""# 43 儿童偏头痛的预防性治疗""
  ]
}

CONTENT:
儿童偏头痛预防性治疗的目的是减少偏头痛发作的频率 持续时间或严重程度 而不是治愈偏头痛[24] 临床医生应将此目的告知患儿及其家属 以便能在治疗预期方面达成一致 何时开始患儿的偏头痛预防性治疗 各个国家不尽相

同 但通常建议对每月至少有 偏头痛发作且治疗后仍不能进行正常生活和学习的偏头痛患儿进行预防性治疗[24]

美国神经病学会和美国头痛学会共同发布的预防儿童偏头痛的药物治疗指南中 综合分析了预防性药物的证据分级[6] 该指南推荐应用阿米替林联合行为认知疗法来预防偏头痛( 级),但在应用阿米替林时需告知患儿及其家属阿米替林的潜在不良反应,如有自杀的风险,并取得患儿及其家属积极配合[6]。氟桂利嗪是非选择性钙离子通道阻滞剂,口服氟桂利嗪与安慰剂相比可有效降低偏头痛发作频率 最常见的不良事件是镇静和体质量增加 目前对于氟桂利嗪的儿科用量尚无统一标准[32]。多项尼莫地平预防偏头痛的研究结果 均未能显示出其疗效优于安慰剂 因此不推荐临床使用[7]。在儿童中使用托吡酯、阿米替林和普萘洛尔进行预防性药物治疗的随机对照试验较少 在一项安慰剂对照试验中 托吡酯和阿米替林预防 $8 \sim 1 7$ 岁患者偏头痛的效果并不优于安慰剂[24]。对预防性用药产生应答的定义通常为头痛频率减少至少 $50 \% \%$ 专家建议应用偏头痛预防治疗药物时通常需要 $6 \sim 8$ 周的滴定时间 以减少因药物不良反应导致的停药[33] 大多数临床医师建议在达到缓解后继续进行$6 \sim 1 2$ 个月的维持治疗 之后才是药物减量阶段 最后在患者偏头痛无复发的情况下停药[11]",890,['CN 儿童偏头痛诊断和治疗进展_1773147387'],"['c5f6d5c9-f8eb-4880-9972-3bb50f919e50'
 '2d369837-9fd2-4cd4-bc6e-c6ec00c7de94'
 'bc837053-52fd-4f31-957c-524663285995'
 '205033e7-ce21-4198-898a-f0b7413c4cde'
 '4dfa20f3-b6e7-4a28-af18-7efd3b407b66'
 '04566857-388a-425f-a025-8ee6aaf0017e'
 '8655baed-ffc8-410d-96ce-fd41e93c14a0'
 '3e7ad9fd-47c4-4353-863b-a25f40c2b493'
 '6d96b062-8cad-4b0f-be08-1e7a956f8f03'
 'bfaeed7b-1ad5-4f53-ac0f-54a747291a9d'
 'dd76875b-5767-4fdb-9065-77ed9078ce44'
 'e7ee84aa-1734-4dc5-a908-3a3bc2f7e749']","['10675d89-aa10-4b7f-8281-15a1af8ea046'
 'f11597aa-4db1-4c8c-bffb-076e96455b3f'
 '21ec1caa-7db6-44b5-9a8c-59c82ec07164'
 'ac47673f-a811-46b9-aa46-bb7766b02689'
 'a52b9644-5395-40db-b1de-3bb7ad3904c5'
 '156222b7-0e88-428e-8a28-e5649fef2ec5'
 '7c86c96c-54b3-4ec4-88f8-33f8458478d3'
 '9f87a772-3722-4684-b49a-262c9084f60b'
 'fb5f42ff-ceae-4be0-b994-483f65375543'
 '87b738c5-97cf-41c6-84e4-f3e239231a12'
 '86c826f1-57fc-4dfa-8667-0e5a11563cd6'
 '5a50337e-68c0-40a8-9f98-f9d0fb271cb6']",[]
c7d1b4a4d6c1890a132c31e59180d731225566cf55ebabf81e05e51dc067c87990a977ce7b4870782038556add3f4a624eb29460e048396081cec193a59c7894,199,"METADATA:
{
  ""parent_headings"": [
    ""# 44 儿童偏头痛的最新治疗策略""
  ]
}

CONTENT:
在过去的 年中,偏头痛的治疗取得了巨大进展,基于病理生理学机制的新型治疗方法减轻了患者的头痛症状 降低了患者的治疗费用。外周神经阻滞疗法和肉毒毒素治疗针对成人偏头痛患者疗效显著 但其在儿童偏头痛中的有效性还需要更多高质量证据支持[34]。肉毒毒素已获批用于成人的慢性偏头痛治疗,然而,一项应用肉毒毒素治疗儿童偏头痛的随机对照试验结果显示 与安慰剂相比 肉毒毒素对偏头痛的治疗并没有显著疗效[3,26] 目前上市的可用于治疗偏头痛的电装置(如三叉神经电刺激器、无创迷走神经刺激器 单脉冲经颅磁模拟器远程神经电调节装置等 在临床应用数据较少 且其在儿童中的有效性尚无证据支持[26,34]未来可在药物难以缓解的偏头痛患儿中尝试使用电设备进行临床试验。目前最有希望的新治疗靶点是调节下丘脑活动以及参与疼痛传递的离子通道[35] 后续应加强对偏头痛分子机制的研究 以开辟有效预防偏头痛的新途径[35]

综上所述 儿童偏头痛的诊断依据主要来源于儿童及其监护人的病史询问 儿童可通过写头痛日记 画画等方式来记录头痛的特征。对于偏头痛的病理生理机制研究目前尚未完全清楚 可能会导致先兆症状 三叉神经血管系统的激活可能是偏头痛的潜在机制。儿童偏头痛的治疗包括识别诱因 急性期治疗 预防性治疗 识别儿童偏头痛的诱发因素并尽量避免 可帮助患儿降低偏头痛发作频率 急性期及时治疗及预防性治疗可改善患儿生活质量及致残率新型治疗方法目前已在成人偏头痛患者中取得较好治疗效果 但在儿童偏头痛患者中应用的安全性和有效性证据较少 未来 还需在成人试验的基础上 开展更多的 针对儿童

偏头痛患者的临床试验研究,深入探讨偏头痛的分子机制,以确定潜在的治疗靶点 并根据每例患者的偏头痛具体特征制定个体化治疗方案

作者声明:相宇、张颖、易致、杨成青、李菲、薛姣、刘凯旋参与了研究设计;相宇、宋振凤、张颖参与了论文的写作和修改。所有作者均阅读并同意发表该论文 所有作者均声明不存在相关利益冲突",1133,['CN 儿童偏头痛诊断和治疗进展_1773147387'],"['c5f6d5c9-f8eb-4880-9972-3bb50f919e50'
 'ee08258f-7327-46f1-9459-c1bbd95e644d'
 '8867eaba-c420-4807-a9b8-1b2f94fd7bb2'
 '2d369837-9fd2-4cd4-bc6e-c6ec00c7de94'
 '9068c54c-7713-4c0c-a512-287a42a0ece2'
 '1d61e6d9-0a52-47a4-a0ef-fb021ca9daf5'
 '3e7ad9fd-47c4-4353-863b-a25f40c2b493'
 '313c7612-8ffd-4910-a2cf-9717e2653230'
 '5b7a6b6c-822a-4402-8bad-be79234d1098'
 '91aa038e-0e99-45d9-9325-0f1322ee54a5'
 '60a96662-5914-4e88-960d-fa567bbecc97'
 '67df9ada-c846-47f3-9bdc-b61b01b147ed'
 'e9d6bcc9-5f3d-4915-a806-51230b24e5af'
 '04bf9c63-46f8-4829-9cd5-6173f2e567e1']","['500bb295-ff5a-4026-975e-57da7b56fb21'
 '34d7eb03-b872-4876-a471-926d49bb40fa'
 'c132a2a1-cd2f-4f3e-a98b-39a69f87dea3'
 '8224c586-a151-46c8-8250-9e67705124b7'
 '93513810-3b0c-446b-b8f1-40272f9adc5c'
 'ebb45bac-53e3-44fd-af71-4c1ffdedda76'
 'd52dfcae-6a02-4649-ab73-5ef263d43445'
 'f9193982-34c2-4c3a-9031-7abd6a8f7cb2'
 '1c1026a9-442f-45be-ac56-8d9edb0dd605'
 '4dcbb018-c93e-4ad6-a2bd-8da9a149543f'
 'ea6508be-8e1f-4a5e-94fc-9963b9941528']",[]
06d071f15598224f9274bec396bff7a98e1fc4ffc62b7673ec9c25133b37d548e7cd379088746b2bf3d3126342d178d09ba2e87cfd434e5a10071ec59f0f3023,200,"METADATA:
{
  ""parent_headings"": [
    ""# •指南与规范•""
  ]
}

CONTENT:
# •指南与规范•",9,['中国前庭性偏头痛诊治指南（2026版）_1773147372'],['5b540674-f91b-4c92-8a8e-1dbcba4734d6'],['e9a98fa1-dece-4b56-ac62-42c56b1c4ce2'],[]
4d614813ef93f4296ee032fe8652cfed397cfe74f9d8615a9f8ea5305779c387bfe96edbcc173730f8bd2da4e6b3bf63b7ae1392891b51ee6f19231d983e1219,201,"METADATA:
{
  ""parent_headings"": [
    ""# 中国前庭性偏头痛诊治指南 (2026)""
  ]
}

CONTENT:
中国医师协会神经内科医师分会头痛与感觉障碍学组  中国医药教育协会前庭医学专业委员会中国研究型医院学会头痛与感觉障碍专业委员会

摘 要 前庭性偏头痛是一种与偏头痛相关的常见发作性前庭疾病。然而，目前国内对该病仍存在认识及诊断不足或过度诊断等问题，需结合其疾病特点及诊疗进展形成规范化诊治体系。本指南由中国医师协会神经内科医师分会头痛与感觉障碍学组、中国医药教育协会前庭医学专业委员会、中国研究型医院学会头痛与感觉障碍专业委员会共同组织制定，在《前庭性偏头痛诊治专家共识 (2018)》基础上对国内外相关文献进行系统分析并评价，综合国内相关领域专家意见，针对前庭性偏头痛的临床表现、诊断及鉴别诊断、治疗方法等方面进行详细阐述，旨在提高临床医师对该疾病的认识和临床管理质量，使得更多病人获益。

关键词 前庭性偏头痛；规范化诊治；临床实践指南",493,['中国前庭性偏头痛诊治指南（2026版）_1773147372'],"['39a316a5-0cf6-401c-bb63-11711db362a8'
 'dc28fb86-b7a7-45fd-87c1-38a4332ca991'
 'b3c80565-bc4f-40fb-8ed1-f431aa9bac3d']",,[]
2e50d93ffa7670f1e2f5cc4d51a15bfea5e15c8edcb97cf36e45ed353239ab26f717061fa463747fce6a3f90277a83944faa68ccfe892de476968d68f3d69bd6,202,"METADATA:
{
  ""parent_headings"": [
    ""# Clinical practice guidelines on diagnosis and treatment of vestibular migraine (2026)""
  ]
}

CONTENT:
Neurologist Branch of Chinese Medical Doctor Association-Headache and Sensory Disorders Group; Vestibular Medicine Professional Committee of China Medical Education Association; Headache and Sensory Disorders Professional Committee of Chinese Research Hospital Association

Abstract Vestibular migraine is a common episodic vestibular disorder related to migraine. However, lack of awareness, underdiagnosis or overdiagnosis of this disorder is still a problem in China. Therefore, a standardized diagnosis and treatment system should be built up based on disease characteristics and the progress of diagnosis and treatment. This clinical practice guideline is formulated mutually by Neurologist Branch of Chinese Medical Doctor Association-Headache and Sensory Disorders Group, Vestibular Medicine Professional Committee of China Medical Education Association, and Headache and Sensory Disorders Professional Committee of Chinese Research Hospital Association. It elaborates the clinical presentation, diagnosis and differential diagnosis, and treatment of vestibular migraine by systematically reviewing associated literature worldwide on the basis of《Expert consensus of diagnosing and treating vestibular migraine (2018)》for the aims of promoting the knowledge of this disorder and their clinical management skills ultimately benefiting more patients.

Keywords vestibular migraine; standardized diagnosis and treatment; clinical practice guidelines

前 庭 性 偏 头 痛 (vestibular migraine, VM) 是 一种与偏头痛相关的发作性前庭疾病，以反复发作的自发性或诱发性眩晕、头晕为核心表现，并常伴随偏头痛发作的特征性症状（如偏头痛性头痛、畏光畏声、视觉先兆等）[1]。美国一项调查研究显示，VM 的年患病率为 $2 . 7 \%$ ，已超过良性阵发性位置性眩晕 (benign paroxysmal positional vertigo, BPPV)，成为最常见的发作性前庭疾病 [2]，我国目前仍缺乏VM 的大规模流行病学研究数据。在特定人群中，VM 的患病率具有显著差异：偏头痛人群中患病率

为 $1 0 . 3 \% \sim 2 1 \% \ ^ { \left[ 3 - 5 \right] }$ ，在头晕专病门诊，VM 占比$4 . 2 \% \sim 2 9 . 3 \%$ ，是继 BPPV 后第二常见的发作性前庭疾病[6~9]。而在儿童群体中，VM与儿童复发性眩晕(recurrent vertigo of childhood, RVC) 则是儿童眩晕的最常见病因 [10~12]。尽管VM是临床常见的眩晕病因，但对其认识度仍显不足，经常被误诊或漏诊 [2,6]。

VM 的发病机制尚未完全阐明，现有假说多基于对偏头痛发病机制的研究延伸 [13]，其核心机制之一为三叉神经血管系统 (trigeminovascular system,TVS)异常激活学说-TVS的感觉纤维广泛投射至内耳、

前庭核团、下橄榄核、前庭小脑等周围及中枢前庭结构，通过神经递质释放或炎症反应等途径诱发前庭症状 [14~16]，其他潜在机制涉及遗传易感性 [17~19]、皮质扩散性抑制 (cortical spreading depression, CSD) [20]、中枢信号整合异常 [21,22] 及离子通道缺陷 [23] 等多个方面。上述机制并非孤立存在，而是通过复杂的交互作用共同参与VM的病理进程。

VM 曾用名包括偏头痛相关性眩晕/头晕、偏头痛相关性前庭功能障碍、偏头痛性眩晕等 [24~26]。1999 年，Dieterich 和 Brandt [27] 首次提出采用“前庭性偏头痛”这一术语作为此类疾病的诊断。VM的诊断标准在 2012 年由国际头痛学会和国际 Bárány学会共同提出[28]，并纳入到2018年国际头痛疾病分类第 3 版 (The International Classification of Headachedisorders, 3rd Edition, ICHD-3) 标准偏头痛的附录中 [29]。同期，我国于 2018 年发布《前庭性偏头痛诊治专家共识 (2018)》[30]，有效推动了国内 VM 诊疗的规范化进程。

近年来，随着 VM 研究的持续深入及临床证据的不断积累，原有共识的更新需求日益迫切。经中国医师协会神经内科医师分会头痛与感觉障碍学组、中国医药教育协会前庭医学专业委员会及中国研究型医院学会头痛与感觉障碍专业委员会组织国内专家多次研讨，在系统梳理国内外最新研究进展的基础上，结合 2018 年版共识临床应用中发现的问题，最终制定并发布《中国前庭性偏头痛诊治指南 (2026)》，旨在进一步规范国内 VM 诊疗流程，推动诊疗水平的提升。",1603,['中国前庭性偏头痛诊治指南（2026版）_1773147372'],"['c5f6d5c9-f8eb-4880-9972-3bb50f919e50'
 'dc28fb86-b7a7-45fd-87c1-38a4332ca991'
 '8b9722cf-be15-4732-8270-c64cc47a309b'
 '21ed60f3-8b44-4d22-92c6-0bbcff7d1a1d'
 '96501eca-4ed5-4cb4-92e2-9ff312dd8da9'
 '5ff87cc8-8311-4247-80f1-1aaf998e5223'
 'c194dd5a-b843-4c21-a98e-acd783c4ec34'
 '0d278240-2970-4367-924e-e7db8868b92c'
 '87648fc9-702c-4278-bd59-1de3eeb900ca'
 '6355fec1-05e3-4d87-8246-f76233f597c3']","['e673c9b3-83f8-4318-8886-2a94155c7c61'
 '425b8442-2804-4a09-8338-01e847d36f54'
 'e1d5eb1a-3e59-4a50-8779-13ae00a731f9'
 '8803f7f8-1eed-4047-9935-51520ca2e66f'
 'f2c45357-8df0-4973-949b-12b7e15b289d'
 '26acd78e-d947-4817-9e46-40694ce4834e'
 '26131a0d-2a0c-457d-b57f-41abade88cad'
 'd40a6af8-c137-4bf5-be04-69cdbcb58816'
 '4312316a-ead4-47f0-9105-0386e0a64e90'
 '8f07e10f-335f-4535-a225-567bb2977616']",[]
8b74d171782aea4ffee98ac390790a73a6e0da5ffd95e7e9ba69a689a3e7f206afb4460c8027fc27097a4cfb65650b32d1b97c9e164d9e31ec59c2c5d6949d32,203,"METADATA:
{
  ""parent_headings"": [
    ""# （一）指南发起机构和专家组成""
  ]
}

CONTENT:
# （一）指南发起机构和专家组成

本指南制订由中国医师协会神经内科医师分会头痛与感觉障碍学组、中国医药教育协会前庭医学专业委员会、中国研究型医院学会头痛与感觉障碍专委会共同发起。本指南编写工作汇集了来自中国人民解放军总医院等全国多家医疗机构的 100 余位专家，涵盖神经内科、耳鼻咽喉头颈外科、疼痛科、临床流行病学及循证医学等多个学科，经多轮深入研讨与修订，共同制定而成。",241,['中国前庭性偏头痛诊治指南（2026版）_1773147372'],"['040c3094-f31d-4a80-b933-24d4768fea3f'
 '51862798-7f77-4ff0-909a-eb5eccf12f02']",['ca6b5b9d-9915-448c-830b-7e6527422b61'],[]
f2d376a4f06b956d9f2ce60627c0dd7df152a69a4b111393d04f1823371ed14f7e8230a6e3949854553b24e24cf83b7bec46a3c1f60767ab174fa660b5348bfb,204,"METADATA:
{
  ""parent_headings"": [
    ""# （二）指南使用者与应用目标人群""
  ]
}

CONTENT:
本指南供神经内科、耳鼻喉科、疼痛科及普通内科从事眩晕、头痛诊疗的专业人员参考。本指南推荐意见的应用目标人群为VM病人。",79,['中国前庭性偏头痛诊治指南（2026版）_1773147372'],"['3d96cb59-0236-4102-a6cd-ce40f0854545'
 '8bf31f1e-6f6d-4997-bdfe-6eca11ea7e34'
 '11381816-5fd0-4c5d-9347-1b23ecbafa06'
 'c90b9e90-02a0-4f4c-b8bf-9241e0bf4f7b'
 'b3b12294-e2b2-4e9c-9ac9-b3a23a1229f1']","['af7c0736-6ca8-491b-88f7-9f8bec436252'
 '3b5c55e3-9f09-481b-8a0c-14cb05b92bd1'
 '54fe904d-df5d-4861-9b79-c855607081bb']",[]
a1b8f260f6eeeaaa02880999d0164d457ed936ec7389a73695013c589790f7c26a4bc1050a2248e8e109892bad4c036bffd7bdea4444cc3243858439e235e989,205,"METADATA:
{
  ""parent_headings"": [
    ""# （三）证据和文献检索""
  ]
}

CONTENT:
本 指 南 对 2025 年 6 月 前 PubMed、Medline、Cochrane、Embase 等外文数据库、中国知网 (CNKI)、

维普、万方医学网、中华医学期刊全文数据库、中国生物医学文献服务系统等中文数据库进行检索，语种限为英文和中文。主要纳入系统评价、荟萃分析、随机对照试验、队列研究、病例对照研究、病例系列、流行病学调查等原始研究及相关的指南、共识等。英文检索主要关键词为“vestibular migraine”“pathogenesis”“epidemiology”“clinical manifes-tation”“vestibular function tests”“pure-tone audi-ometry”“neuroimaging”“diagnosis”“differentialdiagnosis”“management”“treatment”；中文检索主要关键词为“前庭性偏头痛”“发病机制”“流行病学”“临床表现”“前庭功能检查”“纯音测听”“神经影像”“诊断”“鉴别诊断”“处理”“治疗”等。",347,['中国前庭性偏头痛诊治指南（2026版）_1773147372'],"['dc28fb86-b7a7-45fd-87c1-38a4332ca991'
 'a94914b4-e645-4bba-ba52-aec949735173'
 'f6e56c1d-8ef6-4d0d-b0d4-3fb6dda5fc93'
 '2ebe5428-5b7d-42a9-8fb1-b1bb6c296e1b'
 'd9060dd8-7ddb-4b68-b0c4-8931d9621556'
 '3cbca204-6f88-413f-a84a-c353b64f3cb1'
 'e35acf7d-ca61-4d3b-8ae4-1532b92a2557'
 '8c687316-ced1-427d-b282-9b10d8bedb9c'
 'e5f16f5f-ce62-451a-89b8-da2eb1e18082'
 '25a82856-54c8-487d-9fc9-fd0925615f2c'
 'ae65d987-2f23-45a1-9b43-6af33406a01d']","['03ce0d1d-b919-4828-92bf-6c772a2cf6b0'
 'add2600b-68f8-4d4b-a0d2-bb207f1ebb94'
 '2c8c3cb9-bf23-4013-bf8f-865094b6aa71'
 '2ab84c57-a1cd-4478-9b82-f64cbda9934f'
 'eb66ee5e-aa42-495d-9a5b-b074630fc47d'
 '7b655c60-f66b-4e01-8454-39075c55f892'
 '6c66e359-3c03-4cf2-8ccb-a0c2591e94b3'
 'b8ea9511-4445-4593-a3f1-24772f42bdeb'
 '9a81eea0-aa3a-438c-8be7-7966f1a1a352'
 'e8ec7a78-0825-4ea9-ab8a-89e109656fa6']",[]
6d208a36bd885480fa5e8815c6d630af747763f9451c7d58cadf8ae4a69136a79bde5ac0e92a52cbe057a7690a2436ba69dc9ecf4f6fac9162bc6ab5517b2a58,206,"METADATA:
{
  ""parent_headings"": [
    ""# （四）证据评价与分级""
  ]
}

CONTENT:
按照推荐分级的评估、制定与评价 (Grading ofRecommendations Assessment, Development and Eval-uation, GRADE) 的要求将证据质量分为 4 级 [31]。采用证据到推荐表方式，指南的推荐意见基于最高等级的研究数据，当无高质量研究或者研究结论不确定时，结合医学干预的利弊权衡、我国临床诊治现状、价值观念与偏好、医疗成本与资源、相关诊疗措施在我国的有效性和可行性等因素，在此基础上经专家讨论给出2级推荐意见（见表1）。",212,['中国前庭性偏头痛诊治指南（2026版）_1773147372'],"['d3d2f364-00f8-4a32-ab40-eee342929470'
 '12d5c37d-ca71-4c3d-88a6-ef1894870ea5'
 '8e9fc354-499a-468c-bd1d-5a14cdbb3479']","['4f70ff9f-77e6-4024-900e-f971f0eac8db'
 '2d10b065-7dbd-4b02-ada2-53ac8f752c25'
 '9c7acffb-dbb9-4800-8b10-c91f8af7393b']",[]
3b0f664f0ab6f6b621a0fbc1704ccc47b2f2142048df8c79dbaecda250a4e4d9799e7a03d91dcdd7e34ffd14252659da79f404611807085c1a133e0a3a2c4c29,207,"METADATA:
{
  ""parent_headings"": [
    ""# （五）指南推广、实施与修订""
  ]
}

CONTENT:
本指南已在国际实践指南注册与透明化平台(http://www.guidelines-registry.cn) 进行注册（注册号：PREPARE- 2024CN255）。通过广泛检索和评价近年来国内外 VM 相关研究进展，结合我国临床医师的实际诊疗经验及诊疗现状，经过多轮专家意见调研，共同起草并议定诊疗相关意见。本指南将采用学术期刊出版进行发布和其他方式（如学术会议以

表1 证据质量及推荐强度分级   


<!-- TABLE_METADATA: {""type"": ""table"", ""page"": 0, ""table_idx"": 0, ""caption"": ""表1 证据质量及推荐强度分级 "", ""footnote"": """", ""extracted_from"": ""mineru_api""} -->
<table><tr><td>级别</td><td>详细说明</td></tr><tr><td>证据质量分级</td><td></td></tr><tr><td>高(A)</td><td>非常有把握：观察值接近真实值</td></tr><tr><td>中(B)</td><td>对观察值有中等把握：观察值有可能接近真实值，但也有可能差别很大</td></tr><tr><td>低(C)</td><td>对观察值的把握有限：观察值可能与真实值有很大差别</td></tr><tr><td>极低(D)</td><td>对观察值几乎没有把握：观察值与真实值可能有极大差别</td></tr><tr><td>推荐强度分级</td><td></td></tr><tr><td>强(1)</td><td>明确显示干预措施利大于弊或弊大于利</td></tr><tr><td>弱(2)</td><td>利弊不确定或无论质量高低的证据均显示利弊相当</td></tr></table>

及社交媒体等）传播。也可充分发挥学术组织的作用，对指南以专题形式进行系统学习和应用。对有争议或出现新证据的领域，指南将及时更新。",653,['中国前庭性偏头痛诊治指南（2026版）_1773147372'],"['a884c45c-6b60-44dd-9f88-d9075065a05e'
 '7b4f12e1-1335-4841-9420-391b953afd0f'
 '919e19cd-1366-4d6a-a987-5e57ceca5177'
 'cfcb98d2-3660-4da5-a469-18b413f0e0be'
 'ca37f6b4-eb05-4830-8923-27e883ff0fc4'
 '30976b11-c36c-40b9-a5d0-efb2c15e7578'
 'e847c9dc-add3-4010-8f54-fa663723d3d3']","['c6180e4e-4ee7-4a08-a0cd-3d6d1602c02d'
 '3e921328-9cbc-4fd4-8552-2884c18962f6'
 'ee0a27b8-4434-4b2c-97c7-85d5a20ee1ee'
 'c7098f71-4238-4d23-a314-c8ce64bfce90'
 'cb1c6923-2c9e-4221-af6f-c38bfe7a8d4a'
 '6d2342d4-731b-42e6-9a88-a121af6f8d97'
 '9943d0c0-68df-4a9b-b76d-d3ee0092d886']",[]
9163fe7435849a7229155d8ca9fe8afb3d35668734997cd20886f4de306ee0454721bd14840948a902a0df8ed0b7e53a94617524c099950812ad5a62fa108249,208,"METADATA:
{
  ""parent_headings"": [
    ""# 二、临床表现""
  ]
}

CONTENT:
VM 女 性 多 于 男 性， 女 性 与 男 性 比 例 为$1 . 5 \sim 1 2 . 4 { : } 1$ 。发病年龄在 $8 \sim 6 4$ 岁，平均发病年龄 $3 7 . 9 \sim 4 4 . 3 $ 岁，眩晕症状的起始年龄通常晚于偏头痛的起病年龄 [5,32~37]。一些女性病人进入围绝经期时头痛的程度与既往相比呈明显减轻的趋势，前庭症状替代偏头痛成为影响病人工作生活的主要因素 [38]。 $3 7 \% \sim 7 3 . 1 \%$ 的 VM 病人有偏头痛家族史，28.1%～66.2% 有发作性眩晕的家族史 [5,32,33,37]。 $2 8 . 1 \% \sim 6 6 . 2 \%$",319,['中国前庭性偏头痛诊治指南（2026版）_1773147372'],"['c5f6d5c9-f8eb-4880-9972-3bb50f919e50'
 'e7089b88-114b-4106-a9bc-1cb868d81fbd'
 '03dabc9f-42bb-41f0-9fff-836fbad1b2f7'
 'dc28fb86-b7a7-45fd-87c1-38a4332ca991'
 '4eec85d3-569f-4a18-b40d-704627e2ad91']","['c4db7dd7-24d0-4f0c-bb88-a9119d139566'
 '940c6bf6-b91b-4ee6-ba76-24601bf582ae'
 '221013e6-1205-4327-aaab-61e5b0b59ca1']",[]
47066b15663ea34cc43585a09130258396ec4e892d39c73eeec6b99d49c76b257e519b1b8d2b9e7a5dc034f22f83032b2fb861961d7324c7a8ded0d8c166340b,209,"METADATA:
{
  ""parent_headings"": [
    ""# （一）前庭症状特征""
  ]
}

CONTENT:
VM 的前庭症状主要为自发性的发作性眩晕，包括内在性眩晕（自我运动的错觉）及外在性眩晕（外部环境运动错觉）；其次为头动或位置诱发的眩晕、视觉诱发的眩晕以及头动诱发的头晕并伴恶心 [39,40]。尽管单次 VM 发作不一定同时出现 2 类以上的前庭症状，但在其整个病程中，VM 病人通常会经历上述几种不同类型的前庭症状[32,33]。

前庭症状的持续时间存在显著异质性，多数发作持续数分钟至数小时，极少超过 $^ { 7 2 \mathrm { ~ h ~ } }$ 。单次前庭症状发作的持续时间少于 $5 ~ \mathrm { { m i n } }$ 、 $5 \sim 6 0 ~ \mathrm { m i n }$ 、 $1 \sim$ $^ { 2 4 \mathrm { ~ h ~ } }$ 、 $2 4 \sim 7 2 \mathrm { ~ h ~ }$ 的比率，分别占VM的 $2 3 \% { \sim } 2 5 \%$ 、$2 1 . 8 \% { \sim } 3 8 . 5 \%$ 、 $2 9 \% \sim 5 5 . 4 \%$ 、 $5 . 5 \% \sim 2 1 . 1 \% ^ { \mathrm { ~ [ ~ } }$ [3,5,32]。约$10 \%$ VM 病人发作期表现为在头动、视觉刺激或头位变动后诱发的短暂性（数秒）眩晕或头晕，对其总发作时长需通过反复短暂眩晕/头晕发作的累计时间评估 [5,40]。少数病人可能需要数周才能从一次前庭症状发作中完全恢复 [40]。",577,['中国前庭性偏头痛诊治指南（2026版）_1773147372'],"['8bf31f1e-6f6d-4997-bdfe-6eca11ea7e34'
 '50f3d792-ed30-42d8-b676-66858721f4a3']",['aef06ab0-ea8a-460c-b4c3-ad569ff89fc1'],[]
63286bc2c1827c7921ad240ed2a41b972e49fefb633e048635024a3802f323e24911c04ed0ca4f7bd9ee2873b350efcbd2af2890685ee588e8bfeff4201e7f65,210,"METADATA:
{
  ""parent_headings"": [
    ""# （二）伴随症状""
  ]
}

CONTENT:
在 VM 发作期，病人常伴有偏头痛发作的特征症状，如头痛、畏光畏声，少数病人伴有视觉先兆症状。前庭症状可出现在偏头痛发作前、发作中或发作后，部分病人前庭症状发作时可不伴偏头痛发作 [3,5,38,41,42]。部分病人会伴有耳鸣、耳闷及听力下降 [5,36,38,41]，听力损害多为轻度且呈非进展性 [33,36,41]，其中约 $20 \%$ 的病人双耳受累 [41]。研究显示，相较于单纯偏头痛病人，VM 病人畏光、畏声、恶心和呕吐的发生率更低，而耳蜗症状的发生率更高 [43]。",300,['中国前庭性偏头痛诊治指南（2026版）_1773147372'],"['c5f6d5c9-f8eb-4880-9972-3bb50f919e50'
 '8bf31f1e-6f6d-4997-bdfe-6eca11ea7e34'
 '1965c27c-4c51-42f0-ab0f-cbd8326e0157']","['fe772936-0052-4a70-bafa-4b203954705c'
 '667d7a0a-ff96-43d4-ae52-187a11e9f04a']",[]
a56bee9377eba6d7474dd83c4f8af5ab2fa8e598cd9c957d8b5a3a2396659d085e44fd79906608cf9e8c0a0ff39a36438eece3b930779ebcbc9d16f0610285c3,211,"METADATA:
{
  ""parent_headings"": [
    ""# （三）诱发因素""
  ]
}

CONTENT:
VM 与单纯偏头痛的诱发因素相似，包括睡眠剥夺、饥饿、精神压力、月经、视觉刺激、特殊气味、噪声、季节性天气变化、寒冷、吹风、特殊食物（如酒精、奶酪、油腻高盐食物、巧克力等）均可促发

VM [33,35]。此外，过度头动、乘坐飞机也是 VM 的诱因之一 [33,44,45]。",178,['中国前庭性偏头痛诊治指南（2026版）_1773147372'],"['8bf31f1e-6f6d-4997-bdfe-6eca11ea7e34'
 '1965c27c-4c51-42f0-ab0f-cbd8326e0157'
 'b17ab35b-cb90-4ced-bc82-71e97d3b68d7'
 'b14cee00-43b1-4b75-a4dd-97ab1e4243f2'
 '05725ab2-11c5-43e1-b704-707a0def6e5d'
 '30dd8a3b-ce1c-4ffb-ba91-4af7652fe656'
 'b78ea202-fe0c-4d85-8d5a-926bd86c0d2c'
 'ab05108d-27ad-42ae-a18b-a9145932f2fb'
 '9a66766d-3387-4d4c-a84a-9e583cc11c29'
 '375802ea-ad28-419e-ae28-2fadc9bbd738'
 '944a7a8a-6aa6-48c0-8cc5-c5b9b5f8f3f1'
 '904ccfe5-40cb-4e1f-8073-88ebc1f57312'
 '7204bcd9-b3a2-4130-9bd8-87c2362cd7a0'
 '0e8c27dd-2895-4796-9882-21ea23a16eda'
 'ba935035-24c4-4423-8956-9406e3b86a40'
 '9936f94a-c092-4d72-96fe-4d03fe8a79a1'
 'e6daa501-6553-4f46-8614-1ff1628b9d25'
 '478352c5-9330-452b-84d8-6a72d31acef5']","['667d7a0a-ff96-43d4-ae52-187a11e9f04a'
 'ccf5e7f9-8fb7-4114-97db-6ab542992016'
 '85f3f96b-2dbf-4ca2-ad80-65cc2ac7c68f'
 '4502af08-d6f1-42e9-8572-31db04fdabb1'
 'ecee9e5d-05a1-41df-ab1a-bfbcf59d7869'
 '02bbf798-3a55-4d04-82dd-12e82b7495cf'
 '4dcccceb-6a52-4195-856d-5416ede58e51'
 'fcbda9b4-2da8-4b2d-82be-8e713d87c2fb'
 '8ff9b626-63a6-4713-bfd4-c86a0e03c147'
 '19682d0f-00bd-4a12-a4f2-7541e525c99d'
 'f2cf4e3e-a85b-4b7c-900a-c03df7a0fbb0']",[]
5794824afca3edfdf4cee62d1ecb6d0720c6d45791a7ab1a2838edd9839fc106ecfec6159260a762cf29b034e2cc5d953936494e21b58063d478d8ca0d62ab5d,212,"METADATA:
{
  ""parent_headings"": [
    ""# （四）VM的共病""
  ]
}

CONTENT:
研究报道，超过半数的 VM 病人合并不同程度的焦虑，约 $40 \%$ 的病人存在抑郁障碍，另有 $30 \%$ 的病人伴有睡眠障碍 [33]。相较于单纯偏头痛病人，VM病人焦虑、抑郁障碍共病的比例显著增高[46,47]，且认知功能损害程度更重 [48]。精神心理障碍与 VM存在双向交互作用，可能延长病程或导致病情反复 [33]。此外，VM 病人晕动病 (motion sickness) 的发生率亦显著高于单纯偏头痛病人 [43,46]。VM 是持续 性 姿 势 感 知 性 头 晕 (persistent postural-perceptualdizziness, PPPD) 的常见诱发因素，因此 VM 病人发作间期若仍存在持续头晕并满足 PPPD 诊断标准时，需警惕两者共病的可能 [49]。偏头痛病人罹患梅尼埃病 (Ménière's disease, MD) 和 BPPV 的风险显著增高 [50]，VM 作为偏头痛的一个亚型，与 MD 及BPPV 也存在共病现象 [51]。

推荐意见 1：VM 以反复发作的自发性或诱发性眩晕/头晕为核心症状，持续时间为数分钟至数天不等，常伴偏头痛特征性症状（如偏头痛性头痛、畏光畏声等）。其临床表现异质性大，在病史采集中需重点关注以下关键信息：前庭症状的具体表现、持续时间、发作频率、是否有偏头痛病史、偏头痛特征性伴随症状、诱发及缓解因素、是否有偏头痛或发作性眩晕的家族史，以及与精神心理和其他前庭疾病共病情况(1B)。",685,['中国前庭性偏头痛诊治指南（2026版）_1773147372'],"['2204a97f-dc1e-4a8c-af51-3898e309d8b3'
 '4fc10393-1411-4450-894c-462db370c0da'
 '5d9d0d25-0832-4ae4-8ef1-f7b48ddba1df'
 '8bf31f1e-6f6d-4997-bdfe-6eca11ea7e34'
 '1965c27c-4c51-42f0-ab0f-cbd8326e0157'
 '52853bc1-b2d2-423d-b174-02b648ab4d33'
 '69dc119f-2abc-4cc9-acca-d6760957b673'
 '0b40f570-d498-4de3-852f-5c4a966911e8'
 'f504252a-ba40-438c-bea0-0618ba1e2e84'
 'be59b7e9-23cb-4fdc-98e3-26292806b736'
 '6ea95ad2-6792-46cd-b2e2-5503d73232f8'
 'a681e8af-9733-480f-8f6a-9678e6426e06']","['667d7a0a-ff96-43d4-ae52-187a11e9f04a'
 '99cfdc63-46f4-439c-bf84-823e640a23fa'
 '608a935e-2f77-46cd-b096-776d285c57a4'
 'b2a6681c-01d9-4947-8cef-f962a45ae2e7'
 '4addff17-fc49-4761-a990-4c01c21783a1'
 '95946170-195f-4d75-a519-3745fecb9170'
 'c3c689ae-b083-4af0-a83d-1492449be219'
 '0587cc83-0a7d-4172-bc87-94164b675c64']",[]
e4056f055bbaf959e57db1fc7c82b514dc7800f1a9498c7e59bfe3138701f0cc01cb037f95c158a5670aef2d14fbc7d1e0c99943b6379c01e3dd5ee4964a943e,213,"METADATA:
{
  ""parent_headings"": [
    ""# （五）体征""
  ]
}

CONTENT:
发作期体征：约 $70 \%$ 的病人会出现病理性眼震，其中自发性眼震的发生率为 $4 5 \% \sim 7 1 . 3 \%$ ，可表现为自发性水平性、垂直性、扭转性眼震，也可表现为位置性眼震，部分自发性眼震病人在位置改变后眼震方向发生改变；少数病人可见凝视诱发性眼震和扫视性跟踪异常 [36,52]。指鼻试验、跟膝胫试验通常正常。发作期多数病人存在姿势步态异常（如睁眼时步态不稳或串联步态异常），昂伯征或昂伯加强试验阳性。总体而言，约 $50 \%$ 的 VM病人存在中枢性前庭功能障碍， $1 5 \%$ 的病人存在外周性前庭功能障碍，另有 $3 5 \%$ 的病人无法明确定位 [52] 。 .

发作间期体征：少数病人仍可检测到异常体征。平滑跟踪的矫正性扫视、位置性眼震较为多见，其他异常包括摇头性眼震、凝视诱发性眼震、过度换气诱发的眼震、乳突震动诱发的眼震、前庭眼反射(vestibular ocular reflex, VOR) 抑制失败、昂伯加强

试验阳性等 [33,36]。多次随访能够显著提高发现异常眼动的概率 [41]。对 VM 病人平均随访 9 年，发现眼动异常率从首诊的 $1 6 \%$ 增至 $41 \%$ [41]。其中最常见的异常眼动为中枢性位置性眼震[41]。对 VM 病人随访 8 年，发现扫视性跟踪 (saccadic pursuit) 异常率从首诊的 $20 \%$ 上升至 $6 3 \%$ [53]。

推荐意见 2：VM 发作期常见自发性或位置诱发眼震，且中枢性眼动异常较周围性更为常见。发作间期少数病人仍可能发现眼球平滑跟踪异常、位置性眼震等体征。眼动异常检出率随病程延长显著升高，需动态评估(2C)。",756,['中国前庭性偏头痛诊治指南（2026版）_1773147372'],"['8bf31f1e-6f6d-4997-bdfe-6eca11ea7e34'
 'ca8be6e2-f097-45e2-b76a-f7d76a388549'
 '2c5bd976-4c2d-47ae-87cd-5ea252480a1a'
 '98ec52ca-784e-42f4-9529-5d481d4c7cee'
 '5efeba12-c9a8-4fa7-9609-fdd0de223be6']","['4894146c-e7ea-4141-9bf8-c17f30daf964'
 'd7865754-1893-416a-9c31-4a9d8f5e040a'
 'bae8ddc7-d9ff-4dc6-8a47-039e2af2a7e3'
 '9b94ee51-14e4-42c1-a40b-812ef4d62ec6'
 '1359f8e9-f05b-4e34-af03-8e759153f32d']",[]
d61f5232094823d26583f1168c439560f870442eec73950bcf0d8ec15aed82952568ba5f98068487e2b1abee0d996f34019e0193ff56ecdee1c3614e88f32335,214,"METADATA:
{
  ""parent_headings"": [
    ""# 三、辅助检查""
  ]
}

CONTENT:
VM的诊断主要依据临床表现，神经-耳科学检查及影像学检查主要用于鉴别其他外周性和中枢性前庭疾病。",60,['中国前庭性偏头痛诊治指南（2026版）_1773147372'],"['8bf31f1e-6f6d-4997-bdfe-6eca11ea7e34'
 'b8787c75-957e-45d2-b13a-bfef8b0c51ff'
 '044c953e-02d9-4bfa-af73-a383f6fc23d9']","['f2cf4e3e-a85b-4b7c-900a-c03df7a0fbb0'
 '1c78e8ec-4dcc-4a04-a17b-10a280e6eebd'
 'e46e8eaf-46f2-402a-9034-98a34362d6bd']",[]
e5dc0d2cc9921693b6b316f706d7c59cc332658169975c9d597d6d80f931d4d14f7db07444fa3a9c31471b9c4711157eeb16b7946beaba60ca84179147cf711d,215,"METADATA:
{
  ""parent_headings"": [
    ""# （一）纯音测听""
  ]
}

CONTENT:
VM 病人纯音测听通常无特异性改变，约$2 2 . 7 \%$ 的病人存在年龄相关的对称性高频听力下降，$1 5 . 8 \%$ 的病人存在双耳不对称性改变，多为高频或全频不对称性听力下降 [36]。 $3 \% \sim 1 8 \%$ 的病人存在轻微低频听力下降伴下降型听力曲线，经过长期随访，多数仍然为轻度下降，甚至部分可有改善[41]。",174,['中国前庭性偏头痛诊治指南（2026版）_1773147372'],"['8bf31f1e-6f6d-4997-bdfe-6eca11ea7e34'
 'e1ded11d-5946-461b-a467-939b81a9868c'
 '93b20095-c3af-4a68-95e8-90bf293bf0e1'
 '36553b78-5490-48f9-a20a-2ea121a565b3']","['d1191236-164a-42ad-8c37-4c0c546133f4'
 'ae568a09-f351-4de2-8b09-78c6bf2a7373'
 '922dfe83-4541-4e59-ac05-eba9b8fd3404']",[]
c1f0b268d16bd9a2122aa50d1141b86c295b96e1432d5c5920df95248db6ded2d51fe9f952e98299ce31b8342be73e89c2afe113d207461dde9522a70a69d0fd,216,"METADATA:
{
  ""parent_headings"": [
    ""# （二）前庭功能检查""
  ]
}

CONTENT:
大多数 VM 病人的前庭功能检查结果在正常范围 , 但部分病人可出现异常 [33,36]。基于急性发作时的眼动记录，在 VM 发作过程中可存在中枢性、外周性或混合性功能障碍 [52]。在 VM 发作间期，前庭双温试验单侧水平半规管功能减弱发生率在$5 \% \sim 2 2 \%$ [41,54,55]，双侧功能减弱约占 $1 1 \%$ 。视频头脉冲试验和位置性试验提示 VM 病人在发作间期存在中枢性、外周性前庭病变可能 [41,54,55]。前庭诱发肌 源 性 电 位 (vestibular-evoked myogenic potentials,VEMP) 振幅下降、潜伏期延长、双侧不对称性，眼源性 VEMP 正常而颈源性 VEMP 异常等，不同研究的结果常不一致 [6]。VM 病人对低频动态侧倾(low-frequency dynamic roll tilting) 的知觉敏感性异常增高，该项检查可同时激活半规管和耳石器 [56]。需特别注意，前庭功能检查可能诱发 VM 病人的偏头痛发作 [57,58]。",397,['中国前庭性偏头痛诊治指南（2026版）_1773147372'],"['8bf31f1e-6f6d-4997-bdfe-6eca11ea7e34'
 '3cbca204-6f88-413f-a84a-c353b64f3cb1'
 'b799d1f9-e0b7-4ffd-9462-dec291fc6198'
 'fbf00893-e9c4-49ed-b902-95698a605c93']","['4a04a8cd-ec27-4fa0-809d-6e9e0aae072b'
 '617174cd-c4af-4fcf-ba49-768fb6157b74'
 'ddf9014f-43a3-41d2-9e79-4a7ca03aca9e']",[]
50d1c7e638ca19a922d126dec12c28b309c85b6a085003d8343bf3fef2c2a95b525ec6b505256f162cd371172105cf09ce70fd9e682737b0928665a3ce4fefba,217,"METADATA:
{
  ""parent_headings"": [
    ""# （三）神经影像学检查""
  ]
}

CONTENT:
VM 病人的头颅 CT/MRI 检查常无特异性阳性发现，但有助于鉴别其他的中枢性前庭疾病。超过$40 \%$ 的 VM 病人头颅 MRI 有非特异性改变，最常见的为皮质下散在 FLAIR高信号，提示可能与偏头痛的发病机制有关 [33,59]。对于伴耳蜗症状的 VM，

颞骨 CT 和内耳 MRI 有助于排除其他中耳、内耳以及蜗后病变。

推荐意见 3：VM 诊断以临床表现为主，辅助检查主要用于鉴别诊断。建议结合临床需求选择针对性检查。少数 VM 病人有轻微的听力及前庭功能异常，发作间期严重的听力和前庭功能异常需考虑其他疾病 (1B)。",285,['中国前庭性偏头痛诊治指南（2026版）_1773147372'],"['c5f6d5c9-f8eb-4880-9972-3bb50f919e50'
 '4fc10393-1411-4450-894c-462db370c0da'
 '8bf31f1e-6f6d-4997-bdfe-6eca11ea7e34'
 'e5f16f5f-ce62-451a-89b8-da2eb1e18082'
 '0c137c1d-2b27-4c64-a1c8-d9b69b972181'
 '29d5471d-fa64-438d-b505-29633fa17c54'
 '5dcae0e7-626d-4bec-adf7-bdfb34bd620f'
 '8d2c1b9f-30df-4d87-9535-603bc476bcc6'
 'a7a4ecee-6075-4de3-8f88-32305afa1973'
 '0af458c1-546d-4521-aa4d-0c10d332f516'
 '60d3b10f-7970-48db-a636-6cd9bf89a2f5']","['fe772936-0052-4a70-bafa-4b203954705c'
 '745d1aa1-b934-4c33-9219-88c885aa7388'
 '28d213dc-28d9-4fc0-bf5e-508a6eb7a0ab'
 '7563cb9e-3814-49e4-9371-4ed68e27f287'
 'c772fb72-f697-4182-8a8a-92db9e0ff924'
 '0f788763-eff7-4fee-b00f-8abdbd40b283'
 'ee94bfa9-a7d4-47a8-b39e-53401cf21f60'
 '8c40f154-3a74-430a-ba8a-92fee54238b4']",[]
d2c89d663393a28ba4fc900d9bda709c84b044a7633189fd57e412e0b35f4ec4f2f3903c8e701b3884414749004a1d8df8aedf5bfc922aeaa87778874a4d3072,218,"METADATA:
{
  ""parent_headings"": [
    ""# （一）诊断与分类""
  ]
}

CONTENT:
# （一）诊断与分类

2012 年，Bárány 学会联合国际头痛学会 (Inter-national Headache Society, IHS) 发布了 VM 和很可能的VM诊断标准（见表2）[28]。随后2013年，国际头痛分类标准 (International Classification of HeadacheDisorders-3 Beta, ICHD-3β) [60] 首次纳入 VM 诊断标准，归类为可能与偏头痛有关的发作性综合征，未包含很可能的 VM (probable VM, p-VM) 诊断标准。2018 年，ICHD-3 [29] 正式版延续 VM 的附录地位，仍强调其诊断需进一步验证；同年中国《前庭性偏头痛诊治专家共识(2018)》[30] 同步采纳VM及p-VM标准，推动国内规范化诊疗。2021 年 Bárány 学会联合 IHS 对儿童偏头痛相关的眩晕综合征进行重新分类，明确区分为儿童 VM (vestibular migraineof childhood, VMC)、 很 可 能 的 儿 童 VM (probableVMC, p-VMC)、RVC（见表 2）[12]，建议用术语“儿童复发性眩晕”代替“儿童良性阵发性眩晕”。2022 年 Bárány 学会联合 IHS 更新了 VM 诊断标准文件 [40]，除了保留成人 VM 和 p-VM 诊断标准，还强调儿童亚型的临床意义，并提出了慢性前庭性偏头痛 (chronic vestibular migraine, CVM) 这一临床现象的存在，认为其未来有望成为独立分类。

推荐意见 4：成人 VM 及 p-VM 的诊断框架依据 2012 年及 2022 年 Bárány 学会联合 IHS 发布的诊断标准 (1B)；针对儿童患儿，目前采用 2021 年提出的儿童周期性眩晕综合征亚型分类体系，具体包括 VMC、很可能的 p-VMC 及 RVC，其中 VMC 与p-VMC 均制定了专属诊断标准，旨在精准鉴别无偏头痛病史和伴随症状的 RVC（替代原”良性阵发性眩晕”）(1B)。CVM 及 p-CVM 诊断标准尚需进一步验证 (2C)。",791,['中国前庭性偏头痛诊治指南（2026版）_1773147372'],"['4fc10393-1411-4450-894c-462db370c0da'
 'e6314bf0-694d-4303-ab92-6784d63173eb'
 '762b3c95-9a8c-412a-8021-92f8f1a8a925'
 'dc28fb86-b7a7-45fd-87c1-38a4332ca991'
 '7ad106ec-d6ac-47c1-be40-932a75c7bf7f'
 'f1d1aa52-eeb9-4661-ab6e-f06fc7621c4c'
 '7f3599a5-6780-47ea-a097-c4355120ec3c'
 'fb7d00fe-f996-4606-905f-af8a16c7cc67'
 '815578bf-9135-4274-a246-ef72dbb994a8'
 '007501a2-d76d-4f7b-b5b6-0faf9464203d'
 '8c35091a-656d-4bd1-8002-3fea53c4f970'
 'e551c54c-620c-40b3-a778-c90b81fd8b39'
 'ad918381-19e6-4405-a0fe-887d36b998f1'
 '731633ea-53b9-4029-b1b9-55108e24ac33']","['34287117-4f6a-4500-9494-46f632ae6d79'
 '4dbb976c-f640-4a41-863b-5c46780a78c0'
 '68b43969-bb28-4d6b-838d-e349602399d1'
 'c58b0606-a04b-4b4f-9d28-09fc333fe52d'
 'fd49797a-14f7-40dd-a0a8-a06c074aff65'
 '16a87443-d88b-4400-b956-c9f21ccc9d40'
 '86fdeebc-c632-433a-8e13-8f9931d44e3d'
 '3d433498-adec-4564-b4ec-8afa9ca4316d'
 'a68f1c80-b8ca-404d-bc01-068844e8a831']",[]
293b2880d6c93e14bd70ee7d1fbda61199d2d53addb81e7d5a50be205cec8a6cfc998fc9ed8a155f776a1d6a7bb648804bd73d2da4f1bbea152d50effa15df60,219,"METADATA:
{
  ""parent_headings"": [
    ""# 1. 梅尼埃病""
  ]
}

CONTENT:
# 1. 梅尼埃病

MD是以膜迷路积水为主要病理特征的内耳病，临床表现为发作性眩晕、波动性听力下降、耳鸣和（或）耳闷胀感，至少1次听力学检查发现患耳有低至中频听力下降[61]。眩晕发作通常持续 $2 0 ~ \mathrm { { m i n } }$ 至

表2 前庭性偏头痛的分类和诊断标准  


<!-- TABLE_METADATA: {""type"": ""table"", ""page"": 0, ""table_idx"": 1, ""caption"": ""表2 前庭性偏头痛的分类和诊断标准"", ""footnote"": ""注：a 中度前庭症状是指干扰日常活动，但尚能进行日常活动；重度前庭症状为无法进行日常活动 [28]。b 前庭症状包括内在性眩晕（自我运动的错觉）及外在性眩晕（外部环境运动错觉），也可表现为头动或位置诱发的眩晕、视觉诱发的眩晕、头动诱发的头晕并伴恶心 [39,40]，不伴恶心的头晕、头昏沉感、头重脚轻感并不属于本标准所界定的前庭症状范畴。c 视觉先兆的特征是偏头痛发作前或发作同时眼前出现明亮的闪烁光线或锯齿状的线条，经常伴有干扰阅读的盲点。视觉先兆通常扩散持续 $5 \\sim 6 0 ~ \\mathrm { m i n }$ 。其他类型的偏头痛先兆不包括在诊断标准中，因为这些先兆表现特异性低，加之绝大多数其他先兆偏头痛病人同时也存在视觉先兆。d VMC 与 p-VMC 的诊断标准专为精准区分儿童周期性眩晕综合征的三种不同亚型而制定，核心在于明确界定无偏头痛病史及相关伴随特征的“儿童复发性眩晕 (RVC)”；而既往沿用的“良性阵发性眩晕”这一命名，因缺乏对疾病特征的细致区分，无法有效鉴别这 3 种临床情形 [12]。e 部分 VM 病人可出现慢性前庭症状，其病程持续超过 3 个月，且每月至少有半月以上出现症状。前庭症状可为持续性或反复发作性，需考虑 CVM 或 VM 合并 PPPD 的可能性。本指南采用 Chae 等 [45] 提出的 CVM 诊断标准，该标准特别强调：慢性前庭症状需同时满足伴随偏头痛特征症状，以及符合慢性偏头痛病程的要求。f 慢性偏头痛指偏头痛病人超过 3 个月每月至少半月以上出现头痛，并且每月至少 8 天的头痛形式符合偏头痛特征 [29]。g 本指南拟定的 p-CVM 诊断标准是 p-CVM 的改良版，强调了慢性前庭症状必须伴随偏头痛特征症状，同时排除偏头痛病程不符合慢性偏头痛，或无偏头痛病史，以避免与PPPD 或其他类型慢性头晕混淆 [40,45]。目前国际学术组织尚未对CVM和p-CVM提出统一诊断标准，其诊断标准仍需进一步验证。"", ""extracted_from"": ""mineru_api""} -->
<table><tr><td>病名</td><td>诊断标准</td></tr><tr><td>前庭性偏头痛(VM)</td><td>A.至少5次中重度a前庭症状b发作,每次持续5min至72hB.目前或既往存在有先兆或无先兆偏头痛病史(依据ICHD-3诊断标准)C.至少50%的前庭症状发作伴随以下偏头痛特征中的至少1项:①头痛至少具有a至d特点中的2项:a单侧;b搏动性;c中重度;d日常体力活动加重头痛②畏光和畏声③视觉先兆cD.不能用其他ICHD-3头痛疾病、前庭疾病或其他诊断更好地解释</td></tr><tr><td>很可能的前庭性偏头痛(p-VM)</td><td>A.至少5次中重度前庭症状发作,每次持续5min至72hB.仅存在VM诊断标准中的B或C中的1项(偏头痛病史或发作时的偏头痛特征症状)C.不能用其他ICHD-3头痛疾病、前庭疾病或其他诊断更好地解释</td></tr><tr><td>儿童前庭性偏头痛(VMC)d</td><td>A.至少5次中重度前庭症状发作,每次持续5min至72hB.目前或既往存在有先兆或无先兆偏头痛病史C.至少50%的前庭症状发作伴随以下偏头痛特征中的至少1项:①头痛至少具有a至d特点中的2项:a单侧;b搏动性;c中重度;d日常体力活动加重头痛②畏光和畏声③视觉先兆cD.年龄&lt;18岁E.不能用其他ICHD-3头痛疾病、前庭疾病或其他诊断更好地解释</td></tr><tr><td>很可能的儿童前庭性偏头痛(p-VMC)</td><td>A.至少3次中重度前庭症状发作,每次持续5min至72hB.仅存在VM诊断标准中的B或C中的一项C.年龄&lt;18岁D.不能用其他ICHD-3头痛疾病、前庭疾病或其他诊断更好地解释</td></tr><tr><td>慢性前庭性偏头痛(CVM)e</td><td>A.中重度前庭症状每月存在15天以上,并且超过3个月B.满足慢性偏头痛诊断标准(ICHD-3)fC.满足VM诊断标准D.不能用其他ICHD-3头痛疾病、前庭疾病或其他诊断更好地解释</td></tr><tr><td>很可能的慢性前庭性偏头痛(p-CVM)g</td><td>A.中重度前庭症状每月存在15天以上,并且超过3个月B.不满足慢性偏头痛诊断标准(ICHD-3)C.满足VM诊断标准C(50%以上的前庭症状伴随偏头痛特征性症状)D.不能用其他ICHD-3头痛疾病、前庭疾病或其他诊断更好地解释</td></tr></table>

注：a 中度前庭症状是指干扰日常活动，但尚能进行日常活动；重度前庭症状为无法进行日常活动 [28]。b 前庭症状包括内在性眩晕（自我运动的错觉）及外在性眩晕（外部环境运动错觉），也可表现为头动或位置诱发的眩晕、视觉诱发的眩晕、头动诱发的头晕并伴恶心 [39,40]，不伴恶心的头晕、头昏沉感、头重脚轻感并不属于本标准所界定的前庭症状范畴。c 视觉先兆的特征是偏头痛发作前或发作同时眼前出现明亮的闪烁光线或锯齿状的线条，经常伴有干扰阅读的盲点。视觉先兆通常扩散持续 $5 \sim 6 0 ~ \mathrm { m i n }$ 。其他类型的偏头痛先兆不包括在诊断标准中，因为这些先兆表现特异性低，加之绝大多数其他先兆偏头痛病人同时也存在视觉先兆。d VMC 与 p-VMC 的诊断标准专为精准区分儿童周期性眩晕综合征的三种不同亚型而制定，核心在于明确界定无偏头痛病史及相关伴随特征的“儿童复发性眩晕 (RVC)”；而既往沿用的“良性阵发性眩晕”这一命名，因缺乏对疾病特征的细致区分，无法有效鉴别这 3 种临床情形 [12]。e 部分 VM 病人可出现慢性前庭症状，其病程持续超过 3 个月，且每月至少有半月以上出现症状。前庭症状可为持续性或反复发作性，需考虑 CVM 或 VM 合并 PPPD 的可能性。本指南采用 Chae 等 [45] 提出的 CVM 诊断标准，该标准特别强调：慢性前庭症状需同时满足伴随偏头痛特征症状，以及符合慢性偏头痛病程的要求。f 慢性偏头痛指偏头痛病人超过 3 个月每月至少半月以上出现头痛，并且每月至少 8 天的头痛形式符合偏头痛特征 [29]。g 本指南拟定的 p-CVM 诊断标准是 p-CVM 的改良版，强调了慢性前庭症状必须伴随偏头痛特征症状，同时排除偏头痛病程不符合慢性偏头痛，或无偏头痛病史，以避免与PPPD 或其他类型慢性头晕混淆 [40,45]。目前国际学术组织尚未对CVM和p-CVM提出统一诊断标准，其诊断标准仍需进一步验证。",3378,['中国前庭性偏头痛诊治指南（2026版）_1773147372'],"['786aee20-368c-47af-a372-405ce47433b1'
 'ee08258f-7327-46f1-9459-c1bbd95e644d'
 'dc28fb86-b7a7-45fd-87c1-38a4332ca991'
 'f504252a-ba40-438c-bea0-0618ba1e2e84'
 '7ad106ec-d6ac-47c1-be40-932a75c7bf7f'
 'f1d1aa52-eeb9-4661-ab6e-f06fc7621c4c'
 '1d40cf8e-ed7e-4411-9849-7f3aea198f4d'
 '6a42679b-02f5-47e6-8dac-3c576358b26c']","['34287117-4f6a-4500-9494-46f632ae6d79'
 'ec624a62-a84a-48bc-97c8-af6ad09deb46'
 'cd6cf3de-4659-42f3-96d8-b98acf520ddd'
 'd5f49833-e0f4-4739-b91f-bdc4392d7cbc'
 '9b320688-beb8-4a4a-b16f-5d7a3d1e499d'
 '2cbb7315-4309-498f-8fba-ad4e78f6a917'
 'ac37cbb9-72bb-4ed4-9289-50518d16b7ad'
 '1abc7475-bc9f-4b74-a980-b56f466ff106'
 'c3ed6439-a194-4e59-b137-f76fecbe7674'
 '7bbed680-8b68-4529-9318-156341b814a9'
 'cc2baf2a-1719-48f4-a1aa-fbef42155d23']",[]
2a0528c8f8b52425c8c872881f9412e49c101f4982214219a4852e9c1521d4f974fee7f34f2461035e022fd1df0e1c58b401f62b0f21f74b407c6ebe0f154b09,220,"METADATA:
{
  ""parent_headings"": [
    ""# 1. 梅尼埃病""
  ]
}

CONTENT:
$^ { 1 2 \mathrm { ~ h ~ } }$ ，与 VM 在发作持续时间上有很大重叠，VM病人中也可有耳蜗症状，少数 VM 病人增强 MRI亦可见内淋巴积水 [33,36,41,62]，致一些伴耳蜗症状的VM 和 MD 鉴别困难。此外，MD 病人中偏头痛发生率高于普通人群 , 前庭受到刺激也可诱发偏头痛发作[63]，因此，MD发作时也可伴偏头痛样头痛、畏光或偏头痛先兆 [64]。当同一病人两种不同类型的眩晕发作分别符合MD和VM的诊断标准时，可诊断为MD/VM叠加综合征 [40]。而一次发作既符合VM 又符合 MD 发作标准时，应判断为 MD。脱水试验、耳声发射、耳蜗电图SP/AP、视频头脉冲试验、前庭双温试验和内耳钆造影膜迷路 MR 成像可能有

助于进一步鉴别难以区分的 VM 和 MD，但上述检查目前尚未被推荐用于MD 的常规辅助检查[61]。动态纵向观察疾病的演变有助于修正最后诊断，VM即使出现波动性听力下降、耳鸣、耳闷，最终也不会进展到中-重度听力下降，其听力下降通常表现为双耳对称性下降型曲线，而 MD 后期的听力曲线为单耳或不对称性的平坦型曲线 [40]。",546,['中国前庭性偏头痛诊治指南（2026版）_1773147372'],"['c5f6d5c9-f8eb-4880-9972-3bb50f919e50'
 '8bf31f1e-6f6d-4997-bdfe-6eca11ea7e34'
 '89065fa7-3b95-429a-bd6d-db6c88f02b6b'
 '76b98fc1-2173-4e5d-a38a-82822c1b604d'
 '42f6de3e-9df6-4616-87f8-1ce0d6e5989f'
 'c21f5146-5f36-48eb-991b-fcd9c9644fc0'
 '11bed0f3-05f6-441f-b689-d85228f8ef64']","['9230b565-6bc6-40ce-8e17-0ab0f867c2f1'
 '722b4a01-773a-430f-8c9c-fb805e9b526a'
 '69df1d0b-8636-49e4-b160-cd46d3fe3cc1'
 'e1ee2718-bdbc-4a46-b3b1-41250c458a6b'
 'b0c63e89-8a3e-4b8e-bcc2-cd9db1ec8bc2'
 '5cd53db4-9d18-4e90-bec4-da2c923714b4']",[]
73c7d70dcb88aae2dac470344f374992331df06bd37780db4cc43737f29dc87731c659f7ab5ae500bb18bc6f8d3a53191780dbf735f9d5235d93acbd05fececa,221,"METADATA:
{
  ""parent_headings"": [
    ""# 2. 脑干先兆偏头痛""
  ]
}

CONTENT:
脑干先兆偏头痛是一种罕见的先兆偏头痛，先兆症状至少包括两种可逆的脑干症状。其中至少$60 \%$ 的病人脑干先兆包括眩晕发作，其他脑干先兆症状包括构音不清、耳鸣、听觉减退、共济失调、

意识障碍。正如其他先兆偏头痛，眩晕等脑干先兆症状先后持续 $5 ~ \mathrm { { m i n } }$ 至 $6 0 ~ \mathrm { { m i n } }$ 消失，随即在 $6 0 ~ \mathrm { { m i n } }$ 内出现头痛发作，先兆也可伴随头痛同时出现 [29]。而VM的眩晕可在偏头痛发作之前、之中或之后发作，甚至不伴头痛发作，眩晕的持续时间通常为 $5 \mathrm { { m i n } }$ 至$^ { 7 2 \mathrm { h } }$ ，可能比脑干先兆偏头痛的眩晕持续时间更长。",370,['中国前庭性偏头痛诊治指南（2026版）_1773147372'],"['aca72720-5173-4cc6-82d3-203e632c4f0a'
 '5f4447ce-6308-4f27-868d-d03aa826eb14'
 '7e7091d0-0da1-403b-a05c-a2e24585313b']","['72d38fae-1ced-46b6-b849-fb1e6dd4fef2'
 '58a15011-f049-4a24-868e-09e503ecb3d9']",[]
84bb36ef3d6b6232eefe28bd2f35c5e76f82efd0e33392a3f6165314d4ca42fcbc7024fe7d85fd609cfe3a1079b8a552b5e898ae68e387458608b1f798f2a723,222,"METADATA:
{
  ""parent_headings"": [
    ""# 3. 良性复发性前庭病""
  ]
}

CONTENT:
也称良性复发性眩晕 (benign recurrent vertigo,BRV)，是指病因未明的成人复发性眩晕，持续数分钟至数小时，无神经系统或听觉症状，不符合 VM或 MD 的诊断标准。中年女性最常见，偏头痛预防药物治疗可有效。通过长时间随访，少部分病人可发展为VM或MD，多数病人仍为原来的发作形式，但发作减少[65]。",155,['中国前庭性偏头痛诊治指南（2026版）_1773147372'],"['8bf31f1e-6f6d-4997-bdfe-6eca11ea7e34'
 '89065fa7-3b95-429a-bd6d-db6c88f02b6b'
 'be56a53f-3da1-41a1-ba8f-b994ba445e40'
 'a1082c9d-12b6-4d60-88db-0d54585334a0'
 'f8465c8f-5409-4f04-b626-f238aa8427df'
 '2c91c0d9-5969-453c-9c67-8111a43e156b']","['8b33dfa0-02da-4d9e-a21c-31b0d21f5612'
 '75af184b-e9c5-4a6a-bbac-0898c434e17b'
 '9a8440dd-605b-42ea-80da-1fb20b341d93'
 '10ed95a0-bcf1-4fe0-a2ca-fbbe456be51a']",[]
954bc1dabb9bc3c5ef5fb2f5e2db276af0a7af750bb5bdbe01e55f968f26259007c607a0cfa9b4420e6a21ae10c9e1d3050046692df3ef4db285d81fdbbd647a,223,"METADATA:
{
  ""parent_headings"": [
    ""# 4. 良性阵发性位置性眩晕""
  ]
}

CONTENT:
BPPV 俗称“耳石症”，临床表现为相对重力方向的头位变化时诱发的短暂性眩晕和特征性眼震。VM 也可能表现为单纯性位置性眩晕，这时需要与 BPPV 鉴别 [66]。VM 位置诱发的眼震可能表现为方向改变的中枢性眼震，例如下跳性垂直眼震，持续时间通常大于 $1 ~ \mathrm { m i n } ^ { \ [ 6 7 ] }$ 。BPPV 位置诱发的眼震与受累半规管方向一致，有潜伏期、疲劳性，持续时间一般不超过 $1 \mathrm { m i n }$ 。VM发作期总时间通常持续 $5 ~ \mathrm { { m i n } }$ 至 $^ { 7 2 \mathrm { ~ h ~ } }$ ，1 年可发作多次，而 BPPV 如果不行复位，发作期通常持续数周，数年发作 1 次。VM 可与 BPPV 共病，最近有研究表明通过临床多因素构建的诺模图有助于识别伴位置性眩晕的 VM病人的 BPPV 成分 [68]。",381,['中国前庭性偏头痛诊治指南（2026版）_1773147372'],"['8bf31f1e-6f6d-4997-bdfe-6eca11ea7e34'
 'be59b7e9-23cb-4fdc-98e3-26292806b736'
 '5c6679b3-1cdb-4472-9916-e64f3733bb65'
 'af321d78-d7be-41d4-919e-e4a855ddaa03']","['be284a7b-d7e6-4624-8820-8d8c81018056'
 '85021223-9a6f-4351-a296-fb8f796e1f1e'
 '9e935f7e-4b60-4a43-a010-8be76ec460df'
 '70d5ba0d-aa61-465c-8438-faf649f7056b'
 'c5695aa7-8b17-4ce6-aa09-8df7678091d4']",[]
7b0b3aa232852d08c5aae4ccbbf14de6ed625a6c5c6823a63374cccb0f39820f8b5deb79232a036b2667ebb83607b0a1692ed4489d44c7482652493abef9e5c9,224,"METADATA:
{
  ""parent_headings"": [
    ""# 5. 晕动病""
  ]
}

CONTENT:
VM 病人容易合并晕动病 [1]，表现为身体运动或视觉运动诱发眩晕/头晕、恶心和/或胃肠道紊乱、体温调节紊乱等，运动和视觉刺激终止后症状缓解[69]。而 VM 本身发作时也可表现为头动诱发和/或视觉刺激诱发眩晕/头晕[35]。运动刺激停止后眩晕减轻，提示晕动病。若眩晕持续存在，可能是运动诱发了VM；若平素无晕动病，反复集中于一段时间出现头动和/或视觉刺激诱发眩晕或头晕，也考虑为VM的发作。",247,['中国前庭性偏头痛诊治指南（2026版）_1773147372'],"['8bf31f1e-6f6d-4997-bdfe-6eca11ea7e34'
 '5dace1db-1308-4039-8da9-a81d3d406be6']","['36185a7b-d2f9-40b0-b7e3-a3b5c6e48e17'
 'aef3c133-2aaa-4de3-b84e-487653d3a7f3']",[]
7c1c6ab54fa2468278efd58804efb780a7771f38d6de97889309541bec29bfe9c0bb199354148c2cd1238b54911393b4a7dbe2ef7cd64c227bc21fcbc91172df,225,"METADATA:
{
  ""parent_headings"": [
    ""# 6. 发作性共济失调2型""
  ]
}

CONTENT:
发作性共济失调 2 型 (episodic ataxia 2, EA2) 是遗传性共济失调中最常见的类型， $50 \%$ 的病人有偏头痛病史，表现为发作性共济失调、构音障碍和眩晕，发作时可伴偏头痛发作，持续数小时至 3 天，儿童期起病常见，也有中老年起病的报道 [70]。有偏头痛病史的 EA2 需与 VM 鉴别。EA2 发作间期常

可见到明显的中枢性眼震，发作时以共济失调为突出表现，可伴构音障碍或其他脑干症状，甚至伴随癫痫、认知障碍，后期可能出现持续性的小脑体征，筛查CACNA1A 基因突变有助于确诊。",289,['中国前庭性偏头痛诊治指南（2026版）_1773147372'],"['c5f6d5c9-f8eb-4880-9972-3bb50f919e50'
 '8fec9e94-e0e9-4c89-877f-ccbe997a65c0'
 '898f5cb3-8b6a-4404-b817-74b507ff0bd6'
 'a0188e0e-8ed3-444b-98d5-3d38b289cf62']","['e5e3c089-0dc5-41de-82cc-53229f1029e7'
 'ac3dac1c-6dcc-452c-94d6-9f8965dbbfdd'
 'e475ba77-a6ff-4eec-8225-e716da604cf0']",[]
b7c0c77b69c85f2ee8a5a970b872191009c317829a2677878f23b533131b17134c3eebe9906cad71163f8025abd5218b734cc9d7f389f2507e73ab2893d744b5,226,"METADATA:
{
  ""parent_headings"": [
    ""# 7. 持续性姿势感知性头晕""
  ]
}

CONTENT:
VM 病人出现慢性头晕时，需重点区分是合并持续性姿势感知性头晕 (persistent postural-perceptualdizziness, PPPD) 还是进展为 CVM，其鉴别存在一定困难。若病人头晕症状在直立位、运动和视觉刺激下加重，则优先考虑 PPPD 的诊断 [71]；若前庭症状伴随偏头痛的特征性表现（偏头痛样头痛、畏光畏声、视觉先兆中的至少一种）并且通常直立位不加重，则更倾向于CVM的可能。需特别注意的是，运动及视觉刺激诱发前庭症状加重并非 PPPD 所独有，也可见于CVM；同时，偏头痛病史在PPPD和CVM 中均可存在，因此单纯依靠偏头痛病史无法有效区分二者，而是否伴随偏头痛特征症状可能更具有鉴别价值。

推荐意见 5：VM 需与多种发作性前庭疾病进行鉴别诊断，因其症状存在重叠且常可共病 (1B)。当 VM 病人出现慢性头晕症状时，需重点鉴别其属于与 PPPD 共病状态，还是进展为 CVM (2C)。",453,['中国前庭性偏头痛诊治指南（2026版）_1773147372'],"['4fc10393-1411-4450-894c-462db370c0da'
 'e6314bf0-694d-4303-ab92-6784d63173eb'
 '8bf31f1e-6f6d-4997-bdfe-6eca11ea7e34'
 'd349914d-0f51-4ed7-80fd-65302ae7da85'
 'c07c5853-c7a1-4527-b218-8bea033432e3'
 '0a15f68a-f1e5-4c9c-93b6-6ecc89d73a5c'
 'd3c1b4a1-b28f-4d05-9684-69c8940aedd5'
 'c529990b-1395-4fde-abbe-d0a5a031c1fa'
 '55ac11ae-5722-4b17-8242-d0257da5783e']","['a5df681a-899f-4a06-88f4-a8a17d150fbb'
 '3d578534-1a82-44d7-8d3c-4190e4cf1f2f'
 '486afd98-e2d1-4b9d-b0c2-0a03016834a1'
 '6286d1cd-fd25-4fff-adea-a9e55e552d66'
 '2425052a-e1d8-4318-b50a-95f05c875a25'
 '9fb16070-bf73-46bb-953b-cbd3a3ef6765'
 '7684825b-25fc-4eb2-9a8c-a983c698ed4c'
 'e578da1a-01dc-4a2d-8fc3-67886fed794e'
 '3efe5fb5-5dc5-4030-8f76-7d961a41b816']",[]
a578bb266eac8d475af4234e82a3d5822a74c7a1eac09c058832af07f532741e5303dd74c29ad9d64b013551a85430b1ae83740e258f3b562bfd005164de4799,227,"METADATA:
{
  ""parent_headings"": [
    ""# 五、治疗""
  ]
}

CONTENT:
VM 的治疗目标包括缓解急性症状和预防性治疗。临床实践中 VM 的治疗大多参照偏头痛、急性眩晕的处置方案。来自回顾性病例系列研究、前瞻性队列研究，以及少数随机对照临床试验证实偏头痛治疗有效的方案适用于VM，但其效果尚需大型、设计良好的随机对照临床试验充分验证 [72~75]。与单纯偏头痛病人相比，VM 病人的诊疗需更加关注前庭耳蜗症状、前庭功能评估，以及前庭和精神心理共病情况。因此，建议有条件的医疗机构开展多学科协作诊疗模式，整合神经内科、耳鼻喉科、疼痛科、康复科、心理科等专业资源，实现对病人的综合管理。",333,['中国前庭性偏头痛诊治指南（2026版）_1773147372'],"['c5f6d5c9-f8eb-4880-9972-3bb50f919e50'
 '2d369837-9fd2-4cd4-bc6e-c6ec00c7de94'
 '8bf31f1e-6f6d-4997-bdfe-6eca11ea7e34'
 '5662f94a-65d4-42de-853a-d2731f3b145c'
 '32d81a00-7bd5-423e-9add-3e2c858c8c3f'
 '582f8dfd-11e1-4350-a4d6-5967c35acbed'
 'cad15711-ce75-43dc-b6b9-a882cf5f1527']","['fe772936-0052-4a70-bafa-4b203954705c'
 '349a02bb-51c0-49d8-89d4-f0adaff24493'
 '44dfd012-1132-4d3b-a3c6-274abc51fce8'
 'c33f2766-5edf-4362-abd0-e91ec544c36e'
 '6b6631b0-81c8-42b9-a467-0122e876ad3c'
 'afcc480d-5812-4938-aca7-e6a144cc1541']",[]
37233ebbd9a0ab3121dd8fc0f8be180adc5ad2f3ec22fb332b5c77f01727238ab35e42dc12015ec6693199d7b5a8086b0b0be8a86a6328cc3cdafd203b47b8bc,228,"METADATA:
{
  ""parent_headings"": [
    ""# （一）病人教育""
  ]
}

CONTENT:
病人教育和生活方式调整是 VM 管理的基础。规律作息、适度锻炼、合理膳食、避免过度前庭刺激、合理的压力管理，寻找并避免促发因素对 VM 的预防起重要作用。应告知病人，VM 虽无法根治但可有效控制，帮助确立科学理性的防治观念与目标，建立切合实际的期望。避免过度、频繁使用急性期镇痛药物。鼓励病人记头痛头晕日记，有助于诊治方案的制订与调整[76]。",220,['中国前庭性偏头痛诊治指南（2026版）_1773147372'],"['8867eaba-c420-4807-a9b8-1b2f94fd7bb2'
 '24ff9078-2512-4055-a4c1-83b37a3d0d20'
 'f7afeb90-29e5-4f8f-adf9-8b482f4438a8'
 '8bf31f1e-6f6d-4997-bdfe-6eca11ea7e34'
 'ec35836b-291e-40a2-9035-f5aa027d0f30'
 '17dade78-fc02-473c-b1cd-00d19e9cce65'
 'db1b5d1e-02d2-4769-bf23-4511fe950991'
 '2119ab92-abac-4eec-9fd1-dab42035cdd0'
 '96fd2ffd-890a-4497-b945-96d77f4c5cf4'
 'ce3301a6-372f-4826-9256-5f84bc0f0ee3'
 '6759fe38-b611-4de6-b468-ef0eedcfbc1c']","['9f50ff22-7bb5-4c7e-9d6b-5b1a2cb4fe07'
 '828fa1ad-7294-4ded-9e0d-efee392647b7'
 'fb78e7e5-7bfd-4e47-9a55-4c5628b8a7cb'
 'fb6dbb92-4838-46ac-89b2-f3481e2f7a1d'
 'd0e70b21-fc74-421f-ae31-ee1a0cf6665a'
 'd466f22e-b1a8-49cc-a981-00768a2358fa'
 'a056c807-28ee-487a-aa7a-c51c6010040c'
 '3d833cdb-4f08-423a-907e-0ed162e8d3e5'
 '4debc1e7-9c82-4fc7-a53c-a0ae8752a661'
 '8dd49afa-54e0-438d-8ea6-18c20633155c'
 '46ed6919-86ca-4fae-a6f1-e0bc3d67fcd9']",[]
b5e21a4c85cea498ca4f2a93e76fa864cef4ce70ed6bc58abd9cc3e64700f8ee2407f3466070b4da225fbe4c13e1ec3f844eec7a45437d91581426bfeabe8f71,229,"METADATA:
{
  ""parent_headings"": [
    ""# 1. 治疗目的""
  ]
}

CONTENT:
# 1. 治疗目的

旨在快速、持续地解除 VM 病人的眩晕、头痛及相关伴随症状，恢复生活、职业、学习及社会能力。",72,['中国前庭性偏头痛诊治指南（2026版）_1773147372'],"['e9c083f2-e9e0-4880-8efd-9c66596e7e50'
 '8bf31f1e-6f6d-4997-bdfe-6eca11ea7e34']","['8ca5a60f-15b9-4f1e-a7dd-faf9dda65407'
 '54d56352-278d-469f-a7eb-79aafe8c3a52']",[]
a6748c5bef22b0a1946c77f4e75613e2adf89dc648556abd7f1b05625d12e81ff2be63174a924b425c0185b2092dc42ff6187d856c8b3a212b9dd5b724ffd8c2,230,"METADATA:
{
  ""parent_headings"": [
    ""# 2. 疗效评价常用的标准""
  ]
}

CONTENT:
对持续时间数小时或更长的发作，用药后 $1 \sim 2 \mathrm { h }$ 内眩晕/头晕、头痛程度视觉模拟评分法 (visual ana-logue scale, VAS) 由中重度（ $\mathrm { V A S } 4 { \sim } 1 0$ 分）转为轻度或消失（ $\mathrm { V A S } 0 { \sim } 3$ 分），最困扰的伴随症状（恶心、呕吐、畏光畏声）消失；治疗成功后的 $2 4 ~ \mathrm { h }$ 内无再发或急性期药物的使用；并且无或只有轻微不良反应 [73,76]。 。",211,['中国前庭性偏头痛诊治指南（2026版）_1773147372'],"['e9c083f2-e9e0-4880-8efd-9c66596e7e50'
 '47ee5581-77f0-490e-a24f-812c4f84e8e7'
 'dc1f9ca6-cd9e-4f65-b844-dca9c5dfbf1a'
 '961dfd76-6045-4246-a56f-5a8522852cf0'
 '43c3025a-2450-4582-8d32-0a5f9fe12a6c']","['5f37e784-0146-42c7-9e18-ff9f945bbf80'
 'd1b33f2d-34d4-4e55-a839-cd1881df2d00'
 'd86bef35-fffa-4c6a-87b0-294c1f1cc744'
 'aef329be-50e4-4671-9c55-9ffd7b2eb3d3'
 'b6c97713-455c-42ed-add6-541890d53e11'
 '9579c62b-cb98-48fd-9c61-9289ae7306ba']",[]
a7497051b835b0296caa8c43a2182e056a4d630488acdf638ab6cd1d926fb9ebe0e50b22dece2d0fb4bfabf4f04ef42edc8be89a0203491675e0fc4b52a1b78f,231,"METADATA:
{
  ""parent_headings"": [
    ""# 3. 急性发作期药物治疗""
  ]
}

CONTENT:
VM 急性发作期用药可参考偏头痛的急性期用药，常用的药物有非甾体抗炎药 (non-steroidal anti-inflammatory drugs, NSAIDs)、对乙酰氨基酚、含咖啡因的复合制剂、麦角胺类、曲坦类、地坦类、降钙素基因相关肽 (calcitonin gene related peptide, CGRP)受体小分子拮抗剂吉泮类 (gepants) 药物 [73,76]。眩晕和呕吐严重的病人，可经验性给予前庭抑制剂、止吐药对症处理，如苯海拉明、异丙嗪、山莨菪碱、甲氧氯普胺、苯二氮䓬类等，该类药物使用应注意疗程不超过 $^ { 7 2 \mathrm { ~ h ~ } }$ ，否则可能不利于前庭代偿 [77]。对于因呕吐无法口服药物的病人，应选择肌内注射、静脉注射、鼻喷剂、口腔崩解片、直肠等途径给药。

VM 急性期治疗的研究有限，仅有两项曲坦类药物的随机对照临床试验和少数回顾性研究。一项为交叉 RCT 研究，比较了佐米曲普坦 $2 . 5 ~ \mathrm { m g }$ 与安慰剂的疗效，计划招募 50 例病人，最终仅纳入了10例病人的17次VM发作，2 h内头晕改善率治疗组为 $3 3 \%$ ，对照组为 $22 \%$ ，由于检验效能较低，不能得出肯定的结论[78]。一项近期发表的RCT研究共纳入134例VM病人，记录240次符合试验方案的发作，比较了 $1 0 ~ \mathrm { m g }$ 利扎曲坦与安慰剂的疗效，发现用药1 h后，利扎曲坦组对眩晕、头晕/不稳感、头痛的改善率（即中重度转为轻度或消失）与安慰剂组比较差异无统计学意义，在 $2 4 \ \mathrm { h }$ 内对头晕/不稳感和运动敏感有中等效应优势，利扎曲坦组整体

满意度略高。该研究的结论不支持利扎曲坦用于VM急性期治疗[79]。然而，该研究存在高脱落率（入选率 $6 0 . 4 \%$ ）、关键指标置信区间宽（特别是“头晕/不稳感”亚组仅 40 次发作）等问题，导致检验效能不足，无法完全排除假阴性结果的可能性。要形成确凿的临床结论，仍需开展更大规模的研究。一项双盲 RCT 研究纳入 25 例伴或不伴有眩晕的偏头痛病人，给予利扎曲坦或安慰剂的预治疗，发现利扎曲坦组病人诱发的晕动症状较安慰组更轻微，间接提示利扎曲坦对治疗偏头痛的前庭症状可能有效 [80]。一项回顾性调查研究发现在 VM 眩晕发作1 h 内服用阿莫曲坦 $1 2 . 5 ~ \mathrm { m g }$ ， $5 5 \%$ 的病人眩晕完全消失， $2 8 \%$ 眩晕好转 $50 \%$ 以上， $1 6 \%$ 眩晕好转$50 \%$ 以下，头痛也有明显缓解 [81]。另一项回顾性研究显示舒马曲坦口服或肌内注射对偏头痛及偏头痛相关性眩晕均具有良好的效果，舒马曲坦对头痛和眩晕/头晕的疗效明显相关[82]。考虑到曲坦类药物潜在的收缩血管不良反应，对于高龄、既往存在心脑血管疾病危险因素，且不能完全排除后循环缺血的病人，应慎用曲坦类药物（见表3）。

作用于 CGRP 受体的小分子拮抗剂瑞美吉泮(rimegepant) 和 乌 布 吉 泮 (ubrogepant) 已 获 得 FDA批准用于成人偏头痛的急性期治疗，瑞美吉泮口崩片也获得中国国家药品监督管理局批准用于成人有或无先兆偏头痛的急性期治疗 [76,83]。瑞美吉泮口崩片无血管收缩作用和产生药物过度使用性头痛的风险，更适用于有心脑血管疾病病人，不良反应与安慰剂组相当，具有良好的耐受性 [84,85]。目前已有动物实验显示CGRP 受体小分子拮抗剂可调节慢性偏头痛大鼠模型的前庭神经核突触传递，从而改善前庭功能[86]，在小鼠偏头痛模型中可改善晕动病[87]。吉泮类药物有望成为 VM 急性期治疗的一个新的选择，但有待临床试验验证。",1788,['中国前庭性偏头痛诊治指南（2026版）_1773147372'],"['ee08258f-7327-46f1-9459-c1bbd95e644d'
 '5914d5e6-8c4d-418f-921e-ad198ebf4b22'
 'e2b51cdc-bb66-4388-80c7-2c503528ad2f'
 '5145a6db-710e-4c5c-b97d-50967b3c6861'
 '6d48a3db-9632-4e1a-ad98-19507731aa1a'
 'f14e4999-0be7-4428-8f98-488d5518439b'
 '21193e44-42ae-49d3-9141-f348e2d5ee03'
 'f8bca620-6c35-47f5-8315-792dc1e86a9f'
 '92e42688-265e-4203-902a-19615b559fcb'
 'fd28b7e2-ff46-4c3f-873d-7d902620849b'
 '13fe2ba8-ad27-4696-8fb4-7d8180755698'
 '40ceff21-0f0e-4f3d-8b22-bb51c4bfcaae'
 'b0fe4d0e-bde5-4e81-aaa8-74aaced5ed07'
 'd446b0a9-fbd5-4e9e-92d4-68da78e6b6a7'
 '439f5712-6504-4a85-8506-aba3d4f1f28d'
 'dc28fb86-b7a7-45fd-87c1-38a4332ca991'
 'd345a8db-d0f7-4704-8f14-62f9759e017c'
 '2f699a65-61a8-433c-90a1-4a71e760bec5'
 'c3d7e5a5-33ba-4894-8711-0a3c4f6d9944'
 '1acc2dda-d337-41bb-bc12-956c49ef5a2c'
 '72db9e31-eae3-4794-b159-1914780df211'
 '7a5455d9-a989-4366-8aa8-8cbb9c9a6fd6'
 '289df5d1-92fb-440b-93d8-54fd72abe17d'
 'f3eda16a-fcbc-4176-a941-5a19db2bb840']","['e673c9b3-83f8-4318-8886-2a94155c7c61'
 '65ed28ca-ec57-4c22-b8ab-43959fd311db'
 '4f227d3c-2f38-47c7-bdca-febedb0fae83'
 '40d908c0-9816-4142-8752-2f83326dcc07'
 '90831a8d-0b89-45a4-bd12-cc59216a179b'
 '41f17989-3338-4665-b9e2-fc5ddbe17769'
 'd9c8ef4c-3c8e-442a-ad10-6f1694f75879']",[]
0e3088f94fd74dd0bf54ce4fe7dfb492db7a4fa8eeed4a699f6992bc1606d3f05b5845dea1e8d94b3b6a8c011887384eb0757bbf3764f608225b6b1ce8e9ffc0,232,"METADATA:
{
  ""parent_headings"": [
    ""# 4. 急性发作期非药物治疗""
  ]
}

CONTENT:
除了药物治疗外，体外三叉神经刺激、无创迷走神经刺激等神经调控技术在VM 急性治疗中显示出初步的治疗潜力，但均为小型回顾性非对照研究，疗效和安全性未来仍需进一步评估 [88~90]。

表3 前庭性偏头痛急性发作期特异性治疗药物  


<!-- TABLE_METADATA: {""type"": ""table"", ""page"": 0, ""table_idx"": 2, ""caption"": ""表3 前庭性偏头痛急性发作期特异性治疗药物"", ""footnote"": """", ""extracted_from"": ""mineru_api""} -->
<table><tr><td>曲坦类药物</td><td>单次推荐剂量(mg)</td><td>每日最大剂量(mg)</td><td>证据级别</td><td>推荐级别</td><td>注意事项</td></tr><tr><td>利扎曲坦[79]</td><td>5~10</td><td>30</td><td>B</td><td>2</td><td>禁忌证：冠心病、缺血性卒中、</td></tr><tr><td>佐米曲坦[78]</td><td>2.5~5</td><td>10</td><td>D</td><td>2</td><td>缺血性外周血管疾病、难以控</td></tr><tr><td>阿莫曲坦[81]</td><td>6.25~12.5</td><td>25</td><td>D</td><td>2</td><td>制的高血压、与单胺氧化酶抑</td></tr><tr><td>舒马曲坦[82]</td><td>25~100</td><td>200</td><td>D</td><td>2</td><td>制剂合用、严重肝损害</td></tr></table>

推荐意见 6：VM 急性期治疗的循证医学证据尚不充分，通常参考偏头痛急性期治疗策略，如曲坦类药物、吉泮类药物、NSAIDs 等 (2D)，对眩晕和呕吐严重的病人，可经验性给予前庭抑制剂、止吐药物对症处理 (2D)。药物不耐受或疗效不佳的，可尝试行神经调控治疗 (2D)。",755,['中国前庭性偏头痛诊治指南（2026版）_1773147372'],"['c5f6d5c9-f8eb-4880-9972-3bb50f919e50'
 '8867eaba-c420-4807-a9b8-1b2f94fd7bb2'
 '6d48a3db-9632-4e1a-ad98-19507731aa1a'
 '536a9a70-a75d-4b95-83dc-34b538126b1a'
 '21193e44-42ae-49d3-9141-f348e2d5ee03'
 '817257a8-a506-4c59-9e37-8aa34832fc3e'
 'fe4b1c04-eca9-499d-8b74-fbe96a42de02'
 'c8091bb6-6255-4866-a6ed-d8cf7b74b088'
 '30bcee41-10a3-459b-8a16-b812fb7ae27f'
 'dc28fb86-b7a7-45fd-87c1-38a4332ca991'
 '9513102d-cadb-40f4-9775-2c2f3996e0bc'
 '108448c2-6ecd-4841-b703-aea528c1636d'
 '1acc2dda-d337-41bb-bc12-956c49ef5a2c'
 'a44012cb-15b1-4540-b654-cd5b360135f5'
 '71c5bbf7-62f8-4ce9-93df-bc17ba8917d5'
 'b7bed9d0-f744-4e98-ab64-f7f72cac94d5'
 '73ffebef-755d-486e-92a7-5c4f1ab93061'
 'f0789456-1348-4e72-8e56-9fe323cb4db2'
 'f0274e53-3064-49b9-9077-3bc7db287c07'
 '0dbe80a2-4a0b-44cd-a305-55195921a37f'
 'a1a38738-235c-40db-9350-3c7c2e2711d4']","['2a409648-98ca-4d50-b0f4-ac2b36408a6a'
 '2ad854a5-fd28-442e-b1d2-b1bae853eb6d'
 '726f2dde-75f9-477a-836a-8072fc9b1a35'
 'b9e15e11-ab1d-494e-be62-5e35dc37de0d'
 'f70d2f40-caab-40e3-b2d6-ca393acf8454'
 'aa01b9bc-e109-4e0f-bee0-cb17d550635b'
 '33dbfcc3-9355-4aef-8634-2f1606ec4683'
 'd8961b10-33fd-4776-b67e-609701aca02e'
 '89635234-07a9-4349-a719-d58042d5ee5e'
 '7d301a3b-a05e-4f01-b970-ea53c331218c'
 '3c14f061-bd8b-4c2d-b717-73deacc0fc5b'
 'e9f64437-88fe-473c-8026-f6702701385c'
 'c809ec57-4364-4158-b7ae-970092a42609'
 'cbeab266-ff39-4256-ac22-0079abbafd9c'
 '0fdf4084-b4cb-4dd3-9bf0-55113b329c3b'
 '3e97cc09-6828-4a10-89bd-f11c8274bbf5'
 '5227a7a6-64c1-486f-b611-35c5d4c27c79'
 'bc9fe7dc-0baa-475b-8993-d609f4a52c8b'
 'e016c2da-e55c-4796-af4c-129808aa61bd']",[]
c2031564b2d99daca2b5e349850ba0ba86764393067e0bc3c11ae4ef38757e18e509b367c36da2449af5b154da283005bbf3932e84d351c1c6a1f23eeeef7a73,233,"METADATA:
{
  ""parent_headings"": [
    ""# 1. 预防治疗目的及指征""
  ]
}

CONTENT:
# 1. 预防治疗目的及指征

预防治疗的目的是降低头晕和头痛的发作频率、持续时间及严重程度，减轻精神心理合并症，提高急性发作期治疗的应答率，减少对急性期用药的依赖，改善生活质量。预防性治疗的指征是VM发作持续时间长或造成失能，病人的生活质量、工作和学业严重受损。《中国偏头痛诊治指南（2022版）》[75]建议，在病人每月至少有 2 次偏头痛发作时开始预防性药物治疗，对 VM 的预防可根据眩晕/头晕和头痛的总发作次数参考以上标准决定用药时机[76]。",279,['中国前庭性偏头痛诊治指南（2026版）_1773147372'],"['c5f6d5c9-f8eb-4880-9972-3bb50f919e50'
 '2d369837-9fd2-4cd4-bc6e-c6ec00c7de94'
 'de5f2a5d-24f5-4199-a73f-ed0ba3384b7c'
 '8bf31f1e-6f6d-4997-bdfe-6eca11ea7e34']","['500bb295-ff5a-4026-975e-57da7b56fb21'
 'c33f2766-5edf-4362-abd0-e91ec544c36e'
 'e3fff889-0685-4c27-9fac-eab794243753'
 '68a10f10-889d-41de-b1f0-e6a2791f4378']",[]
62a47466ff3c57929d09f449a143d719d9e0c4c33a2338743752150ae1e4c2957880bdc8f4c0677380e65e1a18195cf13f183e5aaab54e3c84a17c22537c9d03,234,"METADATA:
{
  ""parent_headings"": [
    ""# 2. 疗效评价常用指标""
  ]
}

CONTENT:
规律预防治疗至少 8 周后可通过以下指标的改善情况评估疗效 [74]： $\textcircled{1}$ 眩晕/头晕相关指标：每月眩晕/头晕发作的天数、眩晕程度（VAS 评分）、发作持续时间； $\textcircled{2}$ 头痛相关指标：每月头痛的天数、头痛程度（VAS 评分）、发作持续时间； $\textcircled{3}$ 伴随症状：恶心、呕吐、畏光畏声、偏头痛先兆等发生频率； $\textcircled{4}$ VM 特异性量表：VM 病人评估工具与功能障碍量表 (vestibular migraine patient assessment tooland handicap inventory, VM-PATHI)，该量表整合了眩晕、头痛和功能影响的多维评估，可高效反映疾病对病人的整体负担 [91]； $\textcircled{5}$ 日常生活影响评价：常用的量表有头晕评价量表 (dizziness handicap inven-tory, DHI)、偏头痛失能评估量表 (migraine disabilityassessment scale, MIDAS) [92] 等； $\textcircled{6}$ 精神心理评估：可采用广泛性焦虑障碍量表-7 (generalized anxietydisorder-7, GAD-7)、汉密尔顿焦虑量表 (Hamilton anxietyscale, HAMA)、病人健康问卷抑郁量表-9 (patient healthquestionnaire-9, PHQ-9)、汉密尔顿抑郁量表 (Hamiltondepression scale, HAMD) 及匹兹堡睡眠质量指数(Pittsburgh sleep quality index, PSQI) 等评估焦虑、抑郁和睡眠障碍情况； $\textcircled{7}$ 药物安全性：记录与治疗相关的不良反应发生情况。",590,['中国前庭性偏头痛诊治指南（2026版）_1773147372'],"['c5f6d5c9-f8eb-4880-9972-3bb50f919e50'
 '2204a97f-dc1e-4a8c-af51-3898e309d8b3'
 '45634f2b-61bb-4499-bcc2-e16d456622be'
 '5d9d0d25-0832-4ae4-8ef1-f7b48ddba1df'
 '8bf31f1e-6f6d-4997-bdfe-6eca11ea7e34'
 '47ee5581-77f0-490e-a24f-812c4f84e8e7'
 'dc1f9ca6-cd9e-4f65-b844-dca9c5dfbf1a'
 '961dfd76-6045-4246-a56f-5a8522852cf0'
 '43c3025a-2450-4582-8d32-0a5f9fe12a6c'
 'db69394c-fa38-4044-ad53-b6345c8a5c80'
 'aea0d27b-b2ad-4061-a742-97e1137ba3e9'
 'c6b79593-ce98-4d8c-8731-d06c4087ee92'
 '1300690e-c554-4c03-a9cb-788778f914fc'
 'bd6404ad-3a12-4692-95dc-608ebb7b19e8'
 'acb80d6e-7c9d-471d-9adf-b49fab511b13'
 '34b64f0e-d5c6-45dd-af94-7b86731a7856'
 '367a7ab0-84bb-4b7c-b1db-c9ca0fd09ef4'
 'e9b5b307-5b7b-428c-b06f-db91c6364fde'
 '3cbae642-a6b1-4a8d-9baa-a01a380627e8'
 '7a7af49e-5ae4-4cd0-a7ca-1dff077e2df3']","['fe772936-0052-4a70-bafa-4b203954705c'
 '99cfdc63-46f4-439c-bf84-823e640a23fa'
 'b2a6681c-01d9-4947-8cef-f962a45ae2e7'
 '41f6350f-cf68-4e0c-88d8-1c384beecfd9'
 '148f9c77-8077-404c-bb9d-ef4d0a3273e2'
 '7e5ec8ab-e29b-4725-a07c-337033e90ea9'
 'df50c4b7-3bc2-436f-9776-a8a85b07f0b8'
 '15ebe7f5-f903-4a7a-a27d-af139b3377ef'
 'a8b75491-86b2-49ad-917b-2ae52a878152'
 '795cab1b-a2f0-4c21-9e87-6f200ee9a920'
 '53bb696f-5d82-4b17-ac19-b517222ec9fa'
 'd5e80b24-0d17-49e7-9cf7-ae2d46e7438c'
 '59570858-4462-4501-8528-30a1b3b88e4e'
 '59c99168-05d6-4c64-92e4-1e189fe8b19d'
 '7b0512b5-268d-4fed-a894-bb2b044e70f8'
 '7513556b-7613-4cc7-aeb5-e8139e9b5343'
 'c5d4b463-33b0-415b-9188-c29986f4f44f'
 '566a211e-7d23-40c0-a4b5-3de9bfa4c2f4'
 '323b7943-83f1-4697-aa28-1d29fcc93c3e'
 'e265078e-9240-4080-8eb7-eca3aa9de824'
 '66bd70c8-5bff-43dc-9381-29417a999a97'
 'eb5e9894-eab5-4e1f-8d9f-ad31b5473ff4'
 '769f7269-760b-46dd-88f0-0d37dca8ef24']",[]
11c0634698f1b7347875b12616c1909792c7694abc899d40d7ebd5ec439a4120d2889190c49c920ac1b66001092494c184732c2cee4eaef6cb0dcc857ebab8b8,235,"METADATA:
{
  ""parent_headings"": [
    ""# 3. 预防性药物治疗""
  ]
}

CONTENT:
临床治疗中常将偏头痛预防药物用于 VM 的预防性治疗。主要的预防性治疗药物包括钙离子拮抗剂（氟桂利嗪）、抗癫痫药物（托吡酯、丙戊酸钠）、$\beta$ 受体阻滞剂（普萘洛尔和美托洛尔）、抗抑郁药

物（阿米替林、文拉法辛）、CGRP 单克隆抗体及CGRP 受体拮抗剂等（见表 4）。Cochrane 评估了13项研究中各种治疗方法预防VM 的效果，其中仅有3项为含空白或安慰剂对照组的RCT研究[74,93,94]。由于 VM 预防性药物治疗研究少、证据等级低、结果异质性高，本指南尚无强推荐级别的预防治疗药物。因此，医师在使用预防性治疗药物之前需与病人进行充分的沟通，根据病人个体情况进行选择（如共患病、依从性、经济情况等），权衡药物的疗效与不良反应。依据偏头痛管理经验，预防药物治疗应从小剂量开始，根据病人对药物的耐受程度，缓慢加量至推荐剂量或最大耐受剂量，同时需注意对每种药物应给予足够的观察期以评估疗效，治疗疗程至少6个月，以后逐渐减停药物。

（1）钙通道阻滞剂：氟桂利嗪是在VM 领域研究较多的药物。最新的 Cochrane 荟萃分析纳入了两项 RCT，共涉及 79 例病人，包括 2014 年 Lepcha 等 [95]和2016年Yuan等[93] 的研究。结果显示，与未干预组相比，氟桂利嗪（每晚 $1 0 ~ \mathrm { m g }$ ）能降低VM病人眩晕症状的严重程度 (RR 1.45, $9 5 \%$ CI: 1.01-2.07)，同时可减少眩晕的发作次数 [74]。然而，两项研究均存在相当的偏倚风险，如分配隐藏的不确定性和小样本量，以及未使用安慰剂的开放标签试验形式。此外，两项研究在选择性报告方面也存在不确定性，尤其是 Yuan 等 [93] 的研究缺乏预注册，无法确定是否存在选择性报告，这些因素都可影响研究结果的可靠性和有效性。氟桂利嗪不良反应有嗜睡、体重增加、抑郁、锥体外系症状等，这些不良反应在大多数情况下可被临床益处抵消 [96]。

（2）抗癫痫药：包括托吡酯、丙戊酸钠、拉莫三嗪，其中托吡酯和丙戊酸钠是偏头痛的一线预防用药。两项荟萃分别对比分析了 VM 的所有预防药物，均显示丙戊酸钠（每日 $1 0 0 0 ~ \mathrm { m g }$ ）在降低 VM发作频率方面表现最佳 [97,98]。但两项荟萃分析纳入的丙戊酸钠治疗组仅 20 例，且无直接的安慰剂或空白对照。一项 2007 年前瞻性病例研究探讨了丙戊酸钠（每日 $5 0 0 ~ \mathrm { m g }$ ）对偏头痛伴前庭症状病人的影响，共纳入 37 例病人，其中 26 例有前庭症状，治疗持续 3 个月，结果显示丙戊酸钠能降低头痛和前庭症状的发作频率[99]。一项非盲法托吡酯的RCT研究将 30 例病人随机分配为高剂量组（ $5 0 ~ \mathrm { m g }$ ，每日 2 次）和低剂量组（ $2 5 ~ \mathrm { m g }$ ，每日 2 次），24 周后两组在眩晕和头痛发作的频率及严重程度上均有显著改善，两组间的疗效差异无统计学意义，但高剂量组的不良反应增加 [100]。一项小型回顾性研究

表4 前庭性偏头痛预防性药物治疗  


<!-- TABLE_METADATA: {""type"": ""table"", ""page"": 0, ""table_idx"": 3, ""caption"": ""表4 前庭性偏头痛预防性药物治疗"", ""footnote"": """", ""extracted_from"": ""mineru_api""} -->
<table><tr><td>药物</td><td>每日推荐剂量(mg)</td><td>证据级别</td><td>推荐级别</td><td>注意事项</td></tr><tr><td>钙通道阻滞剂</td><td></td><td></td><td></td><td></td></tr><tr><td>氟桂利嗪[93,95]</td><td>10</td><td>C</td><td>2</td><td>不良反应:常见嗜睡、体重增加;少见抑郁、锥体外系症状禁忌证:抑郁、锥体外系症状总疗程不超过6个月</td></tr><tr><td>抗癫痫药</td><td></td><td></td><td></td><td></td></tr><tr><td>丙戊酸钠[98,99]</td><td>500~1000</td><td>C</td><td>2</td><td>不良反应:恶心、体重增加、嗜睡、多囊卵巢、震颤、脱发、肝功能异常禁忌证:肝病</td></tr><tr><td>托吡酯[100]</td><td>50~100</td><td>C</td><td>2</td><td>不良反应:嗜睡、认知和语言障碍、感觉异常、体重减轻、泌尿系结石禁忌证:泌尿系结石、托吡酯过敏</td></tr><tr><td>拉莫三嗪[101]</td><td>100~200</td><td>D</td><td>2</td><td>不良反应:白细胞减少、贫血、精神系统不良反应、皮疹等禁忌证:过敏反应者</td></tr><tr><td>β受体阻滞剂</td><td></td><td></td><td></td><td></td></tr><tr><td>普萘洛尔[98,102]</td><td>40~160</td><td>C</td><td>2</td><td>不良反应:常见心动过缓、低血压、嗜睡、无力、运动耐量降低;少见失眠、噩梦、阳痿、抑郁、低血糖</td></tr><tr><td>美托洛尔[94]</td><td>95</td><td>C</td><td>2</td><td>禁忌证:哮喘、心衰、房室传导阻滞、心动过缓;慎用于使用胰岛素或降糖药者</td></tr><tr><td>抗抑郁药</td><td></td><td></td><td></td><td></td></tr><tr><td>文拉法辛[104]</td><td>37.5~150</td><td>C</td><td>2</td><td>不良反应:恶心、口干、出汗(包括盗汗)等禁忌证:对本药过敏、与单胺氧化酶抑制剂(MAOIs)合用</td></tr><tr><td>阿米替林[38,105,107]</td><td>25~75</td><td>C</td><td>2</td><td>不良反应:口干、嗜睡、体重增加、排尿异常、便秘等禁忌证:青光眼、严重心脏病、近期有心肌梗死发作史、癫痫、肝功能损害、前列腺增生等</td></tr><tr><td>肉毒毒素[107,108](肌内注射)</td><td>155 IU,每3月1次</td><td>C</td><td>2</td><td>不良反应:上睑下垂、肌肉无力、注射部位疼痛和颈部疼痛等禁忌证:对肉毒素过敏者、过敏体质,神经肌肉疾病、妊娠、哺乳期妇女</td></tr><tr><td colspan=""5"">抗 CGRP 单克隆抗体[109~112](皮下注射液)</td></tr><tr><td>依瑞奈尤单抗</td><td>70或140/月</td><td>C</td><td>2</td><td></td></tr><tr><td>瑞玛奈珠单抗</td><td>225/月或675/季度</td><td>C</td><td>2</td><td>不良反应:注射部位红斑、呼吸道感染</td></tr><tr><td>加卡奈珠单抗</td><td>首月240,之后120/月</td><td>B</td><td>2</td><td></td></tr><tr><td>CGRP 受体拮抗剂</td><td></td><td></td><td></td><td></td></tr><tr><td>瑞美吉泮[113]</td><td>75,隔日1次</td><td>C</td><td>2</td><td>不良反应:恶心、超敏反应</td></tr></table>",3136,['中国前庭性偏头痛诊治指南（2026版）_1773147372'],"['c5f6d5c9-f8eb-4880-9972-3bb50f919e50'
 'bc837053-52fd-4f31-957c-524663285995'
 '205033e7-ce21-4198-898a-f0b7413c4cde'
 'cd70c412-3d4d-4191-9ae7-d932e0a6a20a'
 '14ba2b08-777f-481a-90a4-26a983a7faf2'
 '4dfa20f3-b6e7-4a28-af18-7efd3b407b66'
 '9d3c2661-1151-4a6f-a939-fe48b78e4c34'
 '2f59e73c-58e9-46d1-9107-f12cdc428410'
 '04566857-388a-425f-a025-8ee6aaf0017e'
 '7cdc4baf-1688-4b5c-bf35-7db16295d1e2'
 '545da2a4-1bb8-4191-9eb9-6c1e2306dd98'
 '4a8aea04-eb46-4b95-8a33-d02d39a09eda'
 'fd532f91-580a-401c-b6bb-2dffd3df3207'
 'dc28fb86-b7a7-45fd-87c1-38a4332ca991'
 'f254997e-2e24-4ddb-ada2-d67f15fc28ae'
 '3a4d3391-a9df-4486-9ddb-956db27597a9'
 'f51a431a-39ec-47bd-8b50-c0bcc4ab8f85'
 '2af02610-83dc-49fe-8053-3a2a7b9e578c'
 'ccb4b4c6-7044-4be0-ae9d-8ef62ff343a9'
 'e0bf5493-db10-47b9-8b18-d8bc3f22132b'
 '819413c5-791e-4de1-b424-df59bb774d19']",,[]
8f5751520c653eceb98d31d48f585edba62ef8e1a15de3b3d6838ecbe973a22911b26e5cf43c0492256626194ac47c09313525fab95f5bb1e1e024fa5a13370d,236,"METADATA:
{
  ""parent_headings"": [
    ""# 3. 预防性药物治疗""
  ]
}

CONTENT:
中 19 例病人接受了每日 $1 0 0 ~ \mathrm { m g }$ 的拉莫三嗪治疗，持续 $3 \sim 4$ 个月后，结果显示平均眩晕发作频率从每月 18.1 次降至 5.4 次 $( P < 0 . 0 0 1 )$ )，每月头痛频率从8.7次降至 4.4 次（差异无统计学意义），所有参与者耐受性良好 [101]。   
（3） $\beta$ 受体阻滞剂：包括普萘洛尔和美托洛尔。两项荟萃分析表明，普萘洛尔（每日 $4 0 \mathrm { \sim } 1 6 0 ~ \mathrm { m g }$ ）对减少 VM 的发作频率和严重程度显示出一定的效果，但这些结论主要来自间接比较 [98,102]。一项非盲法RCT研究比较了普萘洛尔和文拉法辛的效果，发现两种治疗在减少眩晕频率和 DHI 得分方面无显著差异，但文拉法辛在治疗抑郁症状方面表现更有优势 [103]。关于美托洛尔，最新 Cochrane 荟萃分析纳入了一项多中心、双盲的RCT研究(PROVEMIG)，涉及 130 例病人 [74]。研究结果显示，美托洛尔（每日 $9 5 ~ \mathrm { m g }$ ）与安慰剂相比，在减少眩晕发作频率及

改善 DHI 情绪得分方面差异无统计学意义。但该研究的参与者数量严重少于预期（原计划招募266人），且存在选择性偏倚的风险 [94]。

（4）抗焦虑抗抑郁药：包括文拉法辛和阿米替林。一项荟萃分析纳入了两项文拉法辛RCT研究，涉及文拉法辛组（每日 $3 7 . 5 { \sim } 1 5 0 ~ \mathrm { m g }$ ）共 55 例 VM病人，对照组包括使用其他预防药物的 83 例病人（包括美托洛尔、丙戊酸钠、普萘洛尔、无安慰剂或空白对照）。结果显示，文拉法辛在减少VM 病人的眩晕严重程度评分 (vertigo symptom scale, VSS)和 DHI 得分方面，优于其他药物。在耐受性方面，文拉法辛与其他活性药物和安慰剂相比差异无统计学意义 [104]。阿米替林在VM领域内尚无RCT研究，在一项 13 例病人的回顾性前后对比分析中，每晚$2 5 ~ \mathrm { m g }$ 阿米替林治疗 3 个月后，病人的眩晕症状（VAS 从 6.4 降至 2.6， $P = 0 . 0 0 1 $ ）和头痛症状（VAS

从 7.5 降至 2.8， $P < 0 . 0 0 1$ ）均有改善 [105]。一项多中心非随机对照研究中（阿米替林与氟桂利嗪、托吡酯、普萘洛尔比较），16 例病人每晚口服 $1 0 ~ \mathrm { m g }$ 阿米替林5 周，前庭症状评分（ $0 \sim 1 0 0$ 分）从 70.7分下降至 45.8 分，头痛症状从 68.8 分下降至 47.8分 [106]。另一项非随机对照试验显示阿米替林在降低 VM 发作频率以及改善 DHI 评分、MIDAS 评分方面，与普萘洛尔、氟桂利嗪无显著性差异 [107]。

（5）肉毒素注射：A 型肉毒毒素 (botulinum toxintype A, BTX-A) 的使用已被纳入作为慢性偏头痛治疗的一线预防用药，近期的研究也开始探索其在VM治疗中的应用。在一项涉及60例VM病人（每月眩晕发作 $5 . 4 \pm 1 . 7$ 次）的前瞻性非随机对照研究中，30 例病人接受了 BTX-A 治疗联合口服药物，而另外 30 例病人仅接受口服药物治疗，治疗 3 月后，两组病人的 DHI 得分、MIDAS 得分和眩晕发作频率均显著降低。与仅接受口服药物组相比，接受 BTX-A 治疗的病人在 MIDAS 得分提高和眩晕发作频率降低方面表现更为显著[107]。在另一项前瞻性病例系列研究中，20 例 VM 病人接受了 BTX-A注射，并在治疗前后进行了静息态功能磁共振成像(rs-fMRI) 检查。结果显示，与基线相比，治疗 2个月后病人的偏头痛和眩晕发作频率显著减少，头痛影响测试-6 (headache impact test-6, HIT-6) 得分、MIDAS得分，以及眩晕相关的评分均有显著改善。此外，抑郁和焦虑评分在治疗后也有所降低。同时rs-fMRI 显示涉及前庭与疼痛网络脑区中的功能连接也发生了变化[108]。

（6）抗 CGRP 单克隆抗体和 CGRP 受体拮抗剂：作为一类新药其在偏头痛领域内疗效已得到广泛验证。一项前瞻性观察性研究评估了抗 CGRP 受体单克隆抗体，包括依瑞奈尤单抗 (Erenumab)、瑞玛奈珠单抗 (Fremanezumab) 和加卡奈珠单抗 (Gal-canezumab) 对 50 例 VM 病人的疗效，在 $1 2 \sim 1 8$ 个月疗程后，大多数病人反应良好， $90 \%$ 的病人眩晕频率至少减少了 $50 \%$ ， $8 6 \%$ 的病人头痛频率至少减少了 $50 \%$ ， $80 \%$ 的病人 MIDAS 得分至少减少了 $50 \%$ [109]。在一项回顾性研究中，评估了任一种抗 CGRP 单克隆抗体（包括瑞奈尤单抗、加卡奈珠单抗、瑞玛奈珠单抗）和 CGRP 受体拮抗剂乌布吉泮对 VM 病人的疗效。研究涉及 28 例病人，平均病史 119.4 个月，其中 25 例完成了随访，21 例病人症状有不同程度的改善，15 例病人为中度改善，但该研究未报告随访时间及药物使用疗程相关数据 [110]。一项回顾性研究中共纳入 23 例 VM 病

人，在接受传统偏头痛治疗（如普萘洛尔、氟桂利嗪或丙戊酸）无效后，转而使用了针对 CGRP 单克隆抗体治疗。研究显示，在接受 CGRP 单克隆抗体治疗后，病人的 DHI 得分显著改善 $( P < 0 . 0 0 0 1 )$ )，过去 3 个月偏头痛的平均天数也显著减少 $P =$ 0.001) [111]。近期的一项单中心安慰剂对照双盲 RCT研究对纳入的 40 例 VM 病人进行 1:1 随机分配，显示加卡奈珠单抗治疗 VM 3 个月后，VM 病人VM-PATHI 及 DHI 评分减少的分值明显多于安慰剂对照组，每月头晕天数从 $( 1 7 . 9 \pm 7 . 9 ) $ 天减少到$( 6 . 6 \pm 7 . 3 )$ 天，明显优于安慰剂组，后者每月头晕天数从 $( 1 8 . 0 \pm 7 . 6 ) $ 天减少到 $( 1 2 . 5 \pm 1 1 . 2 ) $ 天 [112]。虽然CGRP 受体拮抗剂瑞美吉泮和阿托吉泮已成为偏头痛的预防性治疗选择 [76]，但目前尚缺少临床研究证据支持其用于治疗 VM。因此，评估吉泮类药物对VM 的疗效与安全性是未来的一个重要研究方向。一项近期发表的前瞻性自身对照研究为瑞美吉泮预防治疗 VM 提供了新的证据。该研究显示，采用瑞美吉泮 $7 5 ~ \mathrm { m g }$ 隔日 1 次预防治疗 4 周，能显著降低每月前庭症状天数（-8.48天）和头痛天数（-5.88天）， $50 \%$ 应答率分别达 $6 3 . 6 \%$ 和 $7 0 . 4 \%$ ，且疗效在 2 周时即可显现，同时还能显著改善 DHI 评分及焦虑抑郁症状[113]。",3127,['中国前庭性偏头痛诊治指南（2026版）_1773147372'],"['ee08258f-7327-46f1-9459-c1bbd95e644d'
 '2d369837-9fd2-4cd4-bc6e-c6ec00c7de94'
 'bc837053-52fd-4f31-957c-524663285995'
 '205033e7-ce21-4198-898a-f0b7413c4cde'
 'cd70c412-3d4d-4191-9ae7-d932e0a6a20a'
 '14ba2b08-777f-481a-90a4-26a983a7faf2'
 '4dfa20f3-b6e7-4a28-af18-7efd3b407b66'
 '04566857-388a-425f-a025-8ee6aaf0017e'
 '7cdc4baf-1688-4b5c-bf35-7db16295d1e2'
 '545da2a4-1bb8-4191-9eb9-6c1e2306dd98'
 'f8bca620-6c35-47f5-8315-792dc1e86a9f'
 '4a8aea04-eb46-4b95-8a33-d02d39a09eda'
 'fd532f91-580a-401c-b6bb-2dffd3df3207'
 'f254997e-2e24-4ddb-ada2-d67f15fc28ae'
 '3a4d3391-a9df-4486-9ddb-956db27597a9'
 '8bf31f1e-6f6d-4997-bdfe-6eca11ea7e34'
 'b6d21178-722d-4ac3-80a1-f06dbee1d9f7'
 '26a8fe48-4391-4f4d-847b-29de1280b785'
 '2d9b62e5-dc57-4326-ac0e-bb99fba19cb2']","['db46aac1-5021-4519-a9e0-c4a85c0997ed'
 'bac7755c-8b79-4d81-8485-3f20719c86dd'
 '631a3e58-9ff6-4c20-a525-78f44c6daae6'
 '4caf9e70-98b9-4ee4-9f49-8ea94d896ae3'
 '745a64ac-a024-4550-859a-1c16d1d6f6c4'
 '1fbcc78b-260a-449d-95e4-58b8281d33b6'
 '6548987b-9163-453c-b779-ec7729d959fe'
 '4f0204a4-7197-40d9-a708-6a1f0faf26d2'
 'db1b6047-5088-4a7b-b18f-0d887f555403'
 '90a30d1a-ea9b-4fb7-824a-35456f796aeb'
 '648ca632-4ef5-4482-aa31-eca62c321a4c'
 'bee20a5e-7568-4e55-8dd9-714bb331f3d7'
 'bf8390d8-4754-41f8-919c-29550c5add85'
 'b2f5c35c-d88e-452d-ae34-f2061a3e35b8']",[]
b702dc97591d4fd99e393160ffd9d400dae11ce24461a052ca46b18e565efb9d5c4899a4d3910ff3805503f5ec2f7cfb4c0d882b0fb4ad65273b9abe5b9d8ab3,237,"METADATA:
{
  ""parent_headings"": [
    ""# 3. 预防性药物治疗""
  ]
}

CONTENT:
推荐意见 7：VM 的预防性药物治疗参考偏头痛预防用药，结合病人发病频率、共病情况、个人偏好等选用药物。常用的药物包括钙离子拮抗剂（氟桂利嗪）、抗癫痫药物（托吡酯、丙戊酸钠等）、$\beta$ 受体阻滞剂（普萘洛尔、美托洛尔）、抗抑郁药物（阿米替林、文拉法辛）、肉毒素、CGRP 单克隆抗体、CGRP 受体拮抗剂等(2C)。",216,['中国前庭性偏头痛诊治指南（2026版）_1773147372'],"['c5f6d5c9-f8eb-4880-9972-3bb50f919e50'
 'bc837053-52fd-4f31-957c-524663285995'
 '205033e7-ce21-4198-898a-f0b7413c4cde'
 'cd70c412-3d4d-4191-9ae7-d932e0a6a20a'
 '14ba2b08-777f-481a-90a4-26a983a7faf2'
 '4dfa20f3-b6e7-4a28-af18-7efd3b407b66'
 '9d3c2661-1151-4a6f-a939-fe48b78e4c34'
 '2f59e73c-58e9-46d1-9107-f12cdc428410'
 '04566857-388a-425f-a025-8ee6aaf0017e'
 '156c9098-3ec1-4d85-8eb9-709a533cb410'
 'c509df1a-423a-4663-b945-98f74cb899f9'
 'fd532f91-580a-401c-b6bb-2dffd3df3207'
 '70fc8486-dc74-4a3a-abe5-91b77db649e6'
 '8bf31f1e-6f6d-4997-bdfe-6eca11ea7e34'
 'ccb4b4c6-7044-4be0-ae9d-8ef62ff343a9'
 '866ef12d-6cd3-458b-9f1f-53aa0ca7fe2b'
 'b76fa07f-fadb-4fa1-9dd0-b4bdd33a0bc4']","['db46aac1-5021-4519-a9e0-c4a85c0997ed'
 'bac7755c-8b79-4d81-8485-3f20719c86dd'
 'c861e158-c833-487d-8567-417c62138059'
 'eb45d1a1-f5ba-4c2e-bb59-28b7e99e47ac'
 '862e0056-d978-4a55-9da7-42e072f5d222'
 'efeb0398-dc4d-4fa6-9b90-4e340b839825'
 'c0a9f862-c88e-4e72-a661-9e531a946504'
 '70c104e3-8c26-4954-bcf5-55aaefee0859'
 '566da769-9381-4ab4-a569-862b5fed8eab'
 '0dcd2526-7c90-4cf5-87b4-703baec0970c']",[]
85513047f5f71067405b195c6b5f7f29fe742540d9ea4ad1fefd96fbbb7a380cabb938ac7d16efa9458979eed6df83eb7e5a690b14eabe5b860d4d101c763a99,238,"METADATA:
{
  ""parent_headings"": [
    ""# 4. 预防性非药物治疗""
  ]
}

CONTENT:
（1）生活方式调整：一项前瞻性研究观察了28例VM 病人在未使用药物治疗的情况下，仅通过生活方式的调整进行治疗60天后的疗效。研究显示，约 $3 9 \%$ 的病人眩晕功能障碍显著减轻，而 $1 8 \%$ 的病人头痛症状有所改善。具体的生活方式调整包括改善睡眠质量、规律运动、按固定时间进食、避免已知的饮食触发因素。其中，改善睡眠质量对症状的改善作用最为显著 [114]。  
（2）前庭康复锻炼：前庭康复是一种物理治疗形式，旨在改善平衡问题。最新 Cochrane 荟萃分析纳入一项涉及 40 例 VM 病人的 RCT 研究（只公布数据，未正式发表），随访 $3 { \sim } 6$ 个月，与对照组相比，前庭康复锻炼治疗未能显著减少眩晕发作频率 [72]。该研究失访率高，试验方案为补注册，存在选择性

报告风险，影响了研究的可靠性。一项涉及 74 例VM 病人的前瞻性病例系列研究表明，经过 8 周的前庭康复锻炼，病人的平衡和步态显著改善，同时DHI 得分也得到了改善，该指数评估了眩晕病人的身体、功能和情感障碍 [115]。一项涉及 30 例 VM 病人的研究，给予为期1.5 个月，共计 18 次的前庭康复治疗，治疗后病人的平衡功能（主观和客观）均有显著提升，同时头痛发作频率也明显降低 [116]。一项为期 9 周的非随机对照前庭康复治疗研究，比较了 20 例 VM 病人与 16 例非偏头痛性前庭功能障碍病人的疗效，研究结果发现，虽然 VM 病人在治疗初期的主观症状较重，但 9 周疗程的治疗后，两组病人改善程度相同[117]。

（3）认知行为治疗 (cognitive behavioral therapy,CBT)：最新 Cochrane 荟萃分析纳入了一项涉及 61例 VM 病人的 RCT 研究，评估了 CBT 对改善 VSS评分的效果[72]。研究随访期为8周，结果显示CBT与未干预组在改善 VSS 评分上差异无统计学意义。该研究的局限性包括样本量较小、高失访率，以及由于 CBT 的性质难以实现盲法，这些都可能影响研究结果的可靠性和有效性。",995,['中国前庭性偏头痛诊治指南（2026版）_1773147372'],"['6c192321-e932-4836-b449-f8716716695b'
 'dc28fb86-b7a7-45fd-87c1-38a4332ca991'
 'f7afeb90-29e5-4f8f-adf9-8b482f4438a8'
 'c149eb3f-5bba-4c80-99cd-a6bc817cedad'
 '15d9e6ce-5e86-41d7-998c-24a3aa221bd9']","['baa64f33-bf85-4a99-99d1-6549836843ae'
 '11dc4b8b-cacd-4c6d-a1f7-b743b52a1584'
 '82ea5a75-50d8-4a6e-829a-b972ed76dc36'
 'ec566111-8c8f-492b-a2fe-4b5f6f424669'
 '11e3c04d-7593-4994-a35a-a06cc625eb6c'
 '30704dcf-72c8-4356-8447-6484c3b4f611']",[]
3ee8eb816fe9ae302cda19230b3f6dbcdd92fca75889f2dce397a3dc074855f9b4445eadb26b0d75b74acd64439770c1a963ac9a20a12379fb078588ea3288f6,239,"METADATA:
{
  ""parent_headings"": [
    ""# 5. 其他治疗方式""
  ]
}

CONTENT:
包括营养素补充[118]、益生菌[119]、抗阻训练[120]、中药[121]、针灸治疗[122] 等，由于均为单个病例系列、队列或极低质量RCT研究，难以形成推荐意见。

推荐意见 8：对不适合药物治疗的病人，可采用非药物治疗，如生活方式调整、前庭康复锻炼、CBT、营养素补充、中药、针灸等 (2D)。",186,['中国前庭性偏头痛诊治指南（2026版）_1773147372'],"['8b0a0624-8a9e-4bee-8b84-fe837d7575d8'
 '1d3d5508-4d60-43f1-b202-1803126b653d'
 'f7afeb90-29e5-4f8f-adf9-8b482f4438a8'
 'f0789456-1348-4e72-8e56-9fe323cb4db2'
 'c149eb3f-5bba-4c80-99cd-a6bc817cedad'
 '63af0123-a6f4-4b98-b84b-c9e685b66315'
 '86334060-0332-4939-9cb2-5dc1af9f2fc2'
 'a19a5563-f5ea-4ce9-a98d-7483017434cb'
 '09daf496-ac94-48e5-a817-269952b3a22f'
 'abf75dbb-247c-4d89-a553-2099f7e9bcbc'
 '0ce75134-47c9-4866-8e40-d3172b3d8a06'
 'f69965e0-e018-404b-b4d3-9f52743044b5']","['6d4ea67a-7657-4a14-a271-bf3db795c73f'
 'e2395eb8-e762-40d5-b081-fefc4c514748'
 'acc628f6-48d2-4ed5-90e0-c68de361c478'
 '983cefaf-5fc5-425b-b323-b7aa9e83925c'
 'cda3af35-9962-40a2-bd5d-4872734a84d3'
 '1608dd71-2f67-46fb-95c6-0e3ced4e4011'
 'bb92af93-15be-41f4-890c-739e254edcf8'
 '0b7198b9-098b-41da-b28a-6a8c7bbb7e42']",[]
ac816b54ac70f1e2697a0fc2cc646c6a9319c8b2da14228b3ac6b76a0dd992ee5c7cee7e7986e8ab08a9d457617b74a833be81924604ec8d1c29d35b02f46926,240,"METADATA:
{
  ""parent_headings"": [
    ""# （四）特殊人群VM的治疗""
  ]
}

CONTENT:
儿童、孕妇、哺乳期的治疗缺乏临床研究证据，大多参照偏头痛治疗方案和特殊人群用药注意事项 [76,83]。儿童 VMC 急性发作首先推荐非药物治疗（如卧床休息等），若无效可选用对乙酰氨基酚、布洛芬、曲普坦类药物 [83]。一项小样本回顾性研究显示，曲普坦类药物对 $70 \%$ 的 VMC 病人急性发作有效，阿米替林、托吡酯作为预防治疗对 $80 \%$ 以上的 VMC 病人有效 [123]。普萘洛尔、辅酶 Q10 也可用于儿童偏头痛的预防治疗 [124]，但 VMC 无相关研究报道。孕期、哺乳期尽量选用非药物治疗，急性发作可选的药物有对乙酰氨基酚、舒马曲普坦，预防药物可选择低剂量普萘洛尔，孕期合并焦虑时可选用二线药物阿米替林，哺乳期用阿米替林对婴儿有镇静作用，仅在普萘洛尔无效时可选择[76]。",447,['中国前庭性偏头痛诊治指南（2026版）_1773147372'],"['c5f6d5c9-f8eb-4880-9972-3bb50f919e50'
 '205033e7-ce21-4198-898a-f0b7413c4cde'
 '4dfa20f3-b6e7-4a28-af18-7efd3b407b66'
 '04566857-388a-425f-a025-8ee6aaf0017e'
 '1327d89e-633b-4bf1-90a9-6f8fb2d785c2'
 'e2b51cdc-bb66-4388-80c7-2c503528ad2f'
 '52a27b22-b7b4-4966-9cd2-52c9e357f1f4'
 '672b065c-f3ef-4bf7-a1d6-bd58bf3cc96b'
 '3efe2d3a-2157-45e2-ae76-81ce36620af4'
 '68ac7742-856d-4faa-ae85-23f8b31ca4cf'
 'b799d1f9-e0b7-4ffd-9462-dec291fc6198'
 '9ea73ba9-3e8e-425b-9986-87389c74cee3'
 '32d89c00-f17b-4815-960e-8373d57155ca'
 '24db7462-306e-46c4-a034-bd89b6e38317'
 'e3a0a517-950d-4af9-9c51-0991c3027a87'
 '065388b8-1d44-4fe5-9239-12b847f3cd67'
 'e73d180a-9907-48c8-8303-3de60b6d9e6d'
 'ad8609db-996d-4337-bf27-8299e6575135'
 'd96e68c1-6302-40f9-9eab-c30ce0c67394'
 '1f856425-640b-4804-8b6a-02ce34d5b56c'
 '5e216e42-ca86-414e-9c93-72c98b14dfd4'
 'eb49c641-a6bd-472f-9f94-a9100595d585']","['f098ba0e-26aa-41d8-986b-8deb60b36f50'
 '2fdb0337-ab44-479f-b983-e0c0ba9e0a3f'
 'a03ae0c6-6d20-4a34-8de8-db5740fb1bff'
 '8d6862b4-cbc9-4839-8731-3042ccd3b05d'
 'aaed427e-1751-4b77-b987-97bacb907f1e'
 '9d909389-5d65-4e56-8ea7-949d7213a4ed'
 'c61b27c0-6f69-42b5-bc13-349da5eb2d27'
 '45fb2aa8-6a46-40dd-a108-a23f99ff55b2'
 'c143777c-902b-42d3-8e82-81c16efb5b4d'
 'f0735aef-e4a5-4da0-b5e4-227635e18fe1'
 '6b74fe12-d99a-4f48-b169-d2fb3cf04534'
 'a463b722-583b-4b8a-849f-0cc9b9c9f408'
 'fb748849-b851-4a60-9919-fe1b0e3771a0'
 '0cf15bd3-091d-4cfb-ae86-1e669443bffd'
 '4c9ab777-8fa0-4f1f-8e5e-c7c1db94b949'
 '9a385214-2ec2-4bd6-9e10-965c344df5cc'
 '76f57278-6f4b-4253-bb01-c6d33e3b1b60']",[]
7550c181997ab8ff64b5459fa3cf8edbc6b1104394351e2f88ebd8ef645e8380153cb5f442a090028936bb1746a8218cc5368baf8600f1f910ee280c1ea68d17,241,"METADATA:
{
  ""parent_headings"": [
    ""# （五）CVM的治疗""
  ]
}

CONTENT:
CVM 病人在工作生活受影响程度及焦虑抑郁

症状方面往往较发作性 VM 病人更为显著 [45]。因此，对CVM病人应全面评估其慢性化的促进因素、共病的精神心理障碍及前庭功能损害情况。治疗目标包括将疾病从慢性状态转为发作性状态，减少发作频率与严重程度，改善焦虑、抑郁和睡眠障碍，促进前庭功能代偿与恢复，最终提高生活质量。一项回顾性研究显示，拉莫三嗪（每日 $1 0 0 ~ \mathrm { m g }$ ）治疗$3 \sim 4$ 个月后，VM 病人平均眩晕发作频率从每月18.1 次降至 5.4 次 [101]。一项单中心、安慰剂对照、双盲 RCT 研究表明，使用 CGRP 单克隆抗体加卡奈珠单抗治疗 3 个月后，VM 病人每月头晕天数从$( 1 7 . 9 \pm 7 . 9 ) $ 天减少至 $( 6 . 6 \pm 7 . 3 )$ 天 [112]，提示部分偏头痛预防性药物对 CVM 可能同样具有良好疗效。此外，BTX-A 和托吡酯是慢性偏头痛的 1 级推荐药物[76]。而丙戊酸钠、普萘洛尔、阿替洛尔、坎地沙坦、阿米替林等药物，以及 CBT、正念冥想、神经调控等非药物干预，对慢性偏头痛也有一定的临床证据支持 [125]。上述方法作为 CVM 的探索性治疗选择具有潜力，但其确切的疗效仍有待未来研究进一步明确。",652,['中国前庭性偏头痛诊治指南（2026版）_1773147372'],"['ee08258f-7327-46f1-9459-c1bbd95e644d'
 '2d369837-9fd2-4cd4-bc6e-c6ec00c7de94'
 '205033e7-ce21-4198-898a-f0b7413c4cde'
 '6a99b9a3-3396-4137-bfaf-fb0580b64626'
 'f1eb9799-f1a6-48ad-ac82-8c60f17c3892'
 '4dfa20f3-b6e7-4a28-af18-7efd3b407b66'
 '9d3c2661-1151-4a6f-a939-fe48b78e4c34'
 '04566857-388a-425f-a025-8ee6aaf0017e'
 '4a8aea04-eb46-4b95-8a33-d02d39a09eda'
 'ee2174ae-c13d-446d-b283-0466fb73394f'
 'c07c5853-c7a1-4527-b218-8bea033432e3'
 '09daf496-ac94-48e5-a817-269952b3a22f'
 '13e3d265-b183-4619-8ee6-6541d3460a65'
 'f4f7af9a-d129-4f39-bbd7-77a492d71c75'
 '43e0ecd2-f4d9-43a0-8bef-098d37bc254f'
 'fcd3a6cd-f458-4598-a8f4-1ea9bc61c6c4'
 '475a6a5a-425b-4a94-a6fc-c676f6d93ffc'
 '629324e2-a0b0-4ef3-94e7-2690d08eb56b']","['05c77fe8-c04a-459a-a300-fc69d41a3bb8'
 '1d81f585-38ca-4514-8d54-1db81bea98ed'
 'a01044cd-dcf1-481e-a93b-60730552ea9d'
 'e01c6ee5-edca-4115-b377-76f03d9a258c'
 'f8e32e5b-c101-4034-b850-2cdcc91d03f8'
 '6d45c519-5378-441a-8123-6b2aa51e4a2d'
 '75d0b2f4-1354-4243-b35f-900d0814be18'
 '582d0716-76c0-43ff-b146-38d7218c71f0'
 '93fb0913-74ee-4ffc-9327-1d9992ca2691'
 'd9250233-f030-4d38-9281-0357538f6f5b'
 'c161615f-1731-4240-a9ec-01366b63d772'
 '086dd777-6fa5-476b-9fe3-07fdb98760de'
 '86ec6ab1-e7a1-421f-a5cb-0a5be2790f9c'
 'f512baec-2d43-4088-b99f-a615ddabfc51']",[]
f119edc2c8b95b9f7596cb0cdb8eaa905d73bda1a2507e58603533a2bf7f41e027f1ccf9a1b71934b45700f81b40456ad64e6144bb887d9b0748f4805b584c18,242,"METADATA:
{
  ""parent_headings"": [
    ""# 六、总结""
  ]
}

CONTENT:
本指南基于近年来 VM 领域的最新研究证据，对既往专家共识进行全面更新，旨在为我国 VM 的临床诊疗提供规范化指导。VM 在临床实践中存在诊断认知不足与过度诊断并存的现象，需结合其疾病特点及诊疗进展形成规范化诊治体系，提高神经内科、耳鼻喉科、疼痛科及全科医师对该疾病的认识和临床管理能力。当前 VM 治疗策略主要借鉴偏头痛管理模式，部分急性期用药、预防性药物及非药物干预措施已显现初步疗效，但受限于现有研究证据等级较低，相关推荐强度相应受限。鉴于此，亟需开展大规模随机对照临床试验以建立循证医学证据体系，最终形成具有高级别证据支持的标准化治疗路径。

利益冲突声明：作者声明本文无利益冲突。

声明：本指南由中国医师协会神经内科医师分会头痛与感觉障碍学组、中国医药教育协会前庭医学专业委员会及中国研究型医院学会头痛与感觉障碍专业委员会共同制订。它基于循证医学的指导原则和最新的研究成果，结合了来自全国多家医院专家的意见，并邀请了多学科专家进行论证和最终审定。然而，指南中所包含的推荐意见并不代表中国医师协会神经内科医师分会头痛与感觉障碍学组、中国医药教育协会前庭医学专业委员会及中国研究型医院学会头痛与感觉障碍专业委员会所有成员和

专家的观点。此外，本版指南不可避免地存在一些不足之处，诚挚欢迎使用者提供宝贵的建议和意见，以便在下一版中进行改进。此外我们郑重声明，本指南中的观点不得用于商业推广和宣传。",743,['中国前庭性偏头痛诊治指南（2026版）_1773147372'],"['c5f6d5c9-f8eb-4880-9972-3bb50f919e50'
 '8bf31f1e-6f6d-4997-bdfe-6eca11ea7e34'
 'caf4bf25-058f-4e7d-9d35-a4363ade3500'
 'ec06c047-3449-4fee-bc38-8d4372d9d56a'
 'ba92d978-ad76-4f0c-9aaf-479d1e41f463'
 '595f4b2e-9814-4eb5-97c5-99fae3406ab5'
 'bcf87c9b-5d12-4b3a-a948-80198cdade2b']","['fe772936-0052-4a70-bafa-4b203954705c'
 'b8d96aab-c9a5-4a7b-b5f0-9efac0749896'
 '47eedfef-0c36-405e-a8de-5c41837df126'
 'f56e0804-04e3-4bd2-9dd9-7a97d61d61ff'
 '15c88be9-d7d8-4e15-aea2-0f313543a93c'
 'd9c4b833-28f7-418a-b76f-3b3e8486a151'
 'ada49aec-210d-4346-a159-253075bb5fd9'
 '4285bd3d-2362-4cc9-8b43-3bce93ad054f']",[]
79ac3037538363f6ff0b5394f184a2fc32ef3261df57c7f95f7b45ee21c9fc4abb09646a481386de5e49e03f57ca4204c7d81ac1e832818df9a966de3e83c80a,243,"METADATA:
{
  ""parent_headings"": [
    ""# 《中国前庭性偏头痛诊治指南 (2026)》讨论和编写组成员（按姓氏笔画排序）：""
  ]
}

CONTENT:
于生元（中国人民解放军总医院第一医学中心神经内科医学部）、于立民（哈尔滨医科大学附属第二医院耳鼻喉头颈外科）、于刚（山东第一医科大学附属省立医院眩晕诊疗中心）、于挺敏（吉林大学第二医院神经内科）、万东君（中国人民解放军联勤保障部队第 940 医院神经内科）、万琪（江苏省人民医院神经内科）、马璟曦（重庆市人民医院神经内科）、王天琳（中国人民解放军总医院医疗保障中心药剂科）、王利一（北京医院耳鼻咽喉科）、王武庆（复旦大学附属眼耳鼻喉科医院耳内镜外科）、王贺波（河北省人民医院神经内科）、王哲（大连医科大学附属第一医院神经内科）、王海霞（福建省人民医院耳鼻喉科）、王盛书（中国人民解放军总医院第二医学中心老年医学研究所）、王谨（浙江大学医学院附属邵逸夫医院神经内科）、区永康（中山大学孙逸仙纪念医院耳鼻喉科眩晕专科）、邓文婷（中山大学孙逸仙纪念医院耳鼻喉科）、邓安春（陆军军医大学第二附属医院 ( 新桥医院 ) 耳鼻咽喉科）、田茜（临沂市人民医院神经内科）、左汶奇（重庆医科大学第一附属医院耳鼻咽喉科）、左世伦（陆军军医大学第二附属医院神经内科）、卢伟（郑州医科大学第一附属医院耳鼻咽喉头颈外科）、冉晔（中国人民解放军总医院第一医学中心神经内科医学部）、付蓉（贵州医科大学金阳医院神经内科）、冯泽国（解放军总医院第一医学中心疼痛科）、毕国荣（中国医科大学附属盛京医院神经内科）、江名芳（内蒙古医科大学附属医院神经内科）、曲红丽（厦门大学附属第一医院神经内科）、伍伟景（中南大学湘雅二院耳鼻咽喉头颈外科）、任丽丽（中国人民解放军总医院第一医学中心耳鼻咽喉头颈外科）、孙新刚（山西医科大学第二医院神经内科）、庄建华（海军军医大学附属长征医院神经内科）、刘兴健（中国人民解放军总医院第一医学中心耳鼻咽喉头颈外科）、刘红星（南京脑科医院神经内科）、刘若卓（中国人民解放军总医院第一医学中心神经内科医学部）、刘波（华中科技大学同济医学院附属协和医院耳鼻咽喉头颈外科）、刘恺鸣（浙江大学医学院附属第

二医院神经内科）、刘洋（齐齐哈尔医学院附属第二医院神经内科）、刘振国（上海交通大学医学院附属新华医院神经内科）、刘博（首都医科大学附属北京同仁医院耳鼻咽喉头颈外科）、刘鹏（陕西省人民医院神经内科）、安星凯（厦门大学附属第一医院神经内科）、汤勇（长春中医药大学临床医学院）、李自如（内蒙古自治区人民医院神经内科）、李红燕（新疆自治区人民医院神经内科）、李现亮（广州医科大学附属第二医院神经内科）、李明欣（山东大学齐鲁医院神经内科）、李丽 ( 天津市环湖医院神经内科 )、李焰生（上海交通大学附属仁济医院神经内科）、杨晓苏（中南大学湘雅医院神经内科）、杨嘉君（上海市第六人民医院神经内科）、连亚军（郑州大学第一附属医院神经内科）、肖力（陆军军医大学第一附属医院 ( 西南医院 ) 神经内科）、肖哲曼（武汉大学人民医院神经内科）、吴子明（中国人民解放军总医院第一医学中心耳鼻咽喉头颈外科）、何秋（辽宁省人民医院神经内科）、何俐（四川大学华西医院神经内科）、何绵旺（中国人民解放军总医院第一医学中心神经内科医学部）、余能伟（四川医学科学院·四川省人民医院神经内科）、余锋（中国科学技术大学第一附属医院神经内科）、余志良（上海蓝十字脑科医院神经内科）、邹小冬（浙江省立同德医院神经内科）、谷文萍（中南大学湘雅医院神经内科）、冷杨名（华中科技大学同济医学院附属协和医院耳鼻咽喉头颈外科）、沈航（中国医学科学院北京协和医院神经内科）、张艺馨（重庆医科大学附属第一医院神经内科）、张庆奎（中国人民解放军总医院第一医学中心神经内科医学部）、张忠玲（哈尔滨医科大学附属第一医院神经内科）、张治丹（成都市龙泉驿区中医医院神经内科）、张祎（首都医科大学附属北京同仁医院耳鼻咽喉头颈外科）、张亮（青岛大学附属医院神经内科）、张洁（中南大学湘雅二医院神经内科）、张甦琳（华中科技大学同济医学院附属协和医院耳鼻咽喉头颈外科）、张玉虎（广东省人民医院神经内科）、陈小燕（中国人民解放军总医院第一医学中心神经内科医学部）、陈刚（山东第一医科大学附属省立医院眩晕诊疗中心）、陈莉（广西医科大学第一附属医院神经内科）、陈敏（郑州大学第一附属医院）、陈建勇（上海交通大学附属新华医院耳鼻咽喉头颈外科）、陈春富（山东第一医科大学省立医院神经内科）、陈玲（昆明医科大学第一附属医院神经内科）、陈颖（上海交通大学医学院附属第九人民医院耳鼻咽喉",2425,['中国前庭性偏头痛诊治指南（2026版）_1773147372'],"['b6d9badc-02c9-4738-89e9-ce02713c8982'
 '787f6fff-b177-455c-80b7-086dc633fdfa']","['d14d7ad7-f372-4231-911e-13e1791f9a70'
 '63c11849-088b-4e48-adce-6287911cc20e']",[]
bd0ec0cfbef4630011b2b7b7293abc2721bde66c4a92105fdc82b00221ece343a230a117c596477971c3d940d46bfa998e6612166791178e7e6e53050ff5dcfc,244,"METADATA:
{
  ""parent_headings"": [
    ""# 《中国前庭性偏头痛诊治指南 (2026)》讨论和编写组成员（按姓氏笔画排序）：""
  ]
}

CONTENT:
头颈外科）、陈曦（福建省人民医院耳鼻喉科）、苑振云（河北医科大学第一医院神经内科）、武力勇（首都医科大学宣武医院神经内科）、武剑（清华大学附属北京清华长庚医院神经内科）、范志亮（邢台市人民医院神经内科）、易洋（四川省人民医院·四川省精神医学中心眩晕中心）、罗国刚（西安交通大学医学院第一附属医院神经内科）、周志彬（三亚市人民医院神经内科）、周冀英（重庆医科大学附属第一医院神经内科）、郑虹（四川大学华西医院耳鼻咽喉头颈外科）、孟强（云南省第一人民医院神经内科）、赵永（西安市第三医院神经内科）、赵红玲（大连市中心医院神经内科）、赵雪柠（山东第一医科大学附属省立医院眩晕诊治中心）、胡冬梅（山东第一医科大学第二附属医院神经内科）、钟水生（广东三九脑科医院神经内科）、施天明（浙江省人民医院神经内科）、姜超（西安医学院第二附属医院神经内科）、姚源蓉（贵州省人民医院神经内科）、秦琼（云南省中医院耳鼻喉科）、袁俊亮（北京大学第六医院神经内科）、索利敏（山西医科大学第二医院耳鼻咽喉头颈外科）、贾宏博（中国人民解放军总医院空军特色医学中心）、顾萍（江苏省人民医院神经内科）、徐小林（天津市环湖医院神经内科）、徐琳琳（山东大学齐鲁第二医院神经内科）、徐隋意（山西医科大学第一医院神经内科）、徐鹏（济宁医学院附属医院神经内科）、高晓玉（烟台毓璜顶医院神经内科）、郭平（复旦大学附属眼耳鼻喉科医院耳鼻咽喉头颈外科）、郭淮莲（北京大学人民医院神经内科）、黄瑞（中国医科大学盛京医院神经内科）、梅利（西宁市第一人民医院全科医学科）、曹云刚（温州医科大学附属第二医院神经内科）、曹效平（浙江省中医院耳鼻咽喉科）、渠文生（华中科技大学同济医学院附属同济医院神经内科）、维古尔穆拉提·艾合坦木（乌鲁木齐市眼耳鼻喉医院耳鼻喉科）、彭璐（广西医科大学附属第二医院耳鼻咽喉头颈外科）、董钊（中国人民解放军总医院第一医学中心神经内科医学部）、董铭（吉林大学白求恩第一医院神经内科）、蒋子栋（中国医学科学院北京协和医院耳鼻喉科）、韩军良（空军军医大学西京医院神经内科）、童秋玲（温州医科大学附属第一医院神经内科）、蔡海燕（宁夏人民医院神经内科）、廖松洁（中山大学附属第一医院神经内科）、谭戈（重庆医科大学附属第一医院神经内科）、冀雅彬（南方医科大学南方医院神经内科）、戴晴晴（四川大学华西医院耳鼻咽喉头颈外科）、魏慧星

（福建医科大学附属第一医院神经内科）

秘书：张淑华

执笔人：陈小燕、董钊、张庆奎、张艺馨、何绵旺、赵赫、雷向宇

基金项目：国家重点研发计划 (2023YFC2508705)

通 信 作 者： 于 生 元 yusy1963@126.com； 吴 子 明zimingwu@126.com；董钊 dong_zhaozhao@126.com",1476,['中国前庭性偏头痛诊治指南（2026版）_1773147372'],"['dc28fb86-b7a7-45fd-87c1-38a4332ca991'
 'dfdb8631-6791-4e63-a64f-a84091e8926b']",['cb47fdab-b3fd-4489-9ba6-6cb6f6da1de2'],[]
0fafd9b55eb7b58b6e2a380b575c0bec92746116b83066650a24cfb7503fcd69d88f54f0fb593b1a722d84077abfbec53717a54c0b5770687997a98ee5e08c23,245,"METADATA:
{
  ""parent_headings"": [
    ""# 参  考  文  献""
  ]
}

CONTENT:
[1] Lempert T, von Brevern M. Vestibular migraine[J]. Neurol Clin, 2019, 37(4):695-706.   
[2] Formeister EJ, Rizk HG, Kohn MA, et al. The epidemiology of vestibular migraine: a population-based survey study[J]. Otol Neurotol, 2018, 39(8):1037-1044.   
[3] Cho SJ, Kim BK, Kim BS, et al. Vestibular migraine in multicenter neurology clinics according to the appendix criteria in the third beta edition of the International Classification of Headache Disorders[J]. Cephalalgia, 2016, 36(5):454-462.   
[4] Yollu U, Uluduz DU, Yilmaz M, et al. Vestibular migraine screening in a migraine-diagnosed patient population, and assessment of vestibulocochlear function[J]. Clin Otolaryngol, 2017, 42(2):225-233.   
[5] Zhang Y, Kong Q, Chen J, et al. International classification of headache disorders 3rd edition beta-based field testing of vestibular migraine in China: demographic, clinical characteristics, audiometric findings and diagnosis statues[J]. Cephalalgia, 2016, 36(3):240-248.   
[6] Huang TC, Wang SJ, Kheradmand A. Vestibular migraine: an update on current understanding and future directions[J]. Cephalalgia, 2020, 40(1):107-121.   
[7] Van Ombergen A, Van Rompaey V, Van de Heyning P, et al.Vestibular migraine in an otolaryngology clinic: prevalence, associated symptoms, and prophylactic medication effectiveness[J]. Otol Neurotol, 2015, 36(1): 133-138.   
[8] Tungvachirakul V, Lisnichuk H, O'Leary SJ. Epidemiology of vestibular vertigo in a neuro-otology clinic population in Thailand[J]. J Laryngol Otol, 2014, 128 Suppl 2:S31-S38.   
[9] 李斐 , 王兴国 , 庄建华 , 等 . 神经内科眩晕专病门诊病人病因初步分析 [J]. 中华医学杂志 , 2017,97(14):1054-1056.  
[10] Zhang Q, Du Y, Liu X, et al. Vestibular migraine and recurrent vertigo in children: a diagnostic focus from a tertiary hospital study[J]. Pediatr Neurol, 2024, 158:86-93.   
[11] Fancello V, Palma S, Monzani D, et al. Vertigo and dizziness in children: an update[J]. Children (Basel), 2021, 8(11):1025.

[12] van de Berg R, Widdershoven J, Bisdorff A, et al. Vestibular migraine of childhood and recurrent vertigo of childhood: diagnostic criteria consensus document of the committee for the classification of vestibular disorders of the bárány society and the international headache society[J]. J Vestib Res, 2021, 31(1):1-9.   
[13] Sohn JH. Recent advances in the understanding of vestibular migraine[J]. Behav Neurol, 2016, 2016: 1801845.   
[14] Vass Z, Dai CF, Steyger PS, et al. Co-localization of the vanilloid capsaicin receptor and substance P in sensory nerve fibers innervating cochlear and vertebro-basilar arteries[J]. Neuroscience, 2004, 124(4):919-927.   
[15] Ahn SK, Khalmuratova R, Jeon SY, et al. Colocalization of ${ 5 { \mathrm { - } } \mathrm { H T } _ { \mathrm { 1 F } } }$ receptor and calcitonin gene-related peptide in rat vestibular nuclei[J]. Neurosci Lett, 2009, 465(2): 151-156.   
[16] Li P, Gu H, Xu J, et al. Purkinje cells of vestibulocerebellum play an important role in acute vestibular migraine[J]. J Integr Neurosci, 2019, 18(4):409-414.   
[17] Lee H, Sininger L, Jen JC, et al. Association of progesterone receptor with migraine-associated vertigo[J]. Neurogenetics, 2007, 8(3):195-200.   
[18] Bahmad F, Jr, DePalma SR, Merchant SN, et al. Locus for familial migrainous vertigo disease maps to chromosome 5q35[J]. Ann Otol Rhinol Laryngol, 2009, 118(9):670-676.   
[19] Wu X, Qiu F, Wang Z, et al. Correlation of $5 { \mathrm { - H T } } _ { \mathrm { R 6 } }$ gene polymorphism with vestibular migraine[J]. J Clin Lab Anal, 2020, 34(2):e23042.   
[20] Cutrer FM, Baloh RW. Migraine-associated dizziness[J]. Headache, 1992, 32(6):300-304.   
[21] Du J, Liu Y, Zhu W. The altered functional status in vestibular migraine: a meta-analysis[J]. Brain Behav, 2024, 14(6):e3591.   
[22] Chen W, Zhao H, Feng Q, et al. Disrupted gray matter connectome in vestibular migraine: a combined machine learning and individual-level morphological brain network analysis[J]. J Headache Pain, 2024, 25(1):177.   
[23] Benemei S, Dussor G. TRP channels and migraine: recent developments and new therapeutic opportunities[J]. Pharmaceuticals (Basel), 2019, 12(2):54.   
[24] Cass SP, Furman JM, Ankerstjerne K, et al. Migrainerelated vestibulopathy[J]. Ann Otol Rhinol Laryngol, 1997, 106(3):182-189.   
[25] Hain T, Cherchi M. Migraine-associated vertigo[J]. Adv Otorhinolaryngol, 2019, 82:119-126.   
[26] Neuhauser H, Leopold M, von Brevern M, et al. The interrelations of migraine, vertigo, and migrainous vertigo[J]. Neurology, 2001, 56(4):436-441.   
[27] Dieterich M, Brandt T. Episodic vertigo related to migraine (90 cases): vestibular migraine?[J]. J Neurol, 1999, 246(10):883-892.

[28] Lempert T, Olesen J, Furman J, et al. Vestibular migraine: diagnostic criteria[J]. J Vestib Res, 2012, 22(4):167-172.   
[29] Headache Classification Committee of the International Headache Society (IHS) The International Classification of Headache Disorders, 3rd edition[J]. Cephalalgia, 2018, 38(1):1-211.   
[30] 中国医师协会神经内科医师分会疼痛和感觉障碍学组 , 中国医药教育协会眩晕专业委员会 , 中国研究型医院学会头痛与感觉障碍专业委员会 . 前庭性偏头痛诊治专家共识 (2018)[J]. 中国疼痛医学杂志 ,2018, 24(7):481-488.  
[31] Balshem H, Helfand M, Schünemann HJ, et al. GRADE guidelines: 3. Rating the quality of evidence[J]. J Clin Epidemiol, 2011, 64(4):401-406.   
[32] Teggi R, Colombo B, Albera R, et al. Clinical features, familial history, and migraine precursors in patients with definite vestibular migraine: the VM-phenotypes projects[J]. Headache, 2018, 58(4):534-544.   
[33] Beh SC, Masrour S, Smith SV, et al. The spectrum of vestibular migraine: clinical features, triggers, and examination findings[J]. Headache, 2019, 59(5):727-740.   
[34] Power L, Shute W, McOwan B, et al. Clinical characteristics and treatment choice in vestibular migraine[J]. J Clin Neurosci, 2018, 52:50-53.   
[35] Vuralli D, Yildirim F, Akcali DT, et al. Visual and postural motion-evoked dizziness symptoms are predominant in vestibular migraine patients[J]. Pain Med, 2018, 19(1):178-183.   
[36] Young AS, Nham B, Bradshaw AP, et al. Clinical, oculographic, and vestibular test characteristics of vestibular migraine[J]. Cephalalgia, 2021, 41(10):1039-1052.   
[37] Çelebisoy N, Kısabay Ak A, Özdemir HN, et al. Vestibular migraine, demographic and clinical features of 415 patients: a multicenter study[J]. Clin Neurol Neurosurg, 2022, 215:107201.   
[38] Yan M, Guo X, Liu W, et al. Temporal patterns of vertigo and migraine in vestibular migraine[J]. Front Neurosci, 2020, 14:341.   
[39] Bisdorff A, Von Brevern M, Lempert T, et al. Classification of vestibular symptoms: towards an international classification of vestibular disorders[J]. J Vestib Res, 2009, 19(1-2):1-13.   
[40] Lempert T, Olesen J, Furman J, et al . Vestibular migraine: diagnostic criteria1[J]. J Vestib Res, 2022, 32(1):1-6.   
[41] Radtke A, von Brevern M, Neuhauser H, et al . Vestibular migraine: long-term follow-up of clinical symptoms and vestibulo-cochlear findings[J]. Neurology, 2012, 79(15):1607-1614.   
[42] Lampl C, Rapoport A, Levin M, et al . Migraine and episodic vertigo: a cohort survey study of their relationship[J]. J Headache Pain, 2019, 20(1):33.",2457,['中国前庭性偏头痛诊治指南（2026版）_1773147372'],"['c5f6d5c9-f8eb-4880-9972-3bb50f919e50'
 '2d369837-9fd2-4cd4-bc6e-c6ec00c7de94'
 '14ba2b08-777f-481a-90a4-26a983a7faf2'
 '4dfa20f3-b6e7-4a28-af18-7efd3b407b66'
 '9d3c2661-1151-4a6f-a939-fe48b78e4c34'
 '8fec9e94-e0e9-4c89-877f-ccbe997a65c0'
 'de47c0c9-473a-44ea-8d31-73a8c89b74f7'
 '4790ac3e-dfed-42eb-8924-305202387a12'
 'dc28fb86-b7a7-45fd-87c1-38a4332ca991'
 '68ac7742-856d-4faa-ae85-23f8b31ca4cf'
 'df0048ab-0877-431b-96b8-ad1295707f29'
 '1309a2ab-0fbd-49d7-aac3-af3db267f76a']","['edce154c-738a-407d-a4b3-1573c8d9556e'
 'f1726677-c9d6-4619-bb15-4bb03e2830a1'
 'bf428f49-545e-4658-bb42-a9c8904222b1'
 '1e79ecde-0dab-4d7f-88b9-992b81835333']",[]
bfad7cb80612a979706bc5c077780f25ccccf3bf53dd263029107f1a6f54e815903ad1a1f128aadb0c9fbaf3e877cac08d057af5995c321f9ec6c6d8df22f726,246,"METADATA:
{
  ""parent_headings"": [
    ""# 参  考  文  献""
  ]
}

CONTENT:
[43] Çelebisoy N, Ak AK, Ataç C, et al. Comparison of clinical features in patients with vestibular migraine and migraine[J]. J Neurol, 2023, 270(7):3567-3573.   
[44] Uijttewaal MC, van Leeuwen RB, Colijn C, et al. Course of duration and trigger factors of vertigo attacks in patients with benign recurrent vertigo, Menière's disease, or vestibular migraine[J]. Audiol Neurootol, 2024, 29(1):49-59.   
[45] Chae R, Krauter R, Pasquesi LL, et al. Broadening vestibular migraine diagnostic criteria: a prospective cohort study on vestibular migraine subtypes[J]. J Vestib Res, 2022, 32(5):453-463.   
[46] Özçelik P, Koçoğlu K, Öztürk V, et al. Characteristic differences between vestibular migraine and migraine only patients[J]. J Neurol, 2022, 269(1):336-341.   
[47] Kutay Ö, Akdal G, Keskinoğlu P, et al. Vestibular migraine patients are more anxious than migraine patients without vestibular symptoms[J]. J Neurol, 2017, 264(Suppl 1):37-41.   
[48] Zhang L, Chen QH, Lin JH, et al. Research on the relationship between vestibular migraine with/without cognitive impairment and brainstem auditory evoked potential[J]. Front Neurol, 2020, 11:159.   
[49] Tarnutzer AA, Kaski D. What's in a Name? Chronic vestibular migraine or persistent postural perceptual dizziness?[J]. Brain Sci, 2023, 13(12)1692.   
[50] L e e S H , K i m J H , K w o n Y S , et al. R i s k o f vestibulocochlear disorders in patients with migraine or non-migraine headache[J]. J Pers Med, 2021, 11(12)1331.   
[51] Ma YM, Zhang DP, Zhang HL, et al. Why is vestibular migraine associated with many comorbidities?[J]. J Neurol, 2024, 271(12):7422-7433.   
[52] von Brevern M, Zeise D, Neuhauser H, et al. Acute migrainous vertigo: clinical and oculographic findings[J]. Brain, 2005, 128(Pt 2):365-374.   
[53] Neugebauer H, Adrion C, Glaser M, et al. Long-term changes of central ocular motor signs in patients with vestibular migraine[J]. Eur Neurol, 2013, 69(2):102-107.   
[54] Teggi R, Colombo B, Bernasconi L, et al. Migrainous vertigo: results of caloric testing and stabilometric findings[J]. Headache, 2009, 49(3):435-444.   
[55] Celebisoy N, Gökçay F, Sirin H, et al. Migrainous vertigo: clinical, oculographic and posturographic findings[J]. Cephalalgia, 2008, 28(1):72-77.   
[56] Lewis RF, Priesol AJ, Nicoucar K, et al. Dynamic tilt thresholds are reduced in vestibular migraine[J]. J Vestib Res, 2011, 21(6):323-330.   
[57] Foster CA, Pollard CK. Comparison of caloric reactivity between migraineurs and non-migraineurs[J]. J Laryngol Otol, 2015, 129(10):960-963.   
[58] Seemungal B, Rudge P, Davies R, et al. Three patients with migraine following caloric-induced vestibular

stimulation[J]. J Neurol, 2006, 253(8):1000-1001.   
[59] Zhang W, Cheng Z, Fu F, et al. Prevalence and clinical characteristics of white matter hyperintensities in migraine: a meta-analysis[J]. Neuroimage Clin, 2023, 37: 103312.   
[60] Headache Classification Committee of the International Headache Society (IHS). The International Classification of Headache Disorders, 3rd edition (beta version)[J]. Cephalalgia, 2013, 33(9): 629-808.   
[61] 中华耳鼻咽喉头颈外科杂志编辑委员会，中华医学会耳鼻咽喉头颈外科学分会 . 梅尼埃病诊断和治疗指南 (2017)[J]. 中华耳鼻咽喉头颈外科杂志 , 2017,52(3):106-172.  
[62] Eliezer M, Toupet M, Housset J, et al. Recurrent vestibulopathy: are cVEMP, oVEMP and inner ear MRI useful to distinguish patients with Menière's disease and vestibular migraine?[J]. Eur Arch Otorhinolaryngol, 2022, 279(2):713-721.   
[63] Murdin L, Davies RA, Bronstein AM. Vertigo as a migraine trigger[J]. Neurology, 2009, 73(8):638-642.   
[64] Chen JY, Guo ZQ, Wang J, et al. Vestibular migraine or Meniere's disease: a diagnostic dilemma[J]. J Neurol, 2023, 270(4):1955-1968.   
[65] Pan Q, Zhang Y, Zhang S, et al. Clinical features and outcomes of benign recurrent vertigo: a longitudinal study[J]. Acta Neurol Scand, 2020, 141(5):374-379.   
[66] von Brevern M, Bertholon P, Brandt T, et al. Benign paroxysmal positional vertigo: diagnostic criteria[J]. J Vestib Res, 2015, 25(3-4):105-117.   
[67] Mahrous MM. Vestibular migraine and benign paroxysmal positional vertigo, close presentation dilemma[J]. Acta Otolaryngol, 2020, 140(9):741-744.   
[68] Tian E, Li F, Liu D, et al. Dispelling mist that obscures positional vertigo in vestibular migraine[J]. Brain Sci, 2023, 13(10):1487.   
[69] Cha YH, Golding JF, Keshavarz B, et al. Motion sickness diagnostic criteria: consensus document of the classification committee of the bárány society[J]. J Vestib Res, 2021, 31(5):327-344.   
[70] Hassan A. Episodic ataxias: primary and secondary etiologies, treatment, and classification approaches[J]. Tremor Other Hyperkinet Mov (N Y), 2023, 13:9.   
[71] Staab JP, Eckhardt-Henn A, Horii A, et al. Diagnostic criteria for persistent postural-perceptual dizziness (PPPD): consensus document of the committee for the Classification of Vestibular Disorders of the Bárány Society[J]. J Vestib Res, 2017, 27(4):191-208.   
[72] Webster KE, Dor A, Galbraith K, et al. Non-pharmacological interventions for prophylaxis of vestibular migraine[J]. Cochrane Database Syst Rev, 2023, 4(4): CD015321.   
[73] Webster KE, Dor A, Galbraith K, et al. Pharmacological

interventions for acute attacks of vestibular migraine[J]. Cochrane Database Syst Rev, 2023, 4(4):CD015322.   
[74] Webster K, Dor A, Galbraith K, et al. Pharmacological interventions for prophylaxis of vestibular migraine[J]. Cochrane Database Syst Rev, 2023, 2023(4):CD015187.   
[75] 中国医师协会神经内科医师分会 , 中国研究型医院学会头痛与感觉障碍专业委员会 . 中国偏头痛诊治 指 南（2022 版）[J]. 中 国 疼 痛 医 学 杂 志 , 2022,28(12):881-898.  
[76] Byun YJ, Levy DA, Nguyen SA, et al. Treatment of vestibular migraine: a systematic review and metaanalysis[J]. Laryngoscope, 2021,131(1):186-194.   
[77] Hunter BR, Wang AZ, Bucca AW, et al. Efficacy of benzodiazepines or antihistamines for patients with acute vertigo: a systematic review and meta-analysis[J]. JAMA Neurol, 2022, 79(9):846-855.   
[78] Neuhauser H, Radtke A, von Brevern M, et al. Zolmitriptan for treatment of migrainous vertigo: a pilot randomized placebo-controlled trial[J]. Neurology, 2003, 60(5):882-883.   
[79] Staab JP, Eggers SDZ, Jen JC, et al. Rizatriptan vs placebo for attacks of vestibular migraine: a randomized clinical trial[J]. JAMA Neurol, 2025, 82(7):676-686.   
[80] Furman JM, Marcus DA, Balaban CD. Rizatriptan reduces vestibular-induced motion sickness in migraineurs[J]. J Headache Pain, 2011, 12(1):81-88.   
[81] Cassano D, Pizza V, Busillo V. P074. Almotriptan in the acute treatment of Vestibular migraine: a retrospective study[J]. J Headache Pain, 2015, 16(Suppl 1):A114.   
[82] Bikhazi P, Jackson C, Ruckenstein MJ. Efficacy of antimigrainous therapy in the treatment of migraineassociated dizziness[J]. Am J Otol, 1997, 18(3):350-354.   
[83] 中国医师协会神经内科医师分会 , 中国研究型医院学会头痛与感觉障碍专业委员会 . 中国偏头痛急性期治疗指南（第一版）[J]. 中国疼痛医学杂志, 2024,30(10):721-734.  
[84] Yu S, Kim BK, Guo A, et al. Safety and efficacy of rimegepant orally disintegrating tablet for the acute treatment of migraine in China and South Korea: a phase 3, double-blind, randomised, placebo-controlled trial[J]. Lancet Neurol, 2023, 22(6):476-484.   
[85] Croop R, Goadsby PJ, Stock DA, et al. Efficacy, safety, and tolerability of rimegepant orally disintegrating tablet for the acute treatment of migraine: a randomised, phase 3, double-blind, placebo-controlled trial[J]. Lancet, 2019, 394(10200):737-745.   
[86] Tian R, Zhang Y, Pan Q, et al. Calcitonin gene-related peptide receptor antagonist BIBN4096BS regulates synaptic transmission in the vestibular nucleus and improves vestibular function via PKC/ERK/CREB pathway in an experimental chronic migraine rat model[J]. J Headache Pain, 2022, 23(1):35.",2679,['中国前庭性偏头痛诊治指南（2026版）_1773147372'],"['c5f6d5c9-f8eb-4880-9972-3bb50f919e50'
 '8867eaba-c420-4807-a9b8-1b2f94fd7bb2'
 '2d369837-9fd2-4cd4-bc6e-c6ec00c7de94'
 'f14e4999-0be7-4428-8f98-488d5518439b'
 'de47c0c9-473a-44ea-8d31-73a8c89b74f7'
 'b0fe4d0e-bde5-4e81-aaa8-74aaced5ed07'
 'c509df1a-423a-4663-b945-98f74cb899f9'
 'dc28fb86-b7a7-45fd-87c1-38a4332ca991'
 '5416006b-d192-41d2-b3de-db370ee596a0'
 '8b9722cf-be15-4732-8270-c64cc47a309b'
 'f504252a-ba40-438c-bea0-0618ba1e2e84'
 'f3eda16a-fcbc-4176-a941-5a19db2bb840'
 '99260c7f-1164-4c88-909d-8a9b7a96fb5f'
 '6905532e-765e-434b-985a-1f473442dc1a'
 'b285e723-294c-4488-ba92-524c58d1814b'
 '008dd758-4c4a-45d5-be2a-784d75b3615e']","['2904686e-08ae-4b2b-aea5-91fd7bc8ca61'
 '57f775aa-a326-4571-979f-8dfec17e7340'
 'da88d272-6960-4614-ae5a-bc46b7713dd7'
 '33634077-ff00-484f-b947-411c90d2c2b2'
 'ce91cc82-b01e-4327-876d-74d3e5735d63'
 '7bc080eb-87e9-4369-a49c-6a0913572166'
 '88e590ed-cfe8-4ca6-b75e-81abd2e5c07b']",[]
0054d8619570bb6c0efca76fc0b5d60b2020d45053f0043184d6db81d8b4175c11d3bf6bd1b762bf62da191305d36d6c9842c8a074e437af7b77352179be84b7,247,"METADATA:
{
  ""parent_headings"": [
    ""# 参  考  文  献""
  ]
}

CONTENT:
[87] Rahman SM, Luebke AE. Calcitonin gene-related peptide receptor antagonism reduces motion sickness indicators in mouse migraine models[J]. Cephalalgia, 2024, 44(1):3331024231223971.   
[88] Beh SC, Friedman DI. Acute vestibular migraine treatment with noninvasive vagus nerve stimulation[J]. Neurology, 2019, 93(18):e1715-e1719.   
[89] Beh SC. External trigeminal nerve stimulation: potential rescue treatment for acute vestibular migraine[J]. J Neurol Sci, 2020, 408:116550.   
[90] Beh SC. Nystagmus and vertigo in acute vestibular migraine attacks: response to non-invasive vagus nerve stimulation[J]. Otol Neurotol, 2021, 42(2):e233-e236.   
[91] Sharifi A, Kouhi A, Steenerson KK, et al. Vestibular migraine patient assessment tool and handicap inventory (VM-PATHI): a narrative review[J]. Headache, 2025, 65(3):521-526.   
[92] Stewart WF, Lipton RB, Dowson AJ, et al. Development and testing of the Migraine Disability Assessment (MIDAS) questionnaire to assess headache-related disability[J]. Neurology, 2001, 56(6 Suppl 1):S20- S28.   
[93] Yuan Q, Liu DL, Yu LS, et al. Flunarizine in the prophylaxis of vestibular migraine: a randomized controlled trial[J]. Lin Chuang Er Bi Yan Hou Tou Jing Wai Ke Za Zhi, 2016, 30(10):805-810.   
[94] Bayer O, Adrion C, Al Tawil A, et al. Results and lessons learnt from a randomized controlled trial: prophylactic treatment of vestibular migraine with metoprolol (PROVEMIG)[J]. Trials, 2019, 20(1):813.   
[95] Lepcha A, Amalanathan S, Augustine AM, et al. Flunarizine in the prophylaxis of migrainous vertigo: a randomized controlled trial[J]. Eur Arch Otorhinolaryngol, 2014, 271(11):2931-2936.   
[96] Rashid SMU, Sumaria S, Koohi N, et al. Patient experience of flunarizine for vestibular migraine: single centre observational study[J]. Brain Sci, 2022, 12(4):415.   
[97] Chu H, Wang Y, Ling X, et al. Prophylactic treatments for vestibular migraine: a systematic review and network meta-analysis of randomized clinical trials[J]. Front Pharmacol, 2023, 14:1332973.   
[98] Chen JJ, Zeng BS, Su KP, et al. Network meta-analysis of different treatments for vestibular migraine[J]. CNS Drugs, 2023, 37(9):837-847.   
[99] Celiker A, Bir LS, Ardic N. Effects of valproate on vestibular symptoms and electronystagmographic findings in migraine patients[J]. Clin Neuropharmacol, 2007, 30(4):213-217.   
[100] Gode S, Celebisoy N, Kirazli T, etal. Clinical assessment of topiramate therapy in patients with migrainous vertigo[J]. Headache, 2010, 50(1):77-84.   
[101] Bisdorff AR. Treatment of migraine related vertigo

with lamotrigine an observational study[J]. Bull Soc Sci Med Grand Duche Luxemb, 2004, 2:103-108.   
[102] Yiannakis C, Hamilton L, Slim M, et al. A systematic review and meta-analysis of prophylactic medication of vestibular migraine[J]. J Laryngol Otol, 2023, 137(9):953-961.   
[103] Salviz M, Yuce T, Acar H, et al. Propranolol and venlafaxine for vestibular migraine prophylaxis: a randomized controlled trial[J]. Laryngoscope, 2016, 126(1):169-174.   
[104] Wang F, Wang J, Cao Y, et al. Serotonin-norepinephrine reuptake inhibitors for the prevention of migraine and vestibular migraine: a systematic review and metaanalysis[J]. Reg Anesth Pain Med, 2020, 45(5):323- 330.   
[105] Salmito MC, Duarte JA, Morganti LOG, et al . Prophylactic treatment of vestibular migraine[J]. Braz J Otorhinolaryngol, 2017, 83(4):404-410.   
[106] Dominguez-Duran E, Montilla-Ibanez MA, Alvarez-Morujo de Sande MG, et al. Analysis of the effectiveness of the prophylaxis of vestibular migraine depending on the diagnostic category and the prescribed drug[J]. Eur Arch Otorhinolaryngol, 2020, 277(4):1013- 1021.   
[107] Gorur K, Gur H, Ismi O, et al. The effectiveness o f p r o p r a n o l o l , f l u n a r i z i n e , a m i t r i p t y l i n e a n d botulinum toxin in vestibular migraine complaints and prophylaxis: a non-randomized controlled study[J]. Braz J Otorhinolaryngol, 2022, 88(6):975-981.   
[108] Oh SY, Kang JJ, Kim S, et al. A preliminary trial of botulinum toxin type A in patients with vestibular migraine: a longitudinal fMRI study[J]. Front Neurol, 2022, 13:955158.   
[109] Russo CV, Sacca F, Braca S, et al. Anti-calcitonin gene-related peptide monoclonal antibodies for the treatment of vestibular migraine: a prospective observational cohort study[J]. Cephalalgia, 2023, 43(4):3331024231161809.   
[110] Hoskin JL, Fife TD. New anti-CGRP medications in the treatment of vestibular migraine[J]. Front Neurol, 2021, 12:799002.   
[111] Lovato A, Disco C, Frosolini A, et al. Monoclonal antibodies targeting CGRP: a novel treatment in vestibular migraine[J]. Medicina (Kaunas), 2023, 59(9): 1560.   
[112] Sharon JD, Krauter R, Chae R, et al . A placebo controlled, randomized clinical trial of galcanezumab

for vestibular migraine: the investment study[J]. Headache, 2024, 64(10):1264-1272.   
[113] Shao J, Fu J, Zhou M, et al. Effectiveness of rimegepant in vestibular migraine: a prospective selfcontrolled cohort study[J]. J Headache Pain, 2025, 26(1):289.   
[114] Roberts RA, Watford KE, Picou EM, et al. Effects of lifestyle modification on vestibular migraine[J]. Otol Neurotol, 2021, 42(10):e1537-e1543.   
[115] Balci B, Akdal G. Outcome of vestibular rehabilitation in vestibular migraine[J]. J Neurol, 2022, 269(12):6246- 6253.   
[116] Koc A, Cevizci Akkilic E. Effects of vestibular rehabilitation in the management of patients with and without vestibular migraine[J]. Braz J Otorhinolaryngol, 2022, 88 Suppl 3(Suppl 3):S25-S33.   
[117] Vitkovic J, Winoto A, Rance G, et al. Vestibular rehabilitation outcomes in patients with and without vestibular migraine[J]. J Neurol, 2013, 260(12):3039-3048.   
[118] Hannigan IP, Rosengren SM, Di Tanna GL, et al. Effects of nonprescription therapies on vestibular migraine: a questionnaire-based observational study[J]. Intern Med J, 2024, 54(6):916-924.   
[119] Qi X, Fan G, Jia H. The probiotic Lactobacillus casei Shirota attenuates symptoms of vestibular migraine: a randomised placebo-controlled double-blind clinical trial[J]. Benef Microbes, 2020, 11(5):469-476.   
[120] Sun L, Li G, Liu F, et al. Resistance exercise relieves symptoms of vestibular migraine patients with MRI diagnosis: a randomized parallel-controlled single-blind clinical trial[J]. Rev Neurol (Paris), 2022, 178(4):370- 376.   
[121] 刘寅 , 艾春玲 , 李秀玲 , 等 . 中医辨证治疗前庭性偏头痛的多中心前瞻性队列研究 [J]. 西部中医药 ,2024, 37(2):149-152.  
[122] 董晗硕, 刘寅, 项柏冬,等. 疏经安神针刺法治疗前庭性偏头痛伴焦虑抑郁状态的临床观察 [J]. 现代医学与健康研究（电子版）, 2023, 7(14):83-85.  
[123] Brodsky JR, Cusick BA, Zhou G. Evaluation and management of vestibular migraine in children: experience from a pediatric vestibular clinic[J]. Eur J Paediatr Neurol, 2016, 20(1):85-92.   
[124] Viola P, Marcianò G, Casarella A, et al. The pharmacological treatment of pediatric vertigo[J]. Children (Basel), 2022, 9(5):584.   
[125] Hovaguimian A, Roth J. Management of chronic migraine[J]. BMJ, 2022, 379:e067670.",2298,['中国前庭性偏头痛诊治指南（2026版）_1773147372'],"['c5f6d5c9-f8eb-4880-9972-3bb50f919e50'
 'ee08258f-7327-46f1-9459-c1bbd95e644d'
 '8867eaba-c420-4807-a9b8-1b2f94fd7bb2'
 '2d369837-9fd2-4cd4-bc6e-c6ec00c7de94'
 'bc837053-52fd-4f31-957c-524663285995'
 '205033e7-ce21-4198-898a-f0b7413c4cde'
 'cd70c412-3d4d-4191-9ae7-d932e0a6a20a'
 '4dfa20f3-b6e7-4a28-af18-7efd3b407b66'
 '9d3c2661-1151-4a6f-a939-fe48b78e4c34'
 '04566857-388a-425f-a025-8ee6aaf0017e'
 '545da2a4-1bb8-4191-9eb9-6c1e2306dd98'
 'de47c0c9-473a-44ea-8d31-73a8c89b74f7'
 '40ceff21-0f0e-4f3d-8b22-bb51c4bfcaae'
 '81046c94-5b2d-41f0-bb4e-35bc4ae204a8'
 '4a8aea04-eb46-4b95-8a33-d02d39a09eda'
 'fd532f91-580a-401c-b6bb-2dffd3df3207'
 'e91cd220-52b5-4161-a028-c2b7a2f78e38'
 'dc28fb86-b7a7-45fd-87c1-38a4332ca991'
 'f7afeb90-29e5-4f8f-adf9-8b482f4438a8'
 '3a4d3391-a9df-4486-9ddb-956db27597a9'
 '68ac7742-856d-4faa-ae85-23f8b31ca4cf'
 '26924fd4-c784-434c-8e91-19492d4832ed'
 '4237f95f-4f19-4a11-a8b8-0dcfaf5c5f37'
 '3c75377e-f4fd-41ff-9cb5-de3c75409e2a'
 '10df26ed-8597-47d4-ab2f-46d45650215b'
 'ecb522f4-88bf-4cd0-914b-07623002e8ca'
 '59bee776-7295-430e-b1ce-3c1acb067a28'
 '5afdbcfb-7dbb-4f05-a1e2-961bf85f5c91'
 '7c40aaa0-88c3-4e91-a4a7-f4e3c2448c11'
 '254d6d6b-d4c0-40af-bf15-d9ec712f865b'
 '63cbacf7-6fe7-46bd-a4d3-df1248c9995a'
 'b48b45b2-b9f3-4e6b-9632-ab592c1ed76f'
 '49304880-ee8c-4a96-b46c-2bbb9d38e8d1'
 'acc20f7e-3ef2-4d99-a861-6f01656f3948'
 '9e67c4ba-2695-43b2-b47e-70608d11d181']","['8627ed69-9a57-47e5-8535-122540d520c5'
 '26ffffe9-b712-4775-ab34-fe6117119668'
 '9db5759e-8cdb-45e5-a37a-df7c4557fa3d'
 'afa3d6e4-b2ba-4dfb-b68f-0277ee359d22'
 '11054f6c-1e5e-41c0-82e3-7ae2ec3595e4'
 'f212c6ab-6f23-471c-8fde-cd6809cdbcbc'
 '5fc247cd-5c83-4a16-a666-062770df3a10'
 'c6311a30-34b4-47b9-8f11-2934eee0cb3f'
 '989ab87a-6e2b-4e2b-97fd-35dfaacafb96'
 '1dfa8e51-d619-4a0e-977d-1fadf8a15422'
 '91e36bf6-70ce-46c3-97ac-f4bce6330541'
 '3cc60b35-7ca9-4900-bc9e-a231101c4401'
 'b8f87e06-ee6a-4901-893a-caebaa884ee3'
 '48cf838a-7af7-42f5-8d4a-6a13b61b103c']",[]
